# This file uses centimeters as units for non-parametric coordinates.

mtllib tail.mtl
g default
v 0.000000 112.105035 -1245.505444
v 0.000000 112.105035 -1245.505444
v 0.000000 -12.267340 -1231.446219
v 0.000000 -12.267340 -1231.446219
v 1.467058 108.630666 -1237.294080
v 0.000000 37.280078 -1215.088959
v 0.000000 23.819990 -1215.088959
v 0.000000 10.250152 -1215.088959
v 0.000000 -0.852276 -1215.088959
v 0.000000 -2.631877 -1249.958726
v 0.000000 -2.631877 -1249.958726
v 0.000000 9.667797 -1259.040926
v 0.000000 9.667797 -1259.040926
v 0.000000 23.117438 -1263.063588
v 0.000000 23.117438 -1263.063588
v 0.000000 35.411380 -1264.215709
v 0.000000 35.411380 -1264.215709
v 1.237463 108.495448 -1240.726966
v 0.000000 104.143535 -1250.802359
v 0.000000 104.143535 -1250.802359
v 0.000000 128.404601 -1215.448806
v 0.000000 128.404601 -1215.448806
v 0.000000 127.501582 -1225.124732
v 0.000000 127.501582 -1225.124732
v 0.000000 127.725598 -1211.654040
v 0.000000 127.725598 -1211.654040
v 0.000000 117.112177 -1193.396067
v 0.000000 117.112177 -1193.396067
v 0.000000 120.150288 -1196.333543
v 0.000000 120.150288 -1196.333543
v 0.000000 122.722766 -1199.787199
v 0.000000 122.722766 -1199.787199
v 0.000000 124.853350 -1203.663574
v 0.000000 124.853350 -1203.663574
v 0.000000 115.693972 -1242.431276
v 0.000000 115.693972 -1242.431276
v 0.000000 119.030632 -1239.135871
v 0.000000 119.030632 -1239.135871
v 0.000000 121.946083 -1235.724092
v 0.000000 121.946083 -1235.724092
v 0.000000 124.371329 -1232.224609
v 0.000000 124.371329 -1232.224609
v 0.000000 126.531613 -1207.621784
v 0.000000 126.531613 -1207.621784
v 1.210161 122.701814 -1212.551740
v 1.485559 -4.231870 -1243.547390
v 0.000000 108.322191 -1248.280378
v 0.000000 108.322191 -1248.280378
v 0.000000 -14.258895 -1219.856148
v 0.000000 -14.258895 -1219.856148
v 0.930526 127.288021 -1215.949748
v 0.852776 126.857697 -1211.526829
v 1.064083 116.281356 -1196.402171
v 0.946164 119.699322 -1199.449588
v 0.864579 122.381882 -1202.471043
v 0.813098 124.541136 -1205.551870
v 1.097703 124.984229 -1217.698982
v 1.144911 122.750491 -1217.432821
v 1.220733 120.163311 -1217.122188
v 1.333838 117.292933 -1216.632646
v 0.795296 126.121437 -1208.631118
v 1.046859 126.609385 -1217.679906
v 0.000000 128.302830 -1221.198691
v 0.000000 128.302830 -1221.198691
v 1.171344 112.423217 -1238.672968
v 1.355472 112.638280 -1235.516966
v 1.470886 112.882515 -1231.890610
v 1.520513 113.123829 -1228.270463
v 1.510991 113.548354 -1222.130931
v 1.989232 103.914729 -1222.912256
v 1.916325 103.933198 -1230.564886
v 1.786555 104.020783 -1234.809913
v 1.571632 104.071697 -1239.004371
v 1.293751 104.070004 -1242.667073
v 1.745530 109.103051 -1222.474863
v 1.747771 108.970718 -1225.805936
v 1.719468 108.863592 -1229.415247
v 2.946059 76.633217 -1224.741519
v 2.657802 77.361836 -1234.347574
v 2.420083 77.858623 -1239.919680
v 2.057042 78.355988 -1245.475644
v 1.596355 78.741550 -1250.125218
v 3.536604 62.124634 -1225.268874
v 3.137830 62.805994 -1234.816911
v 2.860644 63.233179 -1241.001028
v 2.434487 63.762897 -1247.426361
v 1.884445 64.195500 -1252.670338
v 3.888395 51.020024 -1225.569913
v 3.566925 51.208096 -1234.508760
v 3.249356 51.368581 -1241.402866
v 2.642409 52.189423 -1248.350361
v 2.020849 52.688478 -1253.752815
v 4.160932 37.141795 -1225.889125
v 3.673527 37.606589 -1234.931028
v 3.232255 37.723479 -1242.198413
v 2.544655 36.780808 -1249.073894
v 1.939087 36.345285 -1254.252402
v 3.944540 23.696938 -1226.128873
v 3.441883 23.431441 -1235.684586
v 2.925290 23.370728 -1242.939668
v 2.343310 23.331331 -1249.273119
v 1.782253 23.304889 -1254.074962
v 3.072918 9.441710 -1225.188958
v 2.522179 8.761107 -1234.709228
v 2.158322 8.741091 -1241.479170
v 1.869221 9.077483 -1247.670850
v 1.580354 9.338304 -1252.037782
v 2.722593 -2.610286 -1224.152195
v 2.212727 -3.131724 -1232.762236
v 1.846908 -2.658075 -1238.795777
v 1.566845 -1.223177 -1245.272920
v 0.889852 126.970855 -1223.483746
v 1.095424 115.992450 -1236.446271
v 1.242662 116.211281 -1233.634764
v 1.320690 116.473385 -1230.379883
v 1.343559 116.737035 -1227.135950
v 1.326481 117.114293 -1221.863303
v 1.016850 119.192778 -1234.086380
v 1.139967 119.370783 -1231.671293
v 1.196326 119.589451 -1228.838679
v 1.207146 119.804620 -1225.998615
v 1.198510 120.061751 -1221.522193
v 0.950331 121.973653 -1231.660457
v 1.062166 122.115284 -1229.677006
v 1.110003 122.291158 -1227.302780
v 1.118227 122.458736 -1224.888031
v 1.118712 122.652261 -1221.159975
v 0.910616 124.300175 -1229.173129
v 1.017838 124.418384 -1227.668835
v 1.063616 124.563824 -1225.830769
v 1.074547 124.690640 -1223.925089
v 1.080806 124.856229 -1220.990097
v 0.896438 126.059172 -1226.514343
v 0.982596 126.132005 -1225.605582
v 1.017159 126.222391 -1224.514864
v 1.031115 126.274708 -1223.355857
v 1.037613 126.399746 -1221.447808
v 0.000000 -13.954815 -1223.216908
v 0.000000 -13.954815 -1223.216908
v 0.618433 116.823335 -1194.206063
v 0.555163 119.969701 -1197.326171
v 0.493188 122.555865 -1200.707248
v 0.454621 124.686054 -1204.290711
v 1.481621 -11.114867 -1227.125565
v 0.429601 126.340346 -1207.986936
v 0.482703 128.145989 -1215.861931
v 0.412426 127.478852 -1211.860377
v 0.520568 127.771877 -1222.853899
v 1.393174 117.321159 -1210.323462
v 1.063769 126.565406 -1215.095393
v 1.298570 116.432256 -1199.800744
v 1.409969 116.777762 -1203.425293
v 1.426449 117.158667 -1207.114069
v 1.360402 117.337117 -1213.294913
v 1.177636 119.676450 -1202.273172
v 1.292790 119.844155 -1205.407728
v 1.315618 120.048319 -1208.607527
v 1.254776 120.178267 -1214.097685
v 1.091876 122.348146 -1204.779801
v 1.203081 122.452288 -1207.432491
v 1.227836 122.597728 -1210.169726
v 1.178798 122.752974 -1214.836907
v 1.024402 124.518053 -1207.300653
v 1.120643 124.611105 -1209.463011
v 1.147101 124.783593 -1211.881259
v 1.120965 124.979743 -1215.603559
v 0.955024 126.090213 -1209.666300
v 1.021364 126.183138 -1211.175109
v 1.058945 126.444981 -1213.720342
v 1.057802 126.614986 -1216.216022
v 0.000000 -7.148199 -1243.642996
v 0.000000 -7.148199 -1243.642996
v 1.524982 113.346250 -1225.047073
v 1.972816 103.879582 -1226.606111
v 1.630951 108.758025 -1233.363186
v 2.815510 76.952817 -1229.301017
v 3.347058 62.434760 -1229.725430
v 3.766782 51.124582 -1229.835483
v 3.955643 37.323345 -1230.331233
v 3.707283 23.562306 -1230.751018
v 2.830155 9.057416 -1229.630501
v 2.481954 -2.916271 -1228.156458
v 1.337816 116.954807 -1224.328733
v 1.202103 119.961574 -1223.597976
v 1.117346 122.570864 -1222.889342
v 1.080652 124.751734 -1222.355328
v 1.060695 126.122862 -1222.230149
v 0.000000 -13.354034 -1227.031540
v 0.000000 -13.354034 -1227.031540
v 0.000000 -10.278246 -1237.171271
v 0.000000 -10.278246 -1237.171271
v 0.000000 99.236528 -1253.149720
v 0.000000 99.236528 -1253.149720
v 2.221626 97.996991 -1223.406313
v 2.101037 98.280387 -1231.689917
v 1.933204 98.558886 -1236.234629
v 1.669462 98.792165 -1240.695813
v 2.184489 98.070438 -1227.409447
v 1.343446 98.926296 -1244.565641
v 2.444753 91.398987 -1223.904094
v 2.275967 91.901192 -1232.743160
v 0.000000 93.424223 -1255.354972
v 0.000000 93.424223 -1255.354972
v 2.076163 92.323593 -1237.614759
v 1.768590 92.697254 -1242.380030
v 2.382147 91.570508 -1228.162328
v 1.396821 92.943641 -1246.468047
v 2.681056 84.211412 -1224.359209
v 2.453341 84.862401 -1233.657001
v 2.231922 85.361495 -1238.882127
v 1.889859 85.822408 -1244.011196
v 1.473865 86.151511 -1248.354199
v 0.000000 86.751107 -1257.403213
v 0.000000 86.751107 -1257.403213
v 2.586065 84.464458 -1228.808879
v 2.259840 70.778597 -1246.636909
v 3.075604 69.437035 -1229.601492
v 1.754743 71.194474 -1251.618449
v 2.641121 70.285063 -1240.627636
v 3.243182 69.087227 -1225.038607
v 2.892252 69.835747 -1234.743090
v 3.591205 56.280875 -1229.762679
v 3.775278 56.076327 -1225.449023
v 3.377416 56.537371 -1234.635971
v 3.070079 56.883744 -1241.178356
v 2.559766 57.508077 -1247.951459
v 1.968199 57.956980 -1253.327387
v 3.625925 47.377041 -1234.520274
v 3.278250 47.479436 -1241.590014
v 3.822763 47.341234 -1229.935378
v 2.655630 48.171826 -1248.597107
v 2.034198 48.584475 -1253.983533
v 3.898077 47.265752 -1225.653441
v 3.645315 44.726301 -1234.580662
v 3.274021 44.873117 -1241.735510
v 3.854531 44.621870 -1230.027598
v 2.640506 45.012391 -1248.754569
v 2.024650 45.127066 -1254.103632
v 3.930961 44.508514 -1225.714281
v 3.659265 42.009067 -1234.677171
v 3.262436 42.189710 -1241.899970
v 3.898745 41.777887 -1230.137200
v 2.606910 41.592580 -1248.897469
v 1.994860 41.321379 -1254.185806
v 4.010504 41.592041 -1225.780765
v 0.000000 40.641720 -1264.192005
v 0.000000 40.641720 -1264.192005
v 1.860273 30.150201 -1254.263239
v 0.000000 30.976764 -1215.088959
v 0.000000 29.510231 -1263.888031
v 0.000000 29.510231 -1263.888031
v 3.103759 30.696709 -1242.652851
v 3.968218 30.737246 -1230.620421
v 4.218115 30.744445 -1226.083384
v 3.663453 30.747627 -1235.366277
v 2.442230 30.359490 -1249.257881
v 3.175680 16.316508 -1230.363064
v 0.000000 16.423231 -1261.530736
v 0.000000 16.423231 -1261.530736
v 0.000000 17.098139 -1215.088959
v 2.925827 16.132745 -1235.416393
v 3.400728 16.563572 -1225.790359
v 2.512269 16.063893 -1242.538282
v 2.142071 16.176116 -1248.820940
v 1.719937 16.272970 -1253.455613
v 2.977968 2.808215 -1224.579881
v 0.000000 3.171598 -1255.239048
v 0.000000 3.171598 -1255.239048
v 1.708393 2.796543 -1245.979747
v 1.501733 3.084150 -1249.369177
v 0.000000 3.372268 -1215.088959
v 2.739388 2.382584 -1228.800978
v 1.954583 2.168693 -1239.962573
v 2.400888 2.046307 -1233.648084
v 1.290400 120.148496 -1211.407068
v 1.139911 124.913090 -1213.823171
v 1.998195 104.037100 -1219.234429
v 1.204221 120.124820 -1219.456456
v 3.070415 -2.476499 -1220.081674
v 4.189505 23.805056 -1221.121823
v 1.086209 124.939079 -1219.431397
v 3.079957 76.372347 -1220.362734
v 1.127575 122.712551 -1219.408145
v 3.685596 61.927553 -1220.716712
v 0.857513 127.468538 -1219.848360
v 3.962192 50.944792 -1220.821235
v 1.741535 109.253084 -1219.090626
v 1.323619 117.222562 -1219.386021
v 4.078923 36.980246 -1220.879592
v 0.489597 128.219288 -1219.349224
v 1.034050 126.569779 -1219.653198
v 0.000000 128.519269 -1218.496787
v 0.000000 128.519269 -1218.496787
v 3.420861 9.880626 -1220.611625
v 1.500532 113.724398 -1219.133857
v 2.248540 98.047249 -1219.486142
v 2.501773 91.351741 -1219.787407
v 2.774696 84.048173 -1220.091833
v 3.398606 68.825694 -1220.574827
v 3.911554 55.939917 -1220.792113
v 3.945008 47.189117 -1220.826314
v 3.979242 44.375293 -1220.837263
v 4.078923 41.403397 -1220.853179
v 4.360109 30.729415 -1221.130176
v 3.701454 16.854135 -1220.952284
v 3.290071 3.185432 -1220.267354
v 1.970952 -8.998858 -1227.390371
v 2.253535 -6.436853 -1227.718388
v 1.234301 -5.796984 -1243.217003
v 0.843985 -6.901557 -1243.139119
v 1.308021 -10.485648 -1231.543517
v 1.770563 -8.667752 -1231.786087
v 2.034183 -6.410617 -1232.154739
v 1.650047 -11.361649 -1223.469185
v 2.174775 -9.034411 -1223.664234
v 2.477920 -6.275434 -1223.885809
v 1.839187 -11.454893 -1219.963719
v 2.413878 -8.964329 -1220.047021
v 2.775999 -6.120375 -1220.099960
v 1.751967 -5.727954 -1237.817484
v 1.517123 -7.671552 -1237.364740
v 1.094340 -9.130893 -1237.159871
v 0.816977 -13.094378 -1223.319060
v 0.716556 -12.703608 -1226.934692
v 0.612210 -11.830984 -1231.394409
v 0.510119 -7.114953 -1243.168241
v 0.500978 -10.128437 -1237.085824
v 0.927299 -13.235000 -1219.896445
v 0.961865 108.387384 -1243.395911
v 0.656928 108.322551 -1245.379813
v 0.431415 108.320957 -1246.946865
v 1.001489 99.008526 -1247.574003
v 0.664485 99.095370 -1249.824291
v 0.431415 99.234263 -1251.605356
v 1.063179 86.376515 -1251.586054
v 0.688540 86.553426 -1253.932626
v 0.431415 86.723262 -1255.788640
v 1.203097 3.050133 -1251.851989
v 0.844065 2.917458 -1253.400417
v 0.431415 2.763704 -1254.402527
v 1.254456 16.335412 -1256.669408
v 0.822014 16.391722 -1258.910216
v 0.431415 16.429783 -1260.522870
v 0.431415 115.671439 -1241.376340
v 0.614645 115.719284 -1240.148366
v 0.880507 115.832075 -1238.586280
v 0.431415 118.935817 -1238.252958
v 0.579188 118.962286 -1237.219356
v 0.823970 119.062209 -1235.900856
v 0.290632 124.295773 -1231.759561
v 0.516278 124.137070 -1231.105560
v 0.732103 124.220033 -1230.285631
v 0.431415 112.102982 -1244.308059
v 0.641420 112.152513 -1242.894517
v 0.927858 112.261861 -1241.103520
v 0.315014 126.181459 -1228.457498
v 0.500733 125.994862 -1227.967843
v 0.708830 126.048562 -1227.345673
v 0.431415 121.757694 -1235.037921
v 0.543153 121.778350 -1234.195982
v 0.770057 121.869610 -1233.127614
v 1.021803 93.110308 -1249.600797
v 0.668501 93.255191 -1251.922762
v 0.431415 93.423200 -1253.760378
v 1.344795 30.062331 -1257.838236
v 0.876333 30.016552 -1260.417557
v 0.431415 29.901948 -1262.386108
v 0.431415 23.309304 -1261.788770
v 0.839858 23.337179 -1259.966280
v 1.288526 23.317112 -1257.509655
v 0.546062 9.511152 -1258.245942
v 0.844655 9.479502 -1256.892338
v 1.240428 9.441915 -1254.952344
v 1.290732 -1.644988 -1247.696134
v 0.946824 -2.358332 -1248.612797
v 0.485739 -2.608198 -1249.351004
v 0.431415 104.138202 -1249.346489
v 0.663256 104.063436 -1247.659224
v 0.984833 104.053291 -1245.523617
v 1.448438 41.219389 -1257.797826
v 0.948764 41.174725 -1260.367666
v 0.431415 41.071113 -1262.418729
v 0.431415 127.413116 -1224.969528
v 0.646436 127.218010 -1224.451203
v 0.431415 35.921246 -1262.539393
v 0.916513 36.080951 -1260.495667
v 1.403694 36.169961 -1257.884176
v 0.000000 126.272578 -1228.639002
v 0.000000 126.272578 -1228.639002
v 1.399139 114.254462 -1198.504141
v 1.399139 114.254462 -1198.471520
v 1.150287 114.254462 -1194.929031
v 1.150287 114.254462 -1194.896410
v 0.664102 114.254462 -1192.109962
v 0.664102 114.254462 -1192.077341
v 0.000000 52.808144 -1255.273024
v 0.000000 48.696994 -1255.730735
v 0.000000 45.172519 -1256.123090
v 1.516143 114.254462 -1212.318765
v 1.516143 114.254462 -1212.286144
v 1.542865 114.254462 -1209.080250
v 1.542865 114.254462 -1209.047629
v 1.565130 114.254462 -1205.719716
v 1.565130 114.254462 -1205.687095
v 1.526803 114.254462 -1202.104423
v 1.526803 114.254462 -1202.071802
v 0.000000 41.993180 -1256.477068
v 0.000000 41.993180 -1256.477068
v 0.000000 41.993180 -1257.770397
v 0.000000 41.993180 -1260.323531
v 0.000000 41.360596 -1215.088959
v 0.431415 85.633497 -1256.057961
v 0.431415 85.633497 -1256.058074
v 0.000000 85.633497 -1257.683822
v 0.000000 85.633497 -1257.683709
v 0.000000 85.633497 -1257.683822
v 0.000000 41.993180 -1262.362065
v 0.442489 41.993176 -1262.362065
v 0.442489 41.993176 -1262.362065
v 0.000000 41.993180 -1264.122022
v 0.000000 41.993180 -1264.122022
v 0.000000 41.993180 -1264.122022
v 1.651606 41.993176 -1256.477068
v 1.651606 41.993176 -1256.477068
v 1.651606 41.993176 -1256.477068
v 1.711127 45.172519 -1256.123090
v 1.711127 45.172519 -1256.123090
v 1.453231 41.993176 -1257.770285
v 1.453231 41.993176 -1257.770285
v 0.952564 41.993176 -1260.323531
v 0.952564 41.993176 -1260.323531
v 1.755954 48.696991 -1255.730735
v 1.755954 48.696991 -1255.730735
v 1.774552 52.808144 -1255.273024
v 1.774552 52.808144 -1255.273024
v 1.749713 58.059718 -1254.688328
v 1.749713 58.059718 -1254.688328
v 1.678210 64.298252 -1253.993804
v 1.678210 64.298252 -1253.993804
v 1.520078 71.320443 -1253.212028
v 1.520078 71.320443 -1253.212028
v 1.290295 78.916493 -1252.366363
v 1.290295 78.916493 -1252.366363
v 1.090428 85.633497 -1251.618675
v 1.090428 85.633497 -1251.618562
v 1.090428 85.633497 -1251.618675
v 0.694885 85.633497 -1254.161425
v 0.694885 85.633497 -1254.161538
v 0.000000 44.980391 -1215.088959
v 0.000000 46.988907 -1215.088959
v 0.000000 50.740904 -1215.088959
v 0.000000 55.739513 -1215.088959
v 0.000000 61.716363 -1215.088959
v 0.000000 68.592923 -1215.088959
v 0.000000 76.136120 -1215.088959
v 0.000000 83.886344 -1215.088959
v 0.000000 91.356496 -1215.088959
v 0.000000 98.190333 -1215.088959
v 0.000000 104.228756 -1215.088959
v 0.000000 109.407808 -1215.088959
v 0.000000 114.254469 -1215.088959
v 0.000000 114.254469 -1215.088959
v 0.000000 114.254469 -1212.318765
v 0.000000 114.254469 -1209.080250
v 0.000000 114.254469 -1205.719716
v 0.000000 114.254469 -1202.104423
v 0.000000 114.254469 -1198.504141
v 0.000000 114.254469 -1194.929031
v 0.000000 114.254469 -1192.109962
v 0.000000 114.254469 -1191.036741
v 0.000000 114.254469 -1191.069362
v 0.000000 114.254469 -1191.036741
v 0.000000 58.059919 -1254.688441
v 0.000000 64.298315 -1253.993804
v 0.000000 71.320556 -1253.212141
v 0.000000 78.916550 -1252.366476
v 0.000000 85.633483 -1251.618562
v 0.000000 85.633483 -1251.618562
v 0.000000 85.633483 -1254.161425
v 0.000000 85.633483 -1256.057961
v 0.000000 -14.651092 -1216.001558
v 0.000000 -14.651092 -1216.034179
v 0.000000 -14.651092 -1216.001558
v 0.000000 -14.651021 -1215.365843
v 0.000000 -14.651021 -1215.365843
v 3.195303 37.280022 -1215.088959
v 4.117185 37.231902 -1216.023569
v 4.117185 37.231902 -1215.990948
v 3.850202 37.265923 -1215.362682
v 4.126947 23.315211 -1216.023230
v 4.126947 23.315211 -1215.990609
v 3.193168 23.359144 -1215.088959
v 3.848731 23.291136 -1215.362682
v 2.912710 8.478392 -1215.088959
v 3.763171 8.247855 -1216.019957
v 3.763171 8.247855 -1215.987336
v 3.542622 8.179223 -1215.361666
v 2.378564 -1.961447 -1215.088959
v 3.258221 -2.407373 -1216.021989
v 3.258221 -2.407373 -1215.989368
v 3.018310 -2.270238 -1215.362231
v 4.101290 29.809221 -1216.022327
v 4.101290 29.809221 -1215.989706
v 3.128678 29.946852 -1215.088959
v 3.796954 29.780328 -1215.362343
v 3.964463 13.880096 -1216.021311
v 3.964463 13.880096 -1215.988690
v 3.101578 14.179841 -1215.088959
v 3.732193 13.736496 -1215.362118
v 2.614119 1.877319 -1215.088959
v 3.489118 1.680149 -1216.021311
v 3.489118 1.680149 -1215.988690
v 3.250803 1.602028 -1215.362118
v 1.059728 -12.387762 -1215.088959
v 1.920145 -12.493398 -1216.018377
v 1.920145 -12.493398 -1215.985756
v 1.675967 -12.562953 -1215.361215
v 1.673658 -9.778046 -1215.088959
v 2.563173 -9.756093 -1216.019505
v 2.563173 -9.756093 -1215.986884
v 2.316813 -9.837687 -1215.361553
v 2.027231 -6.603994 -1215.088959
v 2.966150 -6.218079 -1216.020973
v 2.966150 -6.218079 -1215.988352
v 2.709001 -6.340284 -1215.362005
v 0.000000 -13.770323 -1215.088959
v 1.032874 -14.065930 -1215.986884
v 1.032874 -14.065930 -1216.019505
v 0.857014 -14.226270 -1215.361553
v 3.999227 47.021373 -1216.024698
v 3.999227 47.021373 -1215.992077
v 3.073689 46.988907 -1215.088959
v 3.732490 46.998417 -1215.363021
v 3.118299 44.980391 -1215.088959
v 4.042152 44.882457 -1216.024585
v 4.042152 44.882457 -1215.991964
v 3.776594 44.951706 -1215.363021
v 3.076386 50.740904 -1215.088959
v 4.004306 50.773994 -1216.024698
v 4.004306 50.773994 -1215.992077
v 3.735904 50.750593 -1215.363021
v 3.056806 55.739513 -1215.088959
v 3.979681 55.772201 -1216.024585
v 3.979681 55.772201 -1215.991964
v 3.714878 55.749086 -1215.363021
v 3.772399 61.751270 -1216.024585
v 3.772399 61.751270 -1215.991964
v 2.853343 61.716363 -1215.088959
v 3.510334 61.726592 -1215.363021
v 2.586082 68.592916 -1215.088959
v 3.501422 68.632373 -1216.024472
v 3.501422 68.632373 -1215.991851
v 3.242019 68.604472 -1215.363021
v 2.274866 76.136113 -1215.088959
v 3.188117 76.177757 -1216.024472
v 3.188117 76.177757 -1215.991851
v 2.930220 76.148303 -1215.363021
v 1.952491 83.886344 -1215.088959
v 2.867725 83.916404 -1216.024472
v 2.867725 83.916404 -1215.991851
v 2.608451 83.895149 -1215.363021
v 2.566657 91.355558 -1216.024585
v 2.566657 91.355558 -1215.991964
v 1.646130 91.356496 -1215.088959
v 2.303665 91.356221 -1215.363021
v 1.362004 98.190319 -1215.088959
v 2.288014 98.160103 -1216.024585
v 2.288014 98.160103 -1215.991964
v 2.021171 98.181465 -1215.363021
v 2.022780 104.185828 -1216.024698
v 2.022780 104.185828 -1215.992077
v 1.093235 104.228749 -1215.088959
v 1.753460 104.216185 -1215.363021
v 1.758118 109.371920 -1216.024698
v 1.758118 109.371920 -1215.992077
v 0.826439 109.407801 -1215.088959
v 1.487309 109.397289 -1215.363021
v 0.557649 114.254462 -1215.088959
v 0.557649 114.254462 -1215.088959
v 1.495771 114.132824 -1216.024698
v 1.495771 114.132824 -1216.024698
v 1.495771 114.132824 -1215.992077
v 1.220414 114.218836 -1215.363021
v 1.220414 114.218836 -1215.363021
v 4.117106 41.367323 -1216.024698
v 4.117106 41.367323 -1215.992077
v 3.188479 41.360427 -1215.088959
v 3.848162 41.362427 -1215.363021
v -1.467058 108.630680 -1237.294080
v -1.237463 108.495462 -1240.726966
v -1.210161 122.701828 -1212.551740
v -1.485559 -4.231873 -1243.547390
v -0.930526 127.288035 -1215.949748
v -0.852776 126.857711 -1211.526829
v -1.064082 116.281370 -1196.402171
v -0.946163 119.699336 -1199.449588
v -0.864579 122.381882 -1202.471043
v -0.813098 124.541164 -1205.551870
v -1.097703 124.984244 -1217.698982
v -1.144911 122.750505 -1217.432821
v -1.220733 120.163339 -1217.122188
v -1.333838 117.292947 -1216.632646
v -0.795296 126.121452 -1208.631118
v -1.046859 126.609385 -1217.679906
v -1.171344 112.423231 -1238.672968
v -1.355472 112.638294 -1235.516966
v -1.470886 112.882529 -1231.890610
v -1.520513 113.123843 -1228.270463
v -1.510991 113.548368 -1222.130931
v -1.989231 103.914743 -1222.912256
v -1.916325 103.933205 -1230.564886
v -1.786555 104.020797 -1234.809913
v -1.571632 104.071704 -1239.004371
v -1.293751 104.070018 -1242.667073
v -1.745530 109.103065 -1222.474863
v -1.747771 108.970732 -1225.805936
v -1.719468 108.863606 -1229.415247
v -2.946060 76.633224 -1224.741519
v -2.657802 77.361843 -1234.347574
v -2.420083 77.858630 -1239.919680
v -2.057041 78.355995 -1245.475644
v -1.596354 78.741557 -1250.125218
v -3.536604 62.124648 -1225.268874
v -3.137830 62.806008 -1234.816911
v -2.860645 63.233186 -1241.001028
v -2.434487 63.762897 -1247.426361
v -1.884445 64.195507 -1252.670338
v -3.888395 51.020028 -1225.569913
v -3.566925 51.208100 -1234.508760
v -3.249356 51.368584 -1241.402866
v -2.642410 52.189426 -1248.350361
v -2.020849 52.688481 -1253.752815
v -4.160932 37.141799 -1225.889125
v -3.673527 37.606592 -1234.931028
v -3.232255 37.723482 -1242.198413
v -2.544655 36.780808 -1249.073894
v -1.939087 36.345285 -1254.252402
v -3.944540 23.696940 -1226.128873
v -3.441883 23.431441 -1235.684586
v -2.925291 23.370728 -1242.939668
v -2.343310 23.331331 -1249.273119
v -1.782253 23.304889 -1254.075075
v -3.072918 9.441710 -1225.188958
v -2.522179 8.761106 -1234.709228
v -2.158322 8.741090 -1241.479170
v -1.869220 9.077483 -1247.670850
v -1.580353 9.338303 -1252.037782
v -2.722593 -2.610288 -1224.152195
v -2.212727 -3.131726 -1232.762236
v -1.846908 -2.658075 -1238.795777
v -1.566845 -1.223179 -1245.272920
v -0.889852 126.970869 -1223.483746
v -1.095424 115.992458 -1236.446271
v -1.242662 116.211295 -1233.634764
v -1.320690 116.473399 -1230.379883
v -1.343558 116.737049 -1227.135950
v -1.326481 117.114307 -1221.863303
v -1.016850 119.192806 -1234.086380
v -1.139966 119.370811 -1231.671406
v -1.196326 119.589451 -1228.838679
v -1.207146 119.804620 -1225.998615
v -1.198510 120.061779 -1221.522193
v -0.950331 121.973667 -1231.660457
v -1.062166 122.115298 -1229.677119
v -1.110003 122.291158 -1227.302780
v -1.118227 122.458750 -1224.888031
v -1.118712 122.652275 -1221.159975
v -0.910616 124.300203 -1229.173129
v -1.017837 124.418398 -1227.668835
v -1.063616 124.563852 -1225.830769
v -1.074547 124.690668 -1223.925089
v -1.080806 124.856229 -1220.990097
v -0.896438 126.059187 -1226.514343
v -0.982595 126.132020 -1225.605582
v -1.017159 126.222419 -1224.514864
v -1.031114 126.274737 -1223.355857
v -1.037613 126.399761 -1221.447808
v -0.618433 116.823349 -1194.206063
v -0.555163 119.969729 -1197.326171
v -0.493188 122.555879 -1200.707248
v -0.454621 124.686068 -1204.290711
v -1.481621 -11.114871 -1227.125565
v -0.429601 126.340374 -1207.986936
v -0.482703 128.145989 -1215.861931
v -0.412426 127.478866 -1211.860377
v -0.520568 127.771891 -1222.853899
v -1.393174 117.321173 -1210.323462
v -1.063769 126.565420 -1215.095393
v -1.298570 116.432270 -1199.800744
v -1.409969 116.777776 -1203.425181
v -1.426449 117.158682 -1207.114069
v -1.360402 117.337131 -1213.294913
v -1.177636 119.676450 -1202.273172
v -1.292790 119.844155 -1205.407728
v -1.315618 120.048319 -1208.607527
v -1.254776 120.178267 -1214.097685
v -1.091876 122.348160 -1204.779801
v -1.203081 122.452316 -1207.432491
v -1.227836 122.597728 -1210.169726
v -1.178798 122.752989 -1214.836907
v -1.024401 124.518067 -1207.300653
v -1.120643 124.611119 -1209.463011
v -1.147101 124.783607 -1211.881259
v -1.120965 124.979743 -1215.603559
v -0.955023 126.090241 -1209.666300
v -1.021364 126.183166 -1211.175109
v -1.058945 126.445010 -1213.720342
v -1.057802 126.615000 -1216.216022
v -1.524981 113.346265 -1225.047073
v -1.972816 103.879597 -1226.606111
v -1.630951 108.758039 -1233.363186
v -2.815510 76.952824 -1229.301017
v -3.347058 62.434760 -1229.725430
v -3.766783 51.124586 -1229.835483
v -3.955643 37.323349 -1230.331233
v -3.707283 23.562306 -1230.751018
v -2.830155 9.057415 -1229.630501
v -2.481954 -2.916273 -1228.156458
v -1.337816 116.954821 -1224.328733
v -1.202102 119.961588 -1223.597976
v -1.117346 122.570878 -1222.889342
v -1.080652 124.751762 -1222.355328
v -1.060695 126.122862 -1222.230149
v -2.221626 97.997005 -1223.406313
v -2.101037 98.280401 -1231.689917
v -1.933204 98.558900 -1236.234629
v -1.669462 98.792179 -1240.695813
v -2.184489 98.070452 -1227.409447
v -1.343446 98.926310 -1244.565641
v -2.444753 91.398994 -1223.904094
v -2.275968 91.901199 -1232.743160
v -2.076163 92.323601 -1237.614759
v -1.768590 92.697261 -1242.380030
v -2.382147 91.570515 -1228.162328
v -1.396821 92.943648 -1246.468047
v -2.681056 84.211419 -1224.359209
v -2.453341 84.862408 -1233.657001
v -2.231922 85.361502 -1238.882127
v -1.889858 85.822415 -1244.011196
v -1.473865 86.151518 -1248.354199
v -2.586065 84.464465 -1228.808879
v -2.259840 70.778612 -1246.636909
v -3.075604 69.437042 -1229.601492
v -1.754742 71.194474 -1251.618449
v -2.641121 70.285063 -1240.627636
v -3.243183 69.087241 -1225.038607
v -2.892253 69.835761 -1234.743090
v -3.591205 56.280879 -1229.762679
v -3.775278 56.076331 -1225.449023
v -3.377417 56.537375 -1234.635971
v -3.070079 56.883751 -1241.178356
v -2.559766 57.508084 -1247.951459
v -1.968199 57.956987 -1253.327387
v -3.625926 47.377044 -1234.520274
v -3.278250 47.479440 -1241.590014
v -3.822763 47.341234 -1229.935378
v -2.655630 48.171830 -1248.597107
v -2.034198 48.584478 -1253.983533
v -3.898077 47.265756 -1225.653441
v -3.645315 44.726304 -1234.580662
v -3.274021 44.873124 -1241.735510
v -3.854531 44.621877 -1230.027598
v -2.640506 45.012395 -1248.754569
v -2.024649 45.127073 -1254.103632
v -3.930961 44.508518 -1225.714281
v -3.659265 42.009074 -1234.677171
v -3.262437 42.189714 -1241.899970
v -3.898745 41.777890 -1230.137200
v -2.606911 41.592584 -1248.897469
v -1.994859 41.321386 -1254.185806
v -4.010505 41.592048 -1225.780765
v -1.860273 30.150204 -1254.263239
v -3.103760 30.696713 -1242.652851
v -3.968218 30.737249 -1230.620421
v -4.218116 30.744445 -1226.083384
v -3.663453 30.747627 -1235.366390
v -2.442230 30.359493 -1249.257881
v -3.175681 16.316508 -1230.363064
v -2.925827 16.132745 -1235.416393
v -3.400728 16.563572 -1225.790359
v -2.512270 16.063893 -1242.538282
v -2.142071 16.176116 -1248.820940
v -1.719937 16.272970 -1253.455613
v -2.977969 2.808214 -1224.579881
v -1.708393 2.796542 -1245.979747
v -1.501733 3.084149 -1249.369177
v -2.739389 2.382582 -1228.800978
v -1.954583 2.168691 -1239.962573
v -2.400888 2.046306 -1233.648084
v -1.290400 120.148510 -1211.407068
v -1.139910 124.913118 -1213.823171
v -1.998195 104.037115 -1219.234429
v -1.204221 120.124820 -1219.456456
v -3.070415 -2.476500 -1220.081674
v -4.189505 23.805056 -1221.121823
v -1.086209 124.939093 -1219.431397
v -3.079957 76.372354 -1220.362734
v -1.127575 122.712551 -1219.408145
v -3.685596 61.927567 -1220.716712
v -0.857513 127.468552 -1219.848360
v -3.962192 50.944796 -1220.821235
v -1.741535 109.253098 -1219.090626
v -1.323619 117.222569 -1219.386021
v -4.078923 36.980253 -1220.879592
v -0.489597 128.219302 -1219.349224
v -1.034050 126.569794 -1219.653198
v -3.420861 9.880625 -1220.611625
v -1.500532 113.724412 -1219.133857
v -2.248540 98.047263 -1219.486142
v -2.501773 91.351748 -1219.787407
v -2.774696 84.048180 -1220.091833
v -3.398606 68.825694 -1220.574827
v -3.911554 55.939920 -1220.792113
v -3.945008 47.189120 -1220.826314
v -3.979242 44.375300 -1220.837263
v -4.078923 41.403397 -1220.853179
v -4.360109 30.729415 -1221.130176
v -3.701454 16.854135 -1220.952284
v -3.290071 3.185431 -1220.267354
v -1.970952 -8.998862 -1227.390371
v -2.253535 -6.436857 -1227.718388
v -1.234301 -5.796988 -1243.217003
v -0.843985 -6.901559 -1243.139119
v -1.308020 -10.485651 -1231.543517
v -1.770563 -8.667755 -1231.786087
v -2.034183 -6.410620 -1232.154739
v -1.650047 -11.361652 -1223.469185
v -2.174775 -9.034414 -1223.664234
v -2.477920 -6.275436 -1223.885809
v -1.839187 -11.454897 -1219.963719
v -2.413878 -8.964333 -1220.047021
v -2.775999 -6.120378 -1220.099960
v -1.751967 -5.727957 -1237.817484
v -1.517122 -7.671556 -1237.364740
v -1.094340 -9.130896 -1237.159871
v -0.816977 -13.094382 -1223.319060
v -0.716556 -12.703610 -1226.934692
v -0.612209 -11.830988 -1231.394409
v -0.510119 -7.114957 -1243.168241
v -0.500978 -10.128440 -1237.085824
v -0.927299 -13.235003 -1219.896445
v -0.961865 108.387398 -1243.395911
v -0.656928 108.322565 -1245.379813
v -0.431415 108.320971 -1246.946865
v -1.001488 99.008540 -1247.574003
v -0.664485 99.095384 -1249.824291
v -0.431415 99.234277 -1251.605356
v -1.063179 86.376522 -1251.586054
v -0.688540 86.553433 -1253.932626
v -0.431415 86.723269 -1255.788640
v -1.203097 3.050132 -1251.851989
v -0.844065 2.917456 -1253.400417
v -0.431415 2.763703 -1254.402527
v -1.254456 16.335412 -1256.669408
v -0.822014 16.391722 -1258.910216
v -0.431415 16.429783 -1260.522983
v -0.431415 115.671453 -1241.376340
v -0.614645 115.719298 -1240.148366
v -0.880507 115.832089 -1238.586280
v -0.431415 118.935831 -1238.252958
v -0.579188 118.962286 -1237.219356
v -0.823970 119.062237 -1235.900856
v -0.290632 124.295773 -1231.759561
v -0.516277 124.137070 -1231.105560
v -0.732102 124.220033 -1230.285631
v -0.431415 112.102996 -1244.308059
v -0.641420 112.152527 -1242.894517
v -0.927858 112.261875 -1241.103520
v -0.315014 126.181473 -1228.457498
v -0.500733 125.994876 -1227.967843
v -0.708830 126.048576 -1227.345673
v -0.431415 121.757708 -1235.037921
v -0.543153 121.778364 -1234.195982
v -0.770057 121.869624 -1233.127614
v -1.021803 93.110315 -1249.600797
v -0.668501 93.255198 -1251.922762
v -0.431415 93.423207 -1253.760378
v -1.344795 30.062334 -1257.838236
v -0.876333 30.016556 -1260.417557
v -0.431415 29.901948 -1262.386108
v -0.431415 23.309306 -1261.788770
v -0.839858 23.337179 -1259.966280
v -1.288525 23.317112 -1257.509655
v -0.546062 9.511151 -1258.245942
v -0.844654 9.479502 -1256.892338
v -1.240428 9.441915 -1254.952344
v -1.290733 -1.644990 -1247.696247
v -0.946823 -2.358334 -1248.612797
v -0.485739 -2.608200 -1249.351004
v -0.431415 104.138216 -1249.346489
v -0.663256 104.063450 -1247.659224
v -0.984833 104.053305 -1245.523617
v -1.448438 41.219392 -1257.797826
v -0.948764 41.174725 -1260.367666
v -0.431415 41.071116 -1262.418729
v -0.431415 127.413144 -1224.969528
v -0.646436 127.218038 -1224.451203
v -0.431415 35.921246 -1262.539393
v -0.916512 36.080951 -1260.495667
v -1.403694 36.169961 -1257.884176
v -1.399139 114.254476 -1198.471520
v -1.399139 114.254476 -1198.504141
v -1.150286 114.254476 -1194.896410
v -1.150286 114.254476 -1194.929031
v -0.664102 114.254476 -1192.077341
v -0.664102 114.254476 -1192.109962
v -1.516143 114.254476 -1212.286144
v -1.516143 114.254476 -1212.318765
v -1.542865 114.254476 -1209.047629
v -1.542865 114.254476 -1209.080250
v -1.565130 114.254476 -1205.687095
v -1.565130 114.254476 -1205.719716
v -1.526803 114.254476 -1202.071802
v -1.526803 114.254476 -1202.104423
v -0.431415 85.633504 -1256.058074
v -0.431415 85.633504 -1256.057961
v -0.442489 41.993180 -1262.362065
v -0.442489 41.993180 -1262.362065
v -1.651606 41.993180 -1256.477068
v -1.651606 41.993180 -1256.477068
v -1.651606 41.993180 -1256.477068
v -1.711127 45.172519 -1256.123090
v -1.711127 45.172519 -1256.123090
v -1.453230 41.993180 -1257.770285
v -1.453230 41.993180 -1257.770285
v -0.952564 41.993180 -1260.323531
v -0.952564 41.993180 -1260.323531
v -1.755954 48.696994 -1255.730735
v -1.755954 48.696994 -1255.730735
v -1.774552 52.808147 -1255.273024
v -1.774552 52.808147 -1255.273024
v -1.749712 58.059721 -1254.688328
v -1.749712 58.059721 -1254.688328
v -1.678210 64.298252 -1253.993804
v -1.678210 64.298252 -1253.993804
v -1.520078 71.320450 -1253.212028
v -1.520078 71.320450 -1253.212028
v -1.290295 78.916500 -1252.366476
v -1.290295 78.916500 -1252.366476
v -1.090428 85.633504 -1251.618675
v -1.090428 85.633504 -1251.618562
v -1.090428 85.633504 -1251.618675
v -0.694884 85.633504 -1254.161538
v -0.694884 85.633504 -1254.161425
v -3.195304 37.280029 -1215.088959
v -4.117186 37.231909 -1215.990948
v -4.117186 37.231909 -1216.023569
v -3.850202 37.265927 -1215.362682
v -4.126947 23.315211 -1215.990609
v -4.126947 23.315211 -1216.023230
v -3.193168 23.359146 -1215.088959
v -3.848731 23.291136 -1215.362682
v -2.912710 8.478391 -1215.088959
v -3.763171 8.247854 -1215.987336
v -3.763171 8.247854 -1216.019957
v -3.542622 8.179223 -1215.361666
v -2.378565 -1.961449 -1215.088959
v -3.258221 -2.407375 -1215.989368
v -3.258221 -2.407375 -1216.021989
v -3.018310 -2.270239 -1215.362231
v -4.101290 29.809221 -1215.989706
v -4.101290 29.809221 -1216.022327
v -3.128678 29.946852 -1215.088959
v -3.796955 29.780332 -1215.362343
v -3.964463 13.880096 -1215.988690
v -3.964463 13.880096 -1216.021311
v -3.101578 14.179841 -1215.088959
v -3.732193 13.736496 -1215.362118
v -2.614120 1.877318 -1215.088959
v -3.489118 1.680147 -1215.988690
v -3.489118 1.680147 -1216.021311
v -3.250803 1.602026 -1215.362118
v -1.059728 -12.387766 -1215.088959
v -1.920145 -12.493402 -1215.985756
v -1.920145 -12.493402 -1216.018377
v -1.675967 -12.562956 -1215.361215
v -1.673658 -9.778050 -1215.088959
v -2.563173 -9.756097 -1215.986884
v -2.563173 -9.756097 -1216.019505
v -2.316813 -9.837690 -1215.361553
v -2.027231 -6.603995 -1215.088959
v -2.966150 -6.218082 -1215.988352
v -2.966150 -6.218082 -1216.020973
v -2.709001 -6.340288 -1215.362005
v -1.032874 -14.065934 -1216.019505
v -1.032874 -14.065934 -1215.986884
v -0.857014 -14.226270 -1215.361553
v -3.999227 47.021376 -1215.992077
v -3.999227 47.021376 -1216.024698
v -3.073690 46.988911 -1215.088959
v -3.732490 46.998420 -1215.363021
v -3.118300 44.980394 -1215.088959
v -4.042152 44.882461 -1215.991964
v -4.042152 44.882461 -1216.024585
v -3.776594 44.951710 -1215.363021
v -3.076387 50.740907 -1215.088959
v -4.004306 50.773998 -1215.992077
v -4.004306 50.773998 -1216.024698
v -3.735904 50.750597 -1215.363021
v -3.056806 55.739517 -1215.088959
v -3.979682 55.772205 -1215.991964
v -3.979682 55.772205 -1216.024585
v -3.714879 55.749090 -1215.363021
v -3.772399 61.751277 -1215.991964
v -3.772399 61.751277 -1216.024585
v -2.853343 61.716363 -1215.088959
v -3.510334 61.726592 -1215.363021
v -2.586082 68.592923 -1215.088959
v -3.501422 68.632380 -1215.991851
v -3.501422 68.632380 -1216.024472
v -3.242019 68.604479 -1215.363021
v -2.274866 76.136120 -1215.088959
v -3.188117 76.177764 -1215.991851
v -3.188117 76.177764 -1216.024472
v -2.930220 76.148310 -1215.363021
v -1.952491 83.886351 -1215.088959
v -2.867726 83.916411 -1215.991851
v -2.867726 83.916411 -1216.024472
v -2.608452 83.895156 -1215.363021
v -2.566657 91.355565 -1215.991964
v -2.566657 91.355565 -1216.024585
v -1.646130 91.356503 -1215.088959
v -2.303665 91.356228 -1215.363021
v -1.362004 98.190333 -1215.088959
v -2.288014 98.160118 -1215.991964
v -2.288014 98.160118 -1216.024585
v -2.021171 98.181479 -1215.363021
v -2.022780 104.185842 -1215.992077
v -2.022780 104.185842 -1216.024698
v -1.093235 104.228763 -1215.088959
v -1.753460 104.216192 -1215.363021
v -1.758118 109.371928 -1215.992077
v -1.758118 109.371928 -1216.024698
v -0.826439 109.407815 -1215.088959
v -1.487309 109.397303 -1215.363021
v -0.557648 114.254476 -1215.088959
v -0.557648 114.254476 -1215.088959
v -1.495771 114.132838 -1215.992077
v -1.495771 114.132838 -1216.024698
v -1.495771 114.132838 -1216.024698
v -1.220413 114.218850 -1215.363021
v -1.220413 114.218850 -1215.363021
v -4.117106 41.367326 -1215.992077
v -4.117106 41.367326 -1216.024698
v -3.188479 41.360430 -1215.088959
v -3.848162 41.362430 -1215.363021
vt 0.424241 0.807828
vt 0.555450 0.764641
vt 0.461472 0.928071
vt 0.592681 0.644398
vt 0.564327 0.762713
vt 0.078622 0.259101
vt 0.092125 0.259100
vt 0.105706 0.259100
vt 0.116820 0.259099
vt 0.442309 0.921683
vt 0.573518 0.650786
vt 0.431187 0.911706
vt 0.562396 0.660763
vt 0.424444 0.899363
vt 0.555653 0.673106
vt 0.420774 0.887479
vt 0.551983 0.684991
vt 0.560977 0.761928
vt 0.420542 0.816709
vt 0.551751 0.755760
vt 0.449720 0.785960
vt 0.580929 0.786509
vt 0.440972 0.788977
vt 0.572181 0.783492
vt 0.453459 0.785610
vt 0.584668 0.786859
vt 0.473869 0.790525
vt 0.605078 0.781944
vt 0.470114 0.788537
vt 0.601323 0.783932
vt 0.466048 0.787102
vt 0.597257 0.785367
vt 0.461745 0.786168
vt 0.592954 0.786301
vt 0.426583 0.803711
vt 0.557792 0.768758
vt 0.429186 0.799818
vt 0.560395 0.772651
vt 0.431970 0.796336
vt 0.563179 0.776132
vt 0.434917 0.793352
vt 0.566126 0.779117
vt 0.457540 0.785658
vt 0.588749 0.786811
vt 0.585135 0.781546
vt 0.580070 0.650821
vt 0.422230 0.812094
vt 0.553439 0.760375
vt 0.473159 0.928531
vt 0.604368 0.643938
vt 0.580814 0.784987
vt 0.585025 0.785718
vt 0.602328 0.779993
vt 0.598398 0.782361
vt 0.594741 0.784040
vt 0.591211 0.785198
vt 0.579755 0.782418
vt 0.580533 0.780394
vt 0.581439 0.778024
vt 0.582587 0.775395
vt 0.587896 0.785807
vt 0.579384 0.783929
vt 0.444427 0.787453
vt 0.575636 0.785016
vt 0.562242 0.766169
vt 0.565291 0.766974
vt 0.568779 0.767910
vt 0.572248 0.768859
vt 0.578113 0.770541
vt 0.579366 0.760954
vt 0.571853 0.759423
vt 0.567668 0.758672
vt 0.563533 0.757908
vt 0.559919 0.757205
vt 0.578718 0.766134
vt 0.575492 0.765315
vt 0.571990 0.764480
vt 0.583052 0.733643
vt 0.573403 0.732464
vt 0.567791 0.731858
vt 0.562186 0.731260
vt 0.557485 0.730734
vt 0.585411 0.719175
vt 0.575825 0.717973
vt 0.569620 0.717178
vt 0.563147 0.716437
vt 0.557845 0.715835
vt 0.587302 0.708129
vt 0.578425 0.706566
vt 0.571578 0.705371
vt 0.564527 0.704813
vt 0.559052 0.704236
vt 0.589686 0.694350
vt 0.580667 0.693063
vt 0.573472 0.691757
vt 0.566855 0.689463
vt 0.561808 0.687989
vt 0.591992 0.681046
vt 0.582643 0.678985
vt 0.575537 0.677523
vt 0.569330 0.676224
vt 0.564611 0.675216
vt 0.595468 0.667157
vt 0.586275 0.664810
vt 0.579718 0.663559
vt 0.573687 0.662706
vt 0.569434 0.662085
vt 0.598479 0.655489
vt 0.590166 0.653618
vt 0.584295 0.653101
vt 0.577909 0.653343
vt 0.573982 0.782950
vt 0.563740 0.770074
vt 0.566437 0.770812
vt 0.569541 0.771688
vt 0.572618 0.772581
vt 0.577603 0.774042
vt 0.565432 0.773624
vt 0.567737 0.774240
vt 0.570420 0.774986
vt 0.573090 0.775748
vt 0.577288 0.776929
vt 0.567261 0.776752
vt 0.569141 0.777244
vt 0.571366 0.777852
vt 0.573608 0.778483
vt 0.577062 0.779451
vt 0.569222 0.779414
vt 0.570626 0.779787
vt 0.572313 0.780263
vt 0.574053 0.780759
vt 0.576733 0.781541
vt 0.571394 0.781521
vt 0.572220 0.781750
vt 0.573200 0.782047
vt 0.574249 0.782333
vt 0.575968 0.782863
vt 0.469789 0.928622
vt 0.600998 0.643847
vt 0.604289 0.781228
vt 0.600361 0.783295
vt 0.596383 0.784777
vt 0.592374 0.785774
vt 0.596799 0.646621
vt 0.588444 0.786316
vt 0.580657 0.785908
vt 0.584549 0.786365
vt 0.574349 0.783890
vt 0.588650 0.777003
vt 0.581787 0.784518
vt 0.599017 0.779110
vt 0.595433 0.778384
vt 0.591780 0.777712
vt 0.585788 0.776252
vt 0.595705 0.781500
vt 0.592667 0.780760
vt 0.589564 0.780071
vt 0.584308 0.778770
vt 0.592557 0.783324
vt 0.590020 0.782671
vt 0.587403 0.782066
vt 0.582972 0.781022
vt 0.589571 0.784656
vt 0.587528 0.784143
vt 0.585229 0.783669
vt 0.581706 0.782918
vt 0.586946 0.785470
vt 0.585525 0.785159
vt 0.583094 0.784751
vt 0.580736 0.784288
vt 0.449036 0.924929
vt 0.580245 0.647540
vt 0.575328 0.769731
vt 0.575747 0.760165
vt 0.568153 0.763598
vt 0.578477 0.733057
vt 0.580938 0.718607
vt 0.583063 0.707398
vt 0.585264 0.693675
vt 0.587465 0.680047
vt 0.591178 0.666001
vt 0.594606 0.654556
vt 0.575271 0.773365
vt 0.575340 0.776390
vt 0.575459 0.779001
vt 0.575493 0.781146
vt 0.575312 0.782436
vt 0.465950 0.928523
vt 0.597159 0.643946
vt 0.455647 0.926978
vt 0.586856 0.645491
vt 0.419166 0.822016
vt 0.550375 0.750453
vt 0.580089 0.755026
vt 0.571875 0.753643
vt 0.567343 0.753022
vt 0.562896 0.752384
vt 0.576131 0.754290
vt 0.559040 0.751771
vt 0.580929 0.748413
vt 0.572105 0.747147
vt 0.418105 0.828194
vt 0.549314 0.744275
vt 0.567211 0.746605
vt 0.562425 0.746044
vt 0.576691 0.747731
vt 0.558322 0.745497
vt 0.581919 0.741217
vt 0.572599 0.740016
vt 0.567333 0.739480
vt 0.562162 0.738933
vt 0.557781 0.738414
vt 0.417364 0.835197
vt 0.548573 0.737272
vt 0.577470 0.740582
vt 0.562538 0.723534
vt 0.579672 0.725561
vt 0.557501 0.722969
vt 0.568591 0.724227
vt 0.584258 0.726114
vt 0.574505 0.724941
vt 0.582119 0.712511
vt 0.586428 0.713154
vt 0.577246 0.711809
vt 0.570705 0.710864
vt 0.563867 0.710148
vt 0.558429 0.709532
vt 0.579166 0.702780
vt 0.572159 0.701495
vt 0.583705 0.703640
vt 0.565077 0.700795
vt 0.559636 0.700131
vt 0.587952 0.704401
vt 0.579625 0.700152
vt 0.572527 0.698895
vt 0.584145 0.700936
vt 0.565545 0.697644
vt 0.560202 0.696689
vt 0.588429 0.701664
vt 0.580060 0.697452
vt 0.572891 0.696216
vt 0.584591 0.698107
vt 0.566078 0.694241
vt 0.560879 0.692912
vt 0.588931 0.698768
vt 0.419722 0.882308
vt 0.550931 0.690161
vt 0.563040 0.681891
vt 0.084946 0.259101
vt 0.422312 0.893234
vt 0.553521 0.679235
vt 0.574396 0.684759
vt 0.586245 0.687131
vt 0.590718 0.688003
vt 0.581565 0.686229
vt 0.567947 0.683112
vt 0.589171 0.672986
vt 0.427343 0.905627
vt 0.558552 0.666842
vt 0.098854 0.259100
vt 0.584257 0.671875
vt 0.593620 0.674062
vt 0.577322 0.670462
vt 0.571188 0.669342
vt 0.566652 0.668490
vt 0.597194 0.660747
vt 0.436203 0.917138
vt 0.567412 0.655331
vt 0.576499 0.657022
vt 0.573218 0.656649
vt 0.112595 0.259100
vt 0.593130 0.659627
vt 0.582359 0.657512
vt 0.588469 0.658484
vt 0.586874 0.779425
vt 0.583384 0.783297
vt 0.582958 0.761836
vt 0.579233 0.777449
vt 0.602477 0.656276
vt 0.596914 0.682087
vt 0.578157 0.781971
vt 0.587438 0.734252
vt 0.578689 0.779901
vt 0.589957 0.719875
vt 0.577185 0.784215
vt 0.592014 0.708982
vt 0.582000 0.766998
vt 0.579957 0.774693
vt 0.594665 0.695155
vt 0.577439 0.785102
vt 0.577577 0.783424
vt 0.446859 0.786623
vt 0.578068 0.785846
vt 0.599910 0.668394
vt 0.580987 0.771363
vt 0.583945 0.755873
vt 0.585006 0.749194
vt 0.586173 0.741905
vt 0.588730 0.726735
vt 0.591064 0.713931
vt 0.592741 0.705265
vt 0.593278 0.702479
vt 0.593839 0.699534
vt 0.595610 0.688926
vt 0.598344 0.675231
vt 0.601386 0.661840
vt 0.596254 0.648710
vt 0.595566 0.651180
vt 0.580634 0.649389
vt 0.580855 0.648299
vt 0.592410 0.646606
vt 0.591933 0.648392
vt 0.591253 0.650537
vt 0.600423 0.646896
vt 0.599914 0.649223
vt 0.599297 0.651921
vt 0.603912 0.647306
vt 0.603482 0.649834
vt 0.603013 0.652663
vt 0.585716 0.650329
vt 0.586435 0.648529
vt 0.586825 0.647092
vt 0.600790 0.645013
vt 0.597185 0.644910
vt 0.592712 0.645139
vt 0.580796 0.647922
vt 0.586997 0.645986
vt 0.604207 0.645314
vt 0.558359 0.761321
vt 0.556392 0.760890
vt 0.554830 0.760598
vt 0.556035 0.751277
vt 0.553769 0.750936
vt 0.551966 0.750735
vt 0.554512 0.738013
vt 0.552124 0.737738
vt 0.550236 0.737550
vt 0.570857 0.656121
vt 0.569384 0.655656
vt 0.568406 0.655248
vt 0.563484 0.667868
vt 0.561251 0.667431
vt 0.559619 0.667102
vt 0.558925 0.768877
vt 0.560136 0.769143
vt 0.561670 0.769527
vt 0.561377 0.772648
vt 0.562393 0.772854
vt 0.563684 0.773174
vt 0.566663 0.779047
vt 0.567354 0.778977
vt 0.568158 0.779161
vt 0.556714 0.764823
vt 0.558113 0.765129
vt 0.559877 0.765560
vt 0.569469 0.781417
vt 0.569987 0.781297
vt 0.570606 0.781398
vt 0.563987 0.775979
vt 0.564806 0.776145
vt 0.565852 0.776400
vt 0.555170 0.745059
vt 0.552819 0.744758
vt 0.550953 0.744573
vt 0.559510 0.681066
vt 0.556941 0.680480
vt 0.554978 0.679948
vt 0.556932 0.673585
vt 0.558760 0.674007
vt 0.561212 0.674511
vt 0.563351 0.660901
vt 0.564690 0.661180
vt 0.566597 0.661575
vt 0.575685 0.652480
vt 0.574925 0.651596
vt 0.574202 0.651104
vt 0.553259 0.756013
vt 0.554956 0.756257
vt 0.557090 0.756648
vt 0.557290 0.692073
vt 0.554713 0.691495
vt 0.552645 0.690960
vt 0.572485 0.783166
vt 0.573024 0.783034
vt 0.553586 0.685851
vt 0.555625 0.686440
vt 0.558226 0.687072
vt 0.437962 0.790850
vt 0.569171 0.781619
vt 0.956749 0.980766
vt 0.600941 0.777404
vt 0.956481 0.977194
vt 0.604390 0.778498
vt 0.955980 0.974379
vt 0.607126 0.779428
vt 0.935000 0.929721
vt 0.935000 0.933855
vt 0.935000 0.937400
vt 0.956939 0.994573
vt 0.587550 0.773519
vt 0.956949 0.991336
vt 0.590704 0.774375
vt 0.956953 0.987977
vt 0.593966 0.775302
vt 0.956895 0.984364
vt 0.597465 0.776338
vt 0.902548 0.669147
vt 0.935000 0.940597
vt 0.903840 0.669147
vt 0.906392 0.669147
vt 0.074533 0.259101
vt 0.935653 0.767983
vt 0.550178 0.736420
vt 0.417300 0.836358
vt 0.934028 0.767552
vt 0.548509 0.736111
vt 0.908430 0.669147
vt 0.908430 0.669589
vt 0.552513 0.691882
vt 0.419511 0.880959
vt 0.910189 0.669147
vt 0.550720 0.691510
vt 0.902548 0.670798
vt 0.933350 0.940597
vt 0.558454 0.693108
vt 0.933290 0.937400
vt 0.558172 0.696326
vt 0.903840 0.670600
vt 0.557160 0.692843
vt 0.906392 0.670099
vt 0.554589 0.692313
vt 0.933245 0.933855
vt 0.557863 0.699893
vt 0.933227 0.929721
vt 0.557504 0.704053
vt 0.933252 0.924440
vt 0.557044 0.709365
vt 0.933323 0.918166
vt 0.556499 0.715677
vt 0.933481 0.911104
vt 0.555881 0.722782
vt 0.933711 0.903465
vt 0.555211 0.730471
vt 0.933911 0.896710
vt 0.940090 0.768642
vt 0.554626 0.737271
vt 0.937548 0.768246
vt 0.552075 0.736783
vt 0.070903 0.259101
vt 0.068886 0.259101
vt 0.065120 0.259101
vt 0.060113 0.259102
vt 0.054132 0.259102
vt 0.047246 0.259102
vt 0.039688 0.259102
vt 0.031921 0.259103
vt 0.024434 0.259103
vt 0.017587 0.259103
vt 0.011538 0.259103
vt 0.006351 0.259103
vt 0.955438 0.997350
vt 0.001494 0.259103
vt 0.955424 0.994581
vt 0.955406 0.991344
vt 0.955389 0.987985
vt 0.955369 0.984372
vt 0.955350 0.980774
vt 0.955331 0.977201
vt 0.955316 0.974383
vt 0.477040 0.792503
vt 0.955311 0.973343
vt 0.608249 0.779966
vt 0.935000 0.924440
vt 0.935000 0.918166
vt 0.935000 0.911104
vt 0.935000 0.903465
vt 0.940090 0.767552
vt 0.935000 0.896710
vt 0.937548 0.767552
vt 0.935653 0.767552
vt 0.477040 0.928566
vt 0.130424 0.259099
vt 0.608249 0.643904
vt 0.129758 0.259099
vt 0.129758 0.259099
vt 0.078622 0.255899
vt 0.078670 0.254473
vt 0.599458 0.696340
vt 0.078635 0.255187
vt 0.092635 0.254474
vt 0.602084 0.682542
vt 0.092589 0.255903
vt 0.092658 0.255192
vt 0.107479 0.256181
vt 0.107730 0.254795
vt 0.604784 0.667584
vt 0.107781 0.255494
vt 0.117933 0.256721
vt 0.118418 0.255332
vt 0.606517 0.656991
vt 0.118247 0.256027
vt 0.086119 0.254501
vt 0.600877 0.688984
vt 0.085980 0.255956
vt 0.086147 0.255231
vt 0.102085 0.254608
vt 0.603803 0.673183
vt 0.101773 0.255998
vt 0.102218 0.255311
vt 0.114093 0.256482
vt 0.114319 0.255083
vt 0.605874 0.661056
vt 0.114372 0.255789
vt 0.128022 0.258143
vt 0.128436 0.256866
vt 0.608015 0.646884
vt 0.128270 0.257533
vt 0.125643 0.257456
vt 0.125753 0.256085
vt 0.607622 0.649669
vt 0.125731 0.256782
vt 0.122559 0.257089
vt 0.122235 0.255642
vt 0.607099 0.653199
vt 0.122308 0.256353
vt 0.129119 0.259099
vt 0.608214 0.645092
vt 0.129931 0.257927
vt 0.129556 0.258464
vt 0.068849 0.254575
vt 0.597560 0.706040
vt 0.068887 0.256010
vt 0.068876 0.255292
vt 0.070906 0.255970
vt 0.070998 0.254538
vt 0.597976 0.703921
vt 0.070935 0.255255
vt 0.065116 0.256016
vt 0.065078 0.254583
vt 0.596828 0.709756
vt 0.065105 0.255300
vt 0.060113 0.256047
vt 0.060069 0.254621
vt 0.595850 0.714707
vt 0.060102 0.255334
vt 0.054080 0.254820
vt 0.594670 0.720631
vt 0.054133 0.256245
vt 0.054121 0.255532
vt 0.047246 0.256511
vt 0.047186 0.255088
vt 0.593306 0.727449
vt 0.047232 0.255799
vt 0.039688 0.256823
vt 0.039625 0.255400
vt 0.591805 0.734926
vt 0.039673 0.256111
vt 0.031921 0.257146
vt 0.031870 0.255722
vt 0.590259 0.742593
vt 0.031910 0.256433
vt 0.024414 0.256026
vt 0.588760 0.749962
vt 0.024434 0.257453
vt 0.024432 0.256739
vt 0.017586 0.257738
vt 0.017595 0.256308
vt 0.587374 0.756699
vt 0.017593 0.257023
vt 0.011557 0.256576
vt 0.586125 0.762660
vt 0.011538 0.258008
vt 0.011548 0.257292
vt 0.006361 0.256842
vt 0.585020 0.767784
vt 0.006351 0.258275
vt 0.006359 0.257559
vt 0.955996 0.997347
vt 0.001494 0.258545
vt 0.956948 0.998279
vt 0.001589 0.257105
vt 0.583961 0.772475
vt 0.956661 0.997617
vt 0.001527 0.257826
vt 0.074525 0.254477
vt 0.598659 0.700438
vt 0.074535 0.255908
vt 0.074533 0.255192
vt 0.433118 0.809756
vt 0.429768 0.810541
vt 0.453926 0.790923
vt 0.448861 0.921648
vt 0.449604 0.787482
vt 0.453816 0.786751
vt 0.471119 0.792476
vt 0.467189 0.790108
vt 0.463532 0.788429
vt 0.460002 0.787271
vt 0.448546 0.790051
vt 0.449324 0.792075
vt 0.450230 0.794445
vt 0.451378 0.797074
vt 0.456687 0.786662
vt 0.448175 0.788540
vt 0.431033 0.806300
vt 0.434082 0.805495
vt 0.437570 0.804559
vt 0.441039 0.803610
vt 0.446904 0.801928
vt 0.448157 0.811515
vt 0.440644 0.813046
vt 0.436459 0.813797
vt 0.432324 0.814561
vt 0.428710 0.815264
vt 0.447509 0.806335
vt 0.444283 0.807154
vt 0.440781 0.807989
vt 0.451843 0.838826
vt 0.442194 0.840005
vt 0.436582 0.840611
vt 0.430976 0.841209
vt 0.426276 0.841735
vt 0.454202 0.853294
vt 0.444616 0.854496
vt 0.438411 0.855291
vt 0.431938 0.856032
vt 0.426636 0.856634
vt 0.456093 0.864340
vt 0.447216 0.865903
vt 0.440369 0.867098
vt 0.433318 0.867656
vt 0.427842 0.868233
vt 0.458477 0.878119
vt 0.449458 0.879406
vt 0.442263 0.880712
vt 0.435646 0.883006
vt 0.430599 0.884480
vt 0.460783 0.891423
vt 0.451434 0.893484
vt 0.444328 0.894946
vt 0.438121 0.896245
vt 0.433401 0.897253
vt 0.464259 0.905312
vt 0.455066 0.907659
vt 0.448509 0.908910
vt 0.442478 0.909763
vt 0.438225 0.910384
vt 0.467270 0.916980
vt 0.458957 0.918851
vt 0.453086 0.919368
vt 0.446700 0.919126
vt 0.442773 0.789519
vt 0.432531 0.802395
vt 0.435228 0.801657
vt 0.438332 0.800781
vt 0.441409 0.799888
vt 0.446394 0.798427
vt 0.434223 0.798845
vt 0.436528 0.798229
vt 0.439211 0.797483
vt 0.441881 0.796721
vt 0.446079 0.795540
vt 0.436052 0.795717
vt 0.437932 0.795225
vt 0.440157 0.794617
vt 0.442399 0.793986
vt 0.445853 0.793018
vt 0.438013 0.793055
vt 0.439417 0.792682
vt 0.441104 0.792206
vt 0.442844 0.791710
vt 0.445524 0.790928
vt 0.440185 0.790948
vt 0.441011 0.790719
vt 0.441991 0.790422
vt 0.443040 0.790136
vt 0.444759 0.789606
vt 0.473080 0.791241
vt 0.469152 0.789174
vt 0.465174 0.787692
vt 0.461165 0.786695
vt 0.465590 0.925848
vt 0.457235 0.786153
vt 0.449448 0.786561
vt 0.453340 0.786104
vt 0.443140 0.788579
vt 0.457441 0.795466
vt 0.450578 0.787951
vt 0.467808 0.793359
vt 0.464224 0.794085
vt 0.460571 0.794757
vt 0.454579 0.796217
vt 0.464496 0.790969
vt 0.461458 0.791709
vt 0.458355 0.792398
vt 0.453099 0.793699
vt 0.461348 0.789145
vt 0.458811 0.789798
vt 0.456194 0.790403
vt 0.451763 0.791447
vt 0.458362 0.787813
vt 0.456319 0.788326
vt 0.454020 0.788800
vt 0.450497 0.789551
vt 0.455737 0.786999
vt 0.454316 0.787310
vt 0.451885 0.787718
vt 0.449527 0.788181
vt 0.444119 0.802738
vt 0.444538 0.812304
vt 0.436944 0.808871
vt 0.447268 0.839412
vt 0.449728 0.853862
vt 0.451854 0.865071
vt 0.454055 0.878794
vt 0.456256 0.892422
vt 0.459969 0.906468
vt 0.463397 0.917913
vt 0.444062 0.799104
vt 0.444131 0.796079
vt 0.444250 0.793468
vt 0.444284 0.791323
vt 0.444103 0.790033
vt 0.448880 0.817443
vt 0.440666 0.818826
vt 0.436134 0.819447
vt 0.431687 0.820085
vt 0.444922 0.818179
vt 0.427831 0.820698
vt 0.449720 0.824056
vt 0.440896 0.825322
vt 0.436002 0.825864
vt 0.431216 0.826425
vt 0.445482 0.824739
vt 0.427113 0.826972
vt 0.450710 0.831253
vt 0.441390 0.832453
vt 0.436124 0.832989
vt 0.430952 0.833536
vt 0.426572 0.834055
vt 0.446261 0.831887
vt 0.431329 0.848935
vt 0.448463 0.846908
vt 0.426291 0.849500
vt 0.437382 0.848243
vt 0.453049 0.846355
vt 0.443296 0.847528
vt 0.450909 0.859958
vt 0.455219 0.859316
vt 0.446037 0.860660
vt 0.439495 0.861605
vt 0.432658 0.862321
vt 0.427220 0.862937
vt 0.447957 0.869689
vt 0.440950 0.870974
vt 0.452496 0.868829
vt 0.433868 0.871674
vt 0.428427 0.872338
vt 0.456743 0.868068
vt 0.448416 0.872317
vt 0.441318 0.873574
vt 0.452936 0.871533
vt 0.434336 0.874825
vt 0.428993 0.875780
vt 0.457220 0.870806
vt 0.448851 0.875017
vt 0.441682 0.876253
vt 0.453382 0.874362
vt 0.434869 0.878229
vt 0.429670 0.879557
vt 0.457722 0.873701
vt 0.431831 0.890579
vt 0.443187 0.887710
vt 0.455036 0.885338
vt 0.459509 0.884466
vt 0.450356 0.886240
vt 0.436738 0.889357
vt 0.457962 0.899484
vt 0.453048 0.900595
vt 0.462411 0.898407
vt 0.446113 0.902007
vt 0.439979 0.903127
vt 0.435443 0.903979
vt 0.465985 0.911722
vt 0.445290 0.915447
vt 0.442009 0.915820
vt 0.461921 0.912842
vt 0.451150 0.914957
vt 0.457260 0.913985
vt 0.455665 0.793044
vt 0.452175 0.789172
vt 0.451749 0.810633
vt 0.448023 0.795020
vt 0.471268 0.916193
vt 0.465705 0.890382
vt 0.446948 0.790498
vt 0.456229 0.838217
vt 0.447480 0.792568
vt 0.458748 0.852594
vt 0.445976 0.788254
vt 0.460805 0.863487
vt 0.450791 0.805470
vt 0.448748 0.797776
vt 0.463456 0.877314
vt 0.446230 0.787367
vt 0.446367 0.789045
vt 0.468701 0.904075
vt 0.449778 0.801105
vt 0.452736 0.816596
vt 0.453797 0.823276
vt 0.454964 0.830564
vt 0.457521 0.845734
vt 0.459855 0.858538
vt 0.461532 0.867204
vt 0.462069 0.869990
vt 0.462630 0.872935
vt 0.464401 0.883543
vt 0.467135 0.897238
vt 0.470177 0.910629
vt 0.465045 0.923759
vt 0.464356 0.921288
vt 0.449425 0.923080
vt 0.449646 0.924170
vt 0.461201 0.925863
vt 0.460724 0.924077
vt 0.460044 0.921932
vt 0.469214 0.925573
vt 0.468705 0.923246
vt 0.468088 0.920548
vt 0.472702 0.925163
vt 0.472272 0.922635
vt 0.471804 0.919806
vt 0.454507 0.922140
vt 0.455226 0.923940
vt 0.455616 0.925377
vt 0.469581 0.927456
vt 0.465976 0.927559
vt 0.461503 0.927330
vt 0.449587 0.924547
vt 0.455788 0.926483
vt 0.472998 0.927155
vt 0.427150 0.811148
vt 0.425183 0.811579
vt 0.423621 0.811871
vt 0.424826 0.821192
vt 0.422560 0.821533
vt 0.420757 0.821734
vt 0.423303 0.834456
vt 0.420915 0.834731
vt 0.419027 0.834919
vt 0.439648 0.916348
vt 0.438175 0.916813
vt 0.437197 0.917221
vt 0.432275 0.904601
vt 0.430042 0.905038
vt 0.428410 0.905367
vt 0.427716 0.803592
vt 0.428927 0.803326
vt 0.430461 0.802942
vt 0.430168 0.799821
vt 0.431184 0.799614
vt 0.432474 0.799295
vt 0.435454 0.793422
vt 0.436145 0.793492
vt 0.436949 0.793308
vt 0.425505 0.807646
vt 0.426904 0.807340
vt 0.428668 0.806909
vt 0.438260 0.791052
vt 0.438778 0.791172
vt 0.439397 0.791071
vt 0.432778 0.796490
vt 0.433597 0.796324
vt 0.434643 0.796069
vt 0.423961 0.827410
vt 0.421610 0.827711
vt 0.419743 0.827896
vt 0.428301 0.891403
vt 0.425732 0.891989
vt 0.423769 0.892521
vt 0.425723 0.898884
vt 0.427551 0.898462
vt 0.430003 0.897958
vt 0.432142 0.911568
vt 0.433481 0.911289
vt 0.435389 0.910894
vt 0.444476 0.919989
vt 0.443716 0.920874
vt 0.442993 0.921365
vt 0.422050 0.816456
vt 0.423747 0.816212
vt 0.425881 0.815821
vt 0.426081 0.880396
vt 0.423504 0.880974
vt 0.421436 0.881509
vt 0.441276 0.789303
vt 0.441815 0.789435
vt 0.422377 0.886618
vt 0.424416 0.886029
vt 0.427017 0.885397
vt 0.469732 0.795065
vt 0.953952 0.980781
vt 0.473181 0.793971
vt 0.954181 0.977207
vt 0.475917 0.793041
vt 0.954652 0.974387
vt 0.456341 0.798950
vt 0.953908 0.994589
vt 0.459495 0.798094
vt 0.953864 0.991352
vt 0.462757 0.797167
vt 0.953824 0.987994
vt 0.466256 0.796131
vt 0.953843 0.984380
vt 0.418969 0.836049
vt 0.935653 0.767121
vt 0.421304 0.880587
vt 0.908430 0.668705
vt 0.427245 0.879361
vt 0.936651 0.940597
vt 0.902548 0.667496
vt 0.426963 0.876143
vt 0.936711 0.937400
vt 0.425951 0.879626
vt 0.903840 0.667695
vt 0.423380 0.880156
vt 0.906392 0.668195
vt 0.426654 0.872576
vt 0.936756 0.933855
vt 0.426295 0.868417
vt 0.936774 0.929721
vt 0.425835 0.863104
vt 0.936749 0.924440
vt 0.425290 0.856792
vt 0.936678 0.918166
vt 0.424672 0.849687
vt 0.936520 0.911104
vt 0.424002 0.841998
vt 0.936290 0.903465
vt 0.423417 0.835199
vt 0.940090 0.766462
vt 0.936090 0.896710
vt 0.420866 0.835686
vt 0.937548 0.766857
vt 0.078622 0.262303
vt 0.468249 0.876129
vt 0.078670 0.263729
vt 0.078636 0.263015
vt 0.470874 0.889927
vt 0.092636 0.263727
vt 0.092589 0.262297
vt 0.092658 0.263009
vt 0.107479 0.262019
vt 0.473575 0.904885
vt 0.107731 0.263404
vt 0.107781 0.262706
vt 0.117933 0.261477
vt 0.475308 0.915478
vt 0.118418 0.262867
vt 0.118248 0.262171
vt 0.469668 0.883485
vt 0.086119 0.263700
vt 0.085980 0.262245
vt 0.086148 0.262970
vt 0.472594 0.899287
vt 0.102085 0.263592
vt 0.101774 0.262202
vt 0.102218 0.262889
vt 0.114093 0.261717
vt 0.474664 0.911413
vt 0.114320 0.263116
vt 0.114372 0.262410
vt 0.128022 0.260055
vt 0.476806 0.925585
vt 0.128436 0.261332
vt 0.128270 0.260665
vt 0.125643 0.260742
vt 0.476413 0.922800
vt 0.125753 0.262113
vt 0.125731 0.261417
vt 0.122559 0.261110
vt 0.475890 0.919270
vt 0.122235 0.262557
vt 0.122308 0.261845
vt 0.129931 0.260271
vt 0.477006 0.927377
vt 0.129556 0.259734
vt 0.466351 0.866429
vt 0.068849 0.263628
vt 0.068887 0.262192
vt 0.068877 0.262910
vt 0.070906 0.262232
vt 0.466767 0.868548
vt 0.070998 0.263664
vt 0.070936 0.262948
vt 0.065116 0.262187
vt 0.465619 0.862713
vt 0.065079 0.263620
vt 0.065105 0.262903
vt 0.060113 0.262156
vt 0.464641 0.857762
vt 0.060069 0.263582
vt 0.060102 0.262869
vt 0.463461 0.851838
vt 0.054081 0.263384
vt 0.054133 0.261959
vt 0.054121 0.262672
vt 0.047246 0.261693
vt 0.462097 0.845020
vt 0.047187 0.263116
vt 0.047232 0.262405
vt 0.039688 0.261382
vt 0.460596 0.837543
vt 0.039626 0.262804
vt 0.039674 0.262094
vt 0.031921 0.261060
vt 0.459049 0.829876
vt 0.031870 0.262483
vt 0.031910 0.261772
vt 0.457551 0.822507
vt 0.024414 0.262180
vt 0.024434 0.260752
vt 0.024432 0.261466
vt 0.017587 0.260468
vt 0.456165 0.815770
vt 0.017595 0.261898
vt 0.017593 0.261183
vt 0.454916 0.809809
vt 0.011558 0.261630
vt 0.011538 0.260198
vt 0.011549 0.260914
vt 0.453811 0.804685
vt 0.006361 0.261365
vt 0.006351 0.259931
vt 0.006359 0.260648
vt 0.001494 0.259662
vt 0.954881 0.997353
vt 0.452752 0.799994
vt 0.001589 0.261102
vt 0.953939 0.998295
vt 0.001527 0.260381
vt 0.954219 0.997630
vt 0.467450 0.872031
vt 0.074525 0.263725
vt 0.074535 0.262294
vt 0.074534 0.263010
vn 0.993645 -0.088352 -0.069737
vn 0.996671 -0.054547 -0.060598
vn 0.994156 -0.091496 -0.057299
vn 0.973455 0.106107 -0.202799
vn 0.935564 0.187020 -0.299573
vn 0.965524 0.141271 -0.218646
vn 0.913876 0.242901 -0.325316
vn 0.953668 0.184257 -0.237839
vn 0.963669 0.075879 -0.256095
vn 0.977926 0.050343 -0.202797
vn 0.964551 0.064259 -0.255953
vn 0.971328 -0.002134 -0.237735
vn 0.970804 0.005936 -0.239800
vn 0.970670 0.003553 -0.240391
vn 0.965085 -0.040197 -0.258835
vn 0.961553 -0.021475 -0.273780
vn 0.970195 -0.015555 -0.241824
vn 0.950028 -0.075437 -0.302913
vn 0.788798 -0.227297 -0.571081
vn 0.917562 -0.101007 -0.384550
vn 0.974042 0.212228 0.078755
vn 0.861886 0.497026 0.100583
vn 0.859533 0.477538 0.182102
vn 0.884669 0.305954 -0.351786
vn 0.938402 0.232438 -0.255682
vn 0.848577 0.377261 -0.370932
vn 0.919559 0.287664 -0.267695
vn 0.803810 0.461535 -0.375334
vn 0.893412 0.357410 -0.272166
vn 0.743868 0.556992 -0.369352
vn 0.835307 0.465930 -0.291842
vn 0.994785 0.083242 0.058931
vn 0.984884 0.131417 0.112844
vn 0.981428 0.137080 0.134196
vn 0.994958 0.082714 0.056720
vn 0.982563 0.148007 0.112536
vn 0.994341 0.087975 0.059547
vn 0.972043 0.196464 0.128584
vn 0.992054 0.106099 0.067609
vn 0.944602 0.289228 0.155158
vn 0.987100 0.140900 0.076027
vn 0.926903 0.261129 0.269560
vn 0.886390 0.300318 0.352309
vn 0.929080 0.285080 0.235667
vn 0.900282 0.365897 0.235823
vn 0.825304 0.501129 0.260275
vn 0.688472 0.677611 0.258552
vn 0.683850 0.719139 -0.123240
vn 0.931670 0.358465 -0.059104
vn 0.876550 0.463161 -0.130929
vn 0.711201 0.690168 0.133646
vn 0.934226 0.355821 -0.024771
vn 0.776416 0.629624 -0.027399
vn 0.984136 -0.166015 -0.062578
vn 0.994020 -0.096890 -0.050370
vn 0.983169 -0.169222 -0.068865
vn 0.999771 0.021294 -0.002296
vn 0.995744 0.091811 -0.007985
vn 0.999691 0.024080 -0.006082
vn 0.999814 0.018804 -0.004210
vn 0.996609 0.081491 -0.011368
vn 0.997735 0.066244 -0.011669
vn 0.999671 0.024990 -0.005733
vn 0.995839 0.088117 -0.023255
vn 0.999228 0.035708 -0.016376
vn 0.986382 0.152312 -0.062054
vn 0.996225 0.072086 -0.048367
vn 0.936812 0.316844 -0.148299
vn 0.999666 0.024777 -0.007413
vn 0.999658 0.026118 -0.001495
vn 0.999578 0.028858 -0.003340
vn 0.999224 0.036703 -0.014269
vn 0.997410 0.059469 -0.040452
vn 0.979996 0.162758 -0.114528
vn 0.999338 0.035861 -0.006192
vn 0.999684 0.024880 -0.003719
vn 0.999228 0.039285 -0.000136
vn 0.999154 0.040950 -0.003869
vn 0.998850 0.045344 -0.015580
vn 0.997504 0.058825 -0.039058
vn 0.989640 0.111804 -0.090075
vn 0.998926 0.046204 -0.003467
vn 0.999286 0.037749 -0.001757
vn 0.998810 0.048775 -0.000130
vn 0.998776 0.049032 -0.006565
vn 0.998534 0.050360 -0.019821
vn 0.997454 0.057406 -0.042314
vn 0.992524 0.091588 -0.080667
vn 0.998600 0.052810 -0.002961
vn 0.998845 0.048048 0.000298
vn 0.998666 0.051603 -0.001943
vn 0.998656 0.050650 -0.011013
vn 0.998396 0.050270 -0.026048
vn 0.997402 0.053527 -0.048208
vn 0.993778 0.078314 -0.079194
vn 0.992221 0.124207 -0.008408
vn 0.996054 -0.060285 -0.065125
vn 0.997459 -0.033029 -0.063127
vn 0.997099 -0.033336 -0.068427
vn 0.997635 -0.034943 -0.059186
vn 0.997114 -0.035074 -0.067339
vn 0.997122 -0.044425 -0.061427
vn 0.997645 -0.038211 -0.056961
vn 0.996460 -0.054184 -0.064274
vn 0.997744 -0.042163 -0.052250
vn 0.996497 -0.035285 -0.075818
vn 0.996545 -0.063698 -0.053307
vn 0.997405 -0.046252 -0.055166
vn 0.996720 -0.065400 -0.047657
vn 0.997331 -0.045769 -0.056889
vn 0.996436 -0.065761 -0.052834
vn 0.997431 -0.049717 -0.051565
vn 0.996530 -0.058599 -0.059105
vn 0.997201 -0.046417 -0.058621
vn 0.996137 -0.043778 -0.076122
vn 0.994527 -0.048709 -0.092430
vn 0.992825 -0.032037 -0.115209
vn 0.998895 -0.044961 -0.013711
vn 0.998990 -0.013892 -0.042733
vn 0.999948 -0.002503 0.009881
vn 0.997215 -0.053925 -0.051517
vn 0.997542 -0.016000 -0.068222
vn 0.998117 -0.016964 -0.058952
vn 0.996941 -0.047135 -0.062351
vn 0.996122 -0.017725 -0.086180
vn 0.996294 -0.036273 -0.077988
vn 0.994384 -0.014456 -0.104844
vn 0.994742 -0.021804 -0.100066
vn 0.991845 -0.013277 -0.126755
vn 0.999819 0.018272 -0.005338
vn 0.999503 0.022653 -0.021916
vn 0.999358 0.029210 -0.020753
vn 0.999118 0.014996 -0.039213
vn 0.998227 0.004189 -0.059381
vn 0.998594 0.006722 -0.052573
vn 0.997227 -0.000424 -0.074423
vn 0.996719 -0.006359 -0.080685
vn 0.994597 -0.006518 -0.103607
vn 0.994366 -0.011106 -0.105418
vn 0.991849 -0.007585 -0.127191
vn 0.999458 0.026314 -0.019782
vn 0.999650 0.012458 -0.023348
vn 0.998878 0.033535 -0.033434
vn 0.998443 0.037553 -0.041252
vn 0.998673 0.026560 -0.044115
vn 0.998408 0.036134 -0.043306
vn 0.997531 0.024562 -0.065786
vn 0.997618 0.033675 -0.060201
vn 0.995301 0.018844 -0.094974
vn 0.995904 0.025098 -0.086865
vn 0.992412 0.016588 -0.121835
vn 0.992805 0.022723 -0.117564
vn 0.998748 0.042438 -0.026484
vn 0.998503 0.041671 -0.035420
vn 0.998584 0.041659 -0.033092
vn 0.998742 0.037649 -0.033122
vn 0.998524 0.036313 -0.040382
vn 0.998739 0.034269 -0.036693
vn 0.997969 0.033349 -0.054283
vn 0.998124 0.033729 -0.051088
vn 0.996298 0.030443 -0.080390
vn 0.996359 0.035866 -0.077346
vn 0.993249 0.038939 -0.109273
vn 0.999058 0.037932 -0.021093
vn 0.998898 0.038283 -0.027166
vn 0.999226 0.033772 -0.020162
vn 0.999282 0.030524 -0.022434
vn 0.998903 0.031937 -0.034260
vn 0.999034 0.029696 -0.032407
vn 0.998180 0.031775 -0.051246
vn 0.998142 0.033168 -0.051119
vn 0.996448 0.035934 -0.076161
vn 0.996350 0.037431 -0.076721
vn 0.993649 0.040858 -0.104847
vn 0.998666 0.051452 -0.004296
vn 0.998625 0.052418 0.000550
vn 0.998834 0.047976 -0.005297
vn 0.998774 0.046735 -0.016332
vn 0.998387 0.046200 -0.033003
vn 0.998947 0.045374 -0.006723
vn 0.998761 0.049746 -0.001337
vn 0.999106 0.041229 -0.009318
vn 0.998953 0.040324 -0.021612
vn 0.998394 0.040435 -0.039677
vn 0.997324 0.047954 -0.055181
vn 0.997173 0.042123 -0.062217
vn 0.994770 0.056359 -0.085180
vn 0.825247 -0.554164 -0.108948
vn 0.585655 -0.779339 -0.222799
vn 0.787992 -0.592636 -0.166890
vn 0.989724 -0.108639 -0.092978
vn 0.980953 -0.130358 -0.144004
vn 0.984122 -0.166637 -0.061122
vn 0.993341 -0.097741 -0.060989
vn 0.505226 0.855925 -0.110179
vn 0.527069 0.849794 0.006949
vn 0.994451 0.066732 -0.081333
vn 0.572480 0.796198 0.195794
vn 0.589931 0.752572 0.292603
vn 0.300470 0.912800 -0.276612
vn 0.703118 0.627615 0.334252
vn 0.798292 0.497599 0.339300
vn 0.816943 0.428521 0.385972
vn -0.000000 0.000000 1.000000
vn 0.082580 -0.001380 0.996584
vn 0.000000 0.000000 1.000000
vn 0.786675 0.413457 0.458470
vn 0.999649 -0.024668 -0.009722
vn 0.770396 0.405918 0.491651
vn 0.999875 0.013191 0.008773
vn 0.999887 0.011154 -0.010054
vn 0.545616 0.829660 0.118188
vn 0.916699 0.397584 0.039882
vn 0.784028 0.617422 0.063955
vn 0.999654 0.024665 -0.009188
vn 0.997070 0.076152 -0.007172
vn 0.999574 0.027195 -0.010632
vn 0.999380 0.034748 -0.005690
vn 0.987226 0.157299 0.025323
vn 0.998574 0.052801 0.007873
vn 0.990490 0.133937 0.031462
vn 0.996736 0.075604 0.028301
vn 0.999633 0.024839 -0.010861
vn 0.999614 0.024814 -0.012476
vn 0.999571 0.027774 -0.009270
vn 0.999270 0.038088 0.002827
vn 0.997868 0.059518 0.026763
vn 0.999394 0.033512 -0.009427
vn 0.999456 0.030914 -0.011512
vn 0.999481 0.030645 -0.009885
vn 0.999296 0.037491 0.001200
vn 0.998186 0.054936 0.024649
vn 0.999006 0.044004 -0.007140
vn 0.999095 0.041480 -0.009460
vn 0.999167 0.039787 -0.009096
vn 0.999027 0.044097 0.001153
vn 0.998052 0.057540 0.024119
vn 0.998651 0.051560 -0.006217
vn 0.998954 0.045079 -0.007679
vn 0.998765 0.049513 0.004199
vn 0.997757 0.061244 0.027020
vn 0.993745 0.111348 -0.008463
vn 0.996072 0.088490 0.003199
vn 0.999059 0.043151 -0.004456
vn 0.999044 0.034108 -0.027346
vn 0.998459 0.039815 -0.038651
vn 0.999073 0.023722 -0.035920
vn 0.998558 0.011677 -0.052392
vn 0.997179 -0.056335 -0.049596
vn 0.997729 -0.038042 -0.055589
vn 0.996720 -0.060205 -0.054085
vn 0.999271 0.037266 -0.008285
vn 0.996933 0.037531 -0.068681
vn 0.994779 0.047927 -0.090098
vn 0.998346 0.035262 -0.045410
vn 0.999065 0.034344 -0.026264
vn 0.999299 0.034951 -0.013428
vn 0.999143 0.040153 -0.010005
vn 0.977939 0.080934 -0.192575
vn 0.949748 0.141520 -0.279199
vn 0.999310 0.034523 -0.013669
vn 0.996659 0.035423 -0.073590
vn 0.994532 0.042298 -0.095480
vn 0.998257 0.032150 -0.049489
vn 0.999081 0.030664 -0.029943
vn 0.999345 0.031611 -0.017597
vn 0.999162 0.038032 -0.015110
vn 0.979861 0.064845 -0.188857
vn 0.957674 0.108664 -0.266559
vn 0.994119 0.040170 -0.100570
vn 0.978308 0.059279 -0.198491
vn 0.961829 0.085977 -0.259794
vn 0.993362 0.041956 -0.107107
vn 0.998807 0.041485 -0.025757
vn 0.993117 0.031218 -0.112893
vn 0.998912 0.040018 -0.023933
vn 0.999846 0.007504 -0.015900
vn 0.992185 0.006506 -0.124605
vn 0.995057 0.005631 -0.099145
vn 0.998865 0.012171 -0.046042
vn 0.999433 0.014343 -0.030469
vn 0.999920 0.003781 -0.012067
vn 0.999716 0.019144 -0.014188
vn 0.992133 -0.001434 -0.125182
vn 0.997579 0.007253 -0.069163
vn 0.994862 -0.002147 -0.101220
vn 0.998787 0.007146 -0.048729
vn 0.999385 0.013511 -0.032366
vn 0.999940 0.003179 -0.010497
vn 0.997460 0.001673 -0.071208
vn 0.999697 0.021786 -0.011466
vn 0.970657 0.010342 -0.240246
vn 0.969744 0.003961 -0.244093
vn 0.077931 -0.000155 0.996959
vn 0.000000 -0.000000 1.000000
vn 0.991724 -0.010773 -0.127933
vn 0.999633 0.026802 0.003965
vn 0.968139 -0.004205 -0.250380
vn 0.996365 -0.032008 -0.078944
vn 0.991718 -0.017532 -0.127231
vn 0.948273 -0.056020 -0.312475
vn 0.997417 -0.036664 -0.061766
vn 0.997348 -0.043828 -0.058102
vn 0.994401 -0.057906 -0.088397
vn 0.000000 -0.000000 1.000000
vn 0.071401 0.000730 0.997447
vn 0.000000 -0.000000 1.000000
vn 0.909018 -0.172765 -0.379259
vn 0.744030 -0.362017 -0.561571
vn 0.998860 0.046999 -0.008333
vn 0.000000 0.000000 1.000000
vn 0.090812 -0.004468 0.995858
vn -0.000000 -0.000000 1.000000
vn 0.999131 -0.008175 0.040878
vn 0.000000 0.000000 1.000000
vn 0.075398 -0.000414 0.997153
vn 0.074701 0.001536 0.997205
vn 0.000000 0.000000 1.000000
vn 0.073276 0.000135 0.997312
vn 0.072262 0.000527 0.997386
vn 0.999716 0.019442 -0.013811
vn 0.999918 0.006644 -0.010984
vn 0.083595 0.003358 0.996494
vn 0.000000 0.000000 1.000000
vn 0.077530 0.002847 0.996986
vn 0.103142 0.004253 0.994658
vn 0.000000 0.000000 1.000000
vn 0.092103 0.003813 0.995742
vn 0.132703 0.005698 0.991139
vn 0.000000 0.000000 1.000000
vn 0.116598 0.004804 0.993168
vn 0.152626 0.007298 0.988257
vn 0.000000 0.000000 1.000000
vn 0.178885 0.009561 0.983824
vn 0.000000 0.000000 1.000000
vn 0.998593 0.052559 -0.007004
vn 0.204942 0.011366 0.978708
vn 0.000000 0.000000 1.000000
vn 0.000000 0.000000 1.000000
vn 0.000000 0.000000 1.000000
vn 0.000000 0.000000 1.000000
vn 0.070559 -0.000029 0.997508
vn 0.996803 -0.030829 -0.073708
vn 0.072624 -0.002809 0.997355
vn 0.996829 -0.065879 -0.044634
vn 0.994510 -0.090462 -0.052595
vn 0.995793 -0.060589 -0.068740
vn 0.993861 -0.089664 -0.064819
vn 0.944787 -0.317687 -0.080333
vn 0.931594 -0.348316 -0.103961
vn 0.666139 -0.540646 -0.513771
vn 0.833983 -0.331253 -0.441298
vn 0.752199 -0.492344 -0.437943
vn 0.945013 -0.320908 -0.062990
vn 0.834869 -0.545751 -0.071764
vn 0.831678 -0.545520 -0.103537
vn 0.747242 -0.653410 -0.121179
vn 0.000000 0.000000 1.000000
vn 0.071551 0.001450 0.997436
vn 0.940845 -0.329957 -0.077062
vn 0.983539 -0.170961 -0.058500
vn 0.497421 -0.758404 -0.421185
vn 0.904867 -0.393690 -0.161939
vn 0.697289 -0.667887 -0.260222
vn 0.832991 -0.477053 -0.280263
vn 0.972847 -0.208822 -0.099812
vn 0.949893 -0.258290 -0.176039
vn 0.979753 -0.187176 -0.071055
vn 0.928356 -0.355928 -0.107099
vn 0.680148 -0.719408 -0.140890
vn 0.720776 -0.688614 -0.079325
vn 0.715787 -0.689302 -0.111858
vn 0.040311 -0.006892 0.999163
vn 0.094193 -0.009052 0.995513
vn 0.908175 -0.304588 -0.287131
vn 0.981944 -0.102576 -0.158945
vn 0.945257 -0.184392 -0.269239
vn 0.985607 -0.064511 -0.156259
vn 0.973879 -0.088425 -0.209142
vn 0.985903 -0.033964 -0.163836
vn 0.987117 -0.020616 -0.158666
vn 0.976888 -0.043990 -0.209177
vn 0.980049 -0.026361 -0.196998
vn 0.986840 -0.008415 -0.161483
vn 0.987346 -0.013235 -0.158028
vn 0.978785 -0.004863 -0.204835
vn 0.980284 -0.013305 -0.197147
vn 0.988652 -0.003899 -0.150175
vn 0.986061 -0.006234 -0.166268
vn 0.976921 0.006478 -0.213504
vn 0.983961 0.000250 -0.178385
vn 0.977030 -0.001180 -0.213101
vn 0.987709 0.008313 -0.156079
vn 0.988166 0.001525 -0.153380
vn 0.987245 0.017753 -0.158214
vn 0.987849 0.034293 -0.151584
vn 0.987313 0.025767 -0.156682
vn 0.990177 0.045500 -0.132210
vn 0.988849 0.042793 -0.142640
vn 0.990398 0.046873 -0.130060
vn 0.989478 0.045348 -0.137390
vn 0.989380 0.047546 -0.137359
vn 0.988695 0.044455 -0.143202
vn 0.990612 0.051386 -0.126680
vn 0.989012 0.055026 -0.137215
vn 0.990208 0.061107 -0.125513
vn 0.987526 0.068881 -0.141588
vn 0.847930 0.469562 -0.246022
vn 0.929853 0.302307 -0.209725
vn 0.855166 0.458695 -0.241434
vn 0.901687 0.356427 -0.244785
vn 0.724379 0.624073 -0.292929
vn 0.964921 0.202053 -0.167638
vn 0.955372 0.231861 -0.183044
vn 0.977428 0.152282 -0.146440
vn 0.970130 0.172763 -0.170296
vn 0.983311 0.120655 -0.136167
vn 0.976193 0.141727 -0.164199
vn 0.986824 0.096162 -0.130118
vn 0.981005 0.114172 -0.156822
vn 0.596717 0.768081 -0.232337
vn 0.990926 0.045308 -0.126542
vn 0.988724 0.041313 -0.143936
vn 0.989031 0.076224 -0.126524
vn 0.984884 0.089170 -0.148503
vn 0.493916 -0.728113 -0.475287
vn 0.466446 0.796328 -0.385084
vn 0.340147 -0.870992 -0.354503
vn -0.000005 -1.000000 0.000001
vn -0.020691 -0.999760 0.007156
vn -0.003367 -0.999994 0.000840
vn 0.998861 0.046794 -0.009314
vn 0.999052 0.041801 -0.012195
vn 0.999068 0.039876 -0.016501
vn 0.998982 0.039892 -0.021084
vn 0.998871 0.041860 -0.022451
vn 0.998951 0.041223 -0.019933
vn 0.999149 0.037983 -0.016091
vn 0.999683 0.022026 -0.012164
vn 0.999955 0.001570 -0.009302
vn -0.000011 -1.000000 0.000000
vn -0.000011 -1.000000 0.000000
vn -0.000009 -1.000000 -0.000001
vn -0.000006 -1.000000 0.000000
vn -0.000006 -1.000000 -0.000001
vn -0.000005 -1.000000 0.000000
vn -0.000005 -1.000000 0.000001
vn -0.000005 -1.000000 0.000000
vn -0.000005 -1.000000 -0.000001
vn -0.000005 -1.000000 0.000001
vn -0.000005 -1.000000 -0.000001
vn -0.000005 -1.000000 -0.000000
vn -0.000005 -1.000000 -0.000000
vn -0.000008 -1.000000 -0.000005
vn 0.000030 -1.000000 -0.000003
vn -0.000008 -1.000000 -0.000002
vn -0.000005 -1.000000 0.000000
vn 0.000019 -1.000000 -0.000001
vn -0.000003 -1.000000 -0.000004
vn -0.000004 0.110647 -0.993860
vn 0.000001 0.110647 -0.993860
vn 0.000001 0.110648 -0.993860
vn 0.000012 0.110647 -0.993860
vn 0.000001 0.110644 -0.993860
vn 0.000026 0.110644 -0.993860
vn 0.000002 0.110647 -0.993860
vn 0.000010 0.110647 -0.993860
vn 0.000001 0.110643 -0.993860
vn 0.000019 0.110643 -0.993860
vn 0.000001 0.110645 -0.993860
vn 0.000001 0.110645 -0.993860
vn 0.000001 0.110645 -0.993860
vn -0.000001 0.110645 -0.993860
vn 0.000000 0.110645 -0.993860
vn 0.000003 0.110648 -0.993860
vn 0.000001 1.000000 -0.000000
vn 0.000001 1.000000 -0.000001
vn 0.000001 1.000000 -0.000002
vn 0.000002 1.000000 0.000000
vn 0.000001 1.000000 0.000000
vn 0.000003 1.000000 0.000000
vn 0.000002 1.000000 0.000000
vn 0.000004 1.000000 0.000000
vn 0.000004 1.000000 0.000000
vn 0.928649 0.037970 0.369012
vn 0.713646 0.029293 0.699894
vn 0.929947 0.038076 0.365717
vn 0.712017 0.029188 0.701555
vn 0.930398 0.038634 0.364510
vn 0.714580 0.029646 0.698925
vn 0.000001 -0.999228 -0.039284
vn 0.555768 -0.514502 0.653000
vn -0.000000 -1.000000 0.000108
vn 0.926056 0.043807 0.374836
vn 0.710327 0.030345 0.703217
vn 0.927176 0.039470 0.372541
vn 0.709350 0.033746 0.704048
vn 0.926372 0.009375 0.376492
vn 0.712588 -0.003378 0.701575
vn 0.926384 -0.004098 0.376557
vn 0.710145 0.007146 0.704019
vn 0.709373 0.005112 0.704815
vn 0.709312 0.014278 0.704750
vn 0.927420 0.006245 0.373970
vn 0.948567 -0.036092 0.314514
vn 0.740543 -0.016845 0.671797
vn 0.731843 -0.028861 0.680862
vn 0.941232 -0.046479 0.334548
vn 0.931845 -0.148470 0.331093
vn 0.701867 -0.065251 0.709314
vn 0.730497 -0.124588 0.671455
vn 0.928034 0.019607 0.371979
vn 0.712893 0.026281 0.700780
vn 0.713203 0.014679 0.700804
vn 0.710538 -0.004204 0.703647
vn 0.943654 -0.018497 0.330416
vn 0.921283 -0.006216 0.388843
vn 0.903562 -0.302318 0.303610
vn 0.709722 -0.254892 0.656753
vn 0.184193 -0.068634 0.980491
vn 0.798603 -0.594789 0.091970
vn 0.926722 0.001775 0.375744
vn 0.709812 0.001290 0.704390
vn 0.925059 0.049100 0.376637
vn 0.707862 0.037694 0.705344
vn 0.929802 0.037582 0.366136
vn 0.713994 0.028777 0.699561
vn 0.715244 -0.047705 0.697245
vn 0.933661 -0.062819 0.352607
vn 0.731292 -0.037489 0.681034
vn 0.082130 -0.005465 0.996607
vn 0.933393 -0.085111 0.348616
vn 0.928762 0.034393 0.369077
vn 0.924422 0.051151 0.377926
vn 0.684335 0.037903 0.728182
vn 0.928354 0.018653 0.371228
vn 0.692096 0.000778 0.721805
vn 0.491957 -0.866148 -0.088128
vn -0.138253 -0.990081 0.025015
vn 0.000000 -0.299879 0.953977
vn 0.000000 -0.053389 0.998574
vn -0.224442 -0.973922 0.033206
vn -0.996671 -0.054547 -0.060598
vn -0.993645 -0.088352 -0.069737
vn -0.994156 -0.091496 -0.057299
vn -0.935563 0.187022 -0.299575
vn -0.973454 0.106108 -0.202800
vn -0.965524 0.141271 -0.218646
vn -0.913874 0.242903 -0.325320
vn -0.953667 0.184258 -0.237841
vn -0.977926 0.050343 -0.202798
vn -0.963669 0.075879 -0.256096
vn -0.964551 0.064259 -0.255953
vn -0.970804 0.005936 -0.239802
vn -0.971328 -0.002134 -0.237734
vn -0.970669 0.003553 -0.240392
vn -0.961552 -0.021475 -0.273781
vn -0.965085 -0.040197 -0.258836
vn -0.970195 -0.015555 -0.241825
vn -0.950028 -0.075437 -0.302913
vn -0.788797 -0.227297 -0.571082
vn -0.909019 -0.172765 -0.379259
vn -0.974042 0.212228 0.078754
vn -0.859533 0.477538 0.182101
vn -0.861887 0.497026 0.100581
vn -0.884666 0.305957 -0.351790
vn -0.938402 0.232439 -0.255683
vn -0.848573 0.377266 -0.370937
vn -0.919558 0.287665 -0.267697
vn -0.803804 0.461541 -0.375339
vn -0.893409 0.357414 -0.272169
vn -0.743854 0.557003 -0.369363
vn -0.994785 0.083242 0.058930
vn -0.984884 0.131417 0.112844
vn -0.994958 0.082714 0.056720
vn -0.982563 0.148007 0.112536
vn -0.994341 0.087975 0.059547
vn -0.972043 0.196464 0.128584
vn -0.992054 0.106099 0.067609
vn -0.944602 0.289228 0.155159
vn -0.987100 0.140899 0.076027
vn -0.981428 0.137080 0.134195
vn -0.926902 0.261130 0.269561
vn -0.929080 0.285081 0.235668
vn -0.900281 0.365899 0.235823
vn -0.825302 0.501132 0.260276
vn -0.688465 0.677619 0.258553
vn -0.683845 0.719144 -0.123238
vn -0.876550 0.463162 -0.130925
vn -0.931670 0.358466 -0.059104
vn -0.711196 0.690173 0.133646
vn -0.934226 0.355821 -0.024771
vn -0.776413 0.629629 -0.027400
vn -0.994020 -0.096890 -0.050370
vn -0.984136 -0.166016 -0.062578
vn -0.983169 -0.169222 -0.068865
vn -0.995744 0.091811 -0.007984
vn -0.999771 0.021294 -0.002296
vn -0.999691 0.024080 -0.006082
vn -0.999814 0.018804 -0.004210
vn -0.996609 0.081491 -0.011367
vn -0.999671 0.024990 -0.005733
vn -0.995839 0.088117 -0.023255
vn -0.999228 0.035707 -0.016376
vn -0.986382 0.152312 -0.062054
vn -0.996225 0.072086 -0.048367
vn -0.936812 0.316844 -0.148299
vn -0.979996 0.162759 -0.114529
vn -0.999666 0.024777 -0.007413
vn -0.999684 0.024881 -0.003718
vn -0.999658 0.026118 -0.001495
vn -0.999578 0.028858 -0.003340
vn -0.999224 0.036703 -0.014269
vn -0.997410 0.059469 -0.040452
vn -0.989640 0.111804 -0.090075
vn -0.999338 0.035862 -0.006191
vn -0.999286 0.037749 -0.001757
vn -0.999228 0.039285 -0.000136
vn -0.999154 0.040950 -0.003869
vn -0.998850 0.045344 -0.015580
vn -0.997504 0.058825 -0.039058
vn -0.992524 0.091588 -0.080667
vn -0.998926 0.046204 -0.003467
vn -0.998845 0.048048 0.000298
vn -0.998810 0.048775 -0.000130
vn -0.998776 0.049032 -0.006564
vn -0.998534 0.050360 -0.019821
vn -0.997454 0.057406 -0.042314
vn -0.993778 0.078314 -0.079194
vn -0.998600 0.052810 -0.002961
vn -0.998625 0.052418 0.000550
vn -0.998666 0.051603 -0.001943
vn -0.998656 0.050650 -0.011013
vn -0.998396 0.050270 -0.026048
vn -0.997402 0.053527 -0.048208
vn -0.994450 0.066732 -0.081333
vn -0.992221 0.124207 -0.008408
vn -0.997735 0.066244 -0.011669
vn -0.997459 -0.033029 -0.063127
vn -0.996054 -0.060285 -0.065125
vn -0.997099 -0.033336 -0.068427
vn -0.997635 -0.034943 -0.059186
vn -0.996720 -0.060205 -0.054085
vn -0.997114 -0.035074 -0.067339
vn -0.997122 -0.044425 -0.061427
vn -0.997645 -0.038211 -0.056961
vn -0.996460 -0.054184 -0.064274
vn -0.996545 -0.063698 -0.053307
vn -0.996497 -0.035285 -0.075818
vn -0.997405 -0.046252 -0.055166
vn -0.996720 -0.065399 -0.047657
vn -0.997331 -0.045769 -0.056889
vn -0.997729 -0.038042 -0.055589
vn -0.996436 -0.065761 -0.052834
vn -0.997431 -0.049717 -0.051565
vn -0.996530 -0.058599 -0.059105
vn -0.997201 -0.046417 -0.058621
vn -0.996137 -0.043778 -0.076122
vn -0.994527 -0.048709 -0.092430
vn -0.998990 -0.013892 -0.042733
vn -0.998895 -0.044962 -0.013711
vn -0.999948 -0.002503 0.009881
vn -0.997542 -0.016000 -0.068222
vn -0.997215 -0.053925 -0.051517
vn -0.998117 -0.016964 -0.058952
vn -0.996122 -0.017725 -0.086180
vn -0.996941 -0.047135 -0.062351
vn -0.994384 -0.014456 -0.104844
vn -0.996294 -0.036273 -0.077988
vn -0.991845 -0.013277 -0.126755
vn -0.994742 -0.021804 -0.100066
vn -0.999819 0.018272 -0.005338
vn -0.999503 0.022653 -0.021916
vn -0.999633 0.026802 0.003965
vn -0.999118 0.014996 -0.039213
vn -0.998227 0.004189 -0.059381
vn -0.998558 0.011677 -0.052392
vn -0.997227 -0.000424 -0.074423
vn -0.998594 0.006722 -0.052573
vn -0.994597 -0.006518 -0.103607
vn -0.996719 -0.006359 -0.080685
vn -0.991849 -0.007585 -0.127191
vn -0.994366 -0.011106 -0.105418
vn -0.999458 0.026314 -0.019782
vn -0.999650 0.012458 -0.023348
vn -0.999920 0.003781 -0.012067
vn -0.998443 0.037553 -0.041252
vn -0.998673 0.026560 -0.044115
vn -0.999073 0.023722 -0.035920
vn -0.998408 0.036134 -0.043306
vn -0.997531 0.024562 -0.065786
vn -0.997618 0.033675 -0.060201
vn -0.995301 0.018844 -0.094974
vn -0.995904 0.025098 -0.086865
vn -0.992412 0.016588 -0.121836
vn -0.998748 0.042438 -0.026484
vn -0.998503 0.041671 -0.035420
vn -0.998912 0.040018 -0.023933
vn -0.998742 0.037649 -0.033122
vn -0.998524 0.036313 -0.040382
vn -0.998459 0.039815 -0.038651
vn -0.998739 0.034269 -0.036693
vn -0.997969 0.033349 -0.054283
vn -0.998124 0.033729 -0.051088
vn -0.996298 0.030443 -0.080390
vn -0.993249 0.038939 -0.109273
vn -0.996359 0.035866 -0.077346
vn -0.999058 0.037932 -0.021093
vn -0.998898 0.038283 -0.027166
vn -0.998807 0.041485 -0.025756
vn -0.999282 0.030524 -0.022434
vn -0.998903 0.031937 -0.034260
vn -0.999044 0.034108 -0.027346
vn -0.998180 0.031775 -0.051246
vn -0.999034 0.029696 -0.032407
vn -0.996448 0.035934 -0.076161
vn -0.998142 0.033168 -0.051119
vn -0.993649 0.040858 -0.104847
vn -0.996350 0.037431 -0.076721
vn -0.998666 0.051452 -0.004296
vn -0.998834 0.047976 -0.005297
vn -0.998774 0.046735 -0.016332
vn -0.998387 0.046200 -0.033003
vn -0.998761 0.049746 -0.001337
vn -0.998947 0.045374 -0.006723
vn -0.999106 0.041229 -0.009318
vn -0.998953 0.040324 -0.021612
vn -0.997324 0.047954 -0.055181
vn -0.998394 0.040435 -0.039677
vn -0.994770 0.056359 -0.085180
vn -0.997173 0.042123 -0.062217
vn -0.825246 -0.554165 -0.108949
vn -0.585652 -0.779341 -0.222800
vn -0.680147 -0.719409 -0.140890
vn -0.989724 -0.108639 -0.092978
vn -0.980953 -0.130358 -0.144004
vn -0.993341 -0.097742 -0.060989
vn -0.984122 -0.166637 -0.061122
vn -0.505213 0.855932 -0.110182
vn -0.527052 0.849805 0.006953
vn -0.572462 0.796210 0.195800
vn -0.589914 0.752584 0.292607
vn -0.300445 0.912807 -0.276615
vn -0.703112 0.627621 0.334253
vn -0.798287 0.497604 0.339304
vn -0.816939 0.428525 0.385976
vn -0.082580 -0.001380 0.996583
vn -0.072623 -0.002809 0.997355
vn -0.786672 0.413461 0.458473
vn -0.999649 -0.024668 -0.009722
vn -0.996803 -0.030829 -0.073707
vn -0.886387 0.300319 0.352315
vn -0.770388 0.405920 0.491661
vn -0.999875 0.013191 0.008773
vn -0.545599 0.829670 0.118190
vn -0.916699 0.397582 0.039883
vn -0.999654 0.024665 -0.009188
vn -0.997070 0.076152 -0.007172
vn -0.993745 0.111348 -0.008463
vn -0.999380 0.034748 -0.005690
vn -0.987226 0.157300 0.025324
vn -0.996072 0.088490 0.003199
vn -0.998574 0.052801 0.007873
vn -0.990490 0.133936 0.031461
vn -0.996736 0.075604 0.028301
vn -0.999633 0.024839 -0.010861
vn -0.999574 0.027195 -0.010632
vn -0.999571 0.027774 -0.009270
vn -0.999270 0.038088 0.002827
vn -0.997868 0.059518 0.026763
vn -0.999394 0.033512 -0.009427
vn -0.999614 0.024814 -0.012476
vn -0.999481 0.030645 -0.009885
vn -0.999296 0.037491 0.001200
vn -0.998186 0.054936 0.024649
vn -0.999006 0.044004 -0.007140
vn -0.999456 0.030915 -0.011512
vn -0.999167 0.039787 -0.009096
vn -0.999027 0.044097 0.001153
vn -0.998052 0.057541 0.024119
vn -0.998651 0.051560 -0.006217
vn -0.998954 0.045080 -0.007678
vn -0.998765 0.049513 0.004199
vn -0.997757 0.061244 0.027021
vn -0.999059 0.043151 -0.004456
vn -0.999226 0.033772 -0.020162
vn -0.998584 0.041659 -0.033092
vn -0.998878 0.033535 -0.033434
vn -0.999358 0.029210 -0.020753
vn -0.997179 -0.056335 -0.049596
vn -0.997417 -0.036664 -0.061766
vn -0.995793 -0.060589 -0.068740
vn -0.999271 0.037266 -0.008285
vn -0.994779 0.047927 -0.090098
vn -0.996933 0.037531 -0.068681
vn -0.998346 0.035262 -0.045410
vn -0.999065 0.034344 -0.026264
vn -0.999299 0.034951 -0.013429
vn -0.999143 0.040153 -0.010005
vn -0.949747 0.141521 -0.279200
vn -0.977939 0.080935 -0.192575
vn -0.999310 0.034523 -0.013669
vn -0.994532 0.042298 -0.095480
vn -0.996659 0.035423 -0.073590
vn -0.998257 0.032150 -0.049489
vn -0.999081 0.030664 -0.029943
vn -0.999345 0.031611 -0.017597
vn -0.999162 0.038032 -0.015110
vn -0.957673 0.108665 -0.266561
vn -0.979861 0.064845 -0.188857
vn -0.994119 0.040170 -0.100571
vn -0.961829 0.085977 -0.259795
vn -0.978308 0.059279 -0.198491
vn -0.993362 0.041956 -0.107107
vn -0.993117 0.031218 -0.112893
vn -0.999846 0.007504 -0.015900
vn -0.992185 0.006506 -0.124604
vn -0.995057 0.005631 -0.099145
vn -0.997579 0.007253 -0.069163
vn -0.998865 0.012171 -0.046042
vn -0.999433 0.014343 -0.030469
vn -0.999940 0.003179 -0.010497
vn -0.999716 0.019144 -0.014188
vn -0.992133 -0.001434 -0.125182
vn -0.994862 -0.002147 -0.101220
vn -0.997460 0.001673 -0.071208
vn -0.998787 0.007146 -0.048729
vn -0.999385 0.013511 -0.032366
vn -0.999697 0.021786 -0.011466
vn -0.970657 0.010342 -0.240247
vn -0.077931 -0.000155 0.996959
vn -0.991724 -0.010773 -0.127933
vn -0.968138 -0.004205 -0.250380
vn -0.996365 -0.032008 -0.078944
vn -0.997348 -0.043828 -0.058102
vn -0.992825 -0.032037 -0.115209
vn -0.917561 -0.101007 -0.384551
vn -0.996829 -0.065879 -0.044634
vn -0.994401 -0.057906 -0.088397
vn -0.997744 -0.042163 -0.052250
vn -0.071401 0.000730 0.997447
vn -0.744026 -0.362020 -0.561575
vn -0.833981 -0.331255 -0.441300
vn -0.998860 0.046999 -0.008333
vn -0.999095 0.041480 -0.009460
vn -0.090812 -0.004468 0.995858
vn -0.082130 -0.005465 0.996607
vn -0.999131 -0.008175 0.040878
vn -0.075398 -0.000414 0.997153
vn -0.070559 -0.000029 0.997508
vn -0.074700 0.001536 0.997205
vn -0.072262 0.000527 0.997386
vn -0.073275 0.000135 0.997312
vn -0.999716 0.019442 -0.013811
vn -0.999918 0.006644 -0.010984
vn -0.083595 0.003358 0.996494
vn -0.103142 0.004253 0.994658
vn -0.132703 0.005698 0.991140
vn -0.152626 0.007298 0.988257
vn -0.178885 0.009561 0.983824
vn -0.784027 0.617424 0.063955
vn -0.998593 0.052559 -0.007004
vn -0.204944 0.011366 0.978708
vn 0.000000 0.000000 1.000000
vn -0.116598 0.004804 0.993168
vn -0.092103 0.003813 0.995742
vn -0.077530 0.002847 0.996986
vn -0.994510 -0.090462 -0.052595
vn -0.993861 -0.089664 -0.064819
vn -0.944787 -0.317687 -0.080333
vn -0.931594 -0.348316 -0.103961
vn -0.666137 -0.540648 -0.513771
vn -0.752200 -0.492344 -0.437942
vn -0.945014 -0.320908 -0.062990
vn -0.834869 -0.545751 -0.071765
vn -0.831677 -0.545521 -0.103537
vn -0.747242 -0.653411 -0.121179
vn 0.000000 0.000000 1.000000
vn -0.940845 -0.329957 -0.077062
vn -0.983539 -0.170961 -0.058500
vn -0.904867 -0.393690 -0.161939
vn -0.497417 -0.758405 -0.421186
vn -0.697288 -0.667888 -0.260222
vn -0.972847 -0.208822 -0.099812
vn -0.832990 -0.477054 -0.280263
vn -0.949893 -0.258290 -0.176039
vn -0.979753 -0.187176 -0.071055
vn -0.928356 -0.355928 -0.107099
vn -0.787991 -0.592636 -0.166890
vn -0.720775 -0.688615 -0.079326
vn -0.715786 -0.689303 -0.111858
vn -0.040311 -0.006892 0.999164
vn -0.184193 -0.068634 0.980491
vn -0.981944 -0.102576 -0.158946
vn -0.908175 -0.304587 -0.287131
vn -0.945256 -0.184392 -0.269240
vn -0.985607 -0.064511 -0.156259
vn -0.973879 -0.088425 -0.209142
vn -0.991718 -0.017532 -0.127231
vn -0.985903 -0.033964 -0.163836
vn -0.987117 -0.020616 -0.158666
vn -0.976888 -0.043990 -0.209177
vn -0.980049 -0.026361 -0.196999
vn -0.986840 -0.008415 -0.161483
vn -0.978785 -0.004863 -0.204835
vn -0.987346 -0.013235 -0.158028
vn -0.980284 -0.013305 -0.197147
vn -0.988652 -0.003899 -0.150175
vn -0.986061 -0.006234 -0.166268
vn -0.976921 0.006479 -0.213504
vn -0.977029 -0.001179 -0.213101
vn -0.969743 0.003961 -0.244095
vn -0.987710 0.008313 -0.156079
vn -0.987245 0.017753 -0.158215
vn -0.987849 0.034293 -0.151584
vn -0.992805 0.022723 -0.117564
vn -0.990177 0.045501 -0.132211
vn -0.990398 0.046873 -0.130060
vn -0.989380 0.047546 -0.137359
vn -0.989478 0.045348 -0.137390
vn -0.988695 0.044455 -0.143202
vn -0.990612 0.051386 -0.126680
vn -0.989012 0.055026 -0.137215
vn -0.990208 0.061107 -0.125513
vn -0.987526 0.068881 -0.141589
vn -0.847929 0.469563 -0.246023
vn -0.929853 0.302306 -0.209725
vn -0.855166 0.458695 -0.241433
vn -0.901688 0.356425 -0.244784
vn -0.724370 0.624082 -0.292933
vn -0.835303 0.465935 -0.291846
vn -0.964921 0.202053 -0.167638
vn -0.955372 0.231861 -0.183044
vn -0.977428 0.152282 -0.146440
vn -0.970130 0.172763 -0.170295
vn -0.983311 0.120656 -0.136168
vn -0.976193 0.141726 -0.164200
vn -0.986824 0.096162 -0.130118
vn -0.981005 0.114172 -0.156822
vn -0.596706 0.768089 -0.232338
vn -0.987313 0.025767 -0.156682
vn -0.988849 0.042792 -0.142640
vn -0.990926 0.045308 -0.126542
vn -0.988724 0.041313 -0.143935
vn -0.989031 0.076224 -0.126524
vn -0.984883 0.089170 -0.148503
vn -0.493916 -0.728113 -0.475288
vn -0.466416 0.796343 -0.385089
vn -0.340141 -0.870994 -0.354504
vn 0.020682 -0.999761 0.007158
vn 0.003358 -0.999994 0.000838
vn -0.998861 0.046794 -0.009314
vn -0.999052 0.041801 -0.012195
vn -0.999068 0.039876 -0.016501
vn -0.998982 0.039892 -0.021084
vn -0.998871 0.041860 -0.022451
vn -0.998951 0.041223 -0.019933
vn -0.999149 0.037983 -0.016091
vn -0.999683 0.022026 -0.012164
vn -0.999955 0.001570 -0.009302
vn -0.071551 0.001450 0.997436
vn -0.999887 0.011154 -0.010054
vn -0.000009 -1.000000 0.000001
vn -0.000006 -1.000000 0.000002
vn -0.000005 -1.000000 0.000001
vn -0.000005 -1.000000 0.000002
vn -0.000005 -1.000000 -0.000000
vn -0.000005 -1.000000 -0.000002
vn -0.000046 -1.000000 0.000000
vn -0.000028 -1.000000 -0.000001
vn 0.000005 0.110647 -0.993860
vn -0.000010 0.110647 -0.993860
vn -0.000024 0.110644 -0.993860
vn -0.000006 0.110647 -0.993860
vn -0.000017 0.110643 -0.993860
vn -0.000001 0.110645 -0.993860
vn -0.000000 0.110645 -0.993860
vn -0.000001 0.110648 -0.993860
vn 0.000001 1.000000 0.000000
vn 0.000001 1.000000 0.000000
vn 0.000002 1.000000 0.000000
vn 0.000003 1.000000 0.000000
vn -0.713646 0.029293 0.699894
vn -0.928649 0.037970 0.369012
vn -0.929947 0.038075 0.365717
vn -0.712017 0.029188 0.701555
vn -0.930398 0.038634 0.364509
vn -0.714580 0.029646 0.698925
vn -0.555768 -0.514503 0.653000
vn -0.798602 -0.594790 0.091974
vn -0.710327 0.030345 0.703217
vn -0.926055 0.043808 0.374837
vn -0.927176 0.039470 0.372541
vn -0.709350 0.033746 0.704048
vn -0.712588 -0.003378 0.701575
vn -0.926372 0.009375 0.376492
vn -0.926384 -0.004098 0.376558
vn -0.710145 0.007146 0.704019
vn -0.709373 0.005112 0.704815
vn -0.927420 0.006245 0.373970
vn -0.709312 0.014278 0.704750
vn -0.948567 -0.036092 0.314514
vn -0.740544 -0.016845 0.671797
vn -0.943654 -0.018497 0.330416
vn -0.731843 -0.028861 0.680862
vn -0.941232 -0.046479 0.334548
vn -0.731292 -0.037489 0.681034
vn -0.931845 -0.148471 0.331092
vn -0.701867 -0.065251 0.709313
vn -0.933393 -0.085111 0.348615
vn -0.730497 -0.124588 0.671455
vn -0.094194 -0.009052 0.995513
vn -0.928034 0.019607 0.371978
vn -0.712893 0.026281 0.700780
vn -0.928762 0.034393 0.369077
vn -0.713202 0.014679 0.700804
vn -0.710538 -0.004204 0.703646
vn -0.903562 -0.302318 0.303611
vn -0.709723 -0.254892 0.656753
vn -0.926722 0.001775 0.375744
vn -0.709812 0.001290 0.704390
vn -0.925059 0.049100 0.376637
vn -0.707862 0.037694 0.705344
vn -0.929802 0.037582 0.366136
vn -0.713993 0.028777 0.699561
vn -0.715244 -0.047705 0.697245
vn -0.933661 -0.062819 0.352607
vn -0.924422 0.051151 0.377926
vn -0.684335 0.037903 0.728182
vn -0.928354 0.018653 0.371228
vn -0.921283 -0.006216 0.388843
vn -0.692096 0.000778 0.721805
vn -0.908084 0.000578 0.418788
vn -0.491955 -0.866149 -0.088129
vn 0.138254 -0.990081 0.025017
vn 0.224443 -0.973922 0.033200
vn -0.000013 -1.000000 0.000000
vn 0.000013 -1.000000 -0.000005
vn 0.000002 0.110645 -0.993860
vn 0.000002 0.110649 -0.993860
vn 0.908084 0.000578 0.418788
vn -0.948273 -0.056020 -0.312476
vn -0.988166 0.001525 -0.153380
vn -0.983961 0.000250 -0.178385
vn -0.000019 -1.000000 -0.000005
vn -0.000002 0.110645 -0.993860
s 1
g Supermarine_Spitfire_Mk:Object_105 Piece1 Supermarine_Spitfire_Mk:GLTF_SceneRootNode Supermarine_Spitfire_Mk:root Supermarine_Spitfire_Mk:Sketchfab_model Supermarine_Spitfire_Mk:Meshes Supermarine_Spitfire_Mk:scene
usemtl Supermarine_Spitfire_Mk:Object_105SG
f 320/320/1 109/109/2 313/313/3
f 377/377/4 48/48/5 331/331/6
f 331/331/6 2/2/7 353/353/8
f 214/214/9 413/413/10 416/416/11
f 385/385/12 247/247/13 382/382/14
f 368/368/15 251/251/16 367/367/17
f 343/343/18 13/13/19 259/259/20
f 167/167/21 52/52/22 61/61/23
f 353/353/8 36/36/24 344/344/25
f 344/344/25 38/38/26 347/347/27
f 347/347/27 40/40/28 359/359/29
f 359/359/29 42/42/30 350/350/31
f 391/391/32 53/53/33 393/393/34
f 151/151/35 54/54/36 53/53/33
f 155/155/37 55/55/38 54/54/36
f 159/159/39 56/56/40 55/55/38
f 163/163/41 61/61/23 56/56/40
f 393/393/34 140/140/42 395/395/43
f 53/53/33 141/141/44 140/140/42
f 54/54/36 142/142/45 141/141/44
f 55/55/38 143/143/46 142/142/45
f 56/56/40 145/145/47 143/143/46
f 148/148/48 112/112/49 384/384/50
f 61/61/23 147/147/51 145/145/47
f 285/285/52 148/148/48 290/290/53
f 318/318/54 524/524/55 520/520/56
f 132/132/57 291/291/58 281/281/59
f 186/186/60 136/136/61 187/187/62
f 131/131/63 135/135/64 136/136/61
f 130/130/65 134/134/66 135/135/64
f 129/129/67 133/133/68 134/134/66
f 283/283/69 132/132/57 281/281/59
f 185/185/70 131/131/63 186/186/60
f 126/126/71 130/130/65 131/131/63
f 125/125/72 129/129/67 130/130/65
f 124/124/73 128/128/74 129/129/67
f 278/278/75 127/127/76 283/283/69
f 184/184/77 126/126/71 185/185/70
f 121/121/78 125/125/72 126/126/71
f 120/120/79 124/124/73 125/125/72
f 119/119/80 123/123/81 124/124/73
f 288/288/82 122/122/83 278/278/75
f 183/183/84 121/121/78 184/184/77
f 116/116/85 120/120/79 121/121/78
f 115/115/86 119/119/80 120/120/79
f 114/114/87 118/118/88 119/119/80
f 295/295/89 117/117/90 288/288/82
f 173/173/91 116/116/85 183/183/84
f 68/68/92 115/115/86 116/116/85
f 67/67/93 114/114/87 115/115/86
f 66/66/94 113/113/95 114/114/87
f 137/137/96 285/285/52 291/291/58
f 187/187/62 112/112/49 137/137/96
f 136/136/61 135/135/64 112/112/49
f 135/135/64 134/134/66 112/112/49
f 134/134/66 133/133/68 112/112/49
f 279/279/97 266/266/98 306/306/99
f 272/272/100 109/109/2 274/274/101
f 274/274/101 110/110/102 273/273/103
f 273/273/103 111/111/104 269/269/105
f 294/294/106 262/262/107 305/305/108
f 257/257/109 104/104/110 261/261/111
f 261/261/111 105/105/112 263/263/113
f 263/263/113 106/106/114 264/264/115
f 264/264/115 107/107/116 265/265/117
f 280/280/118 254/254/119 304/304/120
f 180/180/121 255/255/122 253/253/123
f 99/99/124 252/252/125 255/255/122
f 100/100/126 256/256/127 252/252/125
f 101/101/128 248/248/129 256/256/127
f 303/303/130 93/93/131 245/245/132
f 242/242/133 94/94/134 240/240/135
f 94/94/134 241/241/136 240/240/135
f 95/95/137 243/243/138 241/241/136
f 96/96/139 244/244/140 243/243/138
f 300/300/141 88/88/142 223/223/143
f 222/222/144 89/89/145 224/224/146
f 224/224/146 90/90/147 225/225/148
f 225/225/148 91/91/149 226/226/150
f 226/226/150 92/92/151 227/227/152
f 299/299/153 83/83/154 220/220/155
f 217/217/156 84/84/157 221/221/158
f 221/221/158 85/85/159 219/219/160
f 219/219/160 86/86/161 216/216/162
f 86/86/161 218/218/163 216/216/162
f 298/298/164 78/78/165 208/208/166
f 215/215/167 79/79/168 209/209/169
f 79/79/168 210/210/170 209/209/169
f 80/80/171 211/211/172 210/210/170
f 81/81/173 212/212/174 211/211/172
f 287/287/175 69/69/176 295/295/89
f 76/76/177 68/68/92 173/173/91
f 77/77/178 67/67/93 68/68/92
f 175/175/179 66/66/94 67/67/93
f 277/277/180 75/75/181 287/287/175
f 174/174/182 77/77/178 76/76/177
f 71/71/183 175/175/179 77/77/178
f 72/72/184 5/5/185 175/175/179
f 73/73/186 18/18/187 5/5/185
f 324/324/188 4/4/189 325/325/190
f 46/46/191 374/374/192 111/111/104
f 315/315/193 319/319/194 318/318/54
f 290/290/53 64/64/195 293/293/196
f 5/5/185 65/65/197 66/66/94
f 145/145/47 26/26/198 44/44/199
f 64/64/195 148/148/48 24/24/200
f 143/143/46 44/44/199 34/34/201
f 142/142/45 34/34/201 32/32/202
f 141/141/44 32/32/202 30/30/203
s 72
f 8/8/204 508/508/205 260/260/206
s 1
f 140/140/42 30/30/203 28/28/207
f 491/491/208 305/305/108 280/280/118
f 395/395/43 28/28/207 472/472/209
f 488/488/210 303/303/130 586/586/211
f 147/147/51 22/22/212 26/26/198
f 147/147/51 51/51/213 146/146/214
f 57/57/215 170/170/216 166/166/217
f 276/276/218 169/169/219 165/165/220
f 165/165/220 168/168/221 164/164/222
f 164/164/222 167/167/21 163/163/41
f 58/58/223 166/166/217 162/162/224
f 45/45/225 165/165/220 161/161/226
f 161/161/226 164/164/222 160/160/227
f 160/160/227 163/163/41 159/159/39
f 59/59/228 162/162/224 158/158/229
f 275/275/230 161/161/226 157/157/231
f 157/157/231 160/160/227 156/156/232
f 156/156/232 159/159/39 155/155/37
f 60/60/233 158/158/229 154/154/234
f 149/149/235 157/157/231 153/153/236
f 153/153/236 156/156/232 152/152/237
f 152/152/237 155/155/37 151/151/35
f 295/295/89 60/60/233 582/582/238
f 402/402/239 153/153/236 404/404/240
f 404/404/240 152/152/237 406/406/241
f 406/406/241 151/151/35 391/391/32
f 62/62/242 51/51/213 170/170/216
f 51/51/213 169/169/219 150/150/243
f 169/169/219 52/52/22 168/168/221
f 168/168/221 52/52/22 167/167/21
f 46/46/191 110/110/102 320/320/1
f 70/70/244 76/76/177 75/75/181
f 208/208/166 176/176/245 215/215/167
f 220/220/155 177/177/246 217/217/156
f 223/223/143 178/178/247 222/222/144
f 245/245/132 179/179/248 242/242/133
f 98/98/249 253/253/123 254/254/119
f 262/262/107 181/181/250 257/257/109
f 266/266/98 182/182/251 272/272/100
f 69/69/176 183/183/84 117/117/90
f 117/117/90 184/184/77 122/122/83
f 122/122/83 185/185/70 127/127/76
f 127/127/76 186/186/60 132/132/57
f 132/132/57 187/187/62 137/137/96
f 194/194/252 174/174/182 70/70/244
f 197/197/253 74/74/254 73/73/186
f 196/196/255 73/73/186 72/72/184
f 195/195/256 72/72/184 71/71/183
f 198/198/257 71/71/183 174/174/182
f 296/296/258 70/70/244 277/277/180
f 334/334/259 20/20/260 377/377/4
f 75/75/181 173/173/91 69/69/176
f 200/200/261 198/198/257 194/194/252
f 205/205/262 199/199/263 197/197/253
f 204/204/264 197/197/253 196/196/255
f 201/201/265 196/196/255 195/195/256
f 206/206/266 195/195/256 198/198/257
f 297/297/267 194/194/252 296/296/258
f 364/364/268 193/193/269 334/334/259
f 208/208/166 206/206/266 200/200/261
f 211/211/172 207/207/270 205/205/262
f 210/210/170 205/205/262 204/204/264
f 209/209/169 204/204/264 201/201/265
f 215/215/167 201/201/265 206/206/266
f 298/298/164 200/200/261 297/297/267
f 337/337/271 203/203/272 364/364/268
f 78/78/165 217/217/156 176/176/245
f 216/216/162 82/82/273 81/81/173
f 219/219/160 81/81/173 80/80/171
f 79/79/168 219/219/160 80/80/171
f 176/176/245 221/221/158 79/79/168
f 282/282/274 220/220/155 78/78/165
f 83/83/154 222/222/144 177/177/246
f 226/226/150 87/87/275 86/86/161
f 85/85/159 226/226/150 86/86/161
f 84/84/157 225/225/148 85/85/159
f 177/177/246 224/224/146 84/84/157
f 284/284/276 223/223/143 83/83/154
f 233/233/277 178/178/247 88/88/142
f 91/91/149 232/232/278 92/92/151
f 90/90/147 231/231/279 91/91/149
f 228/228/280 90/90/147 89/89/145
f 230/230/281 89/89/145 178/178/247
f 286/286/282 233/233/277 88/88/142
f 239/239/283 230/230/281 233/233/277
f 231/231/279 238/238/284 232/232/278
f 229/229/285 237/237/286 231/231/279
f 234/234/287 229/229/285 228/228/280
f 236/236/288 228/228/280 230/230/281
f 301/301/289 239/239/283 233/233/277
f 239/239/283 242/242/133 236/236/288
f 243/243/138 238/238/284 237/237/286
f 241/241/136 237/237/286 235/235/290
f 240/240/135 235/235/290 234/234/287
f 236/236/288 240/240/135 234/234/287
f 302/302/291 245/245/132 239/239/283
f 382/382/14 422/422/292 419/419/293
f 254/254/119 179/179/248 93/93/131
s 72
f 260/260/206 492/492/294 7/7/295
s 1
f 256/256/127 97/97/296 96/96/139
f 252/252/125 96/96/139 95/95/137
f 255/255/122 95/95/137 94/94/134
f 253/253/123 94/94/134 179/179/248
f 304/304/120 93/93/131 289/289/297
f 367/367/17 17/17/298 385/385/12
f 98/98/249 257/257/109 180/180/121
f 496/496/299 306/306/99 294/294/106
f 101/101/128 265/265/117 102/102/300
f 100/100/126 264/264/115 101/101/128
f 99/99/124 263/263/113 100/100/126
f 180/180/121 261/261/111 99/99/124
f 305/305/108 98/98/249 280/280/118
f 368/368/15 259/259/20 15/15/301
f 103/103/302 272/272/100 181/181/250
f 512/512/303 279/279/97 306/306/99
f 106/106/114 270/270/304 107/107/116
f 105/105/112 269/269/105 106/106/114
f 104/104/110 273/273/103 105/105/112
f 181/181/250 274/274/101 104/104/110
f 306/306/99 103/103/302 294/294/106
s 72
f 6/6/305 587/587/306 411/411/307
s 1
f 371/371/308 268/268/309 13/13/19
f 400/400/310 149/149/235 402/402/239
f 154/154/234 275/275/230 149/149/235
f 158/158/229 45/45/225 275/275/230
f 162/162/224 276/276/218 45/45/225
f 166/166/217 150/150/243 276/276/218
s 72
f 9/9/311 510/510/312 271/271/313
s 1
f 503/503/314 280/280/118 304/304/120
s 72
f 249/249/315 486/486/316 6/6/305
f 542/542/317 451/451/318 538/538/319
f 451/451/318 532/532/320 538/538/319
s 1
f 536/536/321 301/301/289 531/531/322
s 72
f 550/550/323 453/453/324 548/548/325
f 558/558/326 455/455/327 554/554/328
f 566/566/329 457/457/330 564/564/331
f 572/572/332 458/458/333 566/566/329
f 576/576/334 459/459/335 572/572/332
s 1
f 146/146/214 293/293/196 22/22/212
f 575/575/336 295/295/89 582/582/238
s 72
f 579/579/337 460/460/338 576/576/334
f 564/564/331 456/456/339 558/558/326
f 554/554/328 454/454/340 550/550/323
f 548/548/325 452/452/341 542/542/317
f 7/7/295 504/504/342 249/249/315
s 1
f 507/507/343 294/294/106 305/305/108
s 72
f 271/271/313 494/494/344 8/8/204
s 1
f 524/524/55 279/279/97 500/500/345
f 62/62/242 285/285/52 51/51/213
f 288/288/82 59/59/228 60/60/233
f 278/278/75 58/58/223 59/59/228
f 283/283/69 57/57/215 58/58/223
f 281/281/59 62/62/242 57/57/215
f 51/51/213 290/290/53 146/146/214
f 170/170/216 51/51/213 150/150/243
f 308/308/346 108/108/347 316/316/348
f 317/317/349 520/520/56 516/516/350
f 319/319/194 108/108/347 279/279/97
f 11/11/351 340/340/352 376/376/353
f 314/314/354 318/318/54 317/317/349
f 323/323/355 317/317/349 328/328/356
f 328/328/356 516/516/350 527/527/357
s 72
f 532/532/320 449/449/358 534/534/359
s 1
f 324/324/188 314/314/354 323/323/355
f 144/144/360 315/315/193 314/314/354
f 307/307/361 316/316/348 315/315/193
f 326/326/362 322/322/363 327/327/364
f 310/310/365 321/321/366 322/322/363
f 309/309/367 320/320/1 321/321/366
f 182/182/251 313/313/3 109/109/2
f 308/308/346 312/312/368 313/313/3
f 307/307/361 311/311/369 312/312/368
f 327/327/364 311/311/369 325/325/190
f 322/322/363 312/312/368 311/311/369
f 321/321/366 313/313/3 312/312/368
f 189/189/370 323/323/355 139/139/371
f 139/139/371 328/328/356 50/50/372
f 144/144/360 325/325/190 311/311/369
s 72
f 518/518/373 522/522/374 9/9/311
s 1
f 269/269/105 111/111/104 270/270/304
f 374/374/192 270/270/304 111/111/104
f 375/375/375 338/338/376 374/374/192
f 376/376/353 339/339/377 375/375/375
f 107/107/116 338/338/376 373/373/378
f 373/373/378 339/339/377 372/372/379
f 372/372/379 340/340/352 371/371/308
f 102/102/300 341/341/380 370/370/381
f 370/370/381 342/342/382 369/369/383
f 369/369/383 343/343/18 368/368/15
f 248/248/129 387/387/384 97/97/296
f 365/365/385 386/386/386 387/387/384
f 366/366/387 385/385/12 386/386/386
f 425/425/388 238/238/284 244/244/140
f 380/380/389 431/431/390 429/429/391
f 381/381/392 419/419/293 431/431/390
f 433/433/393 238/238/284 427/427/394
f 435/435/395 232/232/278 433/433/393
f 439/439/396 227/227/152 437/437/397
f 443/443/398 218/218/163 441/441/399
f 212/212/174 362/362/400 207/207/270
f 335/335/401 363/363/402 362/362/400
f 336/336/403 364/364/268 363/363/402
f 207/207/270 332/332/404 199/199/263
f 362/362/400 333/333/405 332/332/404
f 363/363/402 334/334/259 333/333/405
f 199/199/263 379/379/406 74/74/254
f 332/332/404 378/378/407 379/379/406
f 333/333/405 377/377/4 378/378/407
f 128/128/74 358/358/408 133/133/68
f 352/352/409 357/357/410 358/358/408
f 351/351/411 356/356/412 357/357/410
f 123/123/81 352/352/409 128/128/74
f 361/361/413 351/351/411 352/352/409
f 360/360/414 350/350/31 351/351/411
f 118/118/88 361/361/413 123/123/81
f 349/349/415 360/360/414 361/361/413
f 348/348/416 359/359/29 360/360/414
f 113/113/95 349/349/415 118/118/88
f 346/346/417 348/348/416 349/349/415
f 345/345/418 347/347/27 348/348/416
f 65/65/197 346/346/417 113/113/95
f 355/355/419 345/345/418 346/346/417
f 354/354/420 344/344/25 345/345/418
f 133/133/68 384/384/50 112/112/49
f 358/358/408 383/383/421 384/384/50
f 357/357/410 356/356/412 383/383/421
f 265/265/117 373/373/378 341/341/380
f 341/341/380 372/372/379 342/342/382
f 342/342/382 371/371/308 343/343/18
f 248/248/129 370/370/381 365/365/385
f 365/365/385 369/369/383 366/366/387
f 366/366/387 368/368/15 367/367/17
f 97/97/296 380/380/389 244/244/140
f 387/387/384 381/381/392 380/380/389
f 386/386/386 382/382/14 381/381/392
f 437/437/397 92/92/151 435/435/395
f 441/441/399 87/87/275 439/439/396
f 82/82/273 443/443/398 446/446/422
f 336/336/403 446/446/422 448/448/423
f 337/337/271 448/448/423 413/413/10
f 18/18/187 355/355/419 65/65/197
f 329/329/424 354/354/420 355/355/419
f 330/330/425 353/353/8 354/354/420
f 74/74/254 329/329/424 18/18/187
f 379/379/406 330/330/425 329/329/424
f 378/378/407 331/331/6 330/330/425
f 375/375/375 46/46/191 309/309/367
f 376/376/353 309/309/367 310/310/365
f 326/326/362 376/376/353 310/310/365
f 172/172/426 376/376/353 326/326/362
f 389/389/427 350/350/31 42/42/30
f 24/24/200 356/356/412 389/389/427
f 191/191/428 325/325/190 4/4/189
f 191/191/428 326/326/362 327/327/364
f 24/24/200 148/148/48 383/383/421
f 383/383/421 148/148/48 384/384/50
f 488/488/210 304/304/120 289/289/297
s 147
f 463/463/429 578/578/430 399/399/431
s 1
f 571/571/432 287/287/175 575/575/336
f 568/568/433 277/277/180 571/571/432
f 563/563/434 296/296/258 568/568/433
f 560/560/435 297/297/267 563/563/434
f 560/560/435 282/282/274 298/298/164
f 556/556/436 299/299/153 282/282/274
f 552/552/437 284/284/276 299/299/153
f 547/547/438 300/300/141 284/284/276
f 544/544/439 286/286/282 300/300/141
s 72
f 534/534/359 411/411/307 587/587/306
s 1
f 540/540/440 301/301/289 286/286/282
f 586/586/211 302/302/291 536/536/321
s 147
f 471/471/441 469/469/442 394/394/443
f 394/394/443 468/468/444 392/392/445
f 467/467/446 392/392/445 468/468/444
f 466/466/447 390/390/448 467/467/446
f 465/465/449 405/405/450 466/466/447
f 465/465/449 401/401/451 403/403/452
f 464/464/453 399/399/431 401/401/451
s 1
f 582/582/238 154/154/234 400/400/310
s 157
f 415/415/454 412/412/455 480/480/456
f 479/479/457 412/412/455 447/447/458
f 447/447/458 477/477/459 479/479/457
s 158
f 444/444/460 476/476/461 478/478/462
f 442/442/463 475/475/464 476/476/461
f 440/440/465 474/474/466 475/475/464
f 438/438/467 473/473/468 474/474/466
f 436/436/469 396/396/470 473/473/468
f 396/396/470 432/432/471 397/397/472
f 397/397/472 426/426/473 398/398/474
f 424/424/475 398/398/474 426/426/473
s 164
f 428/428/476 407/407/477 423/423/478
f 430/430/479 409/409/480 428/428/476
f 418/418/481 410/410/482 430/430/479
f 417/417/483 418/418/481 421/421/484
s 72
f 562/562/485 561/561/486 559/559/487
f 565/565/488 558/558/326 561/561/486
f 555/555/489 561/561/486 557/557/490
f 561/561/486 554/554/328 557/557/490
f 482/482/491 529/529/492 485/485/493
f 570/570/494 569/569/495 567/567/496
f 573/573/497 566/566/329 569/569/495
f 585/585/498 489/489/499 487/487/500
f 588/588/501 486/486/316 489/489/499
f 534/534/359 533/533/502 532/532/320
f 537/537/503 530/530/504 533/533/502
f 495/495/505 509/509/506 497/497/507
f 509/509/506 494/494/344 497/497/507
f 510/510/312 497/497/507 494/494/344
f 497/497/507 511/511/508 495/495/505
f 519/519/509 525/525/510 521/521/511
f 521/521/511 522/522/374 518/518/373
f 543/543/512 549/549/513 545/545/514
f 549/549/513 542/542/317 545/545/514
f 508/508/205 493/493/515 492/492/294
f 493/493/515 506/506/516 490/490/517
f 515/515/518 521/521/511 517/517/519
f 517/517/519 518/518/373 514/514/520
f 514/514/520 529/529/492 517/517/519
f 517/517/519 528/528/521 515/515/518
f 539/539/522 545/545/514 541/541/523
f 541/541/523 542/542/317 538/538/319
f 574/574/524 573/573/497 570/570/494
f 577/577/525 572/572/332 573/573/497
f 530/530/504 541/541/523 533/533/502
f 533/533/502 538/538/319 532/532/320
f 567/567/496 565/565/488 562/562/485
f 569/569/495 564/564/331 565/565/488
f 551/551/526 557/557/490 553/553/527
f 557/557/490 550/550/323 553/553/527
f 511/511/508 501/501/528 499/499/529
f 513/513/530 498/498/531 501/501/528
f 498/498/531 525/525/510 501/501/528
f 501/501/528 523/523/532 499/499/529
f 546/546/533 553/553/527 549/549/513
f 553/553/527 548/548/325 549/549/513
f 581/581/534 577/577/525 574/574/524
f 584/584/535 576/576/334 577/577/525
f 587/587/306 537/537/503 534/534/359
f 588/588/501 535/535/536 537/537/503
f 490/490/517 505/505/537 493/493/515
f 505/505/537 492/492/294 493/493/515
f 504/504/342 489/489/499 486/486/316
f 505/505/537 487/487/500 489/489/499
s 1
f 50/50/372 527/527/357 483/483/538
s 147
f 583/583/539 399/399/431 578/578/430
s 72
f 484/484/540 529/529/492 526/526/541
s 147
f 583/583/539 580/580/542 399/399/431
s 183
f 649/649/543 833/833/544 826/826/545
f 47/47/546 890/890/547 844/844/548
f 1/1/549 844/844/548 866/866/550
f 915/915/551 213/213/552 414/414/553
f 246/246/554 898/898/555 895/895/556
f 250/250/557 881/881/558 880/880/559
f 856/856/560 12/12/561 884/884/562
f 705/705/563 603/603/564 594/594/565
f 866/866/550 35/35/566 1/1/549
f 857/857/567 37/37/568 35/35/566
f 860/860/569 39/39/570 37/37/568
f 872/872/571 41/41/572 39/39/570
f 901/901/573 595/595/574 689/689/575
f 689/689/575 596/596/576 693/693/577
f 693/693/577 597/597/578 697/697/579
f 697/697/579 598/598/580 701/701/581
f 701/701/581 603/603/564 705/705/563
f 903/903/582 678/678/583 595/595/574
f 679/679/584 595/595/574 678/678/583
f 680/680/585 596/596/576 679/679/584
f 681/681/586 597/597/578 680/680/585
f 683/683/587 598/598/580 681/681/586
f 686/686/588 897/897/589 652/652/590
f 685/685/591 603/603/564 683/683/587
f 686/686/588 800/800/592 805/805/593
f 982/982/594 831/831/595 978/978/596
f 806/806/597 672/672/598 796/796/599
f 722/722/600 676/676/601 671/671/602
f 671/671/602 675/675/603 670/670/604
f 670/670/604 674/674/605 669/669/606
f 669/669/606 673/673/607 668/668/608
f 798/798/609 672/672/598 667/667/610
f 721/721/611 671/671/602 666/666/612
f 666/666/612 670/670/604 665/665/613
f 665/665/613 669/669/606 664/664/614
f 664/664/614 668/668/608 663/663/615
f 793/793/616 667/667/610 662/662/617
f 720/720/618 666/666/612 661/661/619
f 661/661/619 665/665/613 660/660/620
f 660/660/620 664/664/614 659/659/621
f 659/659/621 663/663/615 658/658/622
f 803/803/623 662/662/617 657/657/624
f 719/719/625 661/661/619 656/656/626
f 656/656/626 660/660/620 655/655/627
f 655/655/627 659/659/621 654/654/628
f 654/654/628 658/658/622 653/653/629
f 808/808/630 657/657/624 609/609/631
f 709/709/632 656/656/626 608/608/633
f 608/608/633 655/655/627 607/607/634
f 607/607/634 654/654/628 606/606/635
f 606/606/635 653/653/629 605/605/636
f 800/800/592 677/677/637 806/806/597
f 652/652/590 723/723/638 677/677/637
f 676/676/601 652/652/590 675/675/603
f 675/675/603 652/652/590 674/674/605
f 674/674/605 652/652/590 673/673/607
f 784/784/639 794/794/640 819/819/641
f 787/787/642 649/649/543 718/718/643
f 789/789/644 650/650/645 649/649/543
f 788/788/646 651/651/647 650/650/645
f 780/780/648 807/807/649 818/818/650
f 778/778/651 644/644/652 717/717/653
f 779/779/654 645/645/655 644/644/652
f 781/781/656 646/646/657 645/645/655
f 782/782/658 647/647/659 646/646/657
f 775/775/660 795/795/661 817/817/662
f 776/776/663 716/716/664 774/774/665
f 773/773/666 639/639/667 776/776/663
f 777/777/668 640/640/669 773/773/666
f 772/772/670 641/641/671 777/777/668
f 816/816/672 633/633/673 804/804/674
f 768/768/675 634/634/676 715/715/677
f 767/767/678 634/634/676 766/766/679
f 769/769/680 635/635/681 767/767/678
f 770/770/682 636/636/683 769/769/680
f 813/813/684 628/628/685 801/801/686
f 748/748/687 629/629/688 714/714/689
f 750/750/690 630/630/691 629/629/688
f 751/751/692 631/631/693 630/630/691
f 752/752/694 632/632/695 631/631/693
f 812/812/696 623/623/697 799/799/698
f 743/743/699 624/624/700 713/713/701
f 747/747/702 625/625/703 624/624/700
f 745/745/704 626/626/705 625/625/703
f 744/744/706 626/626/705 742/742/707
f 811/811/708 618/618/709 797/797/710
f 741/741/711 619/619/712 712/712/713
f 738/738/714 619/619/712 737/737/715
f 739/739/716 620/620/717 738/738/714
f 740/740/718 621/621/719 739/739/716
f 609/609/631 802/802/720 808/808/630
f 608/608/633 616/616/721 709/709/632
f 607/607/634 617/617/722 608/608/633
f 606/606/635 711/711/723 607/607/634
f 615/615/724 792/792/725 802/802/720
f 617/617/722 710/710/726 616/616/721
f 711/711/723 611/611/727 617/617/722
f 589/589/728 612/612/729 711/711/723
f 590/590/730 613/613/731 589/589/728
f 837/837/732 3/3/733 188/188/734
f 592/592/735 651/651/647 887/887/736
f 832/832/737 828/828/738 831/831/595
f 63/63/739 805/805/593 292/292/740
f 605/605/636 589/589/728 606/606/635
f 25/25/741 683/683/587 43/43/742
f 63/63/739 23/23/743 686/686/588
f 43/43/742 681/681/586 33/33/744
f 33/33/744 680/680/585 31/31/745
f 31/31/745 679/679/584 29/29/746
s 72
f 8/8/204 967/967/747 953/953/748
s 183
f 29/29/746 678/678/583 27/27/749
f 949/949/750 818/818/650 965/965/751
f 27/27/749 905/905/752 470/470/753
f 946/946/754 816/816/672 804/804/674
f 21/21/755 685/685/591 25/25/741
f 685/685/591 593/593/756 594/594/565
f 599/599/757 708/708/758 604/604/759
f 791/791/760 707/707/761 688/688/762
f 703/703/763 706/706/764 707/707/761
f 702/702/765 705/705/563 706/706/764
f 600/600/766 704/704/767 599/599/757
f 591/591/768 703/703/763 791/791/760
f 699/699/769 702/702/765 703/703/763
f 698/698/770 701/701/581 702/702/765
f 601/601/771 700/700/772 600/600/766
f 790/790/773 699/699/769 591/591/768
f 695/695/774 698/698/770 699/699/769
f 694/694/775 697/697/579 698/698/770
f 602/602/776 696/696/777 601/601/771
f 687/687/778 695/695/774 790/790/773
f 691/691/779 694/694/775 695/695/774
f 690/690/780 693/693/577 694/694/775
f 602/602/776 808/808/630 1038/1038/781
f 909/909/782 691/691/779 687/687/778
f 911/911/783 690/690/780 691/691/779
f 913/913/784 689/689/575 690/690/780
f 604/604/759 708/708/758 593/593/756
f 593/593/756 688/688/762 707/707/761
f 707/707/761 594/594/565 593/593/756
f 706/706/764 705/705/563 594/594/565
f 650/650/645 592/592/735 833/833/544
f 616/616/721 610/610/785 615/615/724
f 736/736/786 712/712/713 618/618/709
f 746/746/787 713/713/701 623/623/697
f 749/749/788 714/714/689 628/628/685
f 771/771/789 715/715/677 633/633/673
f 774/774/665 638/638/790 775/775/660
f 780/780/648 717/717/653 643/643/791
f 784/784/639 718/718/643 648/648/792
f 609/609/631 719/719/625 709/709/632
f 657/657/624 720/720/618 719/719/625
f 662/662/617 721/721/611 720/720/618
f 667/667/610 722/722/600 721/721/611
f 672/672/598 723/723/638 722/722/600
f 710/710/726 724/724/793 610/610/785
f 614/614/794 727/727/795 613/613/731
f 613/613/731 726/726/796 612/612/729
f 612/612/729 725/725/797 611/611/727
f 611/611/727 728/728/798 710/710/726
f 610/610/785 809/809/799 792/792/725
f 19/19/800 847/847/801 890/890/547
f 709/709/632 615/615/724 609/609/631
f 728/728/798 730/730/802 724/724/793
f 729/729/803 733/733/804 727/727/795
f 727/727/795 732/732/805 726/726/796
f 726/726/796 731/731/806 725/725/797
f 725/725/797 734/734/807 728/728/798
f 724/724/793 810/810/808 809/809/799
f 192/192/809 877/877/810 847/847/801
f 734/734/807 736/736/786 730/730/802
f 735/735/811 739/739/716 733/733/804
f 733/733/804 738/738/714 732/732/805
f 732/732/805 737/737/715 731/731/806
f 731/731/806 741/741/711 734/734/807
f 730/730/802 811/811/708 810/810/808
f 202/202/812 850/850/813 877/877/810
f 618/618/709 743/743/699 746/746/787
f 622/622/814 742/742/707 621/621/719
f 621/621/719 745/745/704 620/620/717
f 619/619/712 745/745/704 747/747/702
f 712/712/713 747/747/702 743/743/699
f 797/797/710 746/746/787 812/812/696
f 623/623/697 748/748/687 749/749/788
f 627/627/815 752/752/694 626/626/705
f 625/625/703 752/752/694 751/751/692
f 624/624/700 751/751/692 750/750/690
f 713/713/701 750/750/690 748/748/687
f 799/799/698 749/749/788 813/813/684
f 714/714/689 759/759/816 628/628/685
f 631/631/693 758/758/817 757/757/818
f 630/630/691 757/757/818 755/755/819
f 630/630/691 754/754/820 629/629/688
f 629/629/688 756/756/821 714/714/689
f 801/801/686 759/759/816 814/814/822
f 756/756/821 765/765/823 759/759/816
f 757/757/818 764/764/824 763/763/825
f 755/755/819 763/763/825 761/761/826
f 755/755/819 760/760/827 754/754/820
f 754/754/820 762/762/828 756/756/821
f 814/814/822 765/765/823 815/815/829
f 765/765/823 768/768/675 771/771/789
f 764/764/824 769/769/680 763/763/825
f 763/763/825 767/767/678 761/761/826
f 761/761/826 766/766/679 760/760/827
f 762/762/828 766/766/679 768/768/675
f 815/815/829 771/771/789 816/816/672
f 895/895/556 420/420/830 246/246/554
f 715/715/677 775/775/660 633/633/673
s 72
f 260/260/206 951/951/831 967/967/747
s 183
f 637/637/832 777/777/668 636/636/683
f 636/636/683 773/773/666 635/635/681
f 635/635/681 776/776/663 634/634/676
f 634/634/676 774/774/665 715/715/677
f 633/633/673 817/817/662 804/804/674
f 16/16/833 880/880/559 898/898/555
f 638/638/790 778/778/651 780/780/648
f 954/954/834 819/819/641 970/970/835
f 641/641/671 783/783/836 782/782/658
f 640/640/669 782/782/658 781/781/656
f 639/639/667 781/781/656 779/779/654
f 716/716/664 779/779/654 778/778/651
f 638/638/790 818/818/650 795/795/661
f 881/881/558 258/258/837 856/856/560
f 643/643/791 787/787/642 784/784/639
f 970/970/835 794/794/640 958/958/838
f 646/646/657 786/786/839 785/785/840
f 645/645/655 785/785/840 788/788/646
f 644/644/652 788/788/646 789/789/644
f 717/717/653 789/789/644 787/787/642
f 643/643/791 819/819/641 807/807/649
s 72
f 1045/1045/841 6/6/305 411/411/307
s 183
f 884/884/562 267/267/842 853/853/843
f 907/907/844 687/687/778 692/692/845
f 692/692/845 790/790/773 696/696/777
f 696/696/777 591/591/768 700/700/772
f 700/700/772 791/791/760 704/704/767
f 704/704/767 688/688/762 708/708/758
s 72
f 9/9/311 969/969/846 957/957/847
s 183
f 961/961/848 795/795/661 949/949/750
s 72
f 249/249/315 945/945/849 963/963/850
f 1000/1000/851 451/451/318 452/452/341
f 990/990/852 451/451/318 996/996/853
s 183
f 814/814/822 993/993/854 988/988/855
s 72
f 1008/1008/856 453/453/324 454/454/340
f 1016/1016/857 455/455/327 456/456/339
f 1024/1024/858 457/457/330 458/458/333
f 1030/1030/859 458/458/333 459/459/335
f 1034/1034/860 459/459/335 460/460/338
s 183
f 292/292/740 684/684/861 21/21/755
f 808/808/630 1032/1032/862 1038/1038/781
s 72
f 1036/1036/863 460/460/338 462/462/864
f 1022/1022/865 456/456/339 457/457/330
f 1012/1012/866 454/454/340 455/455/327
f 1006/1006/867 452/452/341 453/453/324
f 7/7/295 963/963/850 951/951/831
s 183
f 965/965/751 807/807/649 954/954/834
s 72
f 271/271/313 953/953/748 969/969/846
s 183
f 982/982/594 794/794/640 832/832/737
f 604/604/759 800/800/592 806/806/597
f 601/601/771 803/803/623 602/602/776
f 600/600/766 793/793/616 601/601/771
f 599/599/757 798/798/609 600/600/766
f 604/604/759 796/796/599 599/599/757
f 805/805/593 593/593/756 684/684/861
f 708/708/758 688/688/762 593/593/756
f 648/648/792 821/821/868 829/829/869
f 978/978/596 830/830/870 974/974/871
f 832/832/737 648/648/792 829/829/869
f 853/853/843 10/10/872 889/889/873
f 831/831/595 827/827/874 830/830/870
f 830/830/870 836/836/875 841/841/876
f 974/974/871 841/841/876 986/986/877
s 72
f 990/990/852 449/449/358 450/450/878
s 183
f 827/827/874 837/837/732 836/836/875
f 828/828/738 682/682/879 827/827/874
f 829/829/869 820/820/880 828/828/738
f 835/835/881 839/839/882 840/840/883
f 834/834/884 823/823/885 835/835/881
f 833/833/544 822/822/886 834/834/884
f 718/718/643 826/826/545 821/821/868
f 821/821/868 825/825/887 820/820/880
f 820/820/880 824/824/888 682/682/879
f 824/824/888 840/840/883 838/838/889
f 825/825/887 835/835/881 824/824/888
f 826/826/545 834/834/884 825/825/887
f 836/836/875 188/188/734 138/138/890
f 841/841/876 138/138/890 49/49/891
f 682/682/879 838/838/889 837/837/732
s 72
f 977/977/892 973/973/893 526/526/541
s 183
f 785/785/840 786/786/839 651/651/647
f 786/786/839 887/887/736 651/651/647
f 851/851/894 888/888/895 887/887/736
f 852/852/896 889/889/873 888/888/895
f 647/647/659 851/851/894 786/786/839
f 886/886/897 852/852/896 851/851/894
f 885/885/898 853/853/843 852/852/896
f 642/642/899 854/854/900 783/783/836
f 883/883/901 855/855/902 854/854/900
f 882/882/903 856/856/560 855/855/902
f 900/900/904 772/772/670 637/637/832
f 899/899/905 878/878/906 900/900/904
f 898/898/555 879/879/907 899/899/905
f 919/919/908 893/893/909 770/770/682
f 893/893/909 926/926/910 894/894/911
f 894/894/911 917/917/912 895/895/556
f 928/928/913 764/764/824 758/758/817
f 930/930/914 758/758/817 632/632/695
f 934/934/915 753/753/916 627/627/815
f 938/938/917 744/744/706 622/622/814
f 875/875/918 740/740/718 735/735/811
f 876/876/919 848/848/920 875/875/918
f 877/877/810 849/849/921 876/876/919
f 845/845/922 735/735/811 729/729/803
f 846/846/923 875/875/918 845/845/922
f 847/847/801 876/876/919 846/846/923
f 892/892/924 729/729/803 614/614/794
f 891/891/925 845/845/922 892/892/924
f 890/890/547 846/846/923 891/891/925
f 668/668/608 871/871/926 865/865/927
f 865/865/927 870/870/928 864/864/929
f 864/864/929 869/869/930 863/863/931
f 663/663/615 865/865/927 874/874/932
f 874/874/932 864/864/929 873/873/933
f 873/873/933 863/863/931 872/872/571
f 658/658/622 874/874/932 862/862/934
f 862/862/934 873/873/933 861/861/935
f 861/861/935 872/872/571 860/860/569
f 653/653/629 862/862/934 859/859/936
f 859/859/936 861/861/935 858/858/937
f 858/858/937 860/860/569 857/857/567
f 605/605/636 859/859/936 868/868/938
f 868/868/938 858/858/937 867/867/939
f 867/867/939 857/857/567 866/866/550
f 673/673/607 897/897/589 871/871/926
f 871/871/926 896/896/940 870/870/928
f 870/870/928 896/896/940 869/869/930
f 783/783/836 886/886/897 647/647/659
f 854/854/900 885/885/898 886/886/897
f 855/855/902 884/884/562 885/885/898
f 772/772/670 883/883/901 642/642/899
f 878/878/906 882/882/903 883/883/901
f 879/879/907 881/881/558 882/882/903
f 893/893/909 637/637/832 770/770/682
f 894/894/911 900/900/904 893/893/909
f 895/895/556 899/899/905 894/894/911
f 932/932/941 632/632/695 753/753/916
f 936/936/942 627/627/815 744/744/706
f 940/940/943 622/622/814 740/740/718
f 940/940/943 849/849/921 943/943/944
f 943/943/944 850/850/813 915/915/551
f 868/868/938 590/590/730 605/605/636
f 867/867/939 842/842/945 868/868/938
f 866/866/550 843/843/946 867/867/939
f 842/842/945 614/614/794 590/590/730
f 843/843/946 892/892/924 842/842/945
f 844/844/548 891/891/925 843/843/946
f 592/592/735 888/888/895 822/822/886
f 822/822/886 889/889/873 823/823/885
f 839/839/882 823/823/885 889/889/873
f 171/171/947 889/889/873 10/10/872
f 388/388/948 863/863/931 869/869/930
f 23/23/743 869/869/930 896/896/940
f 838/838/889 190/190/949 3/3/733
f 190/190/949 839/839/882 171/171/947
f 23/23/743 896/896/940 686/686/588
f 896/896/940 897/897/589 686/686/588
f 946/946/754 817/817/662 961/961/848
s 147
f 1037/1037/950 463/463/429 908/908/951
s 183
f 802/802/720 1028/1028/952 1032/1032/862
f 792/792/725 1025/1025/953 1028/1028/952
f 809/809/799 1020/1020/954 1025/1025/953
f 810/810/808 1017/1017/955 1020/1020/954
f 1017/1017/955 797/797/710 1013/1013/956
f 1013/1013/956 812/812/696 1009/1009/957
f 1009/1009/957 799/799/698 1004/1004/958
f 1004/1004/958 813/813/684 1001/1001/959
f 1001/1001/959 801/801/686 997/997/960
s 72
f 992/992/961 411/411/307 449/449/358
s 183
f 997/997/960 814/814/822 988/988/855
f 1043/1043/962 815/815/829 816/816/672
s 147
f 471/471/441 906/906/963 469/469/442
f 906/906/963 468/468/444 469/469/442
f 467/467/446 904/904/964 902/902/965
f 466/466/447 902/902/965 914/914/966
f 914/914/966 465/465/449 466/466/447
f 910/910/967 465/465/449 912/912/968
f 908/908/951 464/464/453 910/910/967
s 183
f 692/692/845 1038/1038/781 907/907/844
s 157
f 415/415/454 480/480/456 916/916/969
f 479/479/457 916/916/969 480/480/456
f 477/477/459 944/944/970 479/479/457
s 158
f 476/476/461 942/942/971 478/478/462
f 475/475/464 939/939/972 476/476/461
f 474/474/466 937/937/973 475/475/464
f 473/473/468 935/935/974 474/474/466
f 396/396/470 933/933/975 473/473/468
f 929/929/976 396/396/470 397/397/472
f 923/923/977 397/397/472 398/398/474
f 398/398/474 920/920/978 923/923/977
s 164
f 407/407/477 925/925/979 921/921/980
f 409/409/480 927/927/981 925/925/979
f 410/410/482 918/918/982 927/927/981
f 417/417/483 421/421/484 918/918/982
s 72
f 1019/1019/983 1021/1021/984 1018/1018/985
f 1016/1016/857 1023/1023/986 1019/1019/983
f 1014/1014/987 1019/1019/983 1018/1018/985
f 1012/1012/866 1019/1019/983 1015/1015/988
f 482/482/491 987/987/989 985/985/990
f 1027/1027/991 1029/1029/992 1026/1026/993
f 1024/1024/858 1031/1031/994 1027/1027/991
f 948/948/995 1044/1044/996 947/947/997
f 945/945/849 1046/1046/998 948/948/995
f 991/991/999 992/992/961 990/990/852
f 989/989/1000 995/995/1001 991/991/999
f 955/955/1002 968/968/1003 966/966/1004
f 953/953/748 968/968/1003 956/956/1005
f 956/956/1005 969/969/846 953/953/748
f 956/956/1005 971/971/1006 972/972/1007
f 979/979/1008 984/984/1009 983/983/1010
f 980/980/1011 981/981/1012 984/984/1009
f 1002/1002/1013 1007/1007/1014 1005/1005/1015
f 1000/1000/851 1007/1007/1014 1003/1003/1016
f 952/952/1017 967/967/747 951/951/831
f 952/952/1017 966/966/1004 968/968/1003
f 975/975/1018 980/980/1011 979/979/1008
f 976/976/1019 977/977/892 980/980/1011
f 973/973/893 987/987/989 526/526/541
f 976/976/1019 985/985/990 987/987/989
f 998/998/1020 1003/1003/1016 1002/1002/1013
f 999/999/1021 1000/1000/851 1003/1003/1016
f 1031/1031/994 1033/1033/1022 1029/1029/992
f 1030/1030/859 1035/1035/1023 1031/1031/994
f 989/989/1000 999/999/1021 998/998/1020
f 991/991/999 996/996/853 999/999/1021
f 1023/1023/986 1026/1026/993 1021/1021/984
f 1022/1022/865 1027/1027/991 1023/1023/986
f 1010/1010/1024 1015/1015/988 1014/1014/987
f 1008/1008/856 1015/1015/988 1011/1011/1025
f 960/960/1026 971/971/1006 959/959/1027
f 957/957/847 972/972/1007 960/960/1026
f 957/957/847 984/984/1009 981/981/1012
f 960/960/1026 983/983/1010 984/984/1009
f 1005/1005/1015 1011/1011/1025 1010/1010/1024
f 1006/1006/867 1011/1011/1025 1007/1007/1014
f 1035/1035/1023 1039/1039/1028 1033/1033/1022
f 1034/1034/860 1041/1041/1029 1035/1035/1023
f 995/995/1001 1045/1045/841 992/992/961
f 994/994/1030 1046/1046/998 995/995/1001
f 950/950/1031 964/964/1032 962/962/1033
f 951/951/831 964/964/1032 952/952/1017
f 948/948/995 963/963/850 945/945/849
f 947/947/997 964/964/1032 948/948/995
s 183
f 986/986/877 49/49/891 481/481/1034
s 147
f 1042/1042/1035 1037/1037/950 908/908/951
s 72
f 484/484/540 526/526/541 987/987/989
s 147
f 1042/1042/1035 908/908/951 1040/1040/1036
s 1
f 320/320/1 110/110/102 109/109/2
f 377/377/4 20/20/260 48/48/5
f 331/331/6 48/48/5 2/2/7
f 214/214/9 337/337/271 413/413/10
f 385/385/12 17/17/298 247/247/13
f 368/368/15 15/15/301 251/251/16
f 343/343/18 371/371/308 13/13/19
f 353/353/8 2/2/7 36/36/24
f 344/344/25 36/36/24 38/38/26
f 347/347/27 38/38/26 40/40/28
f 359/359/29 40/40/28 42/42/30
f 391/391/32 151/151/35 53/53/33
f 151/151/35 155/155/37 54/54/36
f 155/155/37 159/159/39 55/55/38
f 159/159/39 163/163/41 56/56/40
f 163/163/41 167/167/21 61/61/23
f 393/393/34 53/53/33 140/140/42
f 53/53/33 54/54/36 141/141/44
f 54/54/36 55/55/38 142/142/45
f 55/55/38 56/56/40 143/143/46
f 56/56/40 61/61/23 145/145/47
f 61/61/23 52/52/22 147/147/51
f 285/285/52 112/112/49 148/148/48
f 318/318/54 319/319/194 524/524/55
f 132/132/57 137/137/96 291/291/58
f 186/186/60 131/131/63 136/136/61
f 131/131/63 130/130/65 135/135/64
f 130/130/65 129/129/67 134/134/66
f 129/129/67 128/128/74 133/133/68
f 283/283/69 127/127/76 132/132/57
f 185/185/70 126/126/71 131/131/63
f 126/126/71 125/125/72 130/130/65
f 125/125/72 124/124/73 129/129/67
f 124/124/73 123/123/81 128/128/74
f 278/278/75 122/122/83 127/127/76
f 184/184/77 121/121/78 126/126/71
f 121/121/78 120/120/79 125/125/72
f 120/120/79 119/119/80 124/124/73
f 119/119/80 118/118/88 123/123/81
f 288/288/82 117/117/90 122/122/83
f 183/183/84 116/116/85 121/121/78
f 116/116/85 115/115/86 120/120/79
f 115/115/86 114/114/87 119/119/80
f 114/114/87 113/113/95 118/118/88
f 295/295/89 69/69/176 117/117/90
f 173/173/91 68/68/92 116/116/85
f 68/68/92 67/67/93 115/115/86
f 67/67/93 66/66/94 114/114/87
f 66/66/94 65/65/197 113/113/95
f 137/137/96 112/112/49 285/285/52
f 187/187/62 136/136/61 112/112/49
f 279/279/97 108/108/347 266/266/98
f 272/272/100 182/182/251 109/109/2
f 274/274/101 109/109/2 110/110/102
f 273/273/103 110/110/102 111/111/104
f 294/294/106 103/103/302 262/262/107
f 257/257/109 181/181/250 104/104/110
f 261/261/111 104/104/110 105/105/112
f 263/263/113 105/105/112 106/106/114
f 264/264/115 106/106/114 107/107/116
f 280/280/118 98/98/249 254/254/119
f 180/180/121 99/99/124 255/255/122
f 99/99/124 100/100/126 252/252/125
f 100/100/126 101/101/128 256/256/127
f 101/101/128 102/102/300 248/248/129
f 303/303/130 289/289/297 93/93/131
f 242/242/133 179/179/248 94/94/134
f 94/94/134 95/95/137 241/241/136
f 95/95/137 96/96/139 243/243/138
f 96/96/139 97/97/296 244/244/140
f 300/300/141 286/286/282 88/88/142
f 222/222/144 178/178/247 89/89/145
f 224/224/146 89/89/145 90/90/147
f 225/225/148 90/90/147 91/91/149
f 226/226/150 91/91/149 92/92/151
f 299/299/153 284/284/276 83/83/154
f 217/217/156 177/177/246 84/84/157
f 221/221/158 84/84/157 85/85/159
f 219/219/160 85/85/159 86/86/161
f 86/86/161 87/87/275 218/218/163
f 298/298/164 282/282/274 78/78/165
f 215/215/167 176/176/245 79/79/168
f 79/79/168 80/80/171 210/210/170
f 80/80/171 81/81/173 211/211/172
f 81/81/173 82/82/273 212/212/174
f 287/287/175 75/75/181 69/69/176
f 76/76/177 77/77/178 68/68/92
f 77/77/178 175/175/179 67/67/93
f 175/175/179 5/5/185 66/66/94
f 277/277/180 70/70/244 75/75/181
f 174/174/182 71/71/183 77/77/178
f 71/71/183 72/72/184 175/175/179
f 72/72/184 73/73/186 5/5/185
f 73/73/186 74/74/254 18/18/187
f 324/324/188 189/189/370 4/4/189
f 315/315/193 316/316/348 319/319/194
f 290/290/53 148/148/48 64/64/195
f 5/5/185 18/18/187 65/65/197
f 145/145/47 147/147/51 26/26/198
f 143/143/46 145/145/47 44/44/199
f 142/142/45 143/143/46 34/34/201
f 141/141/44 142/142/45 32/32/202
s 72
f 8/8/204 494/494/344 508/508/205
s 1
f 140/140/42 141/141/44 30/30/203
f 491/491/208 507/507/343 305/305/108
f 395/395/43 140/140/42 28/28/207
f 488/488/210 289/289/297 303/303/130
f 147/147/51 146/146/214 22/22/212
f 147/147/51 52/52/22 51/51/213
f 57/57/215 62/62/242 170/170/216
f 276/276/218 150/150/243 169/169/219
f 165/165/220 169/169/219 168/168/221
f 164/164/222 168/168/221 167/167/21
f 58/58/223 57/57/215 166/166/217
f 45/45/225 276/276/218 165/165/220
f 161/161/226 165/165/220 164/164/222
f 160/160/227 164/164/222 163/163/41
f 59/59/228 58/58/223 162/162/224
f 275/275/230 45/45/225 161/161/226
f 157/157/231 161/161/226 160/160/227
f 156/156/232 160/160/227 159/159/39
f 60/60/233 59/59/228 158/158/229
f 149/149/235 275/275/230 157/157/231
f 153/153/236 157/157/231 156/156/232
f 152/152/237 156/156/232 155/155/37
f 295/295/89 288/288/82 60/60/233
f 402/402/239 149/149/235 153/153/236
f 404/404/240 153/153/236 152/152/237
f 406/406/241 152/152/237 151/151/35
f 169/169/219 51/51/213 52/52/22
f 46/46/191 111/111/104 110/110/102
f 70/70/244 174/174/182 76/76/177
f 208/208/166 78/78/165 176/176/245
f 220/220/155 83/83/154 177/177/246
f 223/223/143 88/88/142 178/178/247
f 245/245/132 93/93/131 179/179/248
f 98/98/249 180/180/121 253/253/123
f 262/262/107 103/103/302 181/181/250
f 266/266/98 108/108/347 182/182/251
f 69/69/176 173/173/91 183/183/84
f 117/117/90 183/183/84 184/184/77
f 122/122/83 184/184/77 185/185/70
f 127/127/76 185/185/70 186/186/60
f 132/132/57 186/186/60 187/187/62
f 194/194/252 198/198/257 174/174/182
f 197/197/253 199/199/263 74/74/254
f 196/196/255 197/197/253 73/73/186
f 195/195/256 196/196/255 72/72/184
f 198/198/257 195/195/256 71/71/183
f 296/296/258 194/194/252 70/70/244
f 334/334/259 193/193/269 20/20/260
f 75/75/181 76/76/177 173/173/91
f 200/200/261 206/206/266 198/198/257
f 205/205/262 207/207/270 199/199/263
f 204/204/264 205/205/262 197/197/253
f 201/201/265 204/204/264 196/196/255
f 206/206/266 201/201/265 195/195/256
f 297/297/267 200/200/261 194/194/252
f 364/364/268 203/203/272 193/193/269
f 208/208/166 215/215/167 206/206/266
f 211/211/172 212/212/174 207/207/270
f 210/210/170 211/211/172 205/205/262
f 209/209/169 210/210/170 204/204/264
f 215/215/167 209/209/169 201/201/265
f 298/298/164 208/208/166 200/200/261
f 337/337/271 214/214/9 203/203/272
f 78/78/165 220/220/155 217/217/156
f 216/216/162 218/218/163 82/82/273
f 219/219/160 216/216/162 81/81/173
f 79/79/168 221/221/158 219/219/160
f 176/176/245 217/217/156 221/221/158
f 282/282/274 299/299/153 220/220/155
f 83/83/154 223/223/143 222/222/144
f 226/226/150 227/227/152 87/87/275
f 85/85/159 225/225/148 226/226/150
f 84/84/157 224/224/146 225/225/148
f 177/177/246 222/222/144 224/224/146
f 284/284/276 300/300/141 223/223/143
f 233/233/277 230/230/281 178/178/247
f 91/91/149 231/231/279 232/232/278
f 90/90/147 229/229/285 231/231/279
f 228/228/280 229/229/285 90/90/147
f 230/230/281 228/228/280 89/89/145
f 286/286/282 301/301/289 233/233/277
f 239/239/283 236/236/288 230/230/281
f 231/231/279 237/237/286 238/238/284
f 229/229/285 235/235/290 237/237/286
f 234/234/287 235/235/290 229/229/285
f 236/236/288 234/234/287 228/228/280
f 301/301/289 302/302/291 239/239/283
f 239/239/283 245/245/132 242/242/133
f 243/243/138 244/244/140 238/238/284
f 241/241/136 243/243/138 237/237/286
f 240/240/135 241/241/136 235/235/290
f 236/236/288 242/242/133 240/240/135
f 302/302/291 303/303/130 245/245/132
f 382/382/14 247/247/13 422/422/292
f 254/254/119 253/253/123 179/179/248
s 72
f 260/260/206 508/508/205 492/492/294
s 1
f 256/256/127 248/248/129 97/97/296
f 252/252/125 256/256/127 96/96/139
f 255/255/122 252/252/125 95/95/137
f 253/253/123 255/255/122 94/94/134
f 304/304/120 254/254/119 93/93/131
f 367/367/17 251/251/16 17/17/298
f 98/98/249 262/262/107 257/257/109
f 496/496/299 512/512/303 306/306/99
f 101/101/128 264/264/115 265/265/117
f 100/100/126 263/263/113 264/264/115
f 99/99/124 261/261/111 263/263/113
f 180/180/121 257/257/109 261/261/111
f 305/305/108 262/262/107 98/98/249
f 368/368/15 343/343/18 259/259/20
f 103/103/302 266/266/98 272/272/100
f 512/512/303 500/500/345 279/279/97
f 106/106/114 269/269/105 270/270/304
f 105/105/112 273/273/103 269/269/105
f 104/104/110 274/274/101 273/273/103
f 181/181/250 272/272/100 274/274/101
f 306/306/99 266/266/98 103/103/302
s 72
f 6/6/305 486/486/316 587/587/306
s 1
f 371/371/308 340/340/352 268/268/309
f 400/400/310 154/154/234 149/149/235
f 154/154/234 158/158/229 275/275/230
f 158/158/229 162/162/224 45/45/225
f 162/162/224 166/166/217 276/276/218
f 166/166/217 170/170/216 150/150/243
s 72
f 9/9/311 498/498/531 510/510/312
s 1
f 503/503/314 491/491/208 280/280/118
s 72
f 249/249/315 504/504/342 486/486/316
f 542/542/317 452/452/341 451/451/318
f 451/451/318 450/450/878 532/532/320
s 1
f 536/536/321 302/302/291 301/301/289
s 72
f 550/550/323 454/454/340 453/453/324
f 558/558/326 456/456/339 455/455/327
f 566/566/329 458/458/333 457/457/330
f 572/572/332 459/459/335 458/458/333
f 576/576/334 460/460/338 459/459/335
s 1
f 146/146/214 290/290/53 293/293/196
f 575/575/336 287/287/175 295/295/89
s 72
f 579/579/337 462/462/864 460/460/338
f 564/564/331 457/457/330 456/456/339
f 554/554/328 455/455/327 454/454/340
f 548/548/325 453/453/324 452/452/341
f 7/7/295 492/492/294 504/504/342
s 1
f 507/507/343 496/496/299 294/294/106
s 72
f 271/271/313 510/510/312 494/494/344
s 1
f 524/524/55 319/319/194 279/279/97
f 62/62/242 291/291/58 285/285/52
f 288/288/82 278/278/75 59/59/228
f 278/278/75 283/283/69 58/58/223
f 283/283/69 281/281/59 57/57/215
f 281/281/59 291/291/58 62/62/242
f 51/51/213 285/285/52 290/290/53
f 308/308/346 182/182/251 108/108/347
f 317/317/349 318/318/54 520/520/56
f 319/319/194 316/316/348 108/108/347
f 11/11/351 268/268/309 340/340/352
f 314/314/354 315/315/193 318/318/54
f 323/323/355 314/314/354 317/317/349
f 328/328/356 317/317/349 516/516/350
s 72
f 532/532/320 450/450/878 449/449/358
s 1
f 324/324/188 144/144/360 314/314/354
f 144/144/360 307/307/361 315/315/193
f 307/307/361 308/308/346 316/316/348
f 326/326/362 310/310/365 322/322/363
f 310/310/365 309/309/367 321/321/366
f 309/309/367 46/46/191 320/320/1
f 182/182/251 308/308/346 313/313/3
f 308/308/346 307/307/361 312/312/368
f 307/307/361 144/144/360 311/311/369
f 327/327/364 322/322/363 311/311/369
f 322/322/363 321/321/366 312/312/368
f 321/321/366 320/320/1 313/313/3
f 189/189/370 324/324/188 323/323/355
f 139/139/371 323/323/355 328/328/356
f 144/144/360 324/324/188 325/325/190
s 72
f 498/498/531 9/9/311 522/522/374
f 9/9/311 526/526/541 518/518/373
f 526/526/541 514/514/520 518/518/373
s 1
f 374/374/192 338/338/376 270/270/304
f 375/375/375 339/339/377 338/338/376
f 376/376/353 340/340/352 339/339/377
f 107/107/116 270/270/304 338/338/376
f 373/373/378 338/338/376 339/339/377
f 372/372/379 339/339/377 340/340/352
f 102/102/300 265/265/117 341/341/380
f 370/370/381 341/341/380 342/342/382
f 369/369/383 342/342/382 343/343/18
f 248/248/129 365/365/385 387/387/384
f 365/365/385 366/366/387 386/386/386
f 366/366/387 367/367/17 385/385/12
f 425/425/388 427/427/394 238/238/284
f 244/244/140 380/380/389 425/425/388
f 380/380/389 429/429/391 425/425/388
f 380/380/389 381/381/392 431/431/390
f 381/381/392 382/382/14 419/419/293
f 433/433/393 232/232/278 238/238/284
f 435/435/395 92/92/151 232/232/278
f 439/439/396 87/87/275 227/227/152
f 443/443/398 82/82/273 218/218/163
f 212/212/174 335/335/401 362/362/400
f 335/335/401 336/336/403 363/363/402
f 336/336/403 337/337/271 364/364/268
f 207/207/270 362/362/400 332/332/404
f 362/362/400 363/363/402 333/333/405
f 363/363/402 364/364/268 334/334/259
f 199/199/263 332/332/404 379/379/406
f 332/332/404 333/333/405 378/378/407
f 333/333/405 334/334/259 377/377/4
f 128/128/74 352/352/409 358/358/408
f 352/352/409 351/351/411 357/357/410
f 351/351/411 350/350/31 356/356/412
f 123/123/81 361/361/413 352/352/409
f 361/361/413 360/360/414 351/351/411
f 360/360/414 359/359/29 350/350/31
f 118/118/88 349/349/415 361/361/413
f 349/349/415 348/348/416 360/360/414
f 348/348/416 347/347/27 359/359/29
f 113/113/95 346/346/417 349/349/415
f 346/346/417 345/345/418 348/348/416
f 345/345/418 344/344/25 347/347/27
f 65/65/197 355/355/419 346/346/417
f 355/355/419 354/354/420 345/345/418
f 354/354/420 353/353/8 344/344/25
f 133/133/68 358/358/408 384/384/50
f 358/358/408 357/357/410 383/383/421
f 265/265/117 107/107/116 373/373/378
f 341/341/380 373/373/378 372/372/379
f 342/342/382 372/372/379 371/371/308
f 248/248/129 102/102/300 370/370/381
f 365/365/385 370/370/381 369/369/383
f 366/366/387 369/369/383 368/368/15
f 97/97/296 387/387/384 380/380/389
f 387/387/384 386/386/386 381/381/392
f 386/386/386 385/385/12 382/382/14
f 437/437/397 227/227/152 92/92/151
f 441/441/399 218/218/163 87/87/275
f 446/446/422 335/335/401 212/212/174
f 212/212/174 82/82/273 446/446/422
f 336/336/403 335/335/401 446/446/422
f 337/337/271 336/336/403 448/448/423
f 18/18/187 329/329/424 355/355/419
f 329/329/424 330/330/425 354/354/420
f 330/330/425 331/331/6 353/353/8
f 74/74/254 379/379/406 329/329/424
f 379/379/406 378/378/407 330/330/425
f 378/378/407 377/377/4 331/331/6
f 375/375/375 374/374/192 46/46/191
f 376/376/353 375/375/375 309/309/367
f 172/172/426 11/11/351 376/376/353
f 389/389/427 356/356/412 350/350/31
f 24/24/200 383/383/421 356/356/412
f 191/191/428 327/327/364 325/325/190
f 191/191/428 172/172/426 326/326/362
f 488/488/210 503/503/314 304/304/120
s 147
f 463/463/429 461/461/1037 578/578/430
s 1
f 571/571/432 277/277/180 287/287/175
f 568/568/433 296/296/258 277/277/180
f 563/563/434 297/297/267 296/296/258
f 560/560/435 298/298/164 297/297/267
f 560/560/435 556/556/436 282/282/274
f 556/556/436 552/552/437 299/299/153
f 552/552/437 547/547/438 284/284/276
f 547/547/438 544/544/439 300/300/141
f 544/544/439 540/540/440 286/286/282
s 72
f 534/534/359 449/449/358 411/411/307
s 1
f 540/540/440 531/531/322 301/301/289
f 586/586/211 303/303/130 302/302/291
s 147
f 394/394/443 469/469/442 468/468/444
f 467/467/446 390/390/448 392/392/445
f 466/466/447 405/405/450 390/390/448
f 465/465/449 403/403/452 405/405/450
f 465/465/449 464/464/453 401/401/451
f 464/464/453 463/463/429 399/399/431
s 1
f 582/582/238 60/60/233 154/154/234
s 157
f 479/479/457 480/480/456 412/412/455
f 447/447/458 445/445/1038 477/477/459
s 158
f 444/444/460 442/442/463 476/476/461
f 442/442/463 440/440/465 475/475/464
f 440/440/465 438/438/467 474/474/466
f 438/438/467 436/436/469 473/473/468
f 436/436/469 434/434/1039 396/396/470
f 396/396/470 434/434/1039 432/432/471
f 397/397/472 432/432/471 426/426/473
f 424/424/475 408/408/1040 398/398/474
s 164
f 428/428/476 409/409/480 407/407/477
f 430/430/479 410/410/482 409/409/480
f 418/418/481 417/417/483 410/410/482
s 72
f 562/562/485 565/565/488 561/561/486
f 565/565/488 564/564/331 558/558/326
f 555/555/489 559/559/487 561/561/486
f 561/561/486 558/558/326 554/554/328
f 482/482/491 528/528/521 529/529/492
f 570/570/494 573/573/497 569/569/495
f 573/573/497 572/572/332 566/566/329
f 585/585/498 588/588/501 489/489/499
f 588/588/501 587/587/306 486/486/316
f 534/534/359 537/537/503 533/533/502
f 537/537/503 535/535/536 530/530/504
f 495/495/505 506/506/516 509/509/506
f 509/509/506 508/508/205 494/494/344
f 510/510/312 513/513/530 497/497/507
f 497/497/507 513/513/530 511/511/508
f 519/519/509 523/523/532 525/525/510
f 521/521/511 525/525/510 522/522/374
f 543/543/512 546/546/533 549/549/513
f 549/549/513 548/548/325 542/542/317
f 508/508/205 509/509/506 493/493/515
f 493/493/515 509/509/506 506/506/516
f 515/515/518 519/519/509 521/521/511
f 517/517/519 521/521/511 518/518/373
f 514/514/520 526/526/541 529/529/492
f 517/517/519 529/529/492 528/528/521
f 539/539/522 543/543/512 545/545/514
f 541/541/523 545/545/514 542/542/317
f 574/574/524 577/577/525 573/573/497
f 577/577/525 576/576/334 572/572/332
f 530/530/504 539/539/522 541/541/523
f 533/533/502 541/541/523 538/538/319
f 567/567/496 569/569/495 565/565/488
f 569/569/495 566/566/329 564/564/331
f 551/551/526 555/555/489 557/557/490
f 557/557/490 554/554/328 550/550/323
f 511/511/508 513/513/530 501/501/528
f 513/513/530 510/510/312 498/498/531
f 498/498/531 522/522/374 525/525/510
f 501/501/528 525/525/510 523/523/532
f 546/546/533 551/551/526 553/553/527
f 553/553/527 550/550/323 548/548/325
f 581/581/534 584/584/535 577/577/525
f 584/584/535 579/579/337 576/576/334
f 587/587/306 588/588/501 537/537/503
f 588/588/501 585/585/498 535/535/536
f 490/490/517 502/502/1041 505/505/537
f 505/505/537 504/504/342 492/492/294
f 504/504/342 505/505/537 489/489/499
f 505/505/537 502/502/1041 487/487/500
s 1
f 50/50/372 328/328/356 527/527/357
s 183
f 649/649/543 650/650/645 833/833/544
f 47/47/546 19/19/800 890/890/547
f 1/1/549 47/47/546 844/844/548
f 915/915/551 850/850/813 213/213/552
f 246/246/554 16/16/833 898/898/555
f 250/250/557 14/14/1042 881/881/558
f 856/856/560 258/258/837 12/12/561
f 866/866/550 857/857/567 35/35/566
f 857/857/567 860/860/569 37/37/568
f 860/860/569 872/872/571 39/39/570
f 872/872/571 863/863/931 41/41/572
f 901/901/573 903/903/582 595/595/574
f 689/689/575 595/595/574 596/596/576
f 693/693/577 596/596/576 597/597/578
f 697/697/579 597/597/578 598/598/580
f 701/701/581 598/598/580 603/603/564
f 903/903/582 905/905/752 678/678/583
f 679/679/584 596/596/576 595/595/574
f 680/680/585 597/597/578 596/596/576
f 681/681/586 598/598/580 597/597/578
f 683/683/587 603/603/564 598/598/580
f 685/685/591 594/594/565 603/603/564
f 686/686/588 652/652/590 800/800/592
f 982/982/594 832/832/737 831/831/595
f 806/806/597 677/677/637 672/672/598
f 722/722/600 723/723/638 676/676/601
f 671/671/602 676/676/601 675/675/603
f 670/670/604 675/675/603 674/674/605
f 669/669/606 674/674/605 673/673/607
f 798/798/609 796/796/599 672/672/598
f 721/721/611 722/722/600 671/671/602
f 666/666/612 671/671/602 670/670/604
f 665/665/613 670/670/604 669/669/606
f 664/664/614 669/669/606 668/668/608
f 793/793/616 798/798/609 667/667/610
f 720/720/618 721/721/611 666/666/612
f 661/661/619 666/666/612 665/665/613
f 660/660/620 665/665/613 664/664/614
f 659/659/621 664/664/614 663/663/615
f 803/803/623 793/793/616 662/662/617
f 719/719/625 720/720/618 661/661/619
f 656/656/626 661/661/619 660/660/620
f 655/655/627 660/660/620 659/659/621
f 654/654/628 659/659/621 658/658/622
f 808/808/630 803/803/623 657/657/624
f 709/709/632 719/719/625 656/656/626
f 608/608/633 656/656/626 655/655/627
f 607/607/634 655/655/627 654/654/628
f 606/606/635 654/654/628 653/653/629
f 800/800/592 652/652/590 677/677/637
f 652/652/590 676/676/601 723/723/638
f 784/784/639 648/648/792 794/794/640
f 787/787/642 789/789/644 649/649/543
f 789/789/644 788/788/646 650/650/645
f 788/788/646 785/785/840 651/651/647
f 780/780/648 643/643/791 807/807/649
f 778/778/651 779/779/654 644/644/652
f 779/779/654 781/781/656 645/645/655
f 781/781/656 782/782/658 646/646/657
f 782/782/658 783/783/836 647/647/659
f 775/775/660 638/638/790 795/795/661
f 776/776/663 639/639/667 716/716/664
f 773/773/666 640/640/669 639/639/667
f 777/777/668 641/641/671 640/640/669
f 772/772/670 642/642/899 641/641/671
f 816/816/672 771/771/789 633/633/673
f 768/768/675 766/766/679 634/634/676
f 767/767/678 635/635/681 634/634/676
f 769/769/680 636/636/683 635/635/681
f 770/770/682 637/637/832 636/636/683
f 813/813/684 749/749/788 628/628/685
f 748/748/687 750/750/690 629/629/688
f 750/750/690 751/751/692 630/630/691
f 751/751/692 752/752/694 631/631/693
f 752/752/694 753/753/916 632/632/695
f 812/812/696 746/746/787 623/623/697
f 743/743/699 747/747/702 624/624/700
f 747/747/702 745/745/704 625/625/703
f 745/745/704 742/742/707 626/626/705
f 744/744/706 627/627/815 626/626/705
f 811/811/708 736/736/786 618/618/709
f 741/741/711 737/737/715 619/619/712
f 738/738/714 620/620/717 619/619/712
f 739/739/716 621/621/719 620/620/717
f 740/740/718 622/622/814 621/621/719
f 609/609/631 615/615/724 802/802/720
f 608/608/633 617/617/722 616/616/721
f 607/607/634 711/711/723 617/617/722
f 606/606/635 589/589/728 711/711/723
f 615/615/724 610/610/785 792/792/725
f 617/617/722 611/611/727 710/710/726
f 711/711/723 612/612/729 611/611/727
f 589/589/728 613/613/731 612/612/729
f 590/590/730 614/614/794 613/613/731
f 837/837/732 838/838/889 3/3/733
f 832/832/737 829/829/869 828/828/738
f 63/63/739 686/686/588 805/805/593
f 605/605/636 590/590/730 589/589/728
f 25/25/741 685/685/591 683/683/587
f 43/43/742 683/683/587 681/681/586
f 33/33/744 681/681/586 680/680/585
f 31/31/745 680/680/585 679/679/584
s 72
f 8/8/204 260/260/206 967/967/747
s 183
f 29/29/746 679/679/584 678/678/583
f 949/949/750 795/795/661 818/818/650
f 27/27/749 678/678/583 905/905/752
f 946/946/754 1043/1043/962 816/816/672
f 21/21/755 684/684/861 685/685/591
f 685/685/591 684/684/861 593/593/756
f 599/599/757 704/704/767 708/708/758
f 791/791/760 703/703/763 707/707/761
f 703/703/763 702/702/765 706/706/764
f 702/702/765 701/701/581 705/705/563
f 600/600/766 700/700/772 704/704/767
f 591/591/768 699/699/769 703/703/763
f 699/699/769 698/698/770 702/702/765
f 698/698/770 697/697/579 701/701/581
f 601/601/771 696/696/777 700/700/772
f 790/790/773 695/695/774 699/699/769
f 695/695/774 694/694/775 698/698/770
f 694/694/775 693/693/577 697/697/579
f 602/602/776 692/692/845 696/696/777
f 687/687/778 691/691/779 695/695/774
f 691/691/779 690/690/780 694/694/775
f 690/690/780 689/689/575 693/693/577
f 602/602/776 803/803/623 808/808/630
f 909/909/782 911/911/783 691/691/779
f 911/911/783 913/913/784 690/690/780
f 913/913/784 901/901/573 689/689/575
f 707/707/761 706/706/764 594/594/565
f 650/650/645 651/651/647 592/592/735
f 616/616/721 710/710/726 610/610/785
f 736/736/786 741/741/711 712/712/713
f 746/746/787 743/743/699 713/713/701
f 749/749/788 748/748/687 714/714/689
f 771/771/789 768/768/675 715/715/677
f 774/774/665 716/716/664 638/638/790
f 780/780/648 778/778/651 717/717/653
f 784/784/639 787/787/642 718/718/643
f 609/609/631 657/657/624 719/719/625
f 657/657/624 662/662/617 720/720/618
f 662/662/617 667/667/610 721/721/611
f 667/667/610 672/672/598 722/722/600
f 672/672/598 677/677/637 723/723/638
f 710/710/726 728/728/798 724/724/793
f 614/614/794 729/729/803 727/727/795
f 613/613/731 727/727/795 726/726/796
f 612/612/729 726/726/796 725/725/797
f 611/611/727 725/725/797 728/728/798
f 610/610/785 724/724/793 809/809/799
f 19/19/800 192/192/809 847/847/801
f 709/709/632 616/616/721 615/615/724
f 728/728/798 734/734/807 730/730/802
f 729/729/803 735/735/811 733/733/804
f 727/727/795 733/733/804 732/732/805
f 726/726/796 732/732/805 731/731/806
f 725/725/797 731/731/806 734/734/807
f 724/724/793 730/730/802 810/810/808
f 192/192/809 202/202/812 877/877/810
f 734/734/807 741/741/711 736/736/786
f 735/735/811 740/740/718 739/739/716
f 733/733/804 739/739/716 738/738/714
f 732/732/805 738/738/714 737/737/715
f 731/731/806 737/737/715 741/741/711
f 730/730/802 736/736/786 811/811/708
f 202/202/812 213/213/552 850/850/813
f 618/618/709 712/712/713 743/743/699
f 622/622/814 744/744/706 742/742/707
f 621/621/719 742/742/707 745/745/704
f 619/619/712 620/620/717 745/745/704
f 712/712/713 619/619/712 747/747/702
f 797/797/710 618/618/709 746/746/787
f 623/623/697 713/713/701 748/748/687
f 627/627/815 753/753/916 752/752/694
f 625/625/703 626/626/705 752/752/694
f 624/624/700 625/625/703 751/751/692
f 713/713/701 624/624/700 750/750/690
f 799/799/698 623/623/697 749/749/788
f 714/714/689 756/756/821 759/759/816
f 631/631/693 632/632/695 758/758/817
f 630/630/691 631/631/693 757/757/818
f 630/630/691 755/755/819 754/754/820
f 629/629/688 754/754/820 756/756/821
f 801/801/686 628/628/685 759/759/816
f 756/756/821 762/762/828 765/765/823
f 757/757/818 758/758/817 764/764/824
f 755/755/819 757/757/818 763/763/825
f 755/755/819 761/761/826 760/760/827
f 754/754/820 760/760/827 762/762/828
f 814/814/822 759/759/816 765/765/823
f 765/765/823 762/762/828 768/768/675
f 764/764/824 770/770/682 769/769/680
f 763/763/825 769/769/680 767/767/678
f 761/761/826 767/767/678 766/766/679
f 762/762/828 760/760/827 766/766/679
f 815/815/829 765/765/823 771/771/789
f 895/895/556 917/917/912 420/420/830
f 715/715/677 774/774/665 775/775/660
s 72
f 260/260/206 7/7/295 951/951/831
s 183
f 637/637/832 772/772/670 777/777/668
f 636/636/683 777/777/668 773/773/666
f 635/635/681 773/773/666 776/776/663
f 634/634/676 776/776/663 774/774/665
f 633/633/673 775/775/660 817/817/662
f 16/16/833 250/250/557 880/880/559
f 638/638/790 716/716/664 778/778/651
f 954/954/834 807/807/649 819/819/641
f 641/641/671 642/642/899 783/783/836
f 640/640/669 641/641/671 782/782/658
f 639/639/667 640/640/669 781/781/656
f 716/716/664 639/639/667 779/779/654
f 638/638/790 780/780/648 818/818/650
f 881/881/558 14/14/1042 258/258/837
f 643/643/791 717/717/653 787/787/642
f 970/970/835 819/819/641 794/794/640
f 646/646/657 647/647/659 786/786/839
f 645/645/655 646/646/657 785/785/840
f 644/644/652 645/645/655 788/788/646
f 717/717/653 644/644/652 789/789/644
f 643/643/791 784/784/639 819/819/641
s 72
f 1045/1045/841 945/945/849 6/6/305
s 183
f 884/884/562 12/12/561 267/267/842
f 907/907/844 909/909/782 687/687/778
f 692/692/845 687/687/778 790/790/773
f 696/696/777 790/790/773 591/591/768
f 700/700/772 591/591/768 791/791/760
f 704/704/767 791/791/760 688/688/762
s 72
f 9/9/311 271/271/313 969/969/846
s 183
f 961/961/848 817/817/662 795/795/661
s 72
f 249/249/315 6/6/305 945/945/849
f 1000/1000/851 996/996/853 451/451/318
f 990/990/852 450/450/878 451/451/318
s 183
f 814/814/822 815/815/829 993/993/854
s 72
f 1008/1008/856 1006/1006/867 453/453/324
f 1016/1016/857 1012/1012/866 455/455/327
f 1024/1024/858 1022/1022/865 457/457/330
f 1030/1030/859 1024/1024/858 458/458/333
f 1034/1034/860 1030/1030/859 459/459/335
s 183
f 292/292/740 805/805/593 684/684/861
f 808/808/630 802/802/720 1032/1032/862
s 72
f 1036/1036/863 1034/1034/860 460/460/338
f 1022/1022/865 1016/1016/857 456/456/339
f 1012/1012/866 1008/1008/856 454/454/340
f 1006/1006/867 1000/1000/851 452/452/341
f 7/7/295 249/249/315 963/963/850
s 183
f 965/965/751 818/818/650 807/807/649
s 72
f 271/271/313 8/8/204 953/953/748
s 183
f 982/982/594 958/958/838 794/794/640
f 604/604/759 593/593/756 800/800/592
f 601/601/771 793/793/616 803/803/623
f 600/600/766 798/798/609 793/793/616
f 599/599/757 796/796/599 798/798/609
f 604/604/759 806/806/597 796/796/599
f 805/805/593 800/800/592 593/593/756
f 648/648/792 718/718/643 821/821/868
f 978/978/596 831/831/595 830/830/870
f 832/832/737 794/794/640 648/648/792
f 853/853/843 267/267/842 10/10/872
f 831/831/595 828/828/738 827/827/874
f 830/830/870 827/827/874 836/836/875
f 974/974/871 830/830/870 841/841/876
s 72
f 990/990/852 992/992/961 449/449/358
s 183
f 827/827/874 682/682/879 837/837/732
f 828/828/738 820/820/880 682/682/879
f 829/829/869 821/821/868 820/820/880
f 835/835/881 823/823/885 839/839/882
f 834/834/884 822/822/886 823/823/885
f 833/833/544 592/592/735 822/822/886
f 718/718/643 649/649/543 826/826/545
f 821/821/868 826/826/545 825/825/887
f 820/820/880 825/825/887 824/824/888
f 824/824/888 835/835/881 840/840/883
f 825/825/887 834/834/884 835/835/881
f 826/826/545 833/833/544 834/834/884
f 836/836/875 837/837/732 188/188/734
f 841/841/876 836/836/875 138/138/890
f 682/682/879 824/824/888 838/838/889
s 72
f 526/526/541 9/9/311 977/977/892
f 9/9/311 957/957/847 981/981/1012
f 977/977/892 9/9/311 981/981/1012
s 183
f 786/786/839 851/851/894 887/887/736
f 851/851/894 852/852/896 888/888/895
f 852/852/896 853/853/843 889/889/873
f 647/647/659 886/886/897 851/851/894
f 886/886/897 885/885/898 852/852/896
f 885/885/898 884/884/562 853/853/843
f 642/642/899 883/883/901 854/854/900
f 883/883/901 882/882/903 855/855/902
f 882/882/903 881/881/558 856/856/560
f 900/900/904 878/878/906 772/772/670
f 899/899/905 879/879/907 878/878/906
f 898/898/555 880/880/559 879/879/907
f 764/764/824 922/922/1043 919/919/908
f 919/919/908 924/924/1044 893/893/909
f 770/770/682 764/764/824 919/919/908
f 893/893/909 924/924/1044 926/926/910
f 894/894/911 926/926/910 917/917/912
f 928/928/913 922/922/1043 764/764/824
f 930/930/914 928/928/913 758/758/817
f 934/934/915 932/932/941 753/753/916
f 938/938/917 936/936/942 744/744/706
f 875/875/918 848/848/920 740/740/718
f 876/876/919 849/849/921 848/848/920
f 877/877/810 850/850/813 849/849/921
f 845/845/922 875/875/918 735/735/811
f 846/846/923 876/876/919 875/875/918
f 847/847/801 877/877/810 876/876/919
f 892/892/924 845/845/922 729/729/803
f 891/891/925 846/846/923 845/845/922
f 890/890/547 847/847/801 846/846/923
f 668/668/608 673/673/607 871/871/926
f 865/865/927 871/871/926 870/870/928
f 864/864/929 870/870/928 869/869/930
f 663/663/615 668/668/608 865/865/927
f 874/874/932 865/865/927 864/864/929
f 873/873/933 864/864/929 863/863/931
f 658/658/622 663/663/615 874/874/932
f 862/862/934 874/874/932 873/873/933
f 861/861/935 873/873/933 872/872/571
f 653/653/629 658/658/622 862/862/934
f 859/859/936 862/862/934 861/861/935
f 858/858/937 861/861/935 860/860/569
f 605/605/636 653/653/629 859/859/936
f 868/868/938 859/859/936 858/858/937
f 867/867/939 858/858/937 857/857/567
f 673/673/607 652/652/590 897/897/589
f 871/871/926 897/897/589 896/896/940
f 783/783/836 854/854/900 886/886/897
f 854/854/900 855/855/902 885/885/898
f 855/855/902 856/856/560 884/884/562
f 772/772/670 878/878/906 883/883/901
f 878/878/906 879/879/907 882/882/903
f 879/879/907 880/880/559 881/881/558
f 893/893/909 900/900/904 637/637/832
f 894/894/911 899/899/905 900/900/904
f 895/895/556 898/898/555 899/899/905
f 932/932/941 930/930/914 632/632/695
f 936/936/942 934/934/915 627/627/815
f 740/740/718 848/848/920 940/940/943
f 940/940/943 938/938/917 622/622/814
f 940/940/943 848/848/920 849/849/921
f 943/943/944 849/849/921 850/850/813
f 868/868/938 842/842/945 590/590/730
f 867/867/939 843/843/946 842/842/945
f 866/866/550 844/844/548 843/843/946
f 842/842/945 892/892/924 614/614/794
f 843/843/946 891/891/925 892/892/924
f 844/844/548 890/890/547 891/891/925
f 592/592/735 887/887/736 888/888/895
f 822/822/886 888/888/895 889/889/873
f 171/171/947 839/839/882 889/889/873
f 388/388/948 41/41/572 863/863/931
f 23/23/743 388/388/948 869/869/930
f 838/838/889 840/840/883 190/190/949
f 190/190/949 840/840/883 839/839/882
f 946/946/754 804/804/674 817/817/662
s 147
f 1037/1037/950 461/461/1037 463/463/429
s 183
f 802/802/720 792/792/725 1028/1028/952
f 792/792/725 809/809/799 1025/1025/953
f 809/809/799 810/810/808 1020/1020/954
f 810/810/808 811/811/708 1017/1017/955
f 1017/1017/955 811/811/708 797/797/710
f 1013/1013/956 797/797/710 812/812/696
f 1009/1009/957 812/812/696 799/799/698
f 1004/1004/958 799/799/698 813/813/684
f 1001/1001/959 813/813/684 801/801/686
s 72
f 992/992/961 1045/1045/841 411/411/307
s 183
f 997/997/960 801/801/686 814/814/822
f 1043/1043/962 993/993/854 815/815/829
s 147
f 906/906/963 904/904/964 468/468/444
f 467/467/446 468/468/444 904/904/964
f 466/466/447 467/467/446 902/902/965
f 914/914/966 912/912/968 465/465/449
f 910/910/967 464/464/453 465/465/449
f 908/908/951 463/463/429 464/464/453
s 183
f 692/692/845 602/602/776 1038/1038/781
s 157
f 479/479/457 944/944/970 916/916/969
f 477/477/459 941/941/1045 944/944/970
s 158
f 476/476/461 939/939/972 942/942/971
f 475/475/464 937/937/973 939/939/972
f 474/474/466 935/935/974 937/937/973
f 473/473/468 933/933/975 935/935/974
f 396/396/470 931/931/1046 933/933/975
f 929/929/976 931/931/1046 396/396/470
f 923/923/977 929/929/976 397/397/472
f 398/398/474 408/408/1040 920/920/978
s 164
f 407/407/477 409/409/480 925/925/979
f 409/409/480 410/410/482 927/927/981
f 410/410/482 417/417/483 918/918/982
s 72
f 1019/1019/983 1023/1023/986 1021/1021/984
f 1016/1016/857 1022/1022/865 1023/1023/986
f 1014/1014/987 1015/1015/988 1019/1019/983
f 1012/1012/866 1016/1016/857 1019/1019/983
f 482/482/491 485/485/493 987/987/989
f 1027/1027/991 1031/1031/994 1029/1029/992
f 1024/1024/858 1030/1030/859 1031/1031/994
f 948/948/995 1046/1046/998 1044/1044/996
f 945/945/849 1045/1045/841 1046/1046/998
f 991/991/999 995/995/1001 992/992/961
f 989/989/1000 994/994/1030 995/995/1001
f 955/955/1002 956/956/1005 968/968/1003
f 953/953/748 967/967/747 968/968/1003
f 956/956/1005 972/972/1007 969/969/846
f 956/956/1005 955/955/1002 971/971/1006
f 979/979/1008 980/980/1011 984/984/1009
f 980/980/1011 977/977/892 981/981/1012
f 1002/1002/1013 1003/1003/1016 1007/1007/1014
f 1000/1000/851 1006/1006/867 1007/1007/1014
f 952/952/1017 968/968/1003 967/967/747
f 952/952/1017 950/950/1031 966/966/1004
f 975/975/1018 976/976/1019 980/980/1011
f 976/976/1019 973/973/893 977/977/892
f 973/973/893 976/976/1019 987/987/989
f 976/976/1019 975/975/1018 985/985/990
f 998/998/1020 999/999/1021 1003/1003/1016
f 999/999/1021 996/996/853 1000/1000/851
f 1031/1031/994 1035/1035/1023 1033/1033/1022
f 1030/1030/859 1034/1034/860 1035/1035/1023
f 989/989/1000 991/991/999 999/999/1021
f 991/991/999 990/990/852 996/996/853
f 1023/1023/986 1027/1027/991 1026/1026/993
f 1022/1022/865 1024/1024/858 1027/1027/991
f 1010/1010/1024 1011/1011/1025 1015/1015/988
f 1008/1008/856 1012/1012/866 1015/1015/988
f 960/960/1026 972/972/1007 971/971/1006
f 957/957/847 969/969/846 972/972/1007
f 957/957/847 960/960/1026 984/984/1009
f 960/960/1026 959/959/1027 983/983/1010
f 1005/1005/1015 1007/1007/1014 1011/1011/1025
f 1006/1006/867 1008/1008/856 1011/1011/1025
f 1035/1035/1023 1041/1041/1029 1039/1039/1028
f 1034/1034/860 1036/1036/863 1041/1041/1029
f 995/995/1001 1046/1046/998 1045/1045/841
f 994/994/1030 1044/1044/996 1046/1046/998
f 950/950/1031 952/952/1017 964/964/1032
f 951/951/831 963/963/850 964/964/1032
f 948/948/995 964/964/1032 963/963/850
f 947/947/997 962/962/1033 964/964/1032
s 183
f 986/986/877 841/841/876 49/49/891
g default
v 82.458912 32.051291 -1239.468516
v 82.458912 32.051291 -1239.468516
v 68.207671 32.194791 -1240.543995
v 68.207671 32.194791 -1240.543995
v 53.931348 32.307526 -1241.489441
v 53.931348 32.307526 -1241.489441
v 44.601221 32.328648 -1242.010701
v 44.601221 32.328648 -1242.010814
v 44.601221 32.328648 -1242.010814
v 94.026090 31.988758 -1238.392811
v 94.026090 31.988758 -1238.392811
v 94.026090 31.988758 -1238.392811
v 53.889376 33.801671 -1235.174614
v 53.882822 33.089627 -1233.742109
v 53.883513 33.733494 -1234.161781
v 44.601221 32.962152 -1234.191580
v 44.601221 32.962152 -1234.191693
v 44.601221 33.701684 -1235.637291
v 44.601221 33.701684 -1235.637404
v 44.601221 33.614086 -1234.615089
v 44.601221 33.614086 -1234.615202
v 68.221597 33.637606 -1234.479413
v 68.224828 32.927368 -1233.047360
v 68.223904 33.570692 -1233.466805
v 82.538546 32.720979 -1232.354077
v 82.527053 33.426010 -1233.783760
v 82.537516 33.362744 -1232.772620
v 94.026090 33.298729 -1233.219495
v 94.026090 33.298729 -1233.219495
v 94.026090 32.607888 -1231.797601
v 94.026090 32.607888 -1231.797601
v 94.026090 33.245522 -1232.214112
v 94.026090 33.245522 -1232.214112
v 44.601221 30.437476 -1235.585481
v 44.601221 30.437476 -1235.585594
v 44.601221 31.078240 -1234.191580
v 44.601221 31.078240 -1234.191693
v 44.601221 30.455208 -1234.599851
v 44.601221 30.455208 -1234.599964
v 53.889305 30.792029 -1233.741771
v 53.899161 30.193474 -1235.107791
v 53.893418 30.181337 -1234.141802
v 68.224709 30.904397 -1233.047360
v 68.221520 30.284565 -1234.428054
v 68.223749 30.287482 -1233.451793
v 82.510863 30.340089 -1233.745608
v 82.529149 30.975290 -1232.354529
v 82.521452 30.353874 -1232.762010
v 94.026090 31.070070 -1231.797601
v 94.026090 31.070070 -1231.797601
v 94.026090 30.434369 -1233.188228
v 94.026090 30.434369 -1233.188228
v 94.026090 30.448531 -1232.204856
v 94.026090 30.448531 -1232.204856
v -82.458912 32.051291 -1239.468516
v -82.458912 32.051291 -1239.468516
v -68.207671 32.194791 -1240.543995
v -68.207671 32.194791 -1240.543995
v -53.931344 32.307526 -1241.489441
v -53.931344 32.307526 -1241.489441
v -44.601221 32.328648 -1242.010814
v -44.601221 32.328648 -1242.010814
v -44.601221 32.328648 -1242.010701
v -94.026097 31.988758 -1238.392811
v -94.026097 31.988758 -1238.392811
v -94.026097 31.988758 -1238.392811
v -53.889383 33.801671 -1235.174614
v -53.882822 33.089627 -1233.742109
v -53.883513 33.733494 -1234.161781
v -44.601221 32.962152 -1234.191693
v -44.601221 32.962152 -1234.191580
v -44.601221 33.701684 -1235.637404
v -44.601221 33.701684 -1235.637291
v -44.601221 33.614086 -1234.615202
v -44.601221 33.614086 -1234.615089
v -68.221597 33.637606 -1234.479413
v -68.224828 32.927368 -1233.047360
v -68.223911 33.570692 -1233.466805
v -82.538546 32.720979 -1232.354077
v -82.527061 33.426010 -1233.783760
v -82.537516 33.362744 -1232.772620
v -94.026097 33.298729 -1233.219495
v -94.026097 33.298729 -1233.219495
v -94.026097 32.607888 -1231.797601
v -94.026097 32.607888 -1231.797601
v -94.026097 33.245522 -1232.214112
v -94.026097 33.245522 -1232.214112
v -44.601221 30.437476 -1235.585594
v -44.601221 30.437476 -1235.585481
v -44.601221 31.078240 -1234.191693
v -44.601221 31.078240 -1234.191580
v -44.601221 30.455208 -1234.599964
v -44.601221 30.455208 -1234.599851
v -53.889298 30.792029 -1233.741771
v -53.899161 30.193474 -1235.107791
v -53.893418 30.181337 -1234.141802
v -68.224701 30.904397 -1233.047360
v -68.221527 30.284565 -1234.428054
v -68.223742 30.287482 -1233.451793
v -82.510863 30.340089 -1233.745608
v -82.529149 30.975290 -1232.354529
v -82.521445 30.353874 -1232.762010
v -94.026097 31.070070 -1231.797601
v -94.026097 31.070070 -1231.797601
v -94.026097 30.434369 -1233.188228
v -94.026097 30.434369 -1233.188228
v -94.026097 30.448531 -1232.204856
v -94.026097 30.448531 -1232.204856
vt 0.268490 0.282133
vt 0.285129 0.282110
vt 0.267925 0.268198
vt 0.285632 0.268176
vt 0.267551 0.254200
vt 0.285933 0.254190
vt 0.285176 0.860694
vt 0.267667 0.245056
vt 0.285840 0.245056
vt 0.269137 0.293446
vt 0.284536 0.293419
vt 0.065270 0.890248
vt 0.279641 0.254495
vt 0.277916 0.254567
vt 0.278659 0.254543
vt 0.284559 0.853079
vt 0.277727 0.245560
vt 0.283839 0.854487
vt 0.279480 0.245466
vt 0.283924 0.853491
vt 0.278484 0.245533
vt 0.279553 0.268417
vt 0.277819 0.268483
vt 0.278566 0.268461
vt 0.277694 0.282453
vt 0.279428 0.282380
vt 0.278441 0.282431
vt 0.279338 0.293609
vt 0.063998 0.895288
vt 0.277615 0.293670
vt 0.064672 0.896672
vt 0.278358 0.293649
vt 0.064051 0.896267
vt 0.287018 0.854436
vt 0.274207 0.245495
vt 0.286394 0.853079
vt 0.275889 0.245574
vt 0.287001 0.853476
vt 0.275164 0.245559
vt 0.275702 0.254588
vt 0.274063 0.254532
vt 0.274996 0.254576
vt 0.275849 0.268492
vt 0.274180 0.268436
vt 0.275131 0.268475
vt 0.274310 0.282381
vt 0.275992 0.282451
vt 0.275268 0.282428
vt 0.276116 0.293674
vt 0.066170 0.896671
vt 0.274433 0.293622
vt 0.066788 0.895316
vt 0.275391 0.293658
vt 0.066775 0.896273
vt 0.002307 0.986943
vt 0.018946 0.986965
vt 0.001804 0.973008
vt 0.019511 0.973030
vt 0.001502 0.959022
vt 0.019885 0.959032
vt 0.001596 0.949889
vt 0.019768 0.949889
vt 0.630913 0.968513
vt 0.606928 0.787560
vt 0.002899 0.998251
vt 0.018299 0.998279
vt 0.007794 0.959327
vt 0.009520 0.959399
vt 0.008776 0.959375
vt 0.009709 0.950392
vt 0.631530 0.960898
vt 0.007955 0.950298
vt 0.632250 0.962306
vt 0.008952 0.950365
vt 0.632165 0.961310
vt 0.007882 0.973249
vt 0.009616 0.973316
vt 0.008870 0.973293
vt 0.009741 0.987285
vt 0.008007 0.987212
vt 0.008994 0.987263
vt 0.601892 0.788845
vt 0.008098 0.998441
vt 0.600506 0.788175
vt 0.009820 0.998502
vt 0.600912 0.788795
vt 0.009078 0.998482
vt 0.013229 0.950327
vt 0.629071 0.962255
vt 0.011547 0.950406
vt 0.629695 0.960898
vt 0.012271 0.950391
vt 0.629088 0.961295
vt 0.011733 0.959420
vt 0.013373 0.959364
vt 0.012439 0.959408
vt 0.011587 0.973324
vt 0.013256 0.973268
vt 0.012304 0.973307
vt 0.013125 0.987213
vt 0.011444 0.987283
vt 0.012168 0.987260
vt 0.600503 0.786677
vt 0.011320 0.998506
vt 0.601856 0.786055
vt 0.013003 0.998454
vt 0.600899 0.786071
vt 0.012044 0.998490
vn -0.047640 0.144012 0.988428
vn -0.052554 -0.154565 0.986584
vn -0.048916 -0.139258 0.989047
vn 0.005962 0.983642 -0.180035
vn 0.015990 0.973764 -0.226997
vn 0.013980 0.977477 -0.210580
vn -0.046109 -0.180245 0.982540
vn -0.045554 0.171386 0.984150
vn -0.046595 -0.169164 0.984486
vn 1.000000 0.000001 0.000000
vn 1.000000 0.000001 0.000000
vn 1.000000 0.000000 0.000000
vn 0.004271 -0.961302 -0.275464
vn 0.015724 -0.953632 -0.300564
vn 0.015584 -0.965966 -0.258199
vn 0.018364 -0.957318 -0.288453
vn 0.021623 -0.957909 -0.286258
vn 0.017410 -0.969412 -0.244821
vn -0.046862 -0.151596 0.987331
vn 0.000934 -0.965941 -0.258762
vn 0.007879 -0.950952 -0.309237
vn -1.000000 -0.000001 0.000000
vn -1.000000 0.000000 0.000000
vn -1.000000 0.000000 0.000000
vn 0.024762 0.972584 -0.231229
vn 0.012309 0.981495 -0.191092
vn 0.022705 0.981349 -0.190888
vn 0.026585 0.971713 -0.234666
vn 0.023663 0.980954 -0.192794
vn 0.024135 0.969917 -0.242238
vn -0.045809 0.154648 0.986907
vn -0.010070 0.896013 0.443913
vn -0.009840 0.895879 0.444190
vn -0.014521 -0.912023 0.409883
vn -0.014448 -0.908878 0.416812
vn -0.019662 0.897005 0.441583
vn -0.025956 -0.917346 0.397243
vn 0.019535 -0.970764 -0.239238
vn -0.013288 -0.903719 0.427919
vn -0.012738 0.893426 0.449029
vn 0.020374 0.980229 -0.196814
vn -0.049942 0.164539 0.985105
vn -0.032094 0.894417 0.446080
vn -0.045069 -0.911630 0.408534
vn 0.052554 -0.154565 0.986584
vn 0.047640 0.144012 0.988429
vn 0.048916 -0.139257 0.989047
vn -0.005962 0.983642 -0.180036
vn -0.015990 0.973764 -0.226997
vn -0.012309 0.981495 -0.191091
vn 0.046109 -0.180245 0.982540
vn 0.045554 0.171386 0.984150
vn 0.045747 0.184183 0.981827
vn -1.000000 0.000005 0.000000
vn -1.000000 0.000002 0.000000
vn -1.000000 0.000005 0.000000
vn -0.004271 -0.961302 -0.275464
vn -0.015724 -0.953632 -0.300564
vn -0.007879 -0.950952 -0.309237
vn -0.015584 -0.965966 -0.258199
vn -0.018364 -0.957318 -0.288453
vn -0.017410 -0.969412 -0.244821
vn -0.021623 -0.957909 -0.286258
vn 0.046862 -0.151596 0.987331
vn 0.046595 -0.169164 0.984486
vn -0.000934 -0.965941 -0.258762
vn -0.013605 -0.959220 -0.282334
vn 1.000000 0.000003 0.000000
vn 1.000000 0.000003 0.000000
vn 1.000000 0.000002 0.000000
vn -0.024762 0.972584 -0.231229
vn -0.022705 0.981349 -0.190888
vn -0.026585 0.971713 -0.234666
vn -0.023663 0.980954 -0.192794
vn -0.024135 0.969917 -0.242238
vn -0.020374 0.980229 -0.196815
vn 0.045809 0.154648 0.986907
vn 0.010070 0.896013 0.443913
vn 0.009840 0.895879 0.444190
vn 0.014521 -0.912023 0.409882
vn 0.014448 -0.908878 0.416812
vn 0.019662 0.897005 0.441584
vn 0.025956 -0.917346 0.397243
vn -0.019535 -0.970764 -0.239238
vn 0.013288 -0.903719 0.427919
vn 0.012738 0.893427 0.449028
vn 0.049942 0.164539 0.985106
vn 0.032094 0.894417 0.446080
vn 0.045069 -0.911630 0.408532
vn -0.045747 0.184184 0.981827
vn 1.000000 0.000001 0.000000
vn 1.000000 0.000000 0.000000
vn 1.000000 0.000000 0.000000
vn 1.000000 0.000000 0.000000
vn 0.013605 -0.959220 -0.282334
vn -1.000000 -0.000000 0.000000
vn -1.000000 0.000000 0.000000
vn -1.000000 -0.000001 0.000000
vn -1.000000 -0.000001 0.000000
vn -0.013980 0.977477 -0.210581
vn -1.000000 0.000005 0.000000
vn -1.000000 0.000000 0.000000
vn -1.000000 0.000000 0.000000
vn -1.000000 -0.000084 0.000000
vn 1.000000 0.000000 0.000000
vn 1.000000 -0.000003 0.000000
vn 1.000000 0.000000 0.000000
vn 1.000000 0.000000 0.000000
s 1
g Piece1 Supermarine_Spitfire_Mk:GLTF_SceneRootNode Supermarine_Spitfire_Mk:root Supermarine_Spitfire_Mk:Sketchfab_model Supermarine_Spitfire_Mk:Meshes Supermarine_Spitfire_Mk:scene Supermarine_Spitfire_Mk:Object_108
usemtl Supermarine_Spitfire_Mk:Object_108SG
f 1060/1060/1047 1083/1083/1048 1086/1086/1049
f 1065/1065/1050 1052/1052/1051 1055/1055/1052
f 1095/1095/1053 1071/1071/1054 1093/1093/1055
s 4
f 1098/1098/1056 1075/1075/1057 1077/1077/1058
s 1
f 1087/1087/1059 1049/1049/1060 1090/1090/1061
f 1047/1047/1062 1090/1090/1061 1049/1049/1060
f 1056/1056/1063 1092/1092/1064 1047/1047/1062
f 1071/1071/1054 1089/1089/1065 1093/1093/1055
f 1081/1081/1066 1051/1051/1067 1087/1087/1059
s 8
f 1080/1080/1068 1084/1084/1069 1082/1082/1070
s 1
f 1050/1050/1071 1059/1059/1072 1068/1068/1073
f 1048/1048/1074 1068/1068/1073 1072/1072/1075
f 1072/1072/1075 1057/1057/1076 1048/1048/1074
f 1069/1069/1077 1073/1073/1078 1070/1070/1079
f 1070/1070/1079 1072/1072/1075 1068/1068/1073
f 1092/1092/1064 1091/1091/1080 1090/1090/1061
f 1094/1094/1081 1089/1089/1065 1091/1091/1080
f 1060/1060/1047 1070/1070/1079 1061/1061/1082
f 1061/1061/1082 1068/1068/1073 1059/1059/1072
f 1090/1090/1061 1088/1088/1083 1087/1087/1059
f 1091/1091/1080 1086/1086/1049 1088/1088/1083
f 1097/1097/1084 1094/1094/1081 1092/1092/1064
f 1099/1099/1085 1093/1093/1055 1094/1094/1081
f 1071/1071/1054 1078/1078/1086 1073/1073/1078
f 1073/1073/1078 1074/1074/1087 1072/1072/1075
f 1063/1063/1088 1061/1061/1082 1067/1067/1089
f 1067/1067/1089 1059/1059/1072 1065/1065/1050
f 1087/1087/1059 1085/1085/1090 1081/1081/1066
f 1085/1085/1090 1086/1086/1049 1083/1083/1048
f 1069/1069/1077 1086/1086/1049 1089/1089/1065
s 14
f 1136/1136/1091 1114/1114/1092 1140/1140/1093
f 1118/1118/1094 1105/1105/1095 1113/1113/1096
f 1150/1150/1097 1125/1125/1098 1131/1131/1099
s 17
f 1151/1151/1100 1130/1130/1101 1128/1128/1102
s 14
f 1141/1141/1103 1104/1104/1104 1106/1106/1105
f 1144/1144/1106 1102/1102/1107 1104/1104/1104
f 1146/1146/1108 1112/1112/1109 1102/1102/1107
f 1143/1143/1110 1125/1125/1098 1147/1147/1111
f 1134/1134/1112 1106/1106/1105 1108/1108/1113
s 22
f 1135/1135/1114 1109/1109/1115 1119/1119/1116
s 14
f 1113/1113/1096 1103/1103/1117 1122/1122/1118
f 1122/1122/1118 1101/1101/1119 1126/1126/1120
f 1126/1126/1120 1111/1111/1121 1129/1129/1122
f 1123/1123/1123 1127/1127/1124 1125/1125/1098
f 1124/1124/1125 1126/1126/1120 1127/1127/1124
f 1145/1145/1126 1146/1146/1108 1144/1144/1106
f 1143/1143/1110 1148/1148/1127 1145/1145/1126
f 1114/1114/1092 1124/1124/1125 1123/1123/1123
f 1115/1115/1128 1122/1122/1118 1124/1124/1125
f 1142/1142/1129 1144/1144/1106 1141/1141/1103
f 1140/1140/1093 1145/1145/1126 1142/1142/1129
f 1148/1148/1127 1152/1152/1130 1146/1146/1108
f 1147/1147/1111 1154/1154/1131 1148/1148/1127
f 1125/1125/1098 1133/1133/1132 1131/1131/1099
f 1127/1127/1124 1129/1129/1122 1133/1133/1132
f 1116/1116/1133 1115/1115/1128 1114/1114/1092
f 1120/1120/1134 1113/1113/1096 1115/1115/1128
f 1138/1138/1135 1141/1141/1103 1134/1134/1112
f 1138/1138/1135 1140/1140/1093 1142/1142/1129
f 1140/1140/1093 1123/1123/1123 1143/1143/1110
s 1
f 1060/1060/1047 1063/1063/1088 1083/1083/1048
f 1065/1065/1050 1059/1059/1072 1052/1052/1051
f 1095/1095/1053 1076/1076/1136 1071/1071/1054
s 4
f 1098/1098/1056 1058/1058/1137 1075/1075/1057
f 1075/1075/1057 1079/1079/1138 1077/1077/1058
f 1077/1077/1058 1096/1096/1139 1098/1098/1056
f 1096/1096/1139 1100/1100/1140 1098/1098/1056
s 1
f 1087/1087/1059 1051/1051/1067 1049/1049/1060
f 1047/1047/1062 1092/1092/1064 1090/1090/1061
f 1056/1056/1063 1097/1097/1084 1092/1092/1064
f 1071/1071/1054 1069/1069/1077 1089/1089/1065
f 1081/1081/1066 1054/1054/1141 1051/1051/1067
s 8
f 1082/1082/1070 1062/1062/1142 1080/1080/1068
f 1062/1062/1142 1066/1066/1143 1064/1064/1144
f 1080/1080/1068 1062/1062/1142 1064/1064/1144
f 1064/1064/1144 1053/1053/1145 1080/1080/1068
s 1
f 1050/1050/1071 1052/1052/1051 1059/1059/1072
f 1048/1048/1074 1050/1050/1071 1068/1068/1073
f 1072/1072/1075 1074/1074/1087 1057/1057/1076
f 1069/1069/1077 1071/1071/1054 1073/1073/1078
f 1070/1070/1079 1073/1073/1078 1072/1072/1075
f 1092/1092/1064 1094/1094/1081 1091/1091/1080
f 1094/1094/1081 1093/1093/1055 1089/1089/1065
f 1060/1060/1047 1069/1069/1077 1070/1070/1079
f 1061/1061/1082 1070/1070/1079 1068/1068/1073
f 1090/1090/1061 1091/1091/1080 1088/1088/1083
f 1091/1091/1080 1089/1089/1065 1086/1086/1049
f 1097/1097/1084 1099/1099/1085 1094/1094/1081
f 1099/1099/1085 1095/1095/1053 1093/1093/1055
f 1071/1071/1054 1076/1076/1136 1078/1078/1086
f 1073/1073/1078 1078/1078/1086 1074/1074/1087
f 1063/1063/1088 1060/1060/1047 1061/1061/1082
f 1067/1067/1089 1061/1061/1082 1059/1059/1072
f 1087/1087/1059 1088/1088/1083 1085/1085/1090
f 1085/1085/1090 1088/1088/1083 1086/1086/1049
f 1069/1069/1077 1060/1060/1047 1086/1086/1049
s 14
f 1136/1136/1091 1116/1116/1133 1114/1114/1092
f 1118/1118/1094 1107/1107/1146 1105/1105/1095
f 1150/1150/1097 1147/1147/1111 1125/1125/1098
s 17
f 1128/1128/1102 1110/1110/1147 1151/1151/1100
f 1151/1151/1100 1153/1153/1148 1149/1149/1149
f 1149/1149/1149 1130/1130/1101 1151/1151/1100
f 1130/1130/1101 1132/1132/1150 1128/1128/1102
s 14
f 1141/1141/1103 1144/1144/1106 1104/1104/1104
f 1144/1144/1106 1146/1146/1108 1102/1102/1107
f 1146/1146/1108 1152/1152/1130 1112/1112/1109
f 1143/1143/1110 1123/1123/1123 1125/1125/1098
f 1134/1134/1112 1141/1141/1103 1106/1106/1105
s 22
f 1121/1121/1151 1117/1117/1152 1119/1119/1116
f 1117/1117/1152 1137/1137/1153 1135/1135/1114
f 1119/1119/1116 1117/1117/1152 1135/1135/1114
f 1137/1137/1153 1139/1139/1154 1135/1135/1114
s 14
f 1113/1113/1096 1105/1105/1095 1103/1103/1117
f 1122/1122/1118 1103/1103/1117 1101/1101/1119
f 1126/1126/1120 1101/1101/1119 1111/1111/1121
f 1123/1123/1123 1124/1124/1125 1127/1127/1124
f 1124/1124/1125 1122/1122/1118 1126/1126/1120
f 1145/1145/1126 1148/1148/1127 1146/1146/1108
f 1143/1143/1110 1147/1147/1111 1148/1148/1127
f 1114/1114/1092 1115/1115/1128 1124/1124/1125
f 1115/1115/1128 1113/1113/1096 1122/1122/1118
f 1142/1142/1129 1145/1145/1126 1144/1144/1106
f 1140/1140/1093 1143/1143/1110 1145/1145/1126
f 1148/1148/1127 1154/1154/1131 1152/1152/1130
f 1147/1147/1111 1150/1150/1097 1154/1154/1131
f 1125/1125/1098 1127/1127/1124 1133/1133/1132
f 1127/1127/1124 1126/1126/1120 1129/1129/1122
f 1116/1116/1133 1120/1120/1134 1115/1115/1128
f 1120/1120/1134 1118/1118/1094 1113/1113/1096
f 1138/1138/1135 1142/1142/1129 1141/1141/1103
f 1138/1138/1135 1136/1136/1091 1140/1140/1093
f 1140/1140/1093 1114/1114/1092 1123/1123/1123
g default
v 0.000000 48.181364 -1235.071784
v -0.000002 48.181364 -1235.071897
v -0.000002 48.181364 -1235.071897
v 0.000000 48.181364 -1235.071784
v 0.000000 49.390488 -1235.071784
v -0.000002 49.390488 -1235.071897
v -0.000002 49.390488 -1235.071897
v 0.000000 49.390488 -1235.071784
v -0.000002 48.181364 -1261.385917
v -0.000002 48.181364 -1261.385917
v -0.000002 48.181364 -1261.385917
v -0.000002 48.181364 -1261.385917
v -0.000002 49.390488 -1261.385804
v -0.000002 49.390488 -1261.385804
v -0.000002 49.390488 -1261.385804
v -0.000002 49.390488 -1261.385804
v -0.000002 48.181364 -1257.523426
v -0.000002 48.181364 -1257.523426
v -0.000002 48.181364 -1253.781485
v -0.000002 48.181364 -1253.781485
v -0.000002 48.181364 -1250.039545
v -0.000002 48.181364 -1250.039545
v -0.000002 48.181364 -1246.297718
v -0.000002 48.181364 -1246.297718
v -0.000002 48.181364 -1242.555665
v -0.000002 48.181364 -1242.555665
v -0.000002 48.181364 -1238.813837
v -0.000002 48.181364 -1238.813837
v -0.000002 49.390488 -1238.813837
v -0.000002 49.390488 -1238.813837
v -0.000002 49.390488 -1242.555665
v -0.000002 49.390488 -1242.555665
v -0.000002 49.390488 -1246.297718
v -0.000002 49.390488 -1246.297718
v -0.000002 49.390488 -1250.039545
v -0.000002 49.390488 -1250.039545
v -0.000002 49.390488 -1253.781485
v -0.000002 49.390488 -1253.781485
v -0.000002 49.390488 -1257.523426
v -0.000002 49.390488 -1257.523426
v 3.470068 48.181276 -1235.236808
v 3.470066 48.181276 -1235.236921
v 3.897863 48.358604 -1235.267849
v 3.897861 48.358604 -1235.267962
v 4.075062 48.785143 -1235.280830
v 4.075060 48.785143 -1235.280943
v 3.470068 49.390576 -1235.236808
v 3.470066 49.390576 -1235.236921
v 3.897863 49.213248 -1235.267849
v 3.897861 49.213248 -1235.267962
v 1.025950 48.181279 -1261.377113
v 1.025950 48.181279 -1261.377113
v 1.453024 48.358604 -1261.373501
v 1.453024 48.358604 -1261.373501
v 1.025951 49.390576 -1261.377113
v 1.025951 49.390576 -1261.377113
v 1.629924 48.785143 -1261.371920
v 1.629924 48.785143 -1261.371920
v 1.453024 49.213248 -1261.373501
v 1.453024 49.213248 -1261.373501
v 3.453787 48.181276 -1239.007645
v 3.881562 48.358604 -1239.041846
v 3.304465 48.181276 -1242.738523
v 3.732337 48.358604 -1242.770693
v 3.112863 48.181276 -1246.468160
v 3.540902 48.358604 -1246.498411
v 2.721245 48.181276 -1250.192266
v 3.149459 48.358604 -1250.222291
v 2.329517 48.181276 -1253.916259
v 2.757984 48.358604 -1253.945945
v 1.937651 48.181276 -1257.640478
v 2.366469 48.358604 -1257.669825
v 1.937651 49.390576 -1257.640478
v 2.544091 48.785143 -1257.681903
v 2.366469 49.213248 -1257.669825
v 2.329517 49.390576 -1253.916259
v 2.935461 48.785143 -1253.958361
v 2.757984 49.213248 -1253.945945
v 2.721246 49.390576 -1250.192266
v 3.326831 48.785143 -1250.234707
v 3.149459 49.213248 -1250.222291
v 3.112863 49.390576 -1246.468160
v 3.718201 48.785143 -1246.511053
v 3.540902 49.213248 -1246.498411
v 3.304465 49.390576 -1242.738523
v 3.909567 48.785143 -1242.783899
v 3.732337 49.213248 -1242.770693
v 4.058752 48.785143 -1239.056068
v 3.453788 49.390576 -1239.007645
v 3.881562 49.213248 -1239.041846
v -3.470070 48.181276 -1235.236921
v -3.470067 48.181276 -1235.236808
v -3.897865 48.358604 -1235.267962
v -3.897862 48.358604 -1235.267849
v -4.075064 48.785143 -1235.280943
v -4.075061 48.785143 -1235.280830
v -3.470070 49.390576 -1235.236921
v -3.470067 49.390576 -1235.236808
v -3.897865 49.213248 -1235.267962
v -3.897862 49.213248 -1235.267849
v -1.025954 48.181279 -1261.377000
v -1.025954 48.181279 -1261.377000
v -1.453028 48.358604 -1261.373388
v -1.453028 48.358604 -1261.373388
v -1.025954 49.390576 -1261.377000
v -1.025954 49.390576 -1261.377000
v -1.629928 48.785143 -1261.371920
v -1.629928 48.785143 -1261.371920
v -1.453028 49.213248 -1261.373388
v -1.453028 49.213248 -1261.373388
v -3.453792 48.181276 -1239.007645
v -3.881565 48.358604 -1239.041959
v -3.304469 48.181276 -1242.738523
v -3.732341 48.358604 -1242.770693
v -3.112866 48.181276 -1246.468047
v -3.540905 48.358604 -1246.498411
v -2.721249 48.181276 -1250.192153
v -3.149463 48.358604 -1250.222291
v -2.329521 48.181276 -1253.916372
v -2.757988 48.358604 -1253.945945
v -1.937655 48.181276 -1257.640478
v -2.366473 48.358604 -1257.669825
v -1.937656 49.390576 -1257.640478
v -2.544094 48.785143 -1257.682016
v -2.366473 49.213248 -1257.669825
v -2.329521 49.390576 -1253.916372
v -2.935465 48.785143 -1253.958361
v -2.757988 49.213248 -1253.945945
v -2.721249 49.390576 -1250.192153
v -3.326835 48.785143 -1250.234594
v -3.149463 49.213248 -1250.222291
v -3.112866 49.390576 -1246.468047
v -3.718205 48.785143 -1246.511053
v -3.540905 49.213248 -1246.498411
v -3.304468 49.390576 -1242.738523
v -3.909571 48.785143 -1242.783899
v -3.732341 49.213248 -1242.770693
v -4.058756 48.785143 -1239.056068
v -3.453792 49.390576 -1239.007645
v -3.881566 49.213248 -1239.041959
vt 0.339091 0.938604
vt 0.759620 0.908597
vt 0.631132 0.944540
vt 0.644124 0.944594
vt 0.340292 0.938604
vt 0.750854 0.908597
vt 0.639898 0.944540
vt 0.642922 0.944594
vt 0.757157 0.882271
vt 0.633595 0.918215
vt 0.973644 0.998502
vt 0.044481 0.944858
vt 0.753318 0.882271
vt 0.637435 0.918215
vt 0.972443 0.998502
vt 0.043279 0.944858
vt 0.758038 0.886085
vt 0.632714 0.922029
vt 0.758497 0.889831
vt 0.632255 0.925775
vt 0.758896 0.893577
vt 0.631857 0.929521
vt 0.759241 0.897344
vt 0.631511 0.933288
vt 0.759448 0.901108
vt 0.631304 0.937052
vt 0.759570 0.904863
vt 0.631182 0.940807
vt 0.750904 0.904863
vt 0.639848 0.940807
vt 0.751026 0.901108
vt 0.639726 0.937052
vt 0.751233 0.897344
vt 0.639519 0.933288
vt 0.751579 0.893577
vt 0.639174 0.929521
vt 0.751977 0.889831
vt 0.638775 0.925775
vt 0.752437 0.886085
vt 0.638316 0.922029
vt 0.644124 0.941143
vt 0.756156 0.908478
vt 0.643948 0.940717
vt 0.755697 0.908450
vt 0.643524 0.940540
vt 0.755238 0.908438
vt 0.642922 0.941143
vt 0.754319 0.908478
vt 0.643098 0.940717
vt 0.754778 0.908450
vt 0.044481 0.945877
vt 0.756146 0.882514
vt 0.044305 0.946301
vt 0.755699 0.882616
vt 0.043279 0.945877
vt 0.754329 0.882514
vt 0.043881 0.946477
vt 0.755238 0.882659
vt 0.043456 0.946301
vt 0.754776 0.882616
vt 0.756147 0.904752
vt 0.755691 0.904728
vt 0.756152 0.901077
vt 0.755694 0.901065
vt 0.756147 0.897402
vt 0.755690 0.897405
vt 0.756160 0.893698
vt 0.755698 0.893712
vt 0.756161 0.889962
vt 0.755699 0.889979
vt 0.756127 0.886298
vt 0.755681 0.886342
vt 0.754347 0.886298
vt 0.755238 0.886361
vt 0.754794 0.886342
vt 0.754314 0.889962
vt 0.755238 0.889986
vt 0.754776 0.889979
vt 0.754314 0.893697
vt 0.755238 0.893717
vt 0.754776 0.893712
vt 0.754328 0.897402
vt 0.755238 0.897406
vt 0.754784 0.897405
vt 0.754323 0.901077
vt 0.755238 0.901060
vt 0.754780 0.901065
vt 0.755238 0.904718
vt 0.754327 0.904752
vt 0.754783 0.904728
vt 0.634597 0.944422
vt 0.339091 0.935153
vt 0.635056 0.944394
vt 0.339267 0.934726
vt 0.635514 0.944382
vt 0.339691 0.934550
vt 0.636434 0.944422
vt 0.340292 0.935153
vt 0.635975 0.944394
vt 0.340116 0.934726
vt 0.634606 0.918458
vt 0.973644 0.997482
vt 0.635054 0.918560
vt 0.973468 0.997058
vt 0.636424 0.918458
vt 0.972443 0.997482
vt 0.635514 0.918602
vt 0.973044 0.996882
vt 0.635976 0.918560
vt 0.972619 0.997058
vt 0.634605 0.940696
vt 0.635061 0.940672
vt 0.634601 0.937021
vt 0.635058 0.937009
vt 0.634605 0.933346
vt 0.635062 0.933349
vt 0.634592 0.929641
vt 0.635054 0.929655
vt 0.634591 0.925906
vt 0.635054 0.925923
vt 0.634625 0.922242
vt 0.635072 0.922286
vt 0.636405 0.922242
vt 0.635514 0.922305
vt 0.635958 0.922286
vt 0.636439 0.925906
vt 0.635514 0.925929
vt 0.635976 0.925923
vt 0.636438 0.929641
vt 0.635514 0.929661
vt 0.635976 0.929655
vt 0.636425 0.933346
vt 0.635514 0.933350
vt 0.635968 0.933349
vt 0.636430 0.937021
vt 0.635514 0.937004
vt 0.635972 0.937009
vt 0.635514 0.940662
vt 0.636425 0.940696
vt 0.635969 0.940672
vn -0.000025 1.000000 0.000000
vn 0.042983 0.999076 -0.000186
vn 0.046890 0.998900 -0.001007
vn -0.000025 -1.000000 0.000000
vn 0.042983 -0.999076 -0.000186
vn -0.000025 -1.000000 0.000000
vn 0.080265 -0.996581 -0.019594
vn -0.000045 -1.000000 0.000006
vn -0.000084 -1.000000 0.000000
vn -0.000036 1.000000 0.000001
vn 0.057086 0.998351 -0.006003
vn 0.065127 0.997854 -0.006850
vn -0.000031 1.000000 0.000001
vn 0.052361 0.998620 -0.004103
vn -0.000027 1.000000 0.000000
vn 0.048133 0.998839 -0.002195
vn -0.000026 1.000000 0.000000
vn 0.008557 0.000010 -0.999963
vn 0.008556 0.000010 -0.999963
vn 0.008553 0.000011 -0.999963
vn -0.000045 1.000000 0.000006
vn 0.078745 0.996794 -0.014159
vn 0.080265 0.996581 -0.019594
vn 0.065127 -0.997854 -0.006850
vn -0.000036 -1.000000 0.000001
vn 0.057086 -0.998351 -0.006003
vn -0.000031 -1.000000 0.000001
vn 0.052361 -0.998620 -0.004103
vn -0.000027 -1.000000 0.000000
vn 0.048133 -0.998839 -0.002195
vn -0.000026 -1.000000 0.000000
vn 0.046890 -0.998900 -0.001007
vn 0.078745 -0.996794 -0.014160
vn 0.667332 -0.726472 -0.164032
vn 0.704198 -0.699104 -0.123933
vn 0.970887 -0.000035 -0.239536
vn 0.985156 0.000011 -0.171663
vn 0.699118 0.715000 -0.003019
vn 0.708864 0.705172 -0.015639
vn 0.999991 -0.000011 -0.004319
vn 0.999751 0.000002 -0.022307
vn 0.698200 -0.715897 -0.003015
vn 0.707949 -0.706091 -0.015619
vn 0.705443 -0.708034 -0.032231
vn 0.706462 -0.705591 -0.055256
vn 0.998956 0.000001 -0.045678
vn 0.701569 -0.708775 -0.073750
vn 0.994521 -0.000000 -0.104536
vn 0.996959 0.000004 -0.077926
vn 0.701390 -0.708953 -0.073737
vn 0.994521 0.000000 -0.104540
vn 0.668216 0.725610 -0.164251
vn 0.705095 0.698170 -0.124092
vn 0.702302 0.708040 -0.073833
vn 0.702481 0.707861 -0.073846
vn 0.707374 0.704670 -0.055327
vn 0.706358 0.707119 -0.032273
vn 0.072344 0.000000 0.997380
vn 0.049224 0.000000 0.998788
vn 0.072351 0.000000 0.997379
vn 0.008557 0.000011 -0.999963
vn 0.008555 0.000011 -0.999963
vn 0.008555 0.000011 -0.999963
vn -0.042984 0.999076 -0.000186
vn 0.000025 1.000000 0.000000
vn -0.046890 0.998900 -0.001007
vn 0.000025 -1.000000 0.000000
vn -0.042984 -0.999076 -0.000186
vn -0.046890 -0.998900 -0.001007
vn 0.000045 -1.000000 0.000006
vn -0.080265 -0.996581 -0.019594
vn 0.000084 -1.000000 0.000000
vn -0.057086 0.998351 -0.006003
vn 0.000036 1.000000 0.000001
vn -0.065127 0.997854 -0.006850
vn -0.052361 0.998620 -0.004103
vn 0.000031 1.000000 0.000001
vn -0.048133 0.998839 -0.002195
vn 0.000027 1.000000 0.000000
vn 0.000026 1.000000 0.000000
vn -0.008557 0.000010 -0.999963
vn -0.008554 0.000010 -0.999963
vn -0.008556 0.000011 -0.999963
vn 0.000045 1.000000 0.000006
vn -0.078745 0.996794 -0.014159
vn -0.080265 0.996581 -0.019594
vn 0.000085 1.000000 -0.000000
vn -0.065127 -0.997854 -0.006850
vn -0.078745 -0.996794 -0.014160
vn 0.000036 -1.000000 0.000001
vn -0.057086 -0.998351 -0.006003
vn 0.000031 -1.000000 0.000001
vn -0.052361 -0.998620 -0.004103
vn 0.000027 -1.000000 0.000000
vn -0.048133 -0.998839 -0.002195
vn 0.000026 -1.000000 0.000000
vn -0.667332 -0.726472 -0.164032
vn -0.704198 -0.699104 -0.123933
vn -0.970887 -0.000035 -0.239536
vn -0.699119 0.714999 -0.003019
vn -0.708864 0.705172 -0.015639
vn -0.999991 -0.000012 -0.004319
vn -0.698200 -0.715896 -0.003015
vn -0.707949 -0.706091 -0.015619
vn -0.999751 0.000002 -0.022307
vn -0.705443 -0.708034 -0.032231
vn -0.998956 0.000001 -0.045678
vn -0.706462 -0.705591 -0.055256
vn -0.701570 -0.708774 -0.073750
vn -0.994521 -0.000001 -0.104536
vn -0.701389 -0.708954 -0.073737
vn -0.994521 -0.000000 -0.104540
vn -0.985156 0.000011 -0.171663
vn -0.668216 0.725610 -0.164251
vn -0.705096 0.698170 -0.124092
vn -0.702301 0.708041 -0.073833
vn -0.702482 0.707860 -0.073846
vn -0.707374 0.704670 -0.055327
vn -0.706357 0.707120 -0.032273
vn -0.072339 0.000001 0.997380
vn -0.072352 0.000000 0.997379
vn -0.048945 0.000000 0.998801
vn -0.008557 0.000011 -0.999963
vn -0.008557 0.000011 -0.999963
vn -0.008557 0.000011 -0.999963
vn -0.000025 1.000000 -0.000000
vn 0.008557 0.000011 -0.999963
vn -0.000085 1.000000 -0.000000
vn 0.047499 0.000000 0.998871
vn 0.049608 0.000000 0.998769
vn 0.047499 0.000000 0.998871
vn 0.072355 0.000000 0.997379
vn 0.000025 1.000000 0.000000
vn 0.000025 -1.000000 0.000000
vn -0.008557 0.000011 -0.999963
vn -0.996959 0.000004 -0.077926
vn -0.049606 0.000000 0.998769
vn -0.047499 0.000000 0.998871
vn -0.047500 0.000000 0.998871
vn -0.072338 -0.000004 0.997380
s 1
g Piece1 Supermarine_Spitfire_Mk:GLTF_SceneRootNode Supermarine_Spitfire_Mk:root Supermarine_Spitfire_Mk:Sketchfab_model Supermarine_Spitfire_Mk:Meshes Supermarine_Spitfire_Mk:scene Supermarine_Spitfire_Mk:Object_70
usemtl Supermarine_Spitfire_Mk:Object_70SG
f 1183/1183/1155 1202/1202/1156 1243/1243/1157
f 1181/1181/1158 1196/1196/1159 1156/1156/1160
f 1206/1206/1161 1171/1171/1162 1163/1163/1163
f 1191/1191/1164 1233/1233/1165 1230/1230/1166
f 1189/1189/1167 1236/1236/1168 1233/1233/1165
f 1187/1187/1169 1239/1239/1170 1236/1236/1168
f 1185/1185/1171 1243/1243/1157 1239/1239/1170
s 7
f 1213/1213/1172 1211/1211/1173 1207/1207/1174
s 1
f 1193/1193/1175 1230/1230/1166 1227/1227/1176
f 1210/1210/1177 1193/1193/1175 1227/1227/1176
f 1171/1171/1162 1223/1223/1178 1173/1173/1179
f 1173/1173/1179 1221/1221/1180 1175/1175/1181
f 1175/1175/1181 1219/1219/1182 1177/1177/1183
f 1177/1177/1183 1217/1217/1184 1179/1179/1185
f 1179/1179/1185 1215/1215/1186 1181/1181/1158
f 1225/1225/1187 1208/1208/1188 1226/1226/1189
f 1226/1226/1189 1212/1212/1190 1228/1228/1191
f 1243/1243/1157 1204/1204/1192 1244/1244/1193
f 1244/1244/1193 1200/1200/1194 1242/1242/1195
f 1215/1215/1186 1198/1198/1196 1196/1196/1159
f 1216/1216/1197 1200/1200/1194 1198/1198/1196
f 1217/1217/1184 1216/1216/1197 1215/1215/1186
f 1218/1218/1198 1242/1242/1195 1216/1216/1197
f 1219/1219/1182 1218/1218/1198 1217/1217/1184
f 1220/1220/1199 1240/1240/1200 1218/1218/1198
f 1219/1219/1182 1222/1222/1201 1220/1220/1199
f 1220/1220/1199 1234/1234/1202 1237/1237/1203
f 1221/1221/1180 1224/1224/1204 1222/1222/1201
f 1222/1222/1201 1231/1231/1205 1234/1234/1202
f 1223/1223/1178 1226/1226/1189 1224/1224/1204
f 1224/1224/1204 1228/1228/1191 1231/1231/1205
f 1227/1227/1176 1214/1214/1206 1210/1210/1177
f 1229/1229/1207 1212/1212/1190 1214/1214/1206
f 1230/1230/1166 1229/1229/1207 1227/1227/1176
f 1232/1232/1208 1228/1228/1191 1229/1229/1207
f 1233/1233/1165 1232/1232/1208 1230/1230/1166
f 1235/1235/1209 1231/1231/1205 1232/1232/1208
f 1236/1236/1168 1235/1235/1209 1233/1233/1165
f 1238/1238/1210 1234/1234/1202 1235/1235/1209
f 1236/1236/1168 1241/1241/1211 1238/1238/1210
f 1238/1238/1210 1240/1240/1200 1237/1237/1203
f 1239/1239/1170 1244/1244/1193 1241/1241/1211
f 1241/1241/1211 1242/1242/1195 1240/1240/1200
s 17
f 1203/1203/1212 1201/1201/1213 1197/1197/1214
s 7
f 1170/1170/1215 1205/1205/1216 1166/1166/1217
s 19
f 1251/1251/1218 1184/1184/1219 1293/1293/1220
f 1182/1182/1221 1245/1245/1222 1265/1265/1223
f 1172/1172/1224 1255/1255/1225 1164/1164/1226
f 1283/1283/1227 1192/1192/1228 1280/1280/1229
f 1286/1286/1230 1190/1190/1231 1283/1283/1227
f 1289/1289/1232 1188/1188/1233 1286/1286/1230
f 1293/1293/1220 1186/1186/1234 1289/1289/1232
s 25
f 1258/1258/1235 1262/1262/1236 1264/1264/1237
s 19
f 1280/1280/1229 1194/1194/1238 1277/1277/1239
f 1259/1259/1240 1194/1194/1238 1168/1168/1241
f 1172/1172/1224 1273/1273/1242 1275/1275/1243
f 1174/1174/1244 1271/1271/1245 1273/1273/1242
f 1176/1176/1246 1269/1269/1247 1271/1271/1245
f 1178/1178/1248 1267/1267/1249 1269/1269/1247
f 1180/1180/1250 1265/1265/1223 1267/1267/1249
f 1275/1275/1243 1257/1257/1251 1255/1255/1225
f 1276/1276/1252 1261/1261/1253 1257/1257/1251
f 1293/1293/1220 1253/1253/1254 1251/1251/1218
f 1294/1294/1255 1249/1249/1256 1253/1253/1254
f 1247/1247/1257 1265/1265/1223 1245/1245/1222
f 1249/1249/1256 1266/1266/1258 1247/1247/1257
f 1266/1266/1258 1267/1267/1249 1265/1265/1223
f 1292/1292/1259 1268/1268/1260 1266/1266/1258
f 1268/1268/1260 1269/1269/1247 1267/1267/1249
f 1290/1290/1261 1270/1270/1262 1268/1268/1260
f 1269/1269/1247 1272/1272/1263 1271/1271/1245
f 1270/1270/1262 1284/1284/1264 1272/1272/1263
f 1271/1271/1245 1274/1274/1265 1273/1273/1242
f 1272/1272/1263 1281/1281/1266 1274/1274/1265
f 1273/1273/1242 1276/1276/1252 1275/1275/1243
f 1274/1274/1265 1278/1278/1267 1276/1276/1252
f 1263/1263/1268 1277/1277/1239 1259/1259/1240
f 1261/1261/1253 1279/1279/1269 1263/1263/1268
f 1279/1279/1269 1280/1280/1229 1277/1277/1239
f 1278/1278/1267 1282/1282/1270 1279/1279/1269
f 1282/1282/1270 1283/1283/1227 1280/1280/1229
f 1281/1281/1266 1285/1285/1271 1282/1282/1270
f 1285/1285/1271 1286/1286/1230 1283/1283/1227
f 1284/1284/1264 1288/1288/1272 1285/1285/1271
f 1286/1286/1230 1291/1291/1273 1289/1289/1232
f 1288/1288/1272 1290/1290/1261 1291/1291/1273
f 1289/1289/1232 1294/1294/1255 1293/1293/1220
f 1291/1291/1273 1292/1292/1259 1294/1294/1255
s 43
f 1250/1250/1274 1248/1248/1275 1252/1252/1276
s 25
f 1256/1256/1277 1169/1169/1278 1165/1165/1279
s 1
f 1183/1183/1155 1160/1160/1280 1202/1202/1156
f 1181/1181/1158 1215/1215/1186 1196/1196/1159
f 1206/1206/1161 1225/1225/1187 1171/1171/1162
f 1191/1191/1164 1189/1189/1167 1233/1233/1165
f 1189/1189/1167 1187/1187/1169 1236/1236/1168
f 1187/1187/1169 1185/1185/1171 1239/1239/1170
f 1185/1185/1171 1183/1183/1155 1243/1243/1157
s 7
f 1207/1207/1174 1205/1205/1216 1209/1209/1281
f 1209/1209/1281 1213/1213/1172 1207/1207/1174
s 1
f 1193/1193/1175 1191/1191/1164 1230/1230/1166
f 1210/1210/1177 1167/1167/1282 1193/1193/1175
f 1171/1171/1162 1225/1225/1187 1223/1223/1178
f 1173/1173/1179 1223/1223/1178 1221/1221/1180
f 1175/1175/1181 1221/1221/1180 1219/1219/1182
f 1177/1177/1183 1219/1219/1182 1217/1217/1184
f 1179/1179/1185 1217/1217/1184 1215/1215/1186
f 1225/1225/1187 1206/1206/1161 1208/1208/1188
f 1226/1226/1189 1208/1208/1188 1212/1212/1190
f 1243/1243/1157 1202/1202/1156 1204/1204/1192
f 1244/1244/1193 1204/1204/1192 1200/1200/1194
f 1215/1215/1186 1216/1216/1197 1198/1198/1196
f 1216/1216/1197 1242/1242/1195 1200/1200/1194
f 1217/1217/1184 1218/1218/1198 1216/1216/1197
f 1218/1218/1198 1240/1240/1200 1242/1242/1195
f 1219/1219/1182 1220/1220/1199 1218/1218/1198
f 1220/1220/1199 1237/1237/1203 1240/1240/1200
f 1219/1219/1182 1221/1221/1180 1222/1222/1201
f 1220/1220/1199 1222/1222/1201 1234/1234/1202
f 1221/1221/1180 1223/1223/1178 1224/1224/1204
f 1222/1222/1201 1224/1224/1204 1231/1231/1205
f 1223/1223/1178 1225/1225/1187 1226/1226/1189
f 1224/1224/1204 1226/1226/1189 1228/1228/1191
f 1227/1227/1176 1229/1229/1207 1214/1214/1206
f 1229/1229/1207 1228/1228/1191 1212/1212/1190
f 1230/1230/1166 1232/1232/1208 1229/1229/1207
f 1232/1232/1208 1231/1231/1205 1228/1228/1191
f 1233/1233/1165 1235/1235/1209 1232/1232/1208
f 1235/1235/1209 1234/1234/1202 1231/1231/1205
f 1236/1236/1168 1238/1238/1210 1235/1235/1209
f 1238/1238/1210 1237/1237/1203 1234/1234/1202
f 1236/1236/1168 1239/1239/1170 1241/1241/1211
f 1238/1238/1210 1241/1241/1211 1240/1240/1200
f 1239/1239/1170 1243/1243/1157 1244/1244/1193
f 1241/1241/1211 1244/1244/1193 1242/1242/1195
s 17
f 1158/1158/1283 1195/1195/1284 1162/1162/1285
f 1195/1195/1284 1197/1197/1214 1201/1201/1213
f 1162/1162/1285 1195/1195/1284 1201/1201/1213
f 1197/1197/1214 1199/1199/1286 1203/1203/1212
s 7
f 1170/1170/1215 1209/1209/1281 1205/1205/1216
s 19
f 1251/1251/1218 1161/1161/1287 1184/1184/1219
f 1182/1182/1221 1157/1157/1288 1245/1245/1222
f 1172/1172/1224 1275/1275/1243 1255/1255/1225
f 1283/1283/1227 1190/1190/1231 1192/1192/1228
f 1286/1286/1230 1188/1188/1233 1190/1190/1231
f 1289/1289/1232 1186/1186/1234 1188/1188/1233
f 1293/1293/1220 1184/1184/1219 1186/1186/1234
s 25
f 1260/1260/1289 1256/1256/1277 1264/1264/1237
f 1256/1256/1277 1258/1258/1235 1264/1264/1237
s 19
f 1280/1280/1229 1192/1192/1228 1194/1194/1238
f 1259/1259/1240 1277/1277/1239 1194/1194/1238
f 1172/1172/1224 1174/1174/1244 1273/1273/1242
f 1174/1174/1244 1176/1176/1246 1271/1271/1245
f 1176/1176/1246 1178/1178/1248 1269/1269/1247
f 1178/1178/1248 1180/1180/1250 1267/1267/1249
f 1180/1180/1250 1182/1182/1221 1265/1265/1223
f 1275/1275/1243 1276/1276/1252 1257/1257/1251
f 1276/1276/1252 1278/1278/1267 1261/1261/1253
f 1293/1293/1220 1294/1294/1255 1253/1253/1254
f 1294/1294/1255 1292/1292/1259 1249/1249/1256
f 1247/1247/1257 1266/1266/1258 1265/1265/1223
f 1249/1249/1256 1292/1292/1259 1266/1266/1258
f 1266/1266/1258 1268/1268/1260 1267/1267/1249
f 1292/1292/1259 1290/1290/1261 1268/1268/1260
f 1268/1268/1260 1270/1270/1262 1269/1269/1247
f 1290/1290/1261 1287/1287/1290 1270/1270/1262
f 1269/1269/1247 1270/1270/1262 1272/1272/1263
f 1270/1270/1262 1287/1287/1290 1284/1284/1264
f 1271/1271/1245 1272/1272/1263 1274/1274/1265
f 1272/1272/1263 1284/1284/1264 1281/1281/1266
f 1273/1273/1242 1274/1274/1265 1276/1276/1252
f 1274/1274/1265 1281/1281/1266 1278/1278/1267
f 1263/1263/1268 1279/1279/1269 1277/1277/1239
f 1261/1261/1253 1278/1278/1267 1279/1279/1269
f 1279/1279/1269 1282/1282/1270 1280/1280/1229
f 1278/1278/1267 1281/1281/1266 1282/1282/1270
f 1282/1282/1270 1285/1285/1271 1283/1283/1227
f 1281/1281/1266 1284/1284/1264 1285/1285/1271
f 1285/1285/1271 1288/1288/1272 1286/1286/1230
f 1284/1284/1264 1287/1287/1290 1288/1288/1272
f 1286/1286/1230 1288/1288/1272 1291/1291/1273
f 1288/1288/1272 1287/1287/1290 1290/1290/1261
f 1289/1289/1232 1291/1291/1273 1294/1294/1255
f 1291/1291/1273 1290/1290/1261 1292/1292/1259
s 43
f 1248/1248/1275 1246/1246/1291 1252/1252/1276
f 1246/1246/1291 1155/1155/1292 1252/1252/1276
f 1155/1155/1292 1159/1159/1293 1252/1252/1276
f 1252/1252/1276 1254/1254/1294 1250/1250/1274
s 25
f 1256/1256/1277 1260/1260/1289 1169/1169/1278
g default
v 25.049308 32.377544 -1241.963971
v 25.049308 32.377544 -1241.963971
v 125.373044 31.637214 -1231.753015
v 125.373044 31.637214 -1231.753015
v 109.072433 31.895748 -1236.480698
v 109.072433 31.895748 -1236.480698
v 96.640487 31.974627 -1238.149677
v 96.640487 31.974627 -1238.149677
v 39.469697 32.340263 -1242.297631
v 39.469697 32.340263 -1242.297631
v 136.173027 31.518328 -1222.800848
v 136.173027 31.518328 -1222.800848
v 142.182611 33.300154 -1196.529269
v 142.447995 32.594276 -1205.974477
v 138.345883 34.139695 -1186.442815
v 140.489250 33.773886 -1190.154618
v 141.823398 33.449587 -1193.581296
v 142.471036 32.002451 -1207.589050
v 142.471036 32.002451 -1207.589050
v 141.635658 31.815614 -1211.511817
v 141.635658 31.815614 -1211.511817
v 139.421870 31.625485 -1217.238111
v 139.421870 31.625485 -1217.238111
v 131.222175 31.534314 -1228.117065
v 131.222175 31.534314 -1228.117065
v 118.239134 31.789208 -1234.499166
v 118.239134 31.789208 -1234.499166
v 0.929651 32.406338 -1209.137026
v 0.929651 32.406338 -1208.636197
v 0.929651 32.406338 -1208.636197
v 141.421293 31.379910 -1196.639323
v 142.089093 31.499421 -1205.821417
v 138.436720 31.345067 -1186.332536
v 140.330406 31.476775 -1190.164099
v 141.264960 31.520814 -1193.716070
v 22.819581 35.290804 -1222.336478
v 22.964277 36.298068 -1209.805814
v 126.484516 36.101396 -1193.002583
v 126.992273 35.899504 -1200.903200
v 127.221876 35.523303 -1208.960827
v 126.798310 34.813622 -1216.925784
v 125.935080 33.808126 -1224.523330
v 39.138516 36.296558 -1214.957120
v 39.288154 35.301704 -1228.563149
v 53.856518 36.842495 -1206.811224
v 53.817950 36.256998 -1216.082039
v 53.848596 35.253319 -1229.039371
v 68.238113 36.657989 -1207.078513
v 68.231862 36.046521 -1216.512095
v 68.234945 35.020650 -1228.665979
v 82.604479 36.563978 -1205.018759
v 82.603633 35.803104 -1216.775546
v 82.594772 34.792088 -1228.134673
v 96.967911 36.468584 -1206.280934
v 96.966944 35.719746 -1217.095662
v 96.880369 34.675018 -1227.684412
v 111.405163 36.182194 -1207.822702
v 111.316605 35.441892 -1217.533845
v 110.226417 34.440868 -1227.064838
v 135.334812 34.894424 -1186.057006
v 135.809116 35.156175 -1190.682989
v 136.308506 35.019924 -1195.970196
v 136.724283 34.674136 -1201.590500
v 136.931325 34.524671 -1207.584083
v 136.905505 34.073275 -1213.687382
v 136.431343 33.132336 -1218.591151
v 142.398979 33.067436 -1201.481575
v 138.509807 34.492424 -1189.235133
v 138.667268 34.533342 -1192.925037
v 138.852836 34.321947 -1197.222439
v 139.167928 34.078008 -1201.711841
v 139.310941 33.932988 -1206.504654
v 139.326970 33.530971 -1211.260217
v 139.305495 32.822524 -1214.860950
v 140.460213 33.979655 -1192.145292
v 140.526189 33.969736 -1194.888396
v 140.628271 33.830102 -1198.322976
v 140.840731 33.660527 -1201.718840
v 140.940866 33.497182 -1205.271713
v 141.010115 33.157991 -1208.757200
v 141.175224 32.618861 -1211.151179
v 141.817317 33.544801 -1194.787937
v 141.747094 33.564777 -1196.169083
v 141.896527 33.408278 -1199.720602
v 142.015315 33.303868 -1201.641971
v 142.049812 33.203995 -1203.572822
v 142.097121 32.874479 -1206.987197
v 142.183485 32.572660 -1207.678109
v 131.615433 35.642877 -1188.202998
v 132.250020 35.680722 -1194.652373
v 132.674644 35.407881 -1201.433038
v 132.756112 35.094443 -1208.352766
v 132.430706 34.480361 -1215.387289
v 131.841269 33.500699 -1222.076976
v 119.428491 36.230384 -1199.697575
v 119.708267 35.907264 -1208.683831
v 119.286959 35.189749 -1217.589267
v 118.636442 34.180510 -1226.223350
v 23.257891 28.230840 -1223.575965
v 24.306029 27.524243 -1213.187681
v 126.672482 27.517592 -1193.057102
v 126.802176 27.798684 -1200.852406
v 126.803474 28.342113 -1208.784854
v 126.562993 29.015363 -1216.812005
v 125.905803 29.513699 -1224.552226
v 39.453506 27.525250 -1215.742057
v 39.339678 28.325965 -1228.665414
v 53.878794 26.872479 -1206.981327
v 53.871845 27.535751 -1216.230470
v 53.868910 28.206525 -1229.109806
v 68.237442 27.217240 -1209.821956
v 68.237732 27.707152 -1216.559051
v 68.234352 28.514194 -1228.760004
v 82.597989 26.823879 -1205.050590
v 82.578405 27.761849 -1216.788076
v 82.560895 28.692507 -1228.235471
v 96.853617 27.127395 -1206.306444
v 96.696509 27.976883 -1217.094307
v 96.688424 28.863960 -1227.721548
v 110.157182 27.608495 -1207.698088
v 109.618448 28.348702 -1217.423453
v 109.647132 29.041430 -1227.101861
v 135.542221 30.130797 -1185.878098
v 135.978119 29.291690 -1190.600138
v 136.331025 29.109597 -1195.971212
v 136.538758 29.317408 -1201.600207
v 136.518553 29.349443 -1207.536788
v 136.589679 29.596923 -1213.639974
v 136.209316 30.271676 -1218.413823
v 141.871229 31.392376 -1201.414188
v 138.550047 30.555699 -1189.154765
v 138.564509 30.102105 -1192.918039
v 138.720616 30.017173 -1197.227969
v 139.079575 30.080253 -1201.720307
v 139.258934 30.000700 -1206.593825
v 139.457764 30.072384 -1211.672213
v 139.324120 30.601019 -1215.105100
v 140.060577 30.985826 -1192.225886
v 139.919256 30.692141 -1195.026895
v 140.004435 30.520616 -1198.390476
v 140.239146 30.492426 -1201.803045
v 140.469948 30.528849 -1205.305801
v 140.811045 30.669453 -1208.851112
v 141.172317 31.017131 -1211.372754
v 141.089523 31.267631 -1194.998337
v 140.949331 31.082395 -1196.267285
v 141.075385 30.940034 -1199.829753
v 141.215986 30.939790 -1201.683961
v 141.348065 30.947378 -1203.566388
v 141.652772 31.133721 -1206.869355
v 141.899603 31.406401 -1207.480576
v 131.799124 28.603732 -1188.147012
v 132.193935 28.214257 -1194.670998
v 132.365308 28.429311 -1201.400079
v 132.362769 28.767035 -1208.249259
v 132.191706 29.251291 -1215.307147
v 131.750447 29.830650 -1222.034535
v 119.385965 27.396936 -1199.678274
v 119.347658 27.987623 -1208.543526
v 118.985623 28.710701 -1217.454155
v 118.520829 29.223594 -1226.265227
v 142.672463 32.052501 -1205.710235
v 142.672463 32.052501 -1205.710235
v 142.148282 31.901420 -1196.994204
v 142.557075 32.366937 -1197.042966
v 142.557075 32.366937 -1197.042966
v 142.629908 32.816383 -1196.940362
v 141.670945 32.031855 -1193.108686
v 141.961360 32.562032 -1192.869390
v 141.961360 32.562032 -1192.869390
v 141.975300 33.054290 -1193.035091
v 138.277283 33.602696 -1184.749116
v 138.266136 32.953030 -1184.184512
v 138.266136 32.953030 -1184.184512
v 138.315138 32.195567 -1184.692566
v 140.550937 33.348253 -1188.993917
v 140.573286 32.776584 -1188.597724
v 140.573286 32.776584 -1188.597724
v 140.573992 32.122699 -1188.940527
v 142.892231 32.600110 -1201.235506
v 142.832464 32.205440 -1201.154348
v 142.832464 32.205440 -1201.154348
v 142.428087 31.784393 -1201.195435
v 53.879855 34.140570 -1233.742335
v 53.879855 34.140570 -1233.742335
v 44.601221 34.013133 -1234.191693
v 44.601221 34.013133 -1234.191693
v 44.601221 34.013133 -1234.191580
v 44.601221 32.328648 -1242.010814
v 44.601221 32.328648 -1242.010814
v 44.601221 32.328648 -1242.010701
v 68.224885 33.978279 -1233.047360
v 68.224885 33.978279 -1233.047360
v 82.544196 33.771808 -1232.353739
v 82.544196 33.771808 -1232.353739
v 94.026090 33.658774 -1231.797601
v 94.026090 33.658774 -1231.797601
v 94.026090 33.658774 -1231.797601
v 94.026090 31.988758 -1238.392811
v 94.026090 31.988758 -1238.392811
v 94.026090 31.988758 -1238.392811
v 44.601221 30.027202 -1234.191693
v 44.601221 30.027202 -1234.191693
v 44.601221 30.027202 -1234.191580
v 53.892272 29.740928 -1233.741658
v 53.892272 29.740928 -1233.741658
v 68.224645 29.853320 -1233.047472
v 68.224645 29.853320 -1233.047472
v 82.523491 29.924213 -1232.354755
v 82.523491 29.924213 -1232.354755
v 94.026090 30.019050 -1231.797601
v 94.026090 30.019050 -1231.797601
v 94.026090 30.019050 -1231.797601
v 0.725120 30.469653 -1202.657513
v 0.725120 30.469653 -1202.156684
v 0.733445 33.129222 -1202.657513
v 0.733445 33.129222 -1202.156684
v 0.726051 31.806354 -1202.657513
v 0.726051 31.806354 -1202.156684
v 134.700367 32.977062 -1181.953074
v 135.690653 34.401591 -1183.664833
v 134.961885 33.998198 -1182.479413
v 134.961885 33.998198 -1182.479413
v 132.672838 33.697963 -1183.726576
v 134.067417 35.006784 -1184.995185
v 133.057010 34.676803 -1184.119383
v 133.057010 34.676803 -1184.119383
v 5.468878 35.350043 -1204.104579
v 3.583879 33.966269 -1202.156684
v 4.148949 34.947366 -1202.727270
v 4.148949 34.947366 -1202.727270
v 1.078696 33.899157 -1204.599764
v 1.078696 33.899157 -1204.098935
v 1.004001 33.938346 -1203.226407
v 1.004001 33.938346 -1202.725577
v 1.004001 33.938346 -1202.725577
v 132.767936 31.366683 -1183.643387
v 134.231933 30.003529 -1184.773046
v 133.222063 30.346347 -1183.952101
v 133.222063 30.346347 -1183.952101
v 135.695986 31.101626 -1183.490101
v 134.711908 32.732954 -1181.942915
v 135.029964 31.623979 -1182.370036
v 135.029964 31.623979 -1182.370036
v 5.218452 27.710939 -1204.077037
v 3.473331 29.057538 -1202.156684
v 3.971423 28.084143 -1202.719143
v 3.971423 28.084143 -1202.719143
v 0.835202 30.062754 -1204.568385
v 0.835202 30.062754 -1204.067556
v 0.786595 29.775898 -1203.217264
v 0.786595 29.775898 -1202.716434
v 0.786595 29.775898 -1202.716434
v 136.832108 32.217659 -1182.670963
v 135.559308 32.182597 -1181.958153
v 135.559308 32.182597 -1181.958153
v 13.222227 28.923313 -1202.156684
v 15.006671 27.537941 -1204.104692
v 13.657938 27.944925 -1202.727270
v 13.657938 27.944925 -1202.727270
v 115.307655 28.622725 -1198.915799
v 117.152953 27.304821 -1199.260182
v 115.848499 27.659311 -1199.016371
v 115.848499 27.659311 -1199.016371
v 119.271791 28.624709 -1195.448372
v 119.337386 27.306689 -1197.496952
v 119.299121 27.657328 -1196.041308
v 119.299121 27.657328 -1196.041308
v 111.006600 27.440737 -1204.441174
v 111.602414 28.710629 -1202.156684
v 111.427908 27.763939 -1202.825811
v 111.427908 27.763939 -1202.825811
v 126.564234 27.616954 -1191.364644
v 126.384790 29.174317 -1189.226667
v 126.454096 28.125947 -1189.838227
v 126.454096 28.125947 -1189.838227
v 129.110906 29.759506 -1186.842169
v 130.848076 28.496476 -1187.673950
v 129.629499 28.786363 -1187.077176
v 129.629499 28.786363 -1187.077176
v 131.685190 28.822480 -1186.979200
v 131.424490 30.710928 -1184.818422
v 131.519884 29.546362 -1185.434723
v 131.519884 29.546362 -1185.434723
v 96.853180 27.026680 -1204.356179
v 96.863720 28.297061 -1202.156684
v 96.856065 27.351717 -1202.800978
v 96.856065 27.351717 -1202.800978
v 82.594214 28.078056 -1202.156684
v 82.596592 26.790302 -1204.291275
v 82.594264 27.128381 -1202.781902
v 82.594264 27.128381 -1202.781902
v 68.237576 26.845186 -1204.234499
v 68.237957 28.089413 -1202.156684
v 68.237710 27.152301 -1202.765310
v 68.237710 27.152301 -1202.765310
v 53.880120 27.937295 -1202.156684
v 53.880254 26.687407 -1204.194089
v 53.880656 26.997455 -1202.753458
v 53.880656 26.997455 -1202.753458
v 39.505139 27.932575 -1202.156684
v 39.504483 26.687328 -1204.159662
v 39.508328 26.992034 -1202.743299
v 39.508328 26.992034 -1202.743299
v 125.072526 27.413868 -1192.589345
v 123.172392 28.707936 -1192.036480
v 123.729885 27.741928 -1192.197554
v 123.729885 27.741928 -1192.197554
v 16.546912 36.281510 -1204.115076
v 14.126195 34.877164 -1202.156684
v 14.923168 35.867828 -1202.730318
v 14.923168 35.867828 -1202.730318
v 23.919451 35.449405 -1202.156684
v 23.567869 36.687033 -1204.130427
v 23.757792 36.380573 -1202.734833
v 23.757792 36.380573 -1202.734833
v 119.303932 36.277658 -1197.739070
v 119.183466 34.953422 -1195.525579
v 119.210782 35.911761 -1196.180822
v 119.210782 35.911761 -1196.180822
v 117.405999 36.291701 -1199.316507
v 115.303577 34.982565 -1198.919298
v 115.918990 35.934675 -1199.036011
v 115.918990 35.934675 -1199.036011
v 111.602414 34.973751 -1202.156684
v 111.526081 36.281270 -1204.349406
v 111.580057 35.924213 -1202.798946
v 111.580057 35.924213 -1202.798946
v 126.229022 34.682080 -1189.362908
v 126.374688 36.091622 -1191.659927
v 126.255364 35.671957 -1190.049982
v 126.255364 35.671957 -1190.049982
v 129.035266 34.423083 -1186.908314
v 130.812408 35.699132 -1187.809739
v 129.546352 35.377613 -1187.180570
v 129.546352 35.377613 -1187.180570
v 131.513126 35.580355 -1187.217594
v 131.321576 34.017302 -1184.908497
v 131.359389 35.062873 -1185.600763
v 131.359389 35.062873 -1185.600763
v 96.918845 35.215604 -1202.156684
v 96.949477 36.524256 -1204.288228
v 96.932334 36.165629 -1202.780999
v 96.932334 36.165629 -1202.780999
v 82.604324 36.586729 -1204.241384
v 82.602349 35.280169 -1202.156684
v 82.603562 36.229323 -1202.767341
v 82.603562 36.229323 -1202.767341
v 68.239277 36.802473 -1204.202104
v 68.239770 35.537321 -1202.156684
v 68.239763 36.474474 -1202.755828
v 68.239763 36.474474 -1202.755828
v 53.873351 35.733040 -1202.156684
v 53.865386 36.989702 -1204.173094
v 53.870525 36.668236 -1202.747249
v 53.870525 36.668236 -1202.747249
v 39.402698 36.962619 -1204.149729
v 39.459467 35.713940 -1202.156684
v 39.439509 36.647767 -1202.740477
v 39.439509 36.647767 -1202.740477
v 125.208118 36.158917 -1192.635737
v 123.162403 34.868342 -1192.045285
v 123.760658 35.819143 -1192.219000
v 123.760658 35.819143 -1192.219000
v 136.771889 33.688277 -1182.724353
v 135.544112 33.600964 -1181.971698
v 135.544112 33.600964 -1181.971698
v 137.042847 33.001390 -1182.485508
v 137.042847 33.001390 -1182.485508
v 135.786005 33.008970 -1181.759492
v 135.786005 33.008970 -1181.759492
v 135.786005 33.008970 -1181.759492
v 24.735013 26.798900 -1204.129637
v 24.684096 28.039730 -1202.156684
v 24.758802 27.096892 -1202.734607
v 24.758802 27.096892 -1202.734607
v -25.049305 32.377544 -1241.963971
v -25.049305 32.377544 -1241.963971
v -125.373044 31.637214 -1231.753015
v -125.373044 31.637214 -1231.753015
v -109.072433 31.895748 -1236.480698
v -109.072433 31.895748 -1236.480698
v -96.640494 31.974627 -1238.149677
v -96.640494 31.974627 -1238.149677
v -39.469697 32.340263 -1242.297631
v -39.469697 32.340263 -1242.297631
v -136.173041 31.518328 -1222.800848
v -136.173041 31.518328 -1222.800848
v -142.182625 33.300154 -1196.529269
v -142.447995 32.594276 -1205.974477
v -138.345883 34.139695 -1186.442815
v -140.489264 33.773886 -1190.154618
v -141.823398 33.449587 -1193.581296
v -142.471022 32.002451 -1207.589050
v -142.471022 32.002451 -1207.589050
v -141.635658 31.815614 -1211.511817
v -141.635658 31.815614 -1211.511817
v -139.421884 31.625485 -1217.238111
v -139.421884 31.625485 -1217.238111
v -131.222175 31.534314 -1228.117065
v -131.222175 31.534314 -1228.117065
v -118.239134 31.789208 -1234.499166
v -118.239134 31.789208 -1234.499166
v -0.929651 32.406338 -1208.636197
v -0.929651 32.406338 -1208.636197
v -0.929651 32.406338 -1209.137026
v -141.421278 31.379910 -1196.639323
v -142.089079 31.499421 -1205.821417
v -138.436734 31.345067 -1186.332536
v -140.330420 31.476775 -1190.164099
v -141.264960 31.520814 -1193.716070
v -22.819581 35.290804 -1222.336478
v -22.964280 36.298068 -1209.805814
v -126.484530 36.101396 -1193.002583
v -126.992273 35.899504 -1200.903200
v -127.221876 35.523303 -1208.960827
v -126.798324 34.813622 -1216.925784
v -125.935080 33.808126 -1224.523330
v -39.138512 36.296558 -1214.957120
v -39.288157 35.301704 -1228.563149
v -53.856522 36.842495 -1206.811224
v -53.817947 36.256998 -1216.082039
v -53.848592 35.253319 -1229.039371
v -68.238105 36.657989 -1207.078513
v -68.231869 36.046521 -1216.512095
v -68.234945 35.020650 -1228.665979
v -82.604479 36.563978 -1205.018759
v -82.603633 35.803104 -1216.775546
v -82.594772 34.792088 -1228.134673
v -96.967918 36.468584 -1206.280934
v -96.966944 35.719746 -1217.095662
v -96.880369 34.675018 -1227.684412
v -111.405163 36.182194 -1207.822702
v -111.316612 35.441892 -1217.533845
v -110.226417 34.440868 -1227.064838
v -135.334827 34.894424 -1186.057006
v -135.809102 35.156175 -1190.682989
v -136.308520 35.019924 -1195.970196
v -136.724283 34.674136 -1201.590500
v -136.931325 34.524671 -1207.584083
v -136.905491 34.073275 -1213.687382
v -136.431357 33.132336 -1218.591151
v -142.398979 33.067436 -1201.481575
v -138.509821 34.492424 -1189.235133
v -138.667254 34.533342 -1192.925037
v -138.852850 34.321947 -1197.222439
v -139.167914 34.078008 -1201.711841
v -139.310941 33.932988 -1206.504654
v -139.326984 33.530971 -1211.260217
v -139.305509 32.822524 -1214.860950
v -140.460227 33.979655 -1192.145292
v -140.526175 33.969736 -1194.888396
v -140.628271 33.830102 -1198.322976
v -140.840731 33.660527 -1201.718840
v -140.940866 33.497182 -1205.271713
v -141.010129 33.157991 -1208.757200
v -141.175210 32.618861 -1211.151179
v -141.817303 33.544801 -1194.787937
v -141.747094 33.564777 -1196.169083
v -141.896513 33.408278 -1199.720602
v -142.015315 33.303868 -1201.641971
v -142.049812 33.203995 -1203.572822
v -142.097121 32.874479 -1206.987197
v -142.183471 32.572660 -1207.678109
v -131.615433 35.642877 -1188.202998
v -132.250020 35.680722 -1194.652373
v -132.674630 35.407881 -1201.433038
v -132.756098 35.094443 -1208.352766
v -132.430706 34.480361 -1215.387289
v -131.841269 33.500699 -1222.076976
v -119.428505 36.230384 -1199.697575
v -119.708267 35.907264 -1208.683831
v -119.286959 35.189749 -1217.589267
v -118.636456 34.180510 -1226.223350
v -23.257891 28.230840 -1223.575965
v -24.306033 27.524243 -1213.187681
v -126.672482 27.517592 -1193.057102
v -126.802176 27.798684 -1200.852406
v -126.803474 28.342113 -1208.784854
v -126.562993 29.015363 -1216.812005
v -125.905803 29.513699 -1224.552226
v -39.453506 27.525250 -1215.742057
v -39.339678 28.325965 -1228.665414
v -53.878787 26.872479 -1206.981327
v -53.871845 27.535751 -1216.230470
v -53.868910 28.206525 -1229.109806
v -68.237442 27.217240 -1209.821956
v -68.237725 27.707152 -1216.559051
v -68.234352 28.514194 -1228.760004
v -82.597989 26.823879 -1205.050590
v -82.578405 27.761849 -1216.788076
v -82.560895 28.692507 -1228.235471
v -96.853617 27.127395 -1206.306444
v -96.696509 27.976883 -1217.094307
v -96.688424 28.863960 -1227.721548
v -110.157182 27.608495 -1207.698088
v -109.618455 28.348702 -1217.423453
v -109.647125 29.041430 -1227.101861
v -135.542236 30.130797 -1185.878098
v -135.978119 29.291690 -1190.600138
v -136.331011 29.109597 -1195.971212
v -136.538758 29.317408 -1201.600207
v -136.518553 29.349443 -1207.536788
v -136.589665 29.596923 -1213.639974
v -136.209331 30.271676 -1218.413823
v -141.871229 31.392376 -1201.414188
v -138.550047 30.555699 -1189.154765
v -138.564509 30.102105 -1192.918039
v -138.720616 30.017173 -1197.227969
v -139.079561 30.080253 -1201.720307
v -139.258948 30.000700 -1206.593825
v -139.457779 30.072384 -1211.672213
v -139.324120 30.601019 -1215.105100
v -140.060563 30.985826 -1192.225886
v -139.919271 30.692141 -1195.026895
v -140.004435 30.520616 -1198.390476
v -140.239160 30.492426 -1201.803045
v -140.469948 30.528849 -1205.305801
v -140.811045 30.669453 -1208.851112
v -141.172317 31.017131 -1211.372754
v -141.089523 31.267631 -1194.998337
v -140.949345 31.082395 -1196.267285
v -141.075371 30.940034 -1199.829753
v -141.215986 30.939790 -1201.683961
v -141.348079 30.947378 -1203.566388
v -141.652786 31.133721 -1206.869355
v -141.899603 31.406401 -1207.480576
v -131.799138 28.603732 -1188.147012
v -132.193935 28.214257 -1194.670998
v -132.365323 28.429311 -1201.400079
v -132.362783 28.767035 -1208.249259
v -132.191720 29.251291 -1215.307147
v -131.750433 29.830650 -1222.034535
v -119.385951 27.396936 -1199.678274
v -119.347658 27.987623 -1208.543526
v -118.985623 28.710701 -1217.454155
v -118.520829 29.223594 -1226.265227
v -142.672463 32.052501 -1205.710235
v -142.672463 32.052501 -1205.710235
v -142.148282 31.901420 -1196.994204
v -142.557090 32.366937 -1197.042966
v -142.557090 32.366937 -1197.042966
v -142.629894 32.816383 -1196.940362
v -141.670931 32.031855 -1193.108686
v -141.961360 32.562032 -1192.869390
v -141.961360 32.562032 -1192.869390
v -141.975300 33.054290 -1193.035091
v -138.277283 33.602696 -1184.749116
v -138.266136 32.953030 -1184.184512
v -138.266136 32.953030 -1184.184512
v -138.315138 32.195567 -1184.692566
v -140.550937 33.348253 -1188.993917
v -140.573272 32.776584 -1188.597724
v -140.573272 32.776584 -1188.597724
v -140.574006 32.122699 -1188.940527
v -142.892217 32.600110 -1201.235506
v -142.832464 32.205440 -1201.154348
v -142.832464 32.205440 -1201.154348
v -142.428087 31.784393 -1201.195435
v -53.879859 34.140570 -1233.742335
v -53.879859 34.140570 -1233.742335
v -44.601221 34.013133 -1234.191580
v -44.601221 34.013133 -1234.191693
v -44.601221 34.013133 -1234.191693
v -44.601221 32.328648 -1242.010701
v -44.601221 32.328648 -1242.010814
v -44.601221 32.328648 -1242.010814
v -68.224885 33.978279 -1233.047360
v -68.224885 33.978279 -1233.047360
v -82.544189 33.771808 -1232.353739
v -82.544189 33.771808 -1232.353739
v -94.026097 33.658774 -1231.797601
v -94.026097 33.658774 -1231.797601
v -94.026097 33.658774 -1231.797601
v -94.026097 31.988758 -1238.392811
v -94.026097 31.988758 -1238.392811
v -94.026097 31.988758 -1238.392811
v -44.601221 30.027202 -1234.191580
v -44.601221 30.027202 -1234.191693
v -44.601221 30.027202 -1234.191693
v -53.892275 29.740928 -1233.741658
v -53.892275 29.740928 -1233.741658
v -68.224645 29.853320 -1233.047472
v -68.224645 29.853320 -1233.047472
v -82.523491 29.924213 -1232.354755
v -82.523491 29.924213 -1232.354755
v -94.026097 30.019050 -1231.797601
v -94.026097 30.019050 -1231.797601
v -94.026097 30.019050 -1231.797601
v -0.725120 30.469653 -1202.156684
v -0.725120 30.469653 -1202.657513
v -0.733445 33.129222 -1202.156684
v -0.733445 33.129222 -1202.657513
v -0.726051 31.806354 -1202.156684
v -0.726051 31.806354 -1202.657513
v -134.700381 32.977062 -1181.953074
v -135.690639 34.401591 -1183.664833
v -134.961885 33.998198 -1182.479413
v -134.961885 33.998198 -1182.479413
v -132.672824 33.697963 -1183.726576
v -134.067417 35.006784 -1184.995185
v -133.057010 34.676803 -1184.119383
v -133.057010 34.676803 -1184.119383
v -5.468881 35.350043 -1204.104579
v -3.583879 33.966269 -1202.156684
v -4.148949 34.947366 -1202.727270
v -4.148949 34.947366 -1202.727270
v -1.078696 33.899157 -1204.098935
v -1.078696 33.899157 -1204.599764
v -1.004001 33.938346 -1202.725577
v -1.004001 33.938346 -1202.725577
v -1.004001 33.938346 -1203.226407
v -132.767922 31.366683 -1183.643387
v -134.231933 30.003529 -1184.773046
v -133.222063 30.346347 -1183.952101
v -133.222063 30.346347 -1183.952101
v -135.695972 31.101626 -1183.490101
v -134.711908 32.732954 -1181.942915
v -135.029950 31.623979 -1182.370036
v -135.029950 31.623979 -1182.370036
v -5.218452 27.710939 -1204.077037
v -3.473331 29.057538 -1202.156684
v -3.971423 28.084143 -1202.719143
v -3.971423 28.084143 -1202.719143
v -0.835202 30.062754 -1204.067556
v -0.835202 30.062754 -1204.568385
v -0.786595 29.775898 -1202.716434
v -0.786595 29.775898 -1202.716434
v -0.786595 29.775898 -1203.217264
v -136.832108 32.217659 -1182.670963
v -135.559308 32.182597 -1181.958153
v -135.559308 32.182597 -1181.958153
v -13.222224 28.923313 -1202.156684
v -15.006675 27.537941 -1204.104692
v -13.657938 27.944925 -1202.727270
v -13.657938 27.944925 -1202.727270
v -115.307655 28.622725 -1198.915799
v -117.152960 27.304821 -1199.260182
v -115.848499 27.659311 -1199.016371
v -115.848499 27.659311 -1199.016371
v -119.271791 28.624709 -1195.448372
v -119.337386 27.306689 -1197.496952
v -119.299121 27.657328 -1196.041308
v -119.299121 27.657328 -1196.041308
v -111.006600 27.440737 -1204.441174
v -111.602414 28.710629 -1202.156684
v -111.427908 27.763939 -1202.825811
v -111.427908 27.763939 -1202.825811
v -126.564234 27.616954 -1191.364644
v -126.384790 29.174317 -1189.226667
v -126.454096 28.125947 -1189.838227
v -126.454096 28.125947 -1189.838227
v -129.110906 29.759506 -1186.842169
v -130.848076 28.496476 -1187.673950
v -129.629499 28.786363 -1187.077176
v -129.629499 28.786363 -1187.077176
v -131.685190 28.822480 -1186.979200
v -131.424504 30.710928 -1184.818422
v -131.519884 29.546362 -1185.434723
v -131.519884 29.546362 -1185.434723
v -96.853180 27.026680 -1204.356179
v -96.863720 28.297061 -1202.156684
v -96.856058 27.351717 -1202.800978
v -96.856058 27.351717 -1202.800978
v -82.594222 28.078056 -1202.156684
v -82.596592 26.790302 -1204.291275
v -82.594264 27.128381 -1202.781902
v -82.594264 27.128381 -1202.781902
v -68.237569 26.845186 -1204.234499
v -68.237964 28.089413 -1202.156684
v -68.237710 27.152301 -1202.765310
v -68.237710 27.152301 -1202.765310
v -53.880113 27.937295 -1202.156684
v -53.880254 26.687407 -1204.194089
v -53.880663 26.997455 -1202.753458
v -53.880663 26.997455 -1202.753458
v -39.505139 27.932575 -1202.156684
v -39.504483 26.687328 -1204.159662
v -39.508328 26.992034 -1202.743299
v -39.508328 26.992034 -1202.743299
v -125.072541 27.413868 -1192.589345
v -123.172392 28.707936 -1192.036480
v -123.729885 27.741928 -1192.197554
v -123.729885 27.741928 -1192.197554
v -16.546912 36.281510 -1204.115076
v -14.126195 34.877164 -1202.156684
v -14.923168 35.867828 -1202.730318
v -14.923168 35.867828 -1202.730318
v -23.919448 35.449405 -1202.156684
v -23.567869 36.687033 -1204.130427
v -23.757796 36.380573 -1202.734833
v -23.757796 36.380573 -1202.734833
v -119.303946 36.277658 -1197.739070
v -119.183466 34.953422 -1195.525579
v -119.210796 35.911761 -1196.180822
v -119.210796 35.911761 -1196.180822
v -117.405999 36.291701 -1199.316507
v -115.303577 34.982565 -1198.919298
v -115.918990 35.934675 -1199.036011
v -115.918990 35.934675 -1199.036011
v -111.602414 34.973751 -1202.156684
v -111.526081 36.281270 -1204.349406
v -111.580064 35.924213 -1202.798946
v -111.580064 35.924213 -1202.798946
v -126.229022 34.682080 -1189.362908
v -126.374702 36.091622 -1191.659927
v -126.255364 35.671957 -1190.049982
v -126.255364 35.671957 -1190.049982
v -129.035266 34.423083 -1186.908314
v -130.812408 35.699132 -1187.809739
v -129.546352 35.377613 -1187.180570
v -129.546352 35.377613 -1187.180570
v -131.513140 35.580355 -1187.217594
v -131.321576 34.017302 -1184.908497
v -131.359375 35.062873 -1185.600763
v -131.359375 35.062873 -1185.600763
v -96.918845 35.215604 -1202.156684
v -96.949477 36.524256 -1204.288228
v -96.932334 36.165629 -1202.780999
v -96.932334 36.165629 -1202.780999
v -82.604324 36.586729 -1204.241384
v -82.602349 35.280169 -1202.156684
v -82.603562 36.229323 -1202.767341
v -82.603562 36.229323 -1202.767341
v -68.239277 36.802473 -1204.202104
v -68.239770 35.537321 -1202.156684
v -68.239756 36.474474 -1202.755828
v -68.239756 36.474474 -1202.755828
v -53.873354 35.733040 -1202.156684
v -53.865383 36.989702 -1204.173094
v -53.870533 36.668236 -1202.747249
v -53.870533 36.668236 -1202.747249
v -39.402698 36.962619 -1204.149729
v -39.459467 35.713940 -1202.156684
v -39.439509 36.647767 -1202.740477
v -39.439509 36.647767 -1202.740477
v -125.208118 36.158917 -1192.635737
v -123.162403 34.868342 -1192.045285
v -123.760643 35.819143 -1192.219000
v -123.760643 35.819143 -1192.219000
v -136.771875 33.688277 -1182.724353
v -135.544126 33.600964 -1181.971698
v -135.544126 33.600964 -1181.971698
v -137.042847 33.001390 -1182.485508
v -137.042847 33.001390 -1182.485508
v -135.786005 33.008970 -1181.759492
v -135.786005 33.008970 -1181.759492
v -135.786005 33.008970 -1181.759492
v -24.735017 26.798900 -1204.129637
v -24.684096 28.039730 -1202.156684
v -24.758805 27.096892 -1202.734607
v -24.758805 27.096892 -1202.734607
vt 0.385384 0.756920
vt 0.683002 0.523794
vt 0.390531 0.655350
vt 0.678086 0.422211
vt 0.392857 0.672318
vt 0.675788 0.439197
vt 0.392650 0.684956
vt 0.675965 0.451844
vt 0.388032 0.742620
vt 0.680441 0.509482
vt 0.383186 0.643246
vt 0.685399 0.410081
vt 0.709975 0.400768
vt 0.701015 0.401846
vt 0.719989 0.402411
vt 0.716115 0.401209
vt 0.712726 0.400633
vt 0.369397 0.634637
vt 0.699364 0.401732
vt 0.695675 0.403087
vt 0.373057 0.636109
vt 0.378175 0.639173
vt 0.690413 0.406046
vt 0.387744 0.648973
vt 0.680851 0.415821
vt 0.392238 0.662880
vt 0.676412 0.429752
vt 0.327285 0.958074
vt 0.349136 0.776761
vt 0.719487 0.543162
vt 0.358635 0.634057
vt 0.367577 0.634923
vt 0.348506 0.635002
vt 0.352376 0.633996
vt 0.355841 0.633704
vt 0.703049 0.522949
vt 0.715503 0.520931
vt 0.716310 0.415251
vt 0.708556 0.416202
vt 0.700704 0.417285
vt 0.692972 0.418868
vt 0.685549 0.420756
vt 0.708018 0.505635
vt 0.694440 0.507514
vt 0.713959 0.489795
vt 0.704724 0.491209
vt 0.691790 0.493111
vt 0.711556 0.475521
vt 0.702143 0.476929
vt 0.689996 0.478739
vt 0.711470 0.460906
vt 0.699732 0.462658
vt 0.688369 0.464354
vt 0.708070 0.446801
vt 0.697283 0.448410
vt 0.686704 0.450059
vt 0.704357 0.432658
vt 0.694702 0.434221
vt 0.685349 0.436698
vt 0.721046 0.405197
vt 0.716617 0.405838
vt 0.711577 0.406381
vt 0.706196 0.406922
vt 0.700478 0.407691
vt 0.694646 0.408585
vt 0.689861 0.409587
vt 0.705297 0.401330
vt 0.717379 0.402964
vt 0.713951 0.403570
vt 0.709928 0.404139
vt 0.705656 0.404569
vt 0.701105 0.405196
vt 0.696556 0.405830
vt 0.693027 0.406227
vt 0.714302 0.401698
vt 0.711786 0.402145
vt 0.708585 0.402609
vt 0.705361 0.402948
vt 0.701996 0.403409
vt 0.698662 0.403796
vt 0.696287 0.403844
vt 0.711642 0.400889
vt 0.710392 0.401180
vt 0.707054 0.401594
vt 0.705226 0.401781
vt 0.703405 0.402050
vt 0.700169 0.402466
vt 0.699455 0.402353
vt 0.719870 0.409292
vt 0.713600 0.410016
vt 0.707055 0.410810
vt 0.700411 0.411834
vt 0.693648 0.413152
vt 0.687118 0.414585
vt 0.711052 0.423376
vt 0.702177 0.424590
vt 0.693444 0.426345
vt 0.684948 0.428231
vt 0.366397 0.755643
vt 0.356230 0.753022
vt 0.352540 0.648029
vt 0.360070 0.649317
vt 0.367778 0.650619
vt 0.375602 0.652086
vt 0.383124 0.653873
vt 0.361055 0.738379
vt 0.373895 0.740470
vt 0.354525 0.722705
vt 0.363743 0.724129
vt 0.376554 0.726114
vt 0.359566 0.708855
vt 0.366289 0.709895
vt 0.378459 0.711785
vt 0.357025 0.693830
vt 0.368730 0.695662
vt 0.380157 0.697442
vt 0.360479 0.679855
vt 0.371213 0.681671
vt 0.381819 0.683306
vt 0.363944 0.666824
vt 0.373550 0.668890
vt 0.383180 0.670339
vt 0.347515 0.637824
vt 0.352023 0.638598
vt 0.357108 0.639255
vt 0.362504 0.639967
vt 0.368178 0.641000
vt 0.374015 0.641875
vt 0.378655 0.642808
vt 0.363291 0.634418
vt 0.351157 0.635709
vt 0.354640 0.636458
vt 0.358725 0.637041
vt 0.363071 0.637447
vt 0.367759 0.638146
vt 0.372594 0.638825
vt 0.375870 0.639334
vt 0.354248 0.634731
vt 0.356852 0.635391
vt 0.360056 0.635918
vt 0.363358 0.636283
vt 0.366752 0.636659
vt 0.370209 0.636933
vt 0.372677 0.636940
vt 0.357021 0.634153
vt 0.358199 0.634537
vt 0.361620 0.635052
vt 0.363423 0.635231
vt 0.365250 0.635433
vt 0.368483 0.635653
vt 0.369138 0.635412
vt 0.348883 0.642078
vt 0.355124 0.643029
vt 0.361577 0.644022
vt 0.368170 0.645139
vt 0.374984 0.646366
vt 0.381520 0.647744
vt 0.357610 0.656331
vt 0.366311 0.657879
vt 0.375056 0.659628
vt 0.383694 0.661424
vt 0.367608 0.634127
vt 0.701126 0.401238
vt 0.359101 0.633246
vt 0.709353 0.399793
vt 0.359225 0.632652
vt 0.709491 0.400221
vt 0.355331 0.633017
vt 0.713337 0.399709
vt 0.355139 0.632418
vt 0.713183 0.400177
vt 0.721605 0.401892
vt 0.722253 0.401351
vt 0.346190 0.633785
vt 0.346856 0.634380
vt 0.717174 0.400723
vt 0.717586 0.400201
vt 0.350859 0.632719
vt 0.351268 0.633291
vt 0.705406 0.400648
vt 0.705404 0.400258
vt 0.363237 0.633157
vt 0.363188 0.633728
vt 0.686976 0.493795
vt 0.866156 0.625817
vt 0.687896 0.503106
vt 0.866029 0.635107
vt 0.019658 0.750919
vt 0.388579 0.737470
vt 0.679932 0.504329
vt 0.021343 0.743099
vt 0.685509 0.479406
vt 0.865994 0.611454
vt 0.684049 0.465035
vt 0.865787 0.597117
vt 0.285517 0.806825
vt 0.682894 0.453511
vt 0.865674 0.585621
vt 0.283847 0.800229
vt 0.392501 0.687597
vt 0.676108 0.454486
vt 0.380471 0.736162
vt 0.862042 0.635107
vt 0.023645 0.750919
vt 0.381405 0.726836
vt 0.861756 0.625805
vt 0.382933 0.712468
vt 0.861869 0.611454
vt 0.384434 0.698121
vt 0.861939 0.597138
vt 0.281877 0.806825
vt 0.385643 0.686583
vt 0.862034 0.585621
vt 0.325342 0.964555
vt 0.958645 0.099638
vt 0.328002 0.964557
vt 0.958658 0.102298
vt 0.326679 0.964556
vt 0.958670 0.100973
vt 0.817254 0.103025
vt 0.723207 0.404186
vt 0.817274 0.104123
vt 0.724628 0.404425
vt 0.819759 0.103667
vt 0.722356 0.406134
vt 0.819719 0.104751
vt 0.723543 0.406822
vt 0.723569 0.537379
vt 0.955828 0.103113
vt 0.955300 0.104249
vt 0.725127 0.538537
vt 0.328814 0.962601
vt 0.724189 0.541964
vt 0.328847 0.963977
vt 0.958437 0.103299
vt 0.725571 0.541839
vt 0.819575 0.101419
vt 0.346178 0.638791
vt 0.819346 0.100325
vt 0.345014 0.639422
vt 0.345234 0.636853
vt 0.817237 0.102801
vt 0.817084 0.101666
vt 0.343857 0.636960
vt 0.344556 0.770403
vt 0.955923 0.098320
vt 0.955481 0.097199
vt 0.343051 0.771485
vt 0.324936 0.962641
vt 0.344078 0.775334
vt 0.324648 0.963993
vt 0.958662 0.098748
vt 0.342701 0.775109
vt 0.344622 0.635250
vt 0.816470 0.102261
vt 0.343513 0.636152
vt 0.946285 0.098089
vt 0.345817 0.760887
vt 0.945863 0.096958
vt 0.344218 0.762048
vt 0.842108 0.097939
vt 0.356804 0.658446
vt 0.841689 0.096911
vt 0.356281 0.659716
vt 0.836906 0.098181
vt 0.355472 0.655993
vt 0.837223 0.097115
vt 0.353994 0.655785
vt 0.360832 0.665453
vt 0.847458 0.097546
vt 0.847838 0.096362
vt 0.359255 0.664774
vt 0.350894 0.647808
vt 0.827717 0.099031
vt 0.828005 0.097883
vt 0.349322 0.647587
vt 0.824224 0.099717
vt 0.348239 0.642882
vt 0.823934 0.098660
vt 0.347310 0.643869
vt 0.347739 0.641899
vt 0.821272 0.100729
vt 0.821515 0.099469
vt 0.346082 0.641575
vt 0.358537 0.679554
vt 0.862872 0.097535
vt 0.862889 0.096371
vt 0.356961 0.679298
vt 0.877148 0.097282
vt 0.356269 0.693714
vt 0.877145 0.096147
vt 0.354731 0.693475
vt 0.353991 0.707993
vt 0.891466 0.097272
vt 0.891465 0.096157
vt 0.352497 0.707760
vt 0.905784 0.097120
vt 0.351748 0.722277
vt 0.905782 0.096010
vt 0.350282 0.722050
vt 0.920112 0.097114
vt 0.349523 0.736563
vt 0.920110 0.096010
vt 0.348083 0.736341
vt 0.351794 0.649478
vt 0.831852 0.098444
vt 0.831504 0.097403
vt 0.351093 0.650706
vt 0.722058 0.526457
vt 0.945383 0.104035
vt 0.944603 0.105183
vt 0.723689 0.527896
vt 0.935633 0.104611
vt 0.721059 0.519505
vt 0.935800 0.105702
vt 0.722455 0.519125
vt 0.712992 0.423158
vt 0.837227 0.104363
vt 0.837648 0.105415
vt 0.714587 0.422993
vt 0.711776 0.425299
vt 0.842292 0.104342
vt 0.841889 0.105389
vt 0.712358 0.426744
vt 0.847519 0.104528
vt 0.707799 0.431994
vt 0.847771 0.105694
vt 0.709377 0.431698
vt 0.828090 0.104377
vt 0.717632 0.415101
vt 0.828537 0.105463
vt 0.719277 0.414896
vt 0.824459 0.104237
vt 0.720421 0.409976
vt 0.824278 0.105308
vt 0.721375 0.411050
vt 0.720837 0.409164
vt 0.821499 0.103931
vt 0.821924 0.105074
vt 0.722515 0.408896
vt 0.862811 0.104350
vt 0.710054 0.446522
vt 0.862810 0.105504
vt 0.711596 0.446304
vt 0.712244 0.460791
vt 0.877140 0.104447
vt 0.877136 0.105575
vt 0.713754 0.460561
vt 0.714423 0.475093
vt 0.891468 0.104699
vt 0.891465 0.105809
vt 0.715899 0.474867
vt 0.905792 0.104891
vt 0.716587 0.489396
vt 0.905794 0.105994
vt 0.718040 0.489172
vt 0.718744 0.503776
vt 0.920158 0.104874
vt 0.920179 0.105972
vt 0.720176 0.503531
vt 0.716906 0.416421
vt 0.832063 0.104432
vt 0.831764 0.105499
vt 0.717640 0.417769
vt 0.723839 0.402793
vt 0.816535 0.103684
vt 0.724974 0.403611
vt 0.724175 0.402123
vt 0.344253 0.634530
vt 0.816229 0.103091
vt 0.725315 0.403019
vt 0.343061 0.635377
vt 0.347285 0.751216
vt 0.934872 0.097236
vt 0.934804 0.096134
vt 0.345871 0.750993
vt 0.512513 0.413189
vt 0.800717 0.874003
vt 0.507605 0.514773
vt 0.805849 0.975573
vt 0.505305 0.497786
vt 0.808177 0.958606
vt 0.505481 0.485140
vt 0.807972 0.945967
vt 0.509952 0.427501
vt 0.803363 0.888303
vt 0.514919 0.526901
vt 0.798501 0.987677
vt 0.539495 0.536212
vt 0.530535 0.535136
vt 0.549509 0.534569
vt 0.545635 0.535771
vt 0.542247 0.536348
vt 0.528885 0.535250
vt 0.784711 0.996283
vt 0.788371 0.994812
vt 0.525195 0.533895
vt 0.519933 0.530937
vt 0.793490 0.991749
vt 0.510371 0.521162
vt 0.803060 0.981950
vt 0.505930 0.507231
vt 0.807557 0.968043
vt 0.548996 0.393818
vt 0.764472 0.854156
vt 0.608006 0.958075
vt 0.773949 0.996862
vt 0.782891 0.995997
vt 0.763820 0.995915
vt 0.767690 0.996922
vt 0.771155 0.997214
vt 0.532560 0.414032
vt 0.545013 0.416049
vt 0.545829 0.521729
vt 0.538075 0.520779
vt 0.530222 0.519696
vt 0.522491 0.518114
vt 0.515068 0.516226
vt 0.537530 0.431346
vt 0.523951 0.429468
vt 0.543472 0.447185
vt 0.534237 0.445772
vt 0.521303 0.443871
vt 0.541070 0.461460
vt 0.531657 0.460052
vt 0.519510 0.458243
vt 0.540985 0.476075
vt 0.529247 0.474323
vt 0.517884 0.472628
vt 0.537587 0.490180
vt 0.526799 0.488572
vt 0.516220 0.486923
vt 0.533875 0.504324
vt 0.524219 0.502761
vt 0.514867 0.500285
vt 0.550566 0.531783
vt 0.546137 0.531142
vt 0.541096 0.530600
vt 0.535716 0.530059
vt 0.529998 0.529290
vt 0.524166 0.528397
vt 0.519381 0.527396
vt 0.534817 0.535652
vt 0.546899 0.534017
vt 0.543471 0.533410
vt 0.539448 0.532842
vt 0.535175 0.532412
vt 0.530625 0.531786
vt 0.526076 0.531152
vt 0.522547 0.530755
vt 0.543823 0.535283
vt 0.541306 0.534835
vt 0.538105 0.534372
vt 0.534881 0.534033
vt 0.531516 0.533572
vt 0.528182 0.533186
vt 0.525807 0.533138
vt 0.541162 0.536092
vt 0.539912 0.535801
vt 0.536574 0.535387
vt 0.534747 0.535200
vt 0.532925 0.534932
vt 0.529689 0.534515
vt 0.528975 0.534629
vt 0.549390 0.527688
vt 0.543119 0.526965
vt 0.536574 0.526171
vt 0.529930 0.525148
vt 0.523168 0.523830
vt 0.516638 0.522398
vt 0.540570 0.513605
vt 0.531695 0.512392
vt 0.522963 0.510637
vt 0.514466 0.508752
vt 0.781730 0.875277
vt 0.771563 0.877896
vt 0.767856 0.982889
vt 0.775387 0.981602
vt 0.783095 0.980301
vt 0.790918 0.978835
vt 0.798441 0.977049
vt 0.776386 0.892540
vt 0.789226 0.890451
vt 0.769853 0.908213
vt 0.779071 0.906791
vt 0.791882 0.904807
vt 0.774892 0.922063
vt 0.781615 0.921025
vt 0.793785 0.919137
vt 0.772348 0.937088
vt 0.784054 0.935258
vt 0.795481 0.933480
vt 0.775801 0.951064
vt 0.786535 0.949249
vt 0.797141 0.947616
vt 0.779263 0.964095
vt 0.788869 0.962031
vt 0.798500 0.960584
vt 0.762829 0.993093
vt 0.767337 0.992320
vt 0.772423 0.991663
vt 0.777819 0.990952
vt 0.783493 0.989920
vt 0.789330 0.989046
vt 0.793970 0.988114
vt 0.778606 0.996501
vt 0.766471 0.995209
vt 0.769955 0.994460
vt 0.774039 0.993878
vt 0.778386 0.993472
vt 0.783074 0.992774
vt 0.787909 0.992096
vt 0.791185 0.991587
vt 0.769562 0.996187
vt 0.772166 0.995528
vt 0.775371 0.995001
vt 0.778672 0.994637
vt 0.782067 0.994261
vt 0.785523 0.993988
vt 0.787991 0.993981
vt 0.772335 0.996766
vt 0.773513 0.996382
vt 0.776934 0.995867
vt 0.778737 0.995688
vt 0.780564 0.995487
vt 0.783797 0.995268
vt 0.784452 0.995508
vt 0.764198 0.988840
vt 0.770439 0.987889
vt 0.776893 0.986897
vt 0.783486 0.985781
vt 0.790300 0.984555
vt 0.796836 0.983178
vt 0.772928 0.974588
vt 0.781628 0.973041
vt 0.790374 0.971293
vt 0.799012 0.969498
vt 0.530646 0.535744
vt 0.782922 0.996793
vt 0.774415 0.997673
vt 0.774539 0.998267
vt 0.538874 0.537188
vt 0.539011 0.536759
vt 0.770644 0.997901
vt 0.770453 0.998500
vt 0.542858 0.537271
vt 0.542703 0.536804
vt 0.551125 0.535088
vt 0.761504 0.997132
vt 0.551773 0.535629
vt 0.762170 0.996537
vt 0.546694 0.536258
vt 0.766173 0.998198
vt 0.547107 0.536779
vt 0.766582 0.997627
vt 0.534926 0.536333
vt 0.778551 0.997763
vt 0.534925 0.536723
vt 0.778502 0.997192
vt 0.934071 0.629807
vt 0.516488 0.443188
vt 0.757610 0.878702
vt 0.934198 0.639097
vt 0.517408 0.433877
vt 0.755925 0.870883
vt 0.509444 0.432654
vt 0.803909 0.893453
vt 0.934233 0.615444
vt 0.515023 0.457577
vt 0.934440 0.601107
vt 0.513564 0.471947
vt 0.934553 0.589610
vt 0.512410 0.483472
vt 0.420577 0.838147
vt 0.505624 0.482498
vt 0.807823 0.943327
vt 0.418891 0.844739
vt 0.753624 0.878702
vt 0.938185 0.639097
vt 0.795802 0.894760
vt 0.938471 0.629794
vt 0.796734 0.904086
vt 0.938358 0.615444
vt 0.798260 0.918455
vt 0.938287 0.601127
vt 0.799758 0.932801
vt 0.938193 0.589610
vt 0.800965 0.944340
vt 0.416937 0.838138
vt 0.465084 0.069289
vt 0.609951 0.964555
vt 0.462425 0.069276
vt 0.607291 0.964558
vt 0.463750 0.069264
vt 0.608614 0.964557
vt 0.461697 0.210680
vt 0.552727 0.532794
vt 0.460600 0.210660
vt 0.554148 0.532555
vt 0.461055 0.208174
vt 0.551876 0.530845
vt 0.553063 0.530157
vt 0.459971 0.208214
vt 0.553079 0.399601
vt 0.461610 0.072106
vt 0.554636 0.398443
vt 0.460473 0.072634
vt 0.553698 0.395016
vt 0.606478 0.962603
vt 0.555080 0.395141
vt 0.461423 0.069497
vt 0.606445 0.963979
vt 0.463304 0.208359
vt 0.761493 0.992126
vt 0.760329 0.991494
vt 0.464397 0.208588
vt 0.760548 0.994064
vt 0.461922 0.210697
vt 0.759171 0.993956
vt 0.463056 0.210850
vt 0.759891 0.860514
vt 0.466402 0.072011
vt 0.467523 0.072453
vt 0.758386 0.859431
vt 0.759414 0.855583
vt 0.610357 0.962641
vt 0.465974 0.069271
vt 0.758037 0.855807
vt 0.610645 0.963993
vt 0.759936 0.995667
vt 0.758827 0.994764
vt 0.462462 0.211464
vt 0.466633 0.081649
vt 0.761151 0.870030
vt 0.759552 0.868868
vt 0.467765 0.082071
vt 0.466783 0.185826
vt 0.772121 0.972472
vt 0.467811 0.186245
vt 0.771599 0.971203
vt 0.466541 0.191028
vt 0.770789 0.974925
vt 0.467607 0.190711
vt 0.769312 0.975132
vt 0.776151 0.965466
vt 0.467176 0.180476
vt 0.468360 0.180096
vt 0.774574 0.966144
vt 0.766210 0.983109
vt 0.465691 0.200216
vt 0.466839 0.199929
vt 0.764638 0.983330
vt 0.465006 0.203710
vt 0.763554 0.988035
vt 0.466063 0.204000
vt 0.762625 0.987048
vt 0.763054 0.989018
vt 0.463993 0.206661
vt 0.465254 0.206419
vt 0.761397 0.989342
vt 0.773858 0.951364
vt 0.467188 0.165062
vt 0.772282 0.951620
vt 0.468351 0.165044
vt 0.467441 0.150786
vt 0.771592 0.937204
vt 0.770054 0.937443
vt 0.468576 0.150788
vt 0.769317 0.922925
vt 0.467451 0.136467
vt 0.767823 0.923157
vt 0.468566 0.136469
vt 0.467603 0.122150
vt 0.767076 0.908640
vt 0.765610 0.908867
vt 0.468713 0.122152
vt 0.467608 0.107821
vt 0.764853 0.894354
vt 0.763414 0.894576
vt 0.468713 0.107823
vt 0.767111 0.981439
vt 0.466278 0.196081
vt 0.467320 0.196430
vt 0.766410 0.980211
vt 0.551568 0.410523
vt 0.460687 0.082551
vt 0.459540 0.083331
vt 0.553199 0.409083
vt 0.460112 0.092301
vt 0.550570 0.417475
vt 0.459021 0.092133
vt 0.551966 0.417855
vt 0.542511 0.513822
vt 0.460360 0.190707
vt 0.544105 0.513988
vt 0.459307 0.190286
vt 0.541295 0.511682
vt 0.460381 0.185642
vt 0.541877 0.510237
vt 0.459333 0.186045
vt 0.460195 0.180415
vt 0.537317 0.504987
vt 0.538895 0.505283
vt 0.459028 0.180163
vt 0.460345 0.199844
vt 0.547151 0.521879
vt 0.548796 0.522084
vt 0.459260 0.199397
vt 0.460486 0.203475
vt 0.549941 0.527004
vt 0.550895 0.525930
vt 0.459414 0.203656
vt 0.550357 0.527816
vt 0.460792 0.206435
vt 0.552035 0.528084
vt 0.459648 0.206010
vt 0.460372 0.165123
vt 0.539571 0.490459
vt 0.459219 0.165124
vt 0.541113 0.490677
vt 0.541760 0.476190
vt 0.460275 0.150794
vt 0.459148 0.150797
vt 0.543270 0.476419
vt 0.543937 0.461888
vt 0.460023 0.136466
vt 0.458914 0.136468
vt 0.545413 0.462113
vt 0.459831 0.122142
vt 0.546100 0.447585
vt 0.458728 0.122140
vt 0.547554 0.447808
vt 0.548256 0.433204
vt 0.459849 0.107776
vt 0.458751 0.107754
vt 0.549688 0.433449
vt 0.546425 0.520559
vt 0.460291 0.195871
vt 0.547159 0.519211
vt 0.459223 0.196170
vt 0.553360 0.534186
vt 0.461039 0.211399
vt 0.554494 0.533368
vt 0.759567 0.996387
vt 0.553695 0.534857
vt 0.758375 0.995540
vt 0.461631 0.211705
vt 0.554835 0.533960
vt 0.762617 0.879700
vt 0.467487 0.093062
vt 0.761204 0.879923
vt 0.468589 0.093130
vn 0.071912 0.977081 -0.200353
vn 0.144019 0.946341 -0.289305
vn 0.085508 0.957419 -0.275747
vn -0.023421 0.991258 -0.129841
vn -0.102907 0.979566 -0.172801
vn -0.146901 0.978626 -0.143914
vn 0.004775 0.975667 -0.219204
vn 0.008450 0.992958 -0.118167
vn 0.012281 0.973076 -0.230155
vn 0.023463 0.972604 -0.231279
vn 0.019962 0.992049 -0.124259
vn 0.022924 0.971769 -0.234819
vn 0.016707 0.968455 -0.248627
vn 0.016155 0.991906 -0.125942
vn 0.020230 0.987382 -0.157057
vn 0.044899 0.964185 -0.261403
vn 0.037312 0.967533 -0.249975
vn 0.407935 0.912847 0.017276
vn 0.670712 0.732411 0.117130
vn 0.662977 0.748491 0.014910
vn 0.230101 0.935935 0.266609
vn 0.198286 0.974734 0.102838
vn 0.099963 0.973242 0.206900
vn 0.271110 0.959078 0.081658
vn 0.521378 0.839194 0.154653
vn 0.340681 0.939281 0.041082
vn 0.034838 0.982269 -0.184214
vn -0.996622 0.072651 -0.038284
vn -0.958612 0.278305 -0.060077
vn -0.997434 0.058472 -0.041304
vn 0.056417 -0.982364 -0.178266
vn 0.115987 -0.948920 -0.293425
vn 0.097946 -0.980034 -0.173032
vn -0.148421 -0.957700 -0.246539
vn -0.023997 -0.986580 -0.161507
vn -0.207357 -0.957432 -0.200816
vn -0.001960 -0.955045 -0.296453
vn -0.004363 -0.959253 -0.282515
vn 0.013606 -0.959220 -0.282334
vn 0.023034 -0.953678 -0.299946
vn 0.006198 -0.992721 -0.120279
vn 0.007743 -0.949253 -0.314418
vn 0.021778 -0.957416 -0.287891
vn 0.017835 -0.991891 -0.125835
vn 0.021983 -0.957993 -0.285948
vn 0.014247 -0.991279 -0.131003
vn 0.020571 -0.986548 -0.162173
vn 0.037157 -0.956023 -0.290929
vn 0.030819 -0.982490 -0.183747
vn 0.330102 -0.913714 0.236981
vn 0.519594 -0.790946 0.323150
vn 0.365350 -0.832774 0.415940
vn 0.619811 -0.775829 0.117995
vn 0.491911 -0.867247 0.076853
vn 0.588480 -0.806317 0.059538
vn 0.682797 -0.573112 0.453134
vn 0.536088 -0.655083 0.532425
vn 0.424767 -0.885090 0.190234
vn 0.605533 -0.771752 0.194238
vn 0.493504 -0.863151 0.106890
vn 0.064824 -0.952682 -0.296976
vn -0.999293 -0.012759 -0.035358
vn -0.997620 -0.050758 -0.046662
vn -0.997620 -0.050755 -0.046663
vn 0.670455 -0.738205 0.074457
vn 0.758703 -0.629674 0.166975
vn -0.032618 -0.999164 -0.024653
vn -0.296183 -0.914103 -0.276933
vn 0.787472 -0.521516 0.328495
vn 0.683491 -0.729947 -0.004176
vn 0.662164 -0.749358 0.001177
vn 0.707698 -0.699963 -0.095993
vn 0.807670 -0.292254 0.512109
vn 0.656739 -0.336296 0.674980
vn 0.578580 -0.815249 0.024762
vn 0.640441 -0.767424 0.029939
vn -0.006183 0.079402 0.996824
vn -0.002757 -0.071365 0.997446
vn -0.002107 0.070360 0.997519
vn -0.397233 -0.845244 -0.357448
vn -0.655690 0.075193 0.751276
vn -0.657557 -0.057234 0.751228
vn -0.656104 -0.068359 0.751568
vn -0.656843 0.064598 0.751255
vn -0.179270 -0.083679 0.980235
vn 0.029770 -0.996832 -0.073750
vn 0.039830 -0.996381 -0.075096
vn 0.030211 -0.996857 -0.073239
vn 0.042693 -0.996468 -0.072313
vn 0.193313 -0.938765 -0.285219
vn 0.173198 -0.968677 -0.177952
vn 0.056131 -0.995269 -0.079297
vn 0.095757 -0.991364 -0.089605
vn 0.060606 -0.995469 -0.073266
vn 0.139207 -0.989505 -0.038745
vn 0.073935 -0.995838 -0.053302
vn 0.159746 -0.987111 0.009662
vn 0.105255 -0.994362 -0.012850
vn -0.641339 -0.085843 0.762440
vn -0.651311 0.092046 0.753208
vn -0.647494 -0.080916 0.757762
vn 0.000831 0.074294 0.997236
vn 0.001889 -0.081395 0.996680
vn 0.000972 0.080302 0.996770
vn 0.804842 -0.550547 -0.221645
vn 0.686285 -0.722856 -0.080578
vn 0.662198 -0.732919 -0.155962
vn 0.464973 -0.885253 -0.011268
vn 0.518828 -0.854853 -0.006637
vn 0.402416 -0.915370 0.012628
vn 0.511830 -0.858993 0.012718
vn 0.363900 -0.931150 0.023153
vn 0.488342 -0.871500 0.044828
vn 0.397196 -0.917002 0.036655
vn 0.455396 -0.888372 0.058382
vn 0.440751 -0.896117 0.052081
vn 0.476146 -0.849350 -0.227794
vn 0.512891 -0.802259 -0.305489
vn 0.297179 -0.952283 -0.069589
vn 0.284002 -0.958822 0.001864
vn 0.305272 -0.952058 0.019884
vn 0.361679 -0.932239 0.010903
vn 0.392769 -0.917117 0.068038
vn 0.277197 -0.942771 -0.185324
vn 0.323158 -0.907192 -0.269393
vn 0.163159 -0.981978 -0.095385
vn 0.181933 -0.982924 -0.027579
vn 0.236145 -0.971682 -0.008397
vn 0.260395 -0.965488 0.005218
vn 0.272348 -0.956062 0.108499
vn 0.476738 -0.878431 0.032873
vn 0.104947 -0.992922 -0.055614
vn 0.194253 -0.975412 0.104106
vn 0.220530 -0.913115 0.342910
vn -0.655127 0.073472 0.751937
vn -0.654121 -0.069363 0.753203
vn 0.018559 -0.996640 -0.079771
vn 0.020658 -0.996979 -0.074871
vn 0.006581 -0.997049 -0.076481
vn 0.003111 -0.999972 -0.006800
vn 0.004335 -0.997406 -0.071857
vn 0.007747 -0.996751 -0.080170
vn 0.000353 -0.072264 0.997386
vn 0.001135 0.071001 0.997476
vn 0.008752 -0.997488 -0.070288
vn -0.005872 -0.999197 -0.039640
vn 0.003967 -0.997511 -0.070395
vn 0.005564 -0.999548 0.029529
vn 0.004753 -0.997992 -0.063170
vn -0.000201 -0.067147 0.997743
vn 0.000447 0.068120 0.997677
vn -0.000627 0.068886 0.997624
vn -0.007187 -0.997742 -0.066776
vn -0.029139 0.999515 -0.011032
vn -0.037601 0.996571 -0.073704
vn -0.079738 0.995202 -0.056703
vn -0.031571 -0.997118 -0.068988
vn 0.083178 -0.988511 0.126208
vn 0.040639 -0.997312 -0.060974
vn -0.011119 0.999592 -0.026307
vn -0.014500 0.997490 -0.069312
vn -0.015278 0.086509 0.996134
vn -0.054338 0.185038 0.981228
vn -0.000000 0.000000 1.000000
vn -0.053950 0.996548 0.063093
vn 0.033487 0.998903 -0.032744
vn 0.014721 0.999705 0.019307
vn 0.022495 0.997255 0.070543
vn 0.061981 0.997961 -0.015264
vn 0.010591 0.999847 0.013937
vn 0.037524 0.997395 -0.061600
vn 0.022268 0.995422 -0.092952
vn 0.019209 0.997841 -0.062799
vn 0.118970 0.969294 -0.215209
vn 0.223648 0.923903 -0.310458
vn 0.073185 0.990663 -0.115023
vn 0.202849 0.949901 -0.237784
vn 0.063315 0.995608 -0.068961
vn 0.118892 0.984894 -0.125895
vn 0.114447 0.992700 -0.038061
vn 0.108477 0.991963 -0.065127
vn 0.057949 0.997723 -0.034507
vn 0.102611 0.994642 -0.012550
vn 0.038502 0.980888 0.190725
vn 0.110125 0.993450 0.030495
vn -0.017357 0.990479 0.136564
vn 0.010853 0.996150 0.086992
vn 0.008374 0.998049 -0.061873
vn 0.010361 0.989135 0.146642
vn 0.609065 0.762457 -0.218401
vn 0.878048 0.433834 -0.202040
vn 0.757986 0.588422 -0.281457
vn 0.396742 0.911594 -0.107666
vn 0.771538 0.598064 -0.216904
vn 0.310047 0.949285 -0.052244
vn 0.469013 0.877388 -0.101082
vn 0.259808 0.964999 -0.035729
vn 0.459634 0.886405 -0.054970
vn 0.374189 0.926992 -0.025847
vn 0.361553 0.931675 -0.035517
vn 0.261213 0.964728 -0.032662
vn 0.336631 0.941321 -0.024373
vn 0.274777 0.961266 -0.021585
vn 0.522966 0.813007 -0.255982
vn 0.569651 0.749373 -0.337546
vn 0.342844 0.932467 -0.113858
vn 0.272706 0.960984 -0.046280
vn 0.240212 0.970251 -0.030191
vn 0.246099 0.968518 -0.037525
vn 0.241214 0.970465 -0.003680
vn 0.328939 0.909159 -0.255399
vn 0.371217 0.864995 -0.337610
vn 0.210872 0.968221 -0.134463
vn 0.190651 0.980278 -0.052041
vn 0.199044 0.979506 -0.030807
vn 0.185793 0.982179 -0.028377
vn 0.166682 0.985606 0.028249
vn 0.847078 0.527672 -0.063410
vn 0.676421 0.734384 -0.055995
vn -0.216778 0.958407 -0.185643
vn 0.010133 0.996356 -0.084690
vn 0.007845 0.998077 -0.061493
vn 0.013451 0.998971 0.043304
vn 0.010267 0.996898 -0.078030
vn 0.004270 0.998115 -0.061216
vn 0.005661 0.999073 0.042674
vn 0.013879 0.998014 -0.061448
vn 0.015420 0.997051 -0.075181
vn 0.005199 0.997469 -0.070908
vn 0.449973 0.783304 0.428904
vn 0.781476 0.403134 0.476213
vn 0.613662 0.700239 0.364808
vn 0.048384 0.000000 -0.998829
vn 0.048384 0.000000 -0.998829
vn 0.048383 0.000000 -0.998829
vn 0.005152 0.999849 0.016608
vn 0.046606 0.993592 -0.102969
vn 0.924274 0.378311 -0.050972
vn 0.894315 0.446599 -0.027403
vn 0.989160 -0.144898 0.023827
vn 0.718947 -0.694085 0.036899
vn 0.930941 0.359012 0.066781
vn 0.978608 -0.173500 0.110560
vn 0.756272 -0.647927 0.090797
vn 0.148079 -0.939098 0.310109
vn -0.999511 0.002986 -0.031130
vn 0.920462 0.320958 0.223015
vn 0.769195 0.560881 0.306190
vn 0.965731 0.066758 0.250812
vn 0.831604 -0.518350 0.199368
vn 0.884269 -0.216685 0.413663
vn 0.384146 0.902099 0.196594
vn 0.870703 0.303735 0.386810
vn -0.596279 -0.148876 0.788852
vn -0.636789 0.132500 0.759568
vn -0.627838 -0.103923 0.771375
vn -0.033913 -0.998636 -0.039707
vn 1.000000 0.000000 0.000000
vn 1.000000 0.000000 0.000000
vn 1.000000 0.000000 0.000000
vn -1.000000 0.000000 0.000000
vn -1.000000 0.000000 0.000000
vn -1.000000 0.000000 0.000000
vn 0.048384 0.000001 -0.998829
vn 0.048383 0.000000 -0.998829
vn 0.048384 0.000001 -0.998829
vn 0.023459 -0.997767 0.062531
vn 0.025643 -0.999641 -0.007731
vn -0.002148 -0.999746 -0.022446
vn 0.013664 -0.999902 0.003182
vn 0.048384 -0.000000 -0.998829
vn 0.048383 -0.000000 -0.998829
vn 0.001035 0.977536 -0.210764
vn 0.013980 0.977477 -0.210580
vn 0.028058 0.969023 -0.245373
vn 0.030705 -0.957777 -0.285868
vn 0.021429 -0.957959 -0.286104
vn 0.021973 -0.999716 0.009245
vn 0.006856 -0.991094 0.132988
vn -0.178412 0.091325 0.979709
vn -0.648205 0.098239 0.755102
vn 0.060171 -0.977519 0.202081
vn 0.000464 -0.068919 0.997622
vn -0.273806 0.930979 -0.241472
vn -0.303459 0.920688 -0.245452
vn -0.003049 -0.077809 0.996964
vn -0.022164 -0.100803 0.994660
vn -0.524080 -0.178937 0.832659
vn -0.614940 0.177211 0.768404
vn -0.056924 -0.939169 0.338705
vn -0.476009 -0.441404 0.760643
vn -0.509710 -0.448700 0.734074
vn 0.002705 -0.544563 0.838716
vn 0.005908 -0.977642 0.210194
vn 0.004666 -0.978833 0.204609
vn -0.178117 -0.957505 0.226843
vn -0.568487 -0.442412 0.693610
vn -0.590082 -0.432588 0.681668
vn -0.034698 0.521682 0.852434
vn -0.027750 0.975507 0.218210
vn -0.077177 0.976392 0.201748
vn -0.058636 0.952262 0.299598
vn -0.008500 0.942497 0.334106
vn -0.487239 0.483778 0.727019
vn -0.009198 0.975836 0.218313
vn 0.005948 0.975491 0.219959
vn 0.003479 0.533860 0.845566
vn -0.058710 0.527158 0.847737
vn -0.209419 0.974370 0.082133
vn -0.314496 -0.608785 0.728336
vn -0.036085 -0.513933 0.857071
vn -0.285681 -0.958325 -0.000078
vn -0.436396 -0.812791 -0.385915
vn -0.001542 -0.529389 0.848378
vn 0.003628 -0.536011 0.844203
vn 0.011067 0.972786 0.231439
vn 0.006109 0.541150 0.840904
vn 0.006702 0.549103 0.835728
vn -0.162839 0.962498 0.216984
vn -0.129786 0.961791 0.241066
vn -0.555772 0.483532 0.676250
vn -0.566491 0.478294 0.671061
vn -0.576270 0.471687 0.667401
vn -0.168965 0.961612 0.216224
vn -0.164019 -0.957810 0.236005
vn -0.543282 -0.448795 0.709526
vn 0.000680 -0.077101 0.997023
vn 0.013000 -0.562829 0.826471
vn 0.007121 -0.976008 0.217618
vn 0.022671 -0.978734 0.203878
vn -0.178715 0.598258 0.781120
vn -0.099828 -0.561354 0.821533
vn -0.073329 -0.974166 0.213598
vn -0.539667 0.485039 0.688111
vn 0.014320 0.975023 0.221640
vn 0.010663 0.971785 0.235626
vn 0.469831 -0.324439 0.820974
vn 0.395431 -0.629400 0.668946
vn -0.149371 0.024127 0.988487
vn -0.188590 -0.316017 0.929821
vn -0.061998 0.972203 0.225784
vn -0.120498 0.553408 0.824148
vn 0.106530 0.918715 0.380282
vn -0.450119 0.494637 0.743456
vn -0.467709 0.371879 0.801844
vn 0.101145 -0.873125 0.476889
vn -0.389069 -0.425750 0.816922
vn -0.435020 -0.433731 0.789072
vn 0.313457 0.738532 0.596921
vn -0.215019 -0.949228 0.229637
vn -0.600674 -0.406486 0.688448
vn -0.085684 -0.946997 0.309606
vn 0.034928 -0.903218 0.427758
vn 0.004856 -0.549865 0.835239
vn -0.188870 0.957591 0.217595
vn -0.582821 0.457483 0.671587
vn -0.521294 0.484087 0.702789
vn -0.117593 0.960214 0.253299
vn 0.008601 0.538469 0.842601
vn -0.033509 -0.977213 0.209598
vn -0.032286 -0.966895 0.253123
vn -0.028529 -0.513247 0.857767
vn 0.443900 0.453505 0.772842
vn 0.230209 -0.822311 0.520393
vn -0.017878 -0.523672 0.851732
vn -0.003199 -0.977623 0.210341
vn -0.004867 0.529904 0.848044
vn -0.277872 0.401800 0.872550
vn -0.071912 0.977081 -0.200353
vn -0.144019 0.946341 -0.289305
vn -0.118970 0.969294 -0.215208
vn 0.102907 0.979566 -0.172801
vn 0.023421 0.991258 -0.129841
vn 0.146901 0.978626 -0.143914
vn -0.004775 0.975667 -0.219204
vn -0.008450 0.992958 -0.118167
vn -0.023463 0.972604 -0.231280
vn -0.012281 0.973076 -0.230155
vn -0.022924 0.971769 -0.234819
vn -0.019962 0.992049 -0.124259
vn -0.016707 0.968455 -0.248628
vn -0.016155 0.991906 -0.125942
vn -0.020230 0.987382 -0.157057
vn -0.044899 0.964185 -0.261403
vn -0.034838 0.982269 -0.184214
vn -0.407945 0.912843 0.017276
vn -0.662976 0.748492 0.014911
vn -0.670711 0.732413 0.117128
vn -0.230101 0.935934 0.266610
vn -0.099964 0.973242 0.206900
vn -0.198286 0.974734 0.102838
vn -0.271110 0.959078 0.081658
vn -0.521383 0.839191 0.154655
vn -0.384145 0.902099 0.196594
vn -0.340679 0.939282 0.041081
vn -0.085508 0.957419 -0.275747
vn 0.996622 0.072649 -0.038284
vn 0.958614 0.278298 -0.060077
vn 0.958610 0.278313 -0.060078
vn -0.056417 -0.982364 -0.178266
vn -0.115987 -0.948920 -0.293425
vn -0.064824 -0.952682 -0.296976
vn 0.023997 -0.986580 -0.161507
vn 0.148420 -0.957700 -0.246539
vn 0.207357 -0.957432 -0.200816
vn 0.001960 -0.955046 -0.296453
vn 0.004363 -0.959253 -0.282515
vn -0.023034 -0.953678 -0.299946
vn -0.006198 -0.992721 -0.120279
vn -0.017835 -0.991891 -0.125835
vn -0.021778 -0.957416 -0.287891
vn -0.014247 -0.991279 -0.131003
vn -0.021983 -0.957993 -0.285948
vn -0.020571 -0.986548 -0.162173
vn -0.037157 -0.956023 -0.290929
vn -0.030705 -0.957777 -0.285868
vn -0.330102 -0.913714 0.236982
vn -0.519594 -0.790946 0.323151
vn -0.424767 -0.885090 0.190233
vn -0.619819 -0.775823 0.117997
vn -0.588483 -0.806314 0.059537
vn -0.491921 -0.867241 0.076855
vn -0.365349 -0.832775 0.415941
vn -0.682802 -0.573104 0.453138
vn -0.605533 -0.771753 0.194236
vn -0.493506 -0.863149 0.106890
vn -0.030819 -0.982490 -0.183748
vn 0.999293 -0.012760 -0.035358
vn 0.997620 -0.050762 -0.046662
vn 0.997434 0.058469 -0.041304
vn -0.670459 -0.738201 0.074458
vn -0.758702 -0.629675 0.166974
vn 0.032618 -0.999164 -0.024653
vn 0.296182 -0.914103 -0.276933
vn -0.787472 -0.521516 0.328494
vn -0.683485 -0.729953 -0.004178
vn -0.707707 -0.699955 -0.095993
vn -0.662167 -0.749355 0.001177
vn -0.807672 -0.292249 0.512110
vn -0.536086 -0.655086 0.532423
vn -0.656737 -0.336307 0.674977
vn -0.578573 -0.815255 0.024762
vn -0.640439 -0.767426 0.029939
vn 0.006183 0.079402 0.996824
vn 0.002757 -0.071365 0.997446
vn 0.003049 -0.077809 0.996964
vn 0.397232 -0.845244 -0.357448
vn 0.657557 -0.057235 0.751228
vn 0.655691 0.075193 0.751276
vn 0.656104 -0.068360 0.751568
vn 0.179270 -0.083680 0.980235
vn 0.656843 0.064598 0.751256
vn -0.039830 -0.996381 -0.075096
vn -0.029770 -0.996832 -0.073750
vn -0.030211 -0.996857 -0.073239
vn -0.097946 -0.980034 -0.173032
vn -0.193314 -0.938765 -0.285220
vn -0.056131 -0.995269 -0.079297
vn -0.173198 -0.968677 -0.177953
vn -0.060606 -0.995469 -0.073266
vn -0.095757 -0.991364 -0.089605
vn -0.139207 -0.989505 -0.038745
vn -0.104947 -0.992922 -0.055614
vn -0.073935 -0.995838 -0.053302
vn -0.159746 -0.987111 0.009662
vn 0.641339 -0.085844 0.762440
vn 0.651310 0.092045 0.753208
vn 0.648205 0.098239 0.755102
vn -0.000831 0.074294 0.997236
vn -0.001889 -0.081395 0.996680
vn -0.000680 -0.077101 0.997023
vn -0.804840 -0.550552 -0.221644
vn -0.686282 -0.722858 -0.080578
vn -0.464975 -0.885252 -0.011268
vn -0.662197 -0.732920 -0.155962
vn -0.402420 -0.915368 0.012629
vn -0.518827 -0.854854 -0.006637
vn -0.363898 -0.931151 0.023153
vn -0.511828 -0.858994 0.012717
vn -0.488332 -0.871506 0.044828
vn -0.476740 -0.878429 0.032875
vn -0.397196 -0.917001 0.036654
vn -0.455400 -0.888371 0.058382
vn -0.440752 -0.896117 0.052082
vn -0.476146 -0.849350 -0.227793
vn -0.512895 -0.802256 -0.305490
vn -0.297179 -0.952283 -0.069589
vn -0.284003 -0.958822 0.001864
vn -0.305270 -0.952058 0.019884
vn -0.361679 -0.932239 0.010903
vn -0.392770 -0.917116 0.068038
vn -0.277198 -0.942771 -0.185324
vn -0.323157 -0.907192 -0.269393
vn -0.163158 -0.981978 -0.095385
vn -0.181933 -0.982924 -0.027579
vn -0.236145 -0.971682 -0.008397
vn -0.260395 -0.965488 0.005218
vn -0.272347 -0.956062 0.108499
vn -0.220531 -0.913114 0.342912
vn 0.647494 -0.080918 0.757762
vn 0.655128 0.073471 0.751937
vn -0.018559 -0.996640 -0.079771
vn -0.020658 -0.996979 -0.074871
vn -0.003111 -0.999972 -0.006800
vn -0.006581 -0.997049 -0.076481
vn -0.004335 -0.997406 -0.071857
vn -0.007747 -0.996751 -0.080170
vn -0.000353 -0.072264 0.997386
vn -0.001135 0.071001 0.997476
vn -0.008752 -0.997488 -0.070288
vn 0.005872 -0.999197 -0.039640
vn -0.003967 -0.997511 -0.070395
vn 0.007187 -0.997742 -0.066776
vn -0.004753 -0.997992 -0.063170
vn -0.000447 0.068120 0.997677
vn 0.000201 -0.067147 0.997743
vn 0.000627 0.068886 0.997624
vn 0.029139 0.999515 -0.011032
vn 0.079738 0.995202 -0.056703
vn 0.037601 0.996571 -0.073704
vn 0.031571 -0.997118 -0.068988
vn -0.105256 -0.994362 -0.012850
vn -0.083178 -0.988510 0.126209
vn 0.654121 -0.069362 0.753203
vn -0.040639 -0.997312 -0.060974
vn -0.042693 -0.996468 -0.072313
vn 0.011119 0.999592 -0.026307
vn 0.014500 0.997490 -0.069312
vn 0.000000 0.000000 1.000000
vn 0.015278 0.086509 0.996134
vn 0.022164 -0.100803 0.994660
vn 0.053949 0.996548 0.063093
vn -0.014721 0.999705 0.019307
vn -0.033487 0.998903 -0.032744
vn -0.022495 0.997255 0.070543
vn -0.010591 0.999847 0.013937
vn -0.061981 0.997961 -0.015264
vn -0.022268 0.995422 -0.092952
vn -0.037524 0.997395 -0.061600
vn -0.019209 0.997841 -0.062799
vn -0.046606 0.993592 -0.102970
vn -0.223648 0.923903 -0.310458
vn -0.202849 0.949901 -0.237784
vn -0.073185 0.990663 -0.115023
vn -0.118892 0.984894 -0.125895
vn -0.063315 0.995608 -0.068961
vn -0.114447 0.992700 -0.038061
vn -0.057949 0.997723 -0.034507
vn -0.102611 0.994642 -0.012550
vn -0.038503 0.980888 0.190725
vn 0.017357 0.990479 0.136565
vn -0.110125 0.993450 0.030495
vn -0.010853 0.996150 0.086992
vn -0.008374 0.998049 -0.061873
vn -0.007845 0.998077 -0.061493
vn -0.878048 0.433833 -0.202041
vn -0.609067 0.762456 -0.218401
vn -0.757984 0.588425 -0.281454
vn -0.771539 0.598063 -0.216905
vn -0.396746 0.911592 -0.107667
vn -0.469015 0.877386 -0.101082
vn -0.310045 0.949285 -0.052244
vn -0.459634 0.886406 -0.054970
vn -0.259809 0.964999 -0.035729
vn -0.374190 0.926992 -0.025847
vn -0.261212 0.964729 -0.032662
vn -0.336630 0.941322 -0.024373
vn -0.274777 0.961266 -0.021585
vn -0.522968 0.813005 -0.255983
vn -0.569651 0.749374 -0.337546
vn -0.342845 0.932466 -0.113859
vn -0.272706 0.960984 -0.046280
vn -0.240214 0.970250 -0.030191
vn -0.246100 0.968518 -0.037525
vn -0.241213 0.970465 -0.003680
vn -0.328938 0.909160 -0.255399
vn -0.371217 0.864996 -0.337610
vn -0.210872 0.968221 -0.134463
vn -0.190651 0.980278 -0.052041
vn -0.199044 0.979506 -0.030808
vn -0.185793 0.982179 -0.028377
vn -0.166681 0.985606 0.028249
vn -0.847083 0.527664 -0.063411
vn -0.676430 0.734376 -0.055994
vn -0.361553 0.931675 -0.035516
vn -0.108477 0.991963 -0.065127
vn -0.010133 0.996356 -0.084690
vn -0.013451 0.998971 0.043304
vn -0.010361 0.989135 0.146642
vn -0.010267 0.996898 -0.078030
vn -0.004270 0.998115 -0.061216
vn -0.013879 0.998014 -0.061448
vn -0.015420 0.997051 -0.075181
vn -0.005661 0.999073 0.042674
vn -0.005199 0.997469 -0.070908
vn -0.449973 0.783305 0.428904
vn -0.781471 0.403146 0.476211
vn -0.629987 0.464911 0.622073
vn -0.048384 0.000000 -0.998829
vn -0.048384 0.000000 -0.998829
vn -0.048384 0.000000 -0.998829
vn -0.005153 0.999849 0.016608
vn -0.924282 0.378292 -0.050973
vn -0.894319 0.446590 -0.027403
vn -0.989163 -0.144875 0.023825
vn -0.718954 -0.694078 0.036899
vn -0.930940 0.359015 0.066781
vn -0.978608 -0.173501 0.110557
vn -0.756276 -0.647921 0.090798
vn -0.148078 -0.939098 0.310109
vn 0.999511 0.002986 -0.031130
vn -0.920460 0.320965 0.223014
vn -0.769196 0.560878 0.306192
vn -0.965729 0.066793 0.250812
vn -0.870708 0.303717 0.386813
vn -0.831600 -0.518357 0.199366
vn -0.884267 -0.216692 0.413663
vn -0.613652 0.700250 0.364802
vn 0.596280 -0.148875 0.788851
vn 0.636790 0.132499 0.759568
vn 0.614940 0.177211 0.768404
vn 0.033913 -0.998636 -0.039707
vn -1.000000 0.000000 0.000000
vn -1.000000 0.000000 0.000000
vn -1.000000 0.000000 0.000000
vn 1.000000 0.000000 0.000000
vn 1.000000 0.000000 0.000000
vn 1.000000 0.000000 0.000000
vn -0.048383 0.000000 -0.998829
vn -0.048384 0.000001 -0.998829
vn -0.048384 0.000001 -0.998829
vn -0.023459 -0.997767 0.062531
vn 0.002149 -0.999746 -0.022445
vn -0.013664 -0.999902 0.003182
vn -0.048383 0.000000 -0.998829
vn -0.048384 -0.000000 -0.998829
vn -0.001035 0.977536 -0.210764
vn -0.013980 0.977477 -0.210581
vn -0.007743 -0.949253 -0.314418
vn -0.048384 -0.000000 -0.998829
vn -0.037312 0.967533 -0.249975
vn -0.028058 0.969022 -0.245375
vn -0.021429 -0.957959 -0.286105
vn -0.021973 -0.999716 0.009245
vn -0.006856 -0.991094 0.132988
vn -0.000972 0.080302 0.996770
vn 0.627838 -0.103924 0.771374
vn -0.194253 -0.975412 0.104106
vn -0.060171 -0.977519 0.202079
vn -0.000464 -0.068919 0.997622
vn 0.002107 0.070360 0.997519
vn 0.216778 0.958407 -0.185643
vn 0.303459 0.920688 -0.245452
vn 0.273806 0.930979 -0.241472
vn 0.524080 -0.178930 0.832661
vn 0.467708 0.371873 0.801848
vn 0.056924 -0.939169 0.338706
vn 0.476009 -0.441404 0.760643
vn 0.509710 -0.448698 0.734074
vn -0.002705 -0.544563 0.838716
vn -0.005908 -0.977642 0.210195
vn -0.004666 -0.978833 0.204609
vn 0.178115 -0.957506 0.226842
vn 0.568488 -0.442408 0.693612
vn 0.590082 -0.432588 0.681668
vn 0.034698 0.521683 0.852434
vn 0.027750 0.975507 0.218210
vn 0.077177 0.976392 0.201748
vn 0.058636 0.952261 0.299600
vn 0.487238 0.483781 0.727018
vn 0.521296 0.484082 0.702791
vn 0.009198 0.975836 0.218313
vn -0.003479 0.533860 0.845566
vn 0.004867 0.529904 0.848044
vn 0.058710 0.527158 0.847737
vn 0.209420 0.974370 0.082133
vn 0.314496 -0.608785 0.728336
vn 0.092140 -0.179323 0.979466
vn 0.285680 -0.958325 -0.000078
vn 0.436396 -0.812791 -0.385915
vn 0.459752 -0.865184 -0.200213
vn 0.001542 -0.529389 0.848378
vn 0.003199 -0.977623 0.210341
vn -0.011067 0.972786 0.231439
vn -0.006109 0.541150 0.840904
vn -0.006702 0.549102 0.835728
vn 0.162840 0.962497 0.216986
vn 0.555771 0.483536 0.676248
vn 0.566493 0.478289 0.671063
vn 0.168963 0.961613 0.216220
vn 0.164018 -0.957810 0.236004
vn 0.543280 -0.448800 0.709525
vn -0.013000 -0.562829 0.826471
vn -0.007121 -0.976008 0.217618
vn -0.022671 -0.978734 0.203878
vn 0.178715 0.598260 0.781119
vn 0.576269 0.471690 0.667400
vn 0.582821 0.457481 0.671588
vn 0.099828 -0.561354 0.821533
vn -0.025643 -0.999641 -0.007731
vn 0.073329 -0.974166 0.213598
vn 0.539665 0.485044 0.688109
vn 0.129785 0.961792 0.241064
vn 0.117592 0.960215 0.253297
vn -0.014320 0.975023 0.221640
vn -0.008601 0.538469 0.842601
vn -0.469832 -0.324436 0.820975
vn 0.149372 0.024131 0.988487
vn 0.188589 -0.316015 0.929822
vn 0.120500 0.553406 0.824149
vn 0.008501 0.942496 0.334108
vn 0.450121 0.494628 0.743461
vn -0.101145 -0.873124 0.476890
vn 0.389071 -0.425739 0.816927
vn 0.435020 -0.433731 0.789072
vn -0.106530 0.918715 0.380280
vn 0.600675 -0.406481 0.688450
vn 0.215021 -0.949227 0.229638
vn 0.085684 -0.946996 0.309608
vn -0.034928 -0.903220 0.427754
vn 0.061999 0.972202 0.225785
vn 0.178412 0.091325 0.979709
vn -0.005948 0.975491 0.219959
vn 0.033509 -0.977213 0.209597
vn 0.028529 -0.513247 0.857766
vn 0.017878 -0.523672 0.851732
vn -0.443903 0.453504 0.772842
vn -0.313459 0.738532 0.596920
vn -0.395430 -0.629403 0.668945
vn 0.036085 -0.513933 0.857071
vn 0.032286 -0.966895 0.253122
vn 0.017097 0.525221 0.850794
vn 0.277872 0.401804 0.872548
vn -0.958611 0.278308 -0.060078
vn -0.092140 -0.179323 0.979466
vn 0.629992 0.464897 0.622079
vn 0.048384 0.000000 -0.998829
vn 0.048383 0.000000 -0.998829
vn -0.017097 0.525221 0.850794
vn -0.459751 -0.865184 -0.200213
vn -0.305229 0.951274 -0.043744
vn -0.013606 -0.959220 -0.282333
vn 0.997620 -0.050760 -0.046663
vn -0.005564 -0.999548 0.029529
vn 0.054338 0.185039 0.981228
vn -0.048383 0.000000 -0.998829
vn -0.003628 -0.536011 0.844203
vn -0.010663 0.971785 0.235627
vn -0.004856 -0.549865 0.835239
vn 0.305229 0.951274 -0.043744
vn 0.188870 0.957591 0.217594
vn -0.230208 -0.822313 0.520390
s 1
g Piece1 Supermarine_Spitfire_Mk:GLTF_SceneRootNode Supermarine_Spitfire_Mk:root Supermarine_Spitfire_Mk:Sketchfab_model Supermarine_Spitfire_Mk:Meshes Supermarine_Spitfire_Mk:scene Supermarine_Spitfire_Mk:Object_90
usemtl Supermarine_Spitfire_Mk:Object_90SG
f 1392/1392/1295 1298/1298/1296 1321/1321/1297
f 1338/1338/1298 1296/1296/1299 1330/1330/1300
f 1480/1480/1301 1341/1341/1302 1478/1478/1303
f 1341/1341/1302 1486/1486/1304 1478/1478/1303
f 1344/1344/1305 1488/1488/1306 1486/1486/1304
f 1491/1491/1307 1347/1347/1308 1350/1350/1309
f 1350/1350/1309 1300/1300/1310 1302/1302/1311
f 1376/1376/1312 1311/1311/1313 1307/1307/1314
f 1515/1515/1315 1354/1354/1316 1519/1519/1317
f 1362/1362/1318 1310/1310/1319 1369/1369/1320
f 1369/1369/1320 1311/1311/1313 1376/1376/1312
f 1353/1353/1321 1321/1321/1297 1300/1300/1310
s 10
f 1510/1510/1322 1526/1526/1323 1322/1322/1324
s 11
f 1455/1455/1325 1297/1297/1326 1399/1399/1327
f 1295/1295/1328 1401/1401/1329 1393/1393/1330
f 1496/1496/1331 1303/1303/1332 1483/1483/1333
f 1501/1501/1334 1404/1404/1335 1499/1499/1336
f 1503/1503/1337 1407/1407/1338 1501/1501/1334
f 1506/1506/1339 1410/1410/1340 1503/1503/1337
f 1413/1413/1341 1299/1299/1342 1416/1416/1343
f 1417/1417/1344 1327/1327/1345 1535/1535/1346
f 1329/1329/1347 1439/1439/1348 1325/1325/1349
f 1535/1535/1346 1469/1469/1350 1548/1548/1351
f 1425/1425/1352 1328/1328/1353 1327/1327/1345
f 1432/1432/1354 1329/1329/1347 1328/1328/1353
f 1416/1416/1343 1320/1320/1355 1455/1455/1325
s 10
f 1508/1508/1356 1543/1543/1357 1545/1545/1358
s 11
f 1329/1329/1347 1458/1458/1359 1462/1462/1360
f 1393/1393/1330 1552/1552/1361 1539/1539/1362
f 1327/1327/1345 1473/1473/1363 1469/1469/1350
f 1328/1328/1353 1462/1462/1360 1473/1473/1363
f 1456/1456/1364 1326/1326/1365 1312/1312/1366
f 1548/1548/1351 1468/1468/1367 1663/1663/1368
f 1458/1458/1359 1424/1424/1369 1477/1477/1370
f 1424/1424/1369 1456/1456/1364 1477/1477/1370
s 25
f 1604/1604/1371 1668/1668/1372 1607/1607/1373
s 11
f 1323/1323/1374 1295/1295/1328 1393/1393/1330
s 25
f 1612/1612/1375 1555/1555/1376 1559/1559/1377
f 1616/1616/1378 1564/1564/1379 1555/1555/1376
s 11
f 1415/1415/1380 1453/1453/1381 1414/1414/1382
f 1415/1415/1380 1455/1455/1325 1454/1454/1383
f 1318/1318/1384 1399/1399/1327 1297/1297/1326
f 1451/1451/1385 1398/1398/1386 1399/1399/1327
f 1450/1450/1387 1397/1397/1388 1398/1398/1386
f 1397/1397/1388 1448/1448/1389 1396/1396/1390
f 1396/1396/1390 1447/1447/1391 1395/1395/1392
s 25
f 1571/1571/1393 1623/1623/1394 1568/1568/1395
f 1640/1640/1396 1580/1580/1397 1635/1635/1398
s 11
f 1315/1315/1399 1445/1445/1400 1438/1438/1401
f 1445/1445/1400 1437/1437/1402 1438/1438/1401
f 1444/1444/1403 1436/1436/1404 1437/1437/1402
f 1443/1443/1405 1435/1435/1406 1436/1436/1404
f 1435/1435/1406 1441/1441/1407 1434/1434/1408
f 1434/1434/1408 1440/1440/1409 1433/1433/1410
f 1433/1433/1410 1439/1439/1348 1432/1432/1354
f 1315/1315/1399 1431/1431/1411 1316/1316/1412
f 1438/1438/1401 1430/1430/1413 1431/1431/1411
f 1437/1437/1402 1429/1429/1414 1430/1430/1413
f 1436/1436/1404 1428/1428/1415 1429/1429/1414
f 1428/1428/1415 1434/1434/1408 1427/1427/1416
f 1427/1427/1416 1433/1433/1410 1426/1426/1417
f 1426/1426/1417 1432/1432/1354 1425/1425/1352
f 1316/1316/1412 1423/1423/1418 1305/1305/1419
f 1431/1431/1411 1422/1422/1420 1423/1423/1418
f 1430/1430/1413 1421/1421/1421 1422/1422/1420
f 1429/1429/1414 1420/1420/1422 1421/1421/1421
f 1420/1420/1422 1427/1427/1416 1419/1419/1423
f 1419/1419/1423 1426/1426/1417 1418/1418/1424
f 1418/1418/1424 1425/1425/1352 1417/1417/1344
f 1312/1312/1366 1326/1326/1365 1445/1445/1400
f 1445/1445/1400 1326/1326/1365 1444/1444/1403
f 1326/1326/1365 1443/1443/1405 1444/1444/1403
f 1443/1443/1405 1424/1424/1369 1442/1442/1425
f 1442/1442/1425 1424/1424/1369 1441/1441/1407
f 1441/1441/1407 1325/1325/1349 1440/1440/1409
f 1440/1440/1409 1325/1325/1349 1439/1439/1348
f 1305/1305/1419 1451/1451/1385 1318/1318/1384
f 1423/1423/1418 1450/1450/1387 1451/1451/1385
f 1422/1422/1420 1449/1449/1426 1450/1450/1387
f 1421/1421/1421 1448/1448/1389 1449/1449/1426
f 1448/1448/1389 1419/1419/1423 1447/1447/1391
f 1447/1447/1391 1418/1418/1424 1446/1446/1427
f 1532/1532/1428 1417/1417/1344 1535/1535/1346
s 25
f 1568/1568/1395 1656/1656/1429 1600/1600/1430
s 11
f 1412/1412/1431 1414/1414/1382 1411/1411/1432
f 1412/1412/1431 1416/1416/1343 1415/1415/1380
f 1408/1408/1433 1587/1587/1434 1405/1405/1435
f 1409/1409/1436 1411/1411/1432 1408/1408/1433
f 1409/1409/1436 1413/1413/1341 1412/1412/1431
s 25
f 1588/1588/1437 1640/1640/1396 1644/1644/1438
s 11
f 1405/1405/1435 1409/1409/1436 1408/1408/1433
f 1406/1406/1439 1410/1410/1340 1409/1409/1436
f 1596/1596/1440 1402/1402/1441 1592/1592/1442
f 1403/1403/1443 1405/1405/1435 1402/1402/1441
f 1403/1403/1443 1407/1407/1338 1406/1406/1439
s 25
f 1595/1595/1444 1647/1647/1445 1652/1652/1446
s 11
f 1401/1401/1329 1403/1403/1443 1400/1400/1447
s 1
f 1608/1608/1448 1331/1331/1449 1603/1603/1450
s 11
f 1393/1393/1330 1400/1400/1447 1394/1394/1451
f 1567/1567/1452 1395/1395/1392 1447/1447/1391
s 25
f 1656/1656/1429 1559/1559/1377 1600/1600/1430
s 11
f 1453/1453/1381 1396/1396/1390 1452/1452/1453
f 1453/1453/1381 1398/1398/1386 1397/1397/1388
f 1454/1454/1383 1399/1399/1327 1398/1398/1386
s 1
f 1331/1331/1449 1651/1651/1454 1337/1337/1455
s 25
f 1523/1523/1456 1511/1511/1457 1513/1513/1458
s 1
f 1615/1615/1459 1389/1389/1460 1620/1620/1461
f 1624/1624/1462 1332/1332/1463 1655/1655/1464
f 1390/1390/1465 1352/1352/1466 1351/1351/1467
f 1352/1352/1466 1392/1392/1295 1353/1353/1321
f 1336/1336/1468 1319/1319/1469 1298/1298/1296
f 1335/1335/1470 1388/1388/1471 1336/1336/1468
f 1334/1334/1472 1387/1387/1473 1335/1335/1470
f 1334/1334/1472 1385/1385/1474 1386/1386/1475
f 1333/1333/1476 1384/1384/1477 1385/1385/1474
f 1631/1631/1478 1383/1383/1479 1628/1628/1480
f 1636/1636/1481 1345/1345/1482 1639/1639/1483
f 1375/1375/1484 1313/1313/1485 1314/1314/1486
f 1374/1374/1487 1382/1382/1488 1375/1375/1484
f 1373/1373/1489 1381/1381/1490 1374/1374/1487
f 1372/1372/1491 1380/1380/1492 1373/1373/1489
f 1372/1372/1491 1378/1378/1493 1379/1379/1494
f 1371/1371/1495 1377/1377/1496 1378/1378/1493
f 1370/1370/1497 1376/1376/1312 1377/1377/1496
f 1368/1368/1498 1314/1314/1486 1317/1317/1499
f 1367/1367/1500 1375/1375/1484 1368/1368/1498
f 1366/1366/1501 1374/1374/1487 1367/1367/1500
f 1365/1365/1502 1373/1373/1489 1366/1366/1501
f 1365/1365/1502 1371/1371/1495 1372/1372/1491
f 1364/1364/1503 1370/1370/1497 1371/1371/1495
f 1363/1363/1504 1369/1369/1320 1370/1370/1497
f 1360/1360/1505 1317/1317/1499 1306/1306/1506
f 1359/1359/1507 1368/1368/1498 1360/1360/1505
f 1358/1358/1508 1367/1367/1500 1359/1359/1507
f 1357/1357/1509 1366/1366/1501 1358/1358/1508
f 1357/1357/1509 1364/1364/1503 1365/1365/1502
f 1356/1356/1510 1363/1363/1504 1364/1364/1503
f 1355/1355/1511 1362/1362/1318 1363/1363/1504
f 1313/1313/1485 1382/1382/1488 1308/1308/1512
f 1382/1382/1488 1381/1381/1490 1308/1308/1512
f 1380/1380/1492 1308/1308/1512 1381/1381/1490
f 1380/1380/1492 1379/1379/1494 1361/1361/1513
f 1379/1379/1494 1378/1378/1493 1361/1361/1513
f 1378/1378/1493 1307/1307/1314 1361/1361/1513
f 1377/1377/1496 1376/1376/1312 1307/1307/1314
f 1388/1388/1471 1306/1306/1506 1319/1319/1469
f 1387/1387/1473 1360/1360/1505 1388/1388/1471
f 1386/1386/1475 1359/1359/1507 1387/1387/1473
f 1385/1385/1474 1358/1358/1508 1386/1386/1475
f 1385/1385/1474 1356/1356/1510 1357/1357/1509
f 1384/1384/1477 1355/1355/1511 1356/1356/1510
f 1603/1603/1450 1330/1330/1300 1522/1522/1514
f 1390/1390/1465 1620/1620/1461 1389/1389/1460
f 1351/1351/1467 1349/1349/1515 1348/1348/1516
f 1349/1349/1515 1353/1353/1321 1350/1350/1309
f 1345/1345/1482 1643/1643/1517 1639/1639/1483
f 1348/1348/1516 1346/1346/1518 1345/1345/1482
f 1346/1346/1518 1350/1350/1309 1347/1347/1308
f 1643/1643/1517 1339/1339/1519 1648/1648/1520
f 1342/1342/1521 1346/1346/1518 1343/1343/1522
f 1343/1343/1522 1347/1347/1308 1344/1344/1305
f 1339/1339/1519 1651/1651/1454 1648/1648/1520
f 1342/1342/1521 1340/1340/1523 1339/1339/1519
f 1343/1343/1522 1341/1341/1302 1340/1340/1523
f 1659/1659/1524 1467/1467/1525 1466/1466/1526
s 11
f 1400/1400/1447 1403/1403/1443 1402/1402/1441
s 1
f 1340/1340/1523 1338/1338/1298 1337/1337/1455
s 74
f 1497/1497/1527 1479/1479/1528 1500/1500/1529
s 1
f 1333/1333/1476 1389/1389/1460 1611/1611/1530
f 1337/1337/1455 1330/1330/1300 1331/1331/1449
f 1384/1384/1477 1332/1332/1463 1624/1624/1462
f 1611/1611/1530 1389/1389/1460 1615/1615/1459
f 1333/1333/1476 1390/1390/1465 1389/1389/1460
f 1390/1390/1465 1335/1335/1470 1391/1391/1531
f 1391/1391/1531 1336/1336/1468 1392/1392/1295
f 1361/1361/1513 1457/1457/1532 1308/1308/1512
f 1474/1474/1533 1475/1475/1534 1457/1457/1532
s 11
f 1476/1476/1535 1477/1477/1370 1456/1456/1364
s 1
f 1461/1461/1536 1361/1361/1513 1307/1307/1314
f 1459/1459/1537 1474/1474/1533 1461/1461/1536
s 11
f 1460/1460/1538 1477/1477/1370 1476/1476/1535
f 1417/1417/1344 1532/1532/1428 1575/1575/1539
s 10
f 1510/1510/1322 1322/1322/1324 1512/1512/1540
f 1512/1512/1540 1322/1322/1324 1508/1508/1356
s 1
f 1308/1308/1512 1457/1457/1532 1313/1313/1485
f 1310/1310/1319 1465/1465/1541 1311/1311/1313
f 1470/1470/1542 1463/1463/1543 1465/1465/1541
s 11
f 1473/1473/1363 1464/1464/1544 1472/1472/1545
s 1
f 1309/1309/1546 1470/1470/1542 1310/1310/1319
f 1466/1466/1526 1471/1471/1547 1470/1470/1542
s 11
f 1469/1469/1350 1472/1472/1545 1468/1468/1367
s 25
f 1531/1531/1548 1632/1632/1549 1576/1576/1550
s 11
f 1667/1667/1551 1552/1552/1361 1394/1394/1451
s 1
f 1311/1311/1313 1461/1461/1536 1307/1307/1314
f 1465/1465/1541 1459/1459/1537 1461/1461/1536
s 11
f 1462/1462/1360 1460/1460/1538 1464/1464/1544
s off
f 1482/1482/1552 1498/1498/1553 1485/1485/1554
f 1490/1490/1555 1493/1493/1556 1505/1505/1557
s 74
f 1489/1489/1558 1507/1507/1559 1504/1504/1560
s 11
f 1579/1579/1561 1414/1414/1382 1563/1563/1562
f 1556/1556/1563 1452/1452/1453 1560/1560/1564
s 74
f 1500/1500/1529 1487/1487/1565 1502/1502/1566
s 1
f 1304/1304/1567 1480/1480/1301 1484/1484/1568
s 11
f 1404/1404/1335 1496/1496/1331 1499/1499/1336
s 74
f 1502/1502/1566 1489/1489/1558 1504/1504/1560
s 1
f 1491/1491/1307 1302/1302/1311 1495/1495/1569
s 11
f 1301/1301/1570 1506/1506/1339 1494/1494/1571
s 1
f 1620/1620/1461 1348/1348/1516 1636/1636/1481
s 11
f 1396/1396/1390 1395/1395/1392 1599/1599/1572
f 1408/1408/1433 1579/1579/1561 1584/1584/1573
s 25
f 1635/1635/1398 1564/1564/1379 1619/1619/1574
s 11
f 1599/1599/1572 1395/1395/1392 1567/1567/1452
s 25
f 1576/1576/1550 1627/1627/1575 1571/1571/1393
s 11
f 1575/1575/1539 1572/1572/1576 1446/1446/1427
s 1
f 1354/1354/1316 1383/1383/1479 1631/1631/1478
f 1515/1515/1315 1466/1466/1526 1309/1309/1546
s 11
f 1394/1394/1451 1596/1596/1440 1667/1667/1551
s 25
f 1591/1591/1577 1644/1644/1438 1647/1647/1445
s 11
f 1402/1402/1441 1587/1587/1434 1592/1592/1442
s 25
f 1668/1668/1372 1652/1652/1446 1607/1607/1373
s 11
f 1453/1453/1381 1556/1556/1563 1563/1563/1562
s 1
f 1324/1324/1578 1527/1527/1579 1522/1522/1514
s 25
f 1551/1551/1580 1523/1523/1456 1540/1540/1581
s 1
f 1339/1339/1519 1340/1340/1523 1337/1337/1455
s 25
f 1536/1536/1582 1518/1518/1583 1531/1531/1548
s 11
f 1575/1575/1539 1574/1574/1584 1572/1572/1576
s 25
f 1577/1577/1585 1571/1571/1393 1573/1573/1586
f 1591/1591/1577 1589/1589/1587 1588/1588/1437
s 11
f 1594/1594/1588 1587/1587/1434 1590/1590/1589
f 1599/1599/1572 1562/1562/1590 1560/1560/1564
s 25
f 1601/1601/1591 1559/1559/1377 1561/1561/1592
f 1607/1607/1373 1605/1605/1593 1604/1604/1371
s 1
f 1610/1610/1594 1603/1603/1450 1606/1606/1595
f 1519/1519/1317 1634/1634/1596 1521/1521/1597
s 25
f 1520/1520/1598 1632/1632/1549 1518/1518/1583
s 1
f 1648/1648/1520 1654/1654/1599 1650/1650/1600
s 25
f 1649/1649/1601 1652/1652/1446 1647/1647/1445
f 1604/1604/1371 1524/1524/1602 1523/1523/1456
s 1
f 1606/1606/1595 1522/1522/1514 1525/1525/1603
s 25
f 1540/1540/1581 1546/1546/1604 1541/1541/1605
s 11
f 1542/1542/1606 1544/1544/1607 1539/1539/1362
s 25
f 1591/1591/1577 1597/1597/1608 1593/1593/1609
s 11
f 1594/1594/1588 1596/1596/1440 1592/1592/1442
s 1
f 1639/1639/1483 1638/1638/1610 1636/1636/1481
s 25
f 1641/1641/1611 1635/1635/1398 1637/1637/1612
s 1
f 1624/1624/1462 1658/1658/1613 1626/1626/1614
s 25
f 1625/1625/1615 1656/1656/1429 1623/1623/1394
f 1612/1612/1375 1657/1657/1616 1613/1613/1617
s 1
f 1614/1614/1618 1655/1655/1464 1611/1611/1530
s 11
f 1567/1567/1452 1602/1602/1619 1599/1599/1572
s 25
f 1569/1569/1620 1600/1600/1430 1601/1601/1591
f 1583/1583/1621 1581/1581/1622 1580/1580/1397
s 11
f 1586/1586/1623 1579/1579/1561 1582/1582/1624
s 1
f 1527/1527/1579 1525/1525/1603 1522/1522/1514
s 25
f 1529/1529/1625 1523/1523/1456 1524/1524/1602
s 1
f 1615/1615/1459 1614/1614/1618 1611/1611/1530
s 25
f 1613/1613/1617 1616/1616/1378 1612/1612/1375
f 1580/1580/1397 1565/1565/1626 1564/1564/1379
s 11
f 1582/1582/1624 1563/1563/1562 1566/1566/1627
s 25
f 1623/1623/1394 1629/1629/1628 1625/1625/1615
s 1
f 1626/1626/1614 1628/1628/1480 1624/1624/1462
f 1639/1639/1483 1646/1646/1629 1642/1642/1630
s 25
f 1641/1641/1611 1644/1644/1438 1640/1640/1396
s 11
f 1548/1548/1351 1666/1666/1631 1550/1550/1632
s 25
f 1664/1664/1633 1536/1536/1582 1549/1549/1634
s 1
f 1620/1620/1461 1638/1638/1610 1622/1622/1635
s 25
f 1621/1621/1636 1635/1635/1398 1619/1619/1574
s 1
f 1515/1515/1315 1521/1521/1597 1517/1517/1637
s 25
f 1516/1516/1638 1518/1518/1583 1514/1514/1639
s 11
f 1535/1535/1346 1534/1534/1640 1532/1532/1428
s 25
f 1537/1537/1641 1531/1531/1548 1533/1533/1642
s 1
f 1659/1659/1524 1517/1517/1637 1661/1661/1643
s 11
f 1556/1556/1563 1562/1562/1590 1558/1558/1644
s 25
f 1561/1561/1592 1555/1555/1376 1557/1557/1645
f 1564/1564/1379 1557/1557/1645 1555/1555/1376
s 11
f 1566/1566/1627 1556/1556/1563 1558/1558/1644
f 1572/1572/1576 1570/1570/1646 1567/1567/1452
s 25
f 1573/1573/1586 1568/1568/1395 1569/1569/1620
f 1576/1576/1550 1533/1533/1642 1531/1531/1548
s 11
f 1578/1578/1647 1532/1532/1428 1534/1534/1640
s 25
f 1583/1583/1621 1589/1589/1587 1585/1585/1648
s 11
f 1586/1586/1623 1587/1587/1434 1584/1584/1573
s 1
f 1615/1615/1459 1622/1622/1635 1618/1618/1649
s 25
f 1617/1617/1650 1619/1619/1574 1616/1616/1378
f 1627/1627/1575 1633/1633/1651 1629/1629/1628
s 1
f 1630/1630/1652 1631/1631/1478 1628/1628/1480
f 1643/1643/1517 1650/1650/1600 1646/1646/1629
s 25
f 1645/1645/1653 1647/1647/1445 1644/1644/1438
s 11
f 1552/1552/1361 1670/1670/1654 1554/1554/1655
s 25
f 1553/1553/1656 1668/1668/1372 1551/1551/1580
s 1
f 1665/1665/1657 1659/1659/1524 1661/1661/1643
s 11
f 1535/1535/1346 1550/1550/1632 1538/1538/1658
s 25
f 1537/1537/1641 1549/1549/1634 1536/1536/1582
f 1551/1551/1580 1541/1541/1605 1553/1553/1656
s 11
f 1554/1554/1655 1539/1539/1362 1552/1552/1361
s 25
f 1595/1595/1444 1669/1669/1659 1597/1597/1608
s 11
f 1670/1670/1654 1596/1596/1440 1598/1598/1660
s 1
f 1651/1651/1454 1610/1610/1594 1654/1654/1599
s 25
f 1653/1653/1661 1607/1607/1373 1652/1652/1446
s 1
f 1354/1354/1316 1309/1309/1546 1362/1362/1318
s 25
f 1514/1514/1639 1664/1664/1633 1660/1660/1662
f 1516/1516/1638 1514/1514/1639 1660/1660/1662
s 105
f 1768/1768/1663 1673/1673/1664 1712/1712/1665
f 1671/1671/1666 1714/1714/1667 1706/1706/1668
f 1858/1858/1669 1717/1717/1670 1714/1714/1667
f 1863/1863/1671 1717/1717/1670 1855/1855/1672
f 1865/1865/1673 1720/1720/1674 1863/1863/1671
f 1867/1867/1675 1723/1723/1676 1865/1865/1673
f 1726/1726/1677 1675/1675/1678 1729/1729/1679
f 1752/1752/1680 1683/1683/1681 1687/1687/1682
f 1891/1891/1683 1895/1895/1684 1730/1730/1685
f 1738/1738/1686 1686/1686/1687 1685/1685/1688
f 1745/1745/1689 1687/1687/1682 1686/1686/1687
f 1729/1729/1679 1696/1696/1690 1768/1768/1663
s 115
f 1887/1887/1691 1903/1903/1692 1906/1906/1693
s 116
f 1831/1831/1694 1674/1674/1695 1697/1697/1696
f 1777/1777/1697 1672/1672/1698 1769/1769/1699
f 1874/1874/1700 1680/1680/1701 1777/1777/1697
f 1878/1878/1702 1780/1780/1703 1783/1783/1704
f 1880/1880/1705 1783/1783/1704 1786/1786/1706
f 1882/1882/1707 1786/1786/1706 1789/1789/1708
f 1789/1789/1708 1676/1676/1709 1678/1678/1710
f 1793/1793/1711 1703/1703/1712 1801/1801/1713
f 1705/1705/1714 1701/1701/1715 1815/1815/1716
f 1911/1911/1717 1845/1845/1718 1703/1703/1712
f 1801/1801/1713 1704/1704/1719 1808/1808/1720
f 1808/1808/1720 1705/1705/1714 1815/1815/1716
f 1792/1792/1721 1697/1697/1696 1676/1676/1709
s 115
f 1885/1885/1722 1920/1920/1723 1700/1700/1724
s 116
f 1834/1834/1725 1705/1705/1714 1838/1838/1726
f 1928/1928/1727 1769/1769/1699 1915/1915/1728
f 1849/1849/1729 1703/1703/1712 1845/1845/1718
f 1838/1838/1726 1704/1704/1719 1849/1849/1729
f 1833/1833/1730 1689/1689/1731 1702/1702/1732
f 1843/1843/1733 1924/1924/1734 2038/2038/1735
f 1834/1834/1725 1800/1800/1736 1701/1701/1715
f 1833/1833/1730 1800/1800/1736 1853/1853/1737
s 129
f 1980/1980/1738 2044/2044/1739 1927/1927/1740
s 116
f 1769/1769/1699 1672/1672/1698 1699/1699/1741
s 129
f 1931/1931/1742 1988/1988/1743 1935/1935/1744
f 1940/1940/1745 1992/1992/1746 1931/1931/1742
s 116
f 1829/1829/1747 1791/1791/1748 1790/1790/1749
f 1791/1791/1748 1831/1831/1694 1792/1792/1721
f 1775/1775/1750 1695/1695/1751 1674/1674/1695
f 1774/1774/1752 1827/1827/1753 1775/1775/1750
f 1773/1773/1754 1826/1826/1755 1774/1774/1752
f 1773/1773/1754 1824/1824/1756 1825/1825/1757
f 1772/1772/1758 1823/1823/1759 1824/1824/1756
s 129
f 1947/1947/1760 1999/1999/1761 2003/2003/1762
f 2016/2016/1763 1956/1956/1764 1959/1959/1765
s 116
f 1690/1690/1766 1821/1821/1767 1689/1689/1731
f 1813/1813/1768 1821/1821/1767 1814/1814/1769
f 1812/1812/1770 1820/1820/1771 1813/1813/1768
f 1811/1811/1772 1819/1819/1773 1812/1812/1770
f 1811/1811/1772 1817/1817/1774 1818/1818/1775
f 1810/1810/1776 1816/1816/1777 1817/1817/1774
f 1809/1809/1778 1815/1815/1716 1816/1816/1777
f 1807/1807/1779 1690/1690/1766 1693/1693/1780
f 1806/1806/1781 1814/1814/1769 1807/1807/1779
f 1805/1805/1782 1813/1813/1768 1806/1806/1781
f 1804/1804/1783 1812/1812/1770 1805/1805/1782
f 1804/1804/1783 1810/1810/1776 1811/1811/1772
f 1803/1803/1784 1809/1809/1778 1810/1810/1776
f 1802/1802/1785 1808/1808/1720 1809/1809/1778
f 1799/1799/1786 1693/1693/1780 1682/1682/1787
f 1798/1798/1788 1807/1807/1779 1799/1799/1786
f 1797/1797/1789 1806/1806/1781 1798/1798/1788
f 1796/1796/1790 1805/1805/1782 1797/1797/1789
f 1796/1796/1790 1803/1803/1784 1804/1804/1783
f 1795/1795/1791 1802/1802/1785 1803/1803/1784
f 1794/1794/1792 1801/1801/1713 1802/1802/1785
f 1689/1689/1731 1821/1821/1767 1702/1702/1732
f 1821/1821/1767 1820/1820/1771 1702/1702/1732
f 1819/1819/1773 1702/1702/1732 1820/1820/1771
f 1819/1819/1773 1818/1818/1775 1800/1800/1736
f 1818/1818/1775 1817/1817/1774 1800/1800/1736
f 1817/1817/1774 1701/1701/1715 1800/1800/1736
f 1816/1816/1777 1815/1815/1716 1701/1701/1715
f 1827/1827/1753 1682/1682/1787 1695/1695/1751
f 1826/1826/1755 1799/1799/1786 1827/1827/1753
f 1825/1825/1757 1798/1798/1788 1826/1826/1755
f 1824/1824/1756 1797/1797/1789 1825/1825/1757
f 1824/1824/1756 1795/1795/1791 1796/1796/1790
f 1823/1823/1759 1794/1794/1792 1795/1795/1791
f 1908/1908/1793 1911/1911/1717 1793/1793/1711
s 129
f 1944/1944/1794 2032/2032/1795 1999/1999/1761
s 116
f 1790/1790/1749 1788/1788/1796 1787/1787/1797
f 1788/1788/1796 1792/1792/1721 1789/1789/1708
f 1963/1963/1798 1784/1784/1799 1781/1781/1800
f 1787/1787/1797 1785/1785/1801 1784/1784/1799
f 1785/1785/1801 1789/1789/1708 1786/1786/1706
s 129
f 2016/2016/1763 1964/1964/1802 2020/2020/1803
s 116
f 1781/1781/1800 1785/1785/1801 1782/1782/1804
f 1782/1782/1804 1786/1786/1706 1783/1783/1704
f 1972/1972/1805 1778/1778/1806 1776/1776/1807
f 1781/1781/1800 1779/1779/1808 1778/1778/1806
f 1779/1779/1808 1783/1783/1704 1780/1780/1703
s 129
f 2023/2023/1809 1971/1971/1810 2028/2028/1811
s 116
f 1779/1779/1808 1777/1777/1697 1776/1776/1807
s 105
f 1984/1984/1812 1979/1979/1813 1707/1707/1814
s 116
f 1776/1776/1807 1769/1769/1699 1770/1770/1815
f 1823/1823/1759 1771/1771/1816 1943/1943/1817
s 129
f 1935/1935/1744 2032/2032/1795 1976/1976/1818
s 116
f 1772/1772/1758 1829/1829/1747 1828/1828/1819
f 1829/1829/1747 1774/1774/1752 1830/1830/1820
f 1830/1830/1820 1775/1775/1750 1831/1831/1694
s 105
f 2027/2027/1821 1707/1707/1814 1713/1713/1822
s 129
f 1888/1888/1823 1899/1899/1824 1916/1916/1825
s 105
f 1991/1991/1826 1996/1996/1827 1765/1765/1828
f 2000/2000/1829 2031/2031/1830 1708/1708/1831
f 1728/1728/1832 1766/1766/1833 1727/1727/1834
f 1728/1728/1832 1768/1768/1663 1767/1767/1835
f 1694/1694/1836 1712/1712/1665 1673/1673/1664
f 1764/1764/1837 1711/1711/1838 1712/1712/1665
f 1763/1763/1839 1710/1710/1840 1711/1711/1838
f 1710/1710/1840 1761/1761/1841 1709/1709/1842
f 1709/1709/1842 1760/1760/1843 1708/1708/1831
f 2007/2007/1844 2004/2004/1845 1759/1759/1846
f 2012/2012/1847 1721/1721/1848 1724/1724/1849
f 1688/1688/1850 1751/1751/1851 1691/1691/1852
f 1758/1758/1853 1750/1750/1854 1751/1751/1851
f 1757/1757/1855 1749/1749/1856 1750/1750/1854
f 1756/1756/1857 1748/1748/1858 1749/1749/1856
f 1748/1748/1858 1754/1754/1859 1747/1747/1860
f 1747/1747/1860 1753/1753/1861 1746/1746/1862
f 1746/1746/1862 1752/1752/1680 1745/1745/1689
f 1691/1691/1852 1744/1744/1863 1692/1692/1864
f 1751/1751/1851 1743/1743/1865 1744/1744/1863
f 1750/1750/1854 1742/1742/1866 1743/1743/1865
f 1749/1749/1856 1741/1741/1867 1742/1742/1866
f 1741/1741/1867 1747/1747/1860 1740/1740/1868
f 1740/1740/1868 1746/1746/1862 1739/1739/1869
f 1739/1739/1869 1745/1745/1689 1738/1738/1686
f 1692/1692/1864 1736/1736/1870 1681/1681/1871
f 1744/1744/1863 1735/1735/1872 1736/1736/1870
f 1743/1743/1865 1734/1734/1873 1735/1735/1872
f 1742/1742/1866 1733/1733/1874 1734/1734/1873
f 1733/1733/1874 1740/1740/1868 1732/1732/1875
f 1732/1732/1875 1739/1739/1869 1731/1731/1876
f 1731/1731/1876 1738/1738/1686 1730/1730/1685
f 1688/1688/1850 1684/1684/1877 1758/1758/1853
f 1758/1758/1853 1684/1684/1877 1757/1757/1855
f 1684/1684/1877 1756/1756/1857 1757/1757/1855
f 1756/1756/1857 1737/1737/1878 1755/1755/1879
f 1755/1755/1879 1737/1737/1878 1754/1754/1859
f 1754/1754/1859 1683/1683/1681 1753/1753/1861
f 1753/1753/1861 1683/1683/1681 1752/1752/1680
f 1681/1681/1871 1764/1764/1837 1694/1694/1836
f 1736/1736/1870 1763/1763/1839 1764/1764/1837
f 1735/1735/1872 1762/1762/1880 1763/1763/1839
f 1734/1734/1873 1761/1761/1841 1762/1762/1880
f 1761/1761/1841 1732/1732/1875 1760/1760/1843
f 1760/1760/1843 1731/1731/1876 1759/1759/1846
f 1979/1979/1813 1706/1706/1668 1707/1707/1814
f 1996/1996/1827 1766/1766/1833 1765/1765/1828
f 1725/1725/1881 1727/1727/1834 1724/1724/1849
f 1725/1725/1881 1729/1729/1679 1728/1728/1832
f 2019/2019/1882 1721/1721/1848 2015/2015/1883
f 1722/1722/1884 1724/1724/1849 1721/1721/1848
f 1722/1722/1884 1726/1726/1677 1725/1725/1881
f 2019/2019/1882 1715/1715/1885 1718/1718/1886
f 1718/1718/1886 1722/1722/1884 1721/1721/1848
f 1719/1719/1887 1723/1723/1676 1722/1722/1884
f 2027/2027/1821 1715/1715/1885 2024/2024/1888
f 1716/1716/1889 1718/1718/1886 1715/1715/1885
f 1717/1717/1670 1719/1719/1887 1716/1716/1889
f 2035/2035/1890 1844/1844/1891 2039/2039/1892
s 116
f 1776/1776/1807 1778/1778/1806 1779/1779/1808
s 105
f 1714/1714/1667 1716/1716/1889 1713/1713/1822
s 181
f 1873/1873/1893 1854/1854/1894 1857/1857/1895
s 105
f 1987/1987/1896 1765/1765/1828 1709/1709/1842
f 1706/1706/1668 1713/1713/1822 1707/1707/1814
f 2000/2000/1829 1760/1760/1843 1759/1759/1846
f 1987/1987/1896 1991/1991/1826 1765/1765/1828
f 1766/1766/1833 1709/1709/1842 1765/1765/1828
f 1766/1766/1833 1711/1711/1838 1710/1710/1840
f 1767/1767/1835 1712/1712/1665 1711/1711/1838
f 1737/1737/1878 1832/1832/1897 1850/1850/1898
f 1850/1850/1898 1832/1832/1897 1852/1852/1899
s 116
f 1851/1851/1900 1833/1833/1730 1853/1853/1737
s 105
f 1737/1737/1878 1837/1837/1901 1683/1683/1681
f 1850/1850/1898 1836/1836/1902 1837/1837/1901
s 116
f 1835/1835/1903 1853/1853/1737 1834/1834/1725
f 1951/1951/1904 1908/1908/1793 1793/1793/1711
s 115
f 1887/1887/1691 1889/1889/1905 1700/1700/1724
f 1889/1889/1905 1885/1885/1722 1700/1700/1724
s 105
f 1684/1684/1877 1688/1688/1850 1832/1832/1897
f 1686/1686/1687 1841/1841/1906 1846/1846/1907
f 1846/1846/1907 1840/1840/1908 1848/1848/1909
s 116
f 1839/1839/1910 1849/1849/1729 1847/1847/1911
s 105
f 1685/1685/1688 1846/1846/1907 1842/1842/1912
f 1842/1842/1912 1848/1848/1909 1844/1844/1891
s 116
f 1847/1847/1911 1845/1845/1718 1843/1843/1733
s 129
f 1907/1907/1913 2008/2008/1914 1894/1894/1915
s 116
f 2043/2043/1916 1770/1770/1815 1928/1928/1727
s 105
f 1687/1687/1682 1837/1837/1901 1841/1841/1906
f 1841/1841/1906 1836/1836/1902 1840/1840/1908
s 116
f 1835/1835/1903 1838/1838/1726 1839/1839/1910
s off
f 1856/1856/1917 1859/1859/1918 1872/1872/1919
f 1868/1868/1920 1883/1883/1921 1871/1871/1922
s 181
f 1881/1881/1923 1864/1864/1924 1879/1879/1925
s 116
f 1955/1955/1926 1790/1790/1749 1787/1787/1797
f 1932/1932/1927 1936/1936/1928 1828/1828/1819
s 181
f 1875/1875/1929 1862/1862/1930 1854/1854/1894
s 105
f 1858/1858/1669 1679/1679/1931 1860/1860/1932
s 116
f 1874/1874/1700 1780/1780/1703 1876/1876/1933
s 181
f 1877/1877/1934 1864/1864/1924 1862/1862/1930
s 105
f 1677/1677/1935 1867/1867/1675 1869/1869/1936
s 116
f 1882/1882/1707 1678/1678/1710 1870/1870/1937
s 105
f 1996/1996/1827 1724/1724/1849 1727/1727/1834
s 116
f 1975/1975/1938 1771/1771/1816 1772/1772/1758
f 1955/1955/1926 1784/1784/1799 1960/1960/1939
s 129
f 2011/2011/1940 1940/1940/1745 1956/1956/1764
s 116
f 1975/1975/1938 1943/1943/1817 1771/1771/1816
s 129
f 1952/1952/1941 2003/2003/1762 2008/2008/1914
s 116
f 1951/1951/1904 1822/1822/1942 1948/1948/1943
s 105
f 1759/1759/1846 1731/1731/1876 1730/1730/1685
f 1891/1891/1683 1842/1842/1912 2035/2035/1890
s 116
f 1770/1770/1815 1972/1972/1805 1776/1776/1807
s 129
f 2020/2020/1803 1967/1967/1944 2023/2023/1809
s 116
f 1778/1778/1806 1963/1963/1798 1781/1781/1800
s 129
f 2028/2028/1811 2044/2044/1739 1983/1983/1945
s 116
f 1932/1932/1927 1828/1828/1819 1829/1829/1747
s 105
f 1898/1898/1946 1902/1902/1947 1698/1698/1948
s 129
f 1899/1899/1824 1927/1927/1740 1916/1916/1825
s 105
f 1715/1715/1885 1713/1713/1822 1716/1716/1889
s 129
f 1912/1912/1949 1894/1894/1915 1890/1890/1950
s 116
f 1950/1950/1951 1951/1951/1904 1948/1948/1943
s 129
f 1947/1947/1760 1953/1953/1952 1949/1949/1953
f 1966/1966/1954 1967/1967/1944 1964/1964/1802
s 116
f 1963/1963/1798 1969/1969/1955 1965/1965/1956
f 1938/1938/1957 1975/1975/1938 1936/1936/1928
s 129
f 1935/1935/1744 1977/1977/1958 1937/1937/1959
f 1981/1981/1960 1983/1983/1945 1980/1980/1738
s 105
f 1979/1979/1813 1986/1986/1961 1982/1982/1962
f 1895/1895/1684 2009/2009/1963 2007/2007/1844
s 129
f 1897/1897/1964 2008/2008/1914 2010/2010/1965
s 105
f 2024/2024/1888 2030/2030/1966 2027/2027/1821
s 129
f 2025/2025/1967 2028/2028/1811 2029/2029/1968
f 1901/1901/1969 1980/1980/1738 1899/1899/1824
s 105
f 1898/1898/1946 1982/1982/1962 1900/1900/1970
s 129
f 1916/1916/1825 1921/1921/1971 1884/1884/1972
s 116
f 1918/1918/1973 1919/1919/1974 1922/1922/1975
s 129
f 1967/1967/1944 1974/1974/1976 1971/1971/1810
s 116
f 1969/1969/1955 1972/1972/1805 1973/1973/1977
s 105
f 2014/2014/1978 2015/2015/1883 2012/2012/1847
s 129
f 2011/2011/1940 2017/2017/1979 2013/2013/1980
s 105
f 2000/2000/1829 2033/2033/1981 2031/2031/1830
s 129
f 2002/2002/1982 2032/2032/1795 2034/2034/1983
f 1988/1988/1743 2034/2034/1983 2032/2032/1795
s 105
f 1989/1989/1984 2031/2031/1830 2033/2033/1981
s 116
f 1978/1978/1985 1943/1943/1817 1975/1975/1938
s 129
f 1976/1976/1818 1945/1945/1986 1977/1977/1958
f 1958/1958/1987 1959/1959/1765 1956/1956/1764
s 116
f 1955/1955/1926 1961/1961/1988 1957/1957/1989
s 105
f 1900/1900/1970 1902/1902/1947 1898/1898/1946
s 129
f 1899/1899/1824 1905/1905/1990 1901/1901/1969
s 105
f 1989/1989/1984 1991/1991/1826 1987/1987/1896
s 129
f 1990/1990/1991 1992/1992/1746 1994/1994/1992
f 1941/1941/1993 1956/1956/1764 1940/1940/1745
s 116
f 1939/1939/1994 1957/1957/1989 1942/1942/1995
s 129
f 1999/1999/1761 2006/2006/1996 2003/2003/1762
s 105
f 2001/2001/1997 2004/2004/1845 2005/2005/1998
f 2015/2015/1883 2022/2022/1999 2019/2019/1882
s 129
f 2017/2017/1979 2020/2020/1803 2021/2021/2000
s 116
f 1924/1924/1734 2040/2040/2001 2038/2038/1735
s 129
f 1912/1912/1949 2041/2041/2002 1926/1926/2003
s 105
f 1996/1996/1827 2014/2014/1978 2012/2012/1847
s 129
f 1998/1998/2004 2011/2011/1940 2013/2013/1980
s 105
f 1891/1891/1683 1896/1896/2005 1895/1895/1684
s 129
f 1892/1892/2006 1894/1894/1915 1897/1897/1964
s 116
f 1909/1909/2007 1911/1911/1717 1908/1908/1793
s 129
f 1907/1907/1913 1914/1914/2008 1910/1910/2009
s 105
f 2035/2035/1890 1893/1893/2010 1891/1891/1683
s 116
f 1932/1932/1927 1938/1938/1957 1936/1936/1928
s 129
f 1931/1931/1742 1937/1937/1959 1933/1933/2011
f 1933/1933/2011 1940/1940/1745 1931/1931/1742
s 116
f 1932/1932/1927 1942/1942/1995 1934/1934/2012
f 1946/1946/2013 1948/1948/1943 1943/1943/1817
s 129
f 1944/1944/1794 1949/1949/1953 1945/1945/1986
f 1910/1910/2009 1952/1952/1941 1907/1907/1913
s 116
f 1908/1908/1793 1954/1954/2014 1909/1909/2007
s 129
f 1959/1959/1765 1966/1966/1954 1964/1964/1802
s 116
f 1961/1961/1988 1963/1963/1798 1965/1965/1956
s 105
f 1991/1991/1826 1997/1997/2015 1996/1996/1827
s 129
f 1994/1994/1992 1995/1995/2016 1998/1998/2004
f 2003/2003/1762 2010/2010/1965 2008/2008/1914
s 105
f 2005/2005/1998 2007/2007/1844 2009/2009/1963
f 2019/2019/1882 2026/2026/2017 2024/2024/1888
s 129
f 2021/2021/2000 2023/2023/1809 2025/2025/1967
s 116
f 1928/1928/1727 2045/2045/2018 2043/2043/1916
s 129
f 1930/1930/2019 2044/2044/1739 2046/2046/2020
s 105
f 2035/2035/1890 2042/2042/2021 2037/2037/2022
s 116
f 1911/1911/1717 1925/1925/2023 1924/1924/1734
s 129
f 1914/1914/2008 1912/1912/1949 1926/1926/2003
f 1927/1927/1740 1917/1917/2024 1916/1916/1825
s 116
f 1929/1929/2025 1915/1915/1728 1918/1918/1973
s 129
f 1971/1971/1810 2046/2046/2020 2044/2044/1739
s 116
f 1972/1972/1805 2045/2045/2018 1973/1973/1977
s 105
f 2027/2027/1821 1986/1986/1961 1984/1984/1812
s 129
f 2029/2029/1968 1983/1983/1945 1985/1985/2026
s 105
f 1730/1730/1685 1685/1685/1688 1891/1891/1683
s 129
f 1890/1890/1950 2036/2036/2027 2041/2041/2002
f 1892/1892/2006 2036/2036/2027 1890/1890/1950
s 1
f 1392/1392/1295 1336/1336/1468 1298/1298/1296
f 1338/1338/1298 1304/1304/1567 1296/1296/1299
f 1480/1480/1301 1338/1338/1298 1341/1341/1302
f 1341/1341/1302 1344/1344/1305 1486/1486/1304
f 1344/1344/1305 1347/1347/1308 1488/1488/1306
f 1491/1491/1307 1488/1488/1306 1347/1347/1308
f 1350/1350/1309 1353/1353/1321 1300/1300/1310
f 1362/1362/1318 1309/1309/1546 1310/1310/1319
f 1369/1369/1320 1310/1310/1319 1311/1311/1313
f 1353/1353/1321 1392/1392/1295 1321/1321/1297
s 10
f 1510/1510/1322 1528/1528/2028 1526/1526/1323
s 11
f 1455/1455/1325 1320/1320/1355 1297/1297/1326
f 1295/1295/1328 1303/1303/1332 1401/1401/1329
f 1496/1496/1331 1401/1401/1329 1303/1303/1332
f 1501/1501/1334 1407/1407/1338 1404/1404/1335
f 1503/1503/1337 1410/1410/1340 1407/1407/1338
f 1506/1506/1339 1413/1413/1341 1410/1410/1340
f 1413/1413/1341 1301/1301/1570 1299/1299/1342
f 1417/1417/1344 1425/1425/1352 1327/1327/1345
f 1535/1535/1346 1327/1327/1345 1469/1469/1350
f 1425/1425/1352 1432/1432/1354 1328/1328/1353
f 1432/1432/1354 1439/1439/1348 1329/1329/1347
f 1416/1416/1343 1299/1299/1342 1320/1320/1355
s 10
f 1508/1508/1356 1322/1322/1324 1543/1543/1357
s 11
f 1329/1329/1347 1325/1325/1349 1458/1458/1359
f 1393/1393/1330 1394/1394/1451 1552/1552/1361
f 1327/1327/1345 1328/1328/1353 1473/1473/1363
f 1328/1328/1353 1329/1329/1347 1462/1462/1360
f 1548/1548/1351 1469/1469/1350 1468/1468/1367
f 1458/1458/1359 1325/1325/1349 1424/1424/1369
f 1424/1424/1369 1326/1326/1365 1456/1456/1364
s 25
f 1604/1604/1371 1551/1551/1580 1668/1668/1372
s 11
f 1393/1393/1330 1539/1539/1362 1323/1323/1374
f 1539/1539/1362 1544/1544/1607 1323/1323/1374
s 25
f 1612/1612/1375 1616/1616/1378 1555/1555/1376
f 1616/1616/1378 1619/1619/1574 1564/1564/1379
s 11
f 1415/1415/1380 1454/1454/1383 1453/1453/1381
f 1415/1415/1380 1416/1416/1343 1455/1455/1325
f 1318/1318/1384 1451/1451/1385 1399/1399/1327
f 1451/1451/1385 1450/1450/1387 1398/1398/1386
f 1450/1450/1387 1449/1449/1426 1397/1397/1388
f 1397/1397/1388 1449/1449/1426 1448/1448/1389
f 1396/1396/1390 1448/1448/1389 1447/1447/1391
s 25
f 1571/1571/1393 1627/1627/1575 1623/1623/1394
f 1640/1640/1396 1583/1583/1621 1580/1580/1397
s 11
f 1315/1315/1399 1312/1312/1366 1445/1445/1400
f 1445/1445/1400 1444/1444/1403 1437/1437/1402
f 1444/1444/1403 1443/1443/1405 1436/1436/1404
f 1443/1443/1405 1442/1442/1425 1435/1435/1406
f 1435/1435/1406 1442/1442/1425 1441/1441/1407
f 1434/1434/1408 1441/1441/1407 1440/1440/1409
f 1433/1433/1410 1440/1440/1409 1439/1439/1348
f 1315/1315/1399 1438/1438/1401 1431/1431/1411
f 1438/1438/1401 1437/1437/1402 1430/1430/1413
f 1437/1437/1402 1436/1436/1404 1429/1429/1414
f 1436/1436/1404 1435/1435/1406 1428/1428/1415
f 1428/1428/1415 1435/1435/1406 1434/1434/1408
f 1427/1427/1416 1434/1434/1408 1433/1433/1410
f 1426/1426/1417 1433/1433/1410 1432/1432/1354
f 1316/1316/1412 1431/1431/1411 1423/1423/1418
f 1431/1431/1411 1430/1430/1413 1422/1422/1420
f 1430/1430/1413 1429/1429/1414 1421/1421/1421
f 1429/1429/1414 1428/1428/1415 1420/1420/1422
f 1420/1420/1422 1428/1428/1415 1427/1427/1416
f 1419/1419/1423 1427/1427/1416 1426/1426/1417
f 1418/1418/1424 1426/1426/1417 1425/1425/1352
f 1326/1326/1365 1424/1424/1369 1443/1443/1405
f 1441/1441/1407 1424/1424/1369 1325/1325/1349
f 1305/1305/1419 1423/1423/1418 1451/1451/1385
f 1423/1423/1418 1422/1422/1420 1450/1450/1387
f 1422/1422/1420 1421/1421/1421 1449/1449/1426
f 1421/1421/1421 1420/1420/1422 1448/1448/1389
f 1448/1448/1389 1420/1420/1422 1419/1419/1423
f 1447/1447/1391 1419/1419/1423 1418/1418/1424
s 25
f 1568/1568/1395 1623/1623/1394 1656/1656/1429
s 11
f 1412/1412/1431 1415/1415/1380 1414/1414/1382
f 1412/1412/1431 1413/1413/1341 1416/1416/1343
f 1408/1408/1433 1584/1584/1573 1587/1587/1434
f 1409/1409/1436 1412/1412/1431 1411/1411/1432
f 1409/1409/1436 1410/1410/1340 1413/1413/1341
s 25
f 1588/1588/1437 1583/1583/1621 1640/1640/1396
s 11
f 1405/1405/1435 1406/1406/1439 1409/1409/1436
f 1406/1406/1439 1407/1407/1338 1410/1410/1340
f 1596/1596/1440 1400/1400/1447 1402/1402/1441
f 1403/1403/1443 1406/1406/1439 1405/1405/1435
f 1403/1403/1443 1404/1404/1335 1407/1407/1338
s 25
f 1595/1595/1444 1591/1591/1577 1647/1647/1445
s 11
f 1401/1401/1329 1404/1404/1335 1403/1403/1443
f 1393/1393/1330 1401/1401/1329 1400/1400/1447
f 1447/1447/1391 1446/1446/1427 1567/1567/1452
f 1446/1446/1427 1572/1572/1576 1567/1567/1452
s 25
f 1656/1656/1429 1612/1612/1375 1559/1559/1377
s 11
f 1453/1453/1381 1397/1397/1388 1396/1396/1390
f 1453/1453/1381 1454/1454/1383 1398/1398/1386
f 1454/1454/1383 1455/1455/1325 1399/1399/1327
s 1
f 1331/1331/1449 1608/1608/1448 1651/1651/1454
s 25
f 1513/1513/1458 1509/1509/2029 1540/1540/1581
f 1540/1540/1581 1523/1523/1456 1513/1513/1458
s 1
f 1390/1390/1465 1391/1391/1531 1352/1352/1466
f 1352/1352/1466 1391/1391/1531 1392/1392/1295
f 1336/1336/1468 1388/1388/1471 1319/1319/1469
f 1335/1335/1470 1387/1387/1473 1388/1388/1471
f 1334/1334/1472 1386/1386/1475 1387/1387/1473
f 1334/1334/1472 1333/1333/1476 1385/1385/1474
f 1333/1333/1476 1332/1332/1463 1384/1384/1477
f 1636/1636/1481 1348/1348/1516 1345/1345/1482
f 1375/1375/1484 1382/1382/1488 1313/1313/1485
f 1374/1374/1487 1381/1381/1490 1382/1382/1488
f 1373/1373/1489 1380/1380/1492 1381/1381/1490
f 1372/1372/1491 1379/1379/1494 1380/1380/1492
f 1372/1372/1491 1371/1371/1495 1378/1378/1493
f 1371/1371/1495 1370/1370/1497 1377/1377/1496
f 1370/1370/1497 1369/1369/1320 1376/1376/1312
f 1368/1368/1498 1375/1375/1484 1314/1314/1486
f 1367/1367/1500 1374/1374/1487 1375/1375/1484
f 1366/1366/1501 1373/1373/1489 1374/1374/1487
f 1365/1365/1502 1372/1372/1491 1373/1373/1489
f 1365/1365/1502 1364/1364/1503 1371/1371/1495
f 1364/1364/1503 1363/1363/1504 1370/1370/1497
f 1363/1363/1504 1362/1362/1318 1369/1369/1320
f 1360/1360/1505 1368/1368/1498 1317/1317/1499
f 1359/1359/1507 1367/1367/1500 1368/1368/1498
f 1358/1358/1508 1366/1366/1501 1367/1367/1500
f 1357/1357/1509 1365/1365/1502 1366/1366/1501
f 1357/1357/1509 1356/1356/1510 1364/1364/1503
f 1356/1356/1510 1355/1355/1511 1363/1363/1504
f 1355/1355/1511 1354/1354/1316 1362/1362/1318
f 1380/1380/1492 1361/1361/1513 1308/1308/1512
f 1378/1378/1493 1377/1377/1496 1307/1307/1314
f 1388/1388/1471 1360/1360/1505 1306/1306/1506
f 1387/1387/1473 1359/1359/1507 1360/1360/1505
f 1386/1386/1475 1358/1358/1508 1359/1359/1507
f 1385/1385/1474 1357/1357/1509 1358/1358/1508
f 1385/1385/1474 1384/1384/1477 1356/1356/1510
f 1384/1384/1477 1383/1383/1479 1355/1355/1511
f 1603/1603/1450 1331/1331/1449 1330/1330/1300
f 1390/1390/1465 1351/1351/1467 1620/1620/1461
f 1351/1351/1467 1352/1352/1466 1349/1349/1515
f 1349/1349/1515 1352/1352/1466 1353/1353/1321
f 1345/1345/1482 1342/1342/1521 1643/1643/1517
f 1348/1348/1516 1349/1349/1515 1346/1346/1518
f 1346/1346/1518 1349/1349/1515 1350/1350/1309
f 1643/1643/1517 1342/1342/1521 1339/1339/1519
f 1342/1342/1521 1345/1345/1482 1346/1346/1518
f 1343/1343/1522 1346/1346/1518 1347/1347/1308
f 1339/1339/1519 1337/1337/1455 1651/1651/1454
f 1342/1342/1521 1343/1343/1522 1340/1340/1523
f 1343/1343/1522 1344/1344/1305 1341/1341/1302
f 1659/1659/1524 1662/1662/2030 1467/1467/1525
f 1340/1340/1523 1341/1341/1302 1338/1338/1298
s 74
f 1497/1497/1527 1481/1481/2031 1479/1479/1528
s 1
f 1611/1611/1530 1655/1655/1464 1333/1333/1476
f 1655/1655/1464 1332/1332/1463 1333/1333/1476
f 1337/1337/1455 1338/1338/1298 1330/1330/1300
f 1624/1624/1462 1628/1628/1480 1383/1383/1479
f 1383/1383/1479 1384/1384/1477 1624/1624/1462
f 1333/1333/1476 1334/1334/1472 1390/1390/1465
f 1390/1390/1465 1334/1334/1472 1335/1335/1470
f 1391/1391/1531 1335/1335/1470 1336/1336/1468
f 1361/1361/1513 1474/1474/1533 1457/1457/1532
f 1461/1461/1536 1474/1474/1533 1361/1361/1513
f 1459/1459/1537 1475/1475/1534 1474/1474/1533
s 11
f 1460/1460/1538 1458/1458/1359 1477/1477/1370
f 1575/1575/1539 1446/1446/1427 1417/1417/1344
f 1446/1446/1427 1418/1418/1424 1417/1417/1344
s 1
f 1310/1310/1319 1470/1470/1542 1465/1465/1541
f 1470/1470/1542 1471/1471/1547 1463/1463/1543
s 11
f 1473/1473/1363 1462/1462/1360 1464/1464/1544
s 1
f 1309/1309/1546 1466/1466/1526 1470/1470/1542
f 1466/1466/1526 1467/1467/1525 1471/1471/1547
s 11
f 1469/1469/1350 1473/1473/1363 1472/1472/1545
s 25
f 1531/1531/1548 1518/1518/1583 1632/1632/1549
s 1
f 1311/1311/1313 1465/1465/1541 1461/1461/1536
f 1465/1465/1541 1463/1463/1543 1459/1459/1537
s 11
f 1462/1462/1360 1458/1458/1359 1460/1460/1538
s 74
f 1489/1489/1558 1492/1492/2032 1507/1507/1559
s 11
f 1579/1579/1561 1411/1411/1432 1414/1414/1382
s 74
f 1500/1500/1529 1479/1479/1528 1487/1487/1565
s 1
f 1304/1304/1567 1338/1338/1298 1480/1480/1301
s 11
f 1404/1404/1335 1401/1401/1329 1496/1496/1331
s 74
f 1502/1502/1566 1487/1487/1565 1489/1489/1558
s 1
f 1491/1491/1307 1350/1350/1309 1302/1302/1311
s 11
f 1301/1301/1570 1413/1413/1341 1506/1506/1339
s 1
f 1620/1620/1461 1351/1351/1467 1348/1348/1516
s 11
f 1599/1599/1572 1560/1560/1564 1396/1396/1390
f 1560/1560/1564 1452/1452/1453 1396/1396/1390
f 1408/1408/1433 1411/1411/1432 1579/1579/1561
s 25
f 1635/1635/1398 1580/1580/1397 1564/1564/1379
f 1576/1576/1550 1632/1632/1549 1627/1627/1575
s 1
f 1631/1631/1478 1519/1519/1317 1354/1354/1316
f 1354/1354/1316 1355/1355/1511 1383/1383/1479
f 1515/1515/1315 1659/1659/1524 1466/1466/1526
s 11
f 1394/1394/1451 1400/1400/1447 1596/1596/1440
s 25
f 1591/1591/1577 1588/1588/1437 1644/1644/1438
s 11
f 1402/1402/1441 1405/1405/1435 1587/1587/1434
s 25
f 1668/1668/1372 1595/1595/1444 1652/1652/1446
s 11
f 1563/1563/1562 1414/1414/1382 1453/1453/1381
f 1453/1453/1381 1452/1452/1453 1556/1556/1563
s 1
f 1522/1522/1514 1330/1330/1300 1324/1324/1578
f 1330/1330/1300 1296/1296/1299 1324/1324/1578
s 25
f 1551/1551/1580 1604/1604/1371 1523/1523/1456
f 1536/1536/1582 1514/1514/1639 1518/1518/1583
s 11
f 1575/1575/1539 1578/1578/1647 1574/1574/1584
s 25
f 1577/1577/1585 1576/1576/1550 1571/1571/1393
f 1591/1591/1577 1593/1593/1609 1589/1589/1587
s 11
f 1594/1594/1588 1592/1592/1442 1587/1587/1434
f 1599/1599/1572 1602/1602/1619 1562/1562/1590
s 25
f 1601/1601/1591 1600/1600/1430 1559/1559/1377
f 1607/1607/1373 1609/1609/2033 1605/1605/1593
s 1
f 1610/1610/1594 1608/1608/1448 1603/1603/1450
f 1519/1519/1317 1631/1631/1478 1634/1634/1596
s 25
f 1520/1520/1598 1633/1633/1651 1632/1632/1549
s 1
f 1648/1648/1520 1651/1651/1454 1654/1654/1599
s 25
f 1649/1649/1601 1653/1653/1661 1652/1652/1446
f 1604/1604/1371 1605/1605/1593 1524/1524/1602
s 1
f 1606/1606/1595 1603/1603/1450 1522/1522/1514
s 25
f 1540/1540/1581 1509/1509/2029 1546/1546/1604
s 11
f 1542/1542/1606 1547/1547/2034 1544/1544/1607
s 25
f 1591/1591/1577 1595/1595/1444 1597/1597/1608
s 11
f 1594/1594/1588 1598/1598/1660 1596/1596/1440
s 1
f 1639/1639/1483 1642/1642/1630 1638/1638/1610
s 25
f 1641/1641/1611 1640/1640/1396 1635/1635/1398
s 1
f 1624/1624/1462 1655/1655/1464 1658/1658/1613
s 25
f 1625/1625/1615 1657/1657/1616 1656/1656/1429
f 1612/1612/1375 1656/1656/1429 1657/1657/1616
s 1
f 1614/1614/1618 1658/1658/1613 1655/1655/1464
s 11
f 1567/1567/1452 1570/1570/1646 1602/1602/1619
s 25
f 1569/1569/1620 1568/1568/1395 1600/1600/1430
f 1583/1583/1621 1585/1585/1648 1581/1581/1622
s 11
f 1586/1586/1623 1584/1584/1573 1579/1579/1561
s 1
f 1527/1527/1579 1530/1530/2035 1525/1525/1603
s 25
f 1529/1529/1625 1511/1511/1457 1523/1523/1456
s 1
f 1615/1615/1459 1618/1618/1649 1614/1614/1618
s 25
f 1613/1613/1617 1617/1617/1650 1616/1616/1378
f 1580/1580/1397 1581/1581/1622 1565/1565/1626
s 11
f 1582/1582/1624 1579/1579/1561 1563/1563/1562
s 25
f 1623/1623/1394 1627/1627/1575 1629/1629/1628
s 1
f 1626/1626/1614 1630/1630/1652 1628/1628/1480
f 1639/1639/1483 1643/1643/1517 1646/1646/1629
s 25
f 1641/1641/1611 1645/1645/1653 1644/1644/1438
s 11
f 1548/1548/1351 1663/1663/1368 1666/1666/1631
s 25
f 1664/1664/1633 1514/1514/1639 1536/1536/1582
s 1
f 1620/1620/1461 1636/1636/1481 1638/1638/1610
s 25
f 1621/1621/1636 1637/1637/1612 1635/1635/1398
s 1
f 1515/1515/1315 1519/1519/1317 1521/1521/1597
s 25
f 1516/1516/1638 1520/1520/1598 1518/1518/1583
s 11
f 1535/1535/1346 1538/1538/1658 1534/1534/1640
s 25
f 1537/1537/1641 1536/1536/1582 1531/1531/1548
s 1
f 1659/1659/1524 1515/1515/1315 1517/1517/1637
s 11
f 1556/1556/1563 1560/1560/1564 1562/1562/1590
s 25
f 1561/1561/1592 1559/1559/1377 1555/1555/1376
f 1564/1564/1379 1565/1565/1626 1557/1557/1645
s 11
f 1566/1566/1627 1563/1563/1562 1556/1556/1563
f 1572/1572/1576 1574/1574/1584 1570/1570/1646
s 25
f 1573/1573/1586 1571/1571/1393 1568/1568/1395
f 1576/1576/1550 1577/1577/1585 1533/1533/1642
s 11
f 1578/1578/1647 1575/1575/1539 1532/1532/1428
s 25
f 1583/1583/1621 1588/1588/1437 1589/1589/1587
s 11
f 1586/1586/1623 1590/1590/1589 1587/1587/1434
s 1
f 1615/1615/1459 1620/1620/1461 1622/1622/1635
s 25
f 1617/1617/1650 1621/1621/1636 1619/1619/1574
f 1627/1627/1575 1632/1632/1549 1633/1633/1651
s 1
f 1630/1630/1652 1634/1634/1596 1631/1631/1478
f 1643/1643/1517 1648/1648/1520 1650/1650/1600
s 25
f 1645/1645/1653 1649/1649/1601 1647/1647/1445
s 11
f 1552/1552/1361 1667/1667/1551 1670/1670/1654
s 25
f 1553/1553/1656 1669/1669/1659 1668/1668/1372
s 1
f 1665/1665/1657 1662/1662/2030 1659/1659/1524
s 11
f 1535/1535/1346 1548/1548/1351 1550/1550/1632
s 25
f 1551/1551/1580 1540/1540/1581 1541/1541/1605
s 11
f 1554/1554/1655 1542/1542/1606 1539/1539/1362
s 25
f 1595/1595/1444 1668/1668/1372 1669/1669/1659
s 11
f 1670/1670/1654 1667/1667/1551 1596/1596/1440
s 1
f 1651/1651/1454 1608/1608/1448 1610/1610/1594
s 25
f 1653/1653/1661 1609/1609/2033 1607/1607/1373
s 1
f 1354/1354/1316 1515/1515/1315 1309/1309/1546
s 105
f 1768/1768/1663 1696/1696/1690 1673/1673/1664
f 1671/1671/1666 1679/1679/1931 1714/1714/1667
f 1858/1858/1669 1855/1855/1672 1717/1717/1670
f 1863/1863/1671 1720/1720/1674 1717/1717/1670
f 1865/1865/1673 1723/1723/1676 1720/1720/1674
f 1867/1867/1675 1726/1726/1677 1723/1723/1676
f 1726/1726/1677 1677/1677/1935 1675/1675/1678
f 1738/1738/1686 1745/1745/1689 1686/1686/1687
f 1745/1745/1689 1752/1752/1680 1687/1687/1682
f 1729/1729/1679 1675/1675/1678 1696/1696/1690
s 115
f 1887/1887/1691 1700/1700/1724 1903/1903/1692
s 116
f 1831/1831/1694 1775/1775/1750 1674/1674/1695
f 1777/1777/1697 1680/1680/1701 1672/1672/1698
f 1874/1874/1700 1861/1861/2036 1680/1680/1701
f 1878/1878/1702 1876/1876/1933 1780/1780/1703
f 1880/1880/1705 1878/1878/1702 1783/1783/1704
f 1882/1882/1707 1880/1880/1705 1786/1786/1706
f 1789/1789/1708 1792/1792/1721 1676/1676/1709
f 1793/1793/1711 1911/1911/1717 1703/1703/1712
f 1911/1911/1717 1924/1924/1734 1845/1845/1718
f 1801/1801/1713 1703/1703/1712 1704/1704/1719
f 1808/1808/1720 1704/1704/1719 1705/1705/1714
f 1792/1792/1721 1831/1831/1694 1697/1697/1696
s 115
f 1885/1885/1722 1923/1923/2037 1920/1920/1723
s 116
f 1834/1834/1725 1701/1701/1715 1705/1705/1714
f 1928/1928/1727 1770/1770/1815 1769/1769/1699
f 1849/1849/1729 1704/1704/1719 1703/1703/1712
f 1838/1838/1726 1705/1705/1714 1704/1704/1719
f 1843/1843/1733 1845/1845/1718 1924/1924/1734
f 1834/1834/1725 1853/1853/1737 1800/1800/1736
f 1833/1833/1730 1702/1702/1732 1800/1800/1736
s 129
f 1980/1980/1738 1983/1983/1945 2044/2044/1739
s 116
f 1919/1919/1974 1915/1915/1728 1699/1699/1741
f 1915/1915/1728 1769/1769/1699 1699/1699/1741
s 129
f 1931/1931/1742 1992/1992/1746 1988/1988/1743
f 1940/1940/1745 1995/1995/2016 1992/1992/1746
s 116
f 1829/1829/1747 1830/1830/1820 1791/1791/1748
f 1791/1791/1748 1830/1830/1820 1831/1831/1694
f 1775/1775/1750 1827/1827/1753 1695/1695/1751
f 1774/1774/1752 1826/1826/1755 1827/1827/1753
f 1773/1773/1754 1825/1825/1757 1826/1826/1755
f 1773/1773/1754 1772/1772/1758 1824/1824/1756
f 1772/1772/1758 1771/1771/1816 1823/1823/1759
s 129
f 1947/1947/1760 1944/1944/1794 1999/1999/1761
f 2016/2016/1763 2011/2011/1940 1956/1956/1764
s 116
f 1690/1690/1766 1814/1814/1769 1821/1821/1767
f 1813/1813/1768 1820/1820/1771 1821/1821/1767
f 1812/1812/1770 1819/1819/1773 1820/1820/1771
f 1811/1811/1772 1818/1818/1775 1819/1819/1773
f 1811/1811/1772 1810/1810/1776 1817/1817/1774
f 1810/1810/1776 1809/1809/1778 1816/1816/1777
f 1809/1809/1778 1808/1808/1720 1815/1815/1716
f 1807/1807/1779 1814/1814/1769 1690/1690/1766
f 1806/1806/1781 1813/1813/1768 1814/1814/1769
f 1805/1805/1782 1812/1812/1770 1813/1813/1768
f 1804/1804/1783 1811/1811/1772 1812/1812/1770
f 1804/1804/1783 1803/1803/1784 1810/1810/1776
f 1803/1803/1784 1802/1802/1785 1809/1809/1778
f 1802/1802/1785 1801/1801/1713 1808/1808/1720
f 1799/1799/1786 1807/1807/1779 1693/1693/1780
f 1798/1798/1788 1806/1806/1781 1807/1807/1779
f 1797/1797/1789 1805/1805/1782 1806/1806/1781
f 1796/1796/1790 1804/1804/1783 1805/1805/1782
f 1796/1796/1790 1795/1795/1791 1803/1803/1784
f 1795/1795/1791 1794/1794/1792 1802/1802/1785
f 1794/1794/1792 1793/1793/1711 1801/1801/1713
f 1819/1819/1773 1800/1800/1736 1702/1702/1732
f 1817/1817/1774 1816/1816/1777 1701/1701/1715
f 1827/1827/1753 1799/1799/1786 1682/1682/1787
f 1826/1826/1755 1798/1798/1788 1799/1799/1786
f 1825/1825/1757 1797/1797/1789 1798/1798/1788
f 1824/1824/1756 1796/1796/1790 1797/1797/1789
f 1824/1824/1756 1823/1823/1759 1795/1795/1791
f 1823/1823/1759 1822/1822/1942 1794/1794/1792
s 129
f 1944/1944/1794 1976/1976/1818 2032/2032/1795
s 116
f 1790/1790/1749 1791/1791/1748 1788/1788/1796
f 1788/1788/1796 1791/1791/1748 1792/1792/1721
f 1963/1963/1798 1960/1960/1939 1784/1784/1799
f 1787/1787/1797 1788/1788/1796 1785/1785/1801
f 1785/1785/1801 1788/1788/1796 1789/1789/1708
s 129
f 2016/2016/1763 1959/1959/1765 1964/1964/1802
s 116
f 1781/1781/1800 1784/1784/1799 1785/1785/1801
f 1782/1782/1804 1785/1785/1801 1786/1786/1706
f 1972/1972/1805 1968/1968/2038 1778/1778/1806
f 1781/1781/1800 1782/1782/1804 1779/1779/1808
f 1779/1779/1808 1782/1782/1804 1783/1783/1704
s 129
f 2023/2023/1809 1967/1967/1944 1971/1971/1810
s 116
f 1779/1779/1808 1780/1780/1703 1777/1777/1697
f 1776/1776/1807 1777/1777/1697 1769/1769/1699
f 1948/1948/1943 1822/1822/1942 1943/1943/1817
f 1822/1822/1942 1823/1823/1759 1943/1943/1817
s 129
f 1935/1935/1744 1988/1988/1743 2032/2032/1795
s 116
f 1772/1772/1758 1773/1773/1754 1829/1829/1747
f 1829/1829/1747 1773/1773/1754 1774/1774/1752
f 1830/1830/1820 1774/1774/1752 1775/1775/1750
s 105
f 2027/2027/1821 1984/1984/1812 1707/1707/1814
s 129
f 1916/1916/1825 1884/1884/1972 1888/1888/1823
f 1888/1888/1823 1886/1886/2039 1899/1899/1824
s 105
f 1728/1728/1832 1767/1767/1835 1766/1766/1833
f 1728/1728/1832 1729/1729/1679 1768/1768/1663
f 1694/1694/1836 1764/1764/1837 1712/1712/1665
f 1764/1764/1837 1763/1763/1839 1711/1711/1838
f 1763/1763/1839 1762/1762/1880 1710/1710/1840
f 1710/1710/1840 1762/1762/1880 1761/1761/1841
f 1709/1709/1842 1761/1761/1841 1760/1760/1843
f 2012/2012/1847 2015/2015/1883 1721/1721/1848
f 1688/1688/1850 1758/1758/1853 1751/1751/1851
f 1758/1758/1853 1757/1757/1855 1750/1750/1854
f 1757/1757/1855 1756/1756/1857 1749/1749/1856
f 1756/1756/1857 1755/1755/1879 1748/1748/1858
f 1748/1748/1858 1755/1755/1879 1754/1754/1859
f 1747/1747/1860 1754/1754/1859 1753/1753/1861
f 1746/1746/1862 1753/1753/1861 1752/1752/1680
f 1691/1691/1852 1751/1751/1851 1744/1744/1863
f 1751/1751/1851 1750/1750/1854 1743/1743/1865
f 1750/1750/1854 1749/1749/1856 1742/1742/1866
f 1749/1749/1856 1748/1748/1858 1741/1741/1867
f 1741/1741/1867 1748/1748/1858 1747/1747/1860
f 1740/1740/1868 1747/1747/1860 1746/1746/1862
f 1739/1739/1869 1746/1746/1862 1745/1745/1689
f 1692/1692/1864 1744/1744/1863 1736/1736/1870
f 1744/1744/1863 1743/1743/1865 1735/1735/1872
f 1743/1743/1865 1742/1742/1866 1734/1734/1873
f 1742/1742/1866 1741/1741/1867 1733/1733/1874
f 1733/1733/1874 1741/1741/1867 1740/1740/1868
f 1732/1732/1875 1740/1740/1868 1739/1739/1869
f 1731/1731/1876 1739/1739/1869 1738/1738/1686
f 1684/1684/1877 1737/1737/1878 1756/1756/1857
f 1754/1754/1859 1737/1737/1878 1683/1683/1681
f 1681/1681/1871 1736/1736/1870 1764/1764/1837
f 1736/1736/1870 1735/1735/1872 1763/1763/1839
f 1735/1735/1872 1734/1734/1873 1762/1762/1880
f 1734/1734/1873 1733/1733/1874 1761/1761/1841
f 1761/1761/1841 1733/1733/1874 1732/1732/1875
f 1760/1760/1843 1732/1732/1875 1731/1731/1876
f 1979/1979/1813 1898/1898/1946 1706/1706/1668
f 1996/1996/1827 1727/1727/1834 1766/1766/1833
f 1725/1725/1881 1728/1728/1832 1727/1727/1834
f 1725/1725/1881 1726/1726/1677 1729/1729/1679
f 2019/2019/1882 1718/1718/1886 1721/1721/1848
f 1722/1722/1884 1725/1725/1881 1724/1724/1849
f 1722/1722/1884 1723/1723/1676 1726/1726/1677
f 2019/2019/1882 2024/2024/1888 1715/1715/1885
f 1718/1718/1886 1719/1719/1887 1722/1722/1884
f 1719/1719/1887 1720/1720/1674 1723/1723/1676
f 2027/2027/1821 1713/1713/1822 1715/1715/1885
f 1716/1716/1889 1719/1719/1887 1718/1718/1886
f 1717/1717/1670 1720/1720/1674 1719/1719/1887
f 2035/2035/1890 1842/1842/1912 1844/1844/1891
f 1714/1714/1667 1717/1717/1670 1716/1716/1889
s 181
f 1873/1873/1893 1875/1875/1929 1854/1854/1894
s 105
f 1708/1708/1831 2031/2031/1830 1709/1709/1842
f 2031/2031/1830 1987/1987/1896 1709/1709/1842
f 1706/1706/1668 1714/1714/1667 1713/1713/1822
f 1759/1759/1846 2004/2004/1845 2000/2000/1829
f 2000/2000/1829 1708/1708/1831 1760/1760/1843
f 1766/1766/1833 1710/1710/1840 1709/1709/1842
f 1766/1766/1833 1767/1767/1835 1711/1711/1838
f 1767/1767/1835 1768/1768/1663 1712/1712/1665
f 1737/1737/1878 1684/1684/1877 1832/1832/1897
f 1737/1737/1878 1850/1850/1898 1837/1837/1901
f 1850/1850/1898 1852/1852/1899 1836/1836/1902
s 116
f 1835/1835/1903 1851/1851/1900 1853/1853/1737
f 1794/1794/1792 1822/1822/1942 1793/1793/1711
f 1822/1822/1942 1951/1951/1904 1793/1793/1711
s 105
f 1686/1686/1687 1687/1687/1682 1841/1841/1906
f 1846/1846/1907 1841/1841/1906 1840/1840/1908
s 116
f 1839/1839/1910 1838/1838/1726 1849/1849/1729
s 105
f 1685/1685/1688 1686/1686/1687 1846/1846/1907
f 1842/1842/1912 1846/1846/1907 1848/1848/1909
s 116
f 1847/1847/1911 1849/1849/1729 1845/1845/1718
s 129
f 1907/1907/1913 1952/1952/1941 2008/2008/1914
s 105
f 1687/1687/1682 1683/1683/1681 1837/1837/1901
f 1841/1841/1906 1837/1837/1901 1836/1836/1902
s 116
f 1835/1835/1903 1834/1834/1725 1838/1838/1726
s 181
f 1881/1881/1923 1866/1866/2040 1864/1864/1924
s 116
f 1955/1955/1926 1939/1939/1994 1790/1790/1749
s 181
f 1875/1875/1929 1877/1877/1934 1862/1862/1930
s 105
f 1858/1858/1669 1714/1714/1667 1679/1679/1931
s 116
f 1874/1874/1700 1777/1777/1697 1780/1780/1703
s 181
f 1877/1877/1934 1879/1879/1925 1864/1864/1924
s 105
f 1677/1677/1935 1726/1726/1677 1867/1867/1675
s 116
f 1882/1882/1707 1789/1789/1708 1678/1678/1710
s 105
f 1996/1996/1827 2012/2012/1847 1724/1724/1849
s 116
f 1828/1828/1819 1936/1936/1928 1772/1772/1758
f 1936/1936/1928 1975/1975/1938 1772/1772/1758
f 1955/1955/1926 1787/1787/1797 1784/1784/1799
s 129
f 2011/2011/1940 1995/1995/2016 1940/1940/1745
f 1952/1952/1941 1947/1947/1760 2003/2003/1762
s 105
f 1730/1730/1685 1895/1895/1684 2007/2007/1844
f 2007/2007/1844 1759/1759/1846 1730/1730/1685
f 1891/1891/1683 1685/1685/1688 1842/1842/1912
s 116
f 1770/1770/1815 2043/2043/1916 1972/1972/1805
s 129
f 2020/2020/1803 1964/1964/1802 1967/1967/1944
s 116
f 1778/1778/1806 1968/1968/2038 1963/1963/1798
s 129
f 2028/2028/1811 1971/1971/1810 2044/2044/1739
s 116
f 1829/1829/1747 1790/1790/1749 1939/1939/1994
f 1939/1939/1994 1932/1932/1927 1829/1829/1747
s 105
f 1671/1671/1666 1706/1706/1668 1698/1698/1948
f 1706/1706/1668 1898/1898/1946 1698/1698/1948
s 129
f 1899/1899/1824 1980/1980/1738 1927/1927/1740
f 1912/1912/1949 1907/1907/1913 1894/1894/1915
s 116
f 1950/1950/1951 1954/1954/2014 1951/1951/1904
s 129
f 1947/1947/1760 1952/1952/1941 1953/1953/1952
f 1966/1966/1954 1970/1970/2041 1967/1967/1944
s 116
f 1963/1963/1798 1968/1968/2038 1969/1969/1955
f 1938/1938/1957 1978/1978/1985 1975/1975/1938
s 129
f 1935/1935/1744 1976/1976/1818 1977/1977/1958
f 1981/1981/1960 1985/1985/2026 1983/1983/1945
s 105
f 1979/1979/1813 1984/1984/1812 1986/1986/1961
f 1895/1895/1684 1896/1896/2005 2009/2009/1963
s 129
f 1897/1897/1964 1894/1894/1915 2008/2008/1914
s 105
f 2024/2024/1888 2026/2026/2017 2030/2030/1966
s 129
f 2025/2025/1967 2023/2023/1809 2028/2028/1811
f 1901/1901/1969 1981/1981/1960 1980/1980/1738
s 105
f 1898/1898/1946 1979/1979/1813 1982/1982/1962
s 129
f 1916/1916/1825 1917/1917/2024 1921/1921/1971
s 116
f 1918/1918/1973 1915/1915/1728 1919/1919/1974
s 129
f 1967/1967/1944 1970/1970/2041 1974/1974/1976
s 116
f 1969/1969/1955 1968/1968/2038 1972/1972/1805
s 105
f 2014/2014/1978 2018/2018/2042 2015/2015/1883
s 129
f 2011/2011/1940 2016/2016/1763 2017/2017/1979
s 105
f 2000/2000/1829 2001/2001/1997 2033/2033/1981
s 129
f 2002/2002/1982 1999/1999/1761 2032/2032/1795
f 1988/1988/1743 1990/1990/1991 2034/2034/1983
s 105
f 1989/1989/1984 1987/1987/1896 2031/2031/1830
s 116
f 1978/1978/1985 1946/1946/2013 1943/1943/1817
s 129
f 1976/1976/1818 1944/1944/1794 1945/1945/1986
f 1958/1958/1987 1962/1962/2043 1959/1959/1765
s 116
f 1955/1955/1926 1960/1960/1939 1961/1961/1988
s 105
f 1900/1900/1970 1904/1904/2044 1902/1902/1947
s 129
f 1899/1899/1824 1886/1886/2039 1905/1905/1990
s 105
f 1989/1989/1984 1993/1993/2045 1991/1991/1826
s 129
f 1990/1990/1991 1988/1988/1743 1992/1992/1746
f 1941/1941/1993 1958/1958/1987 1956/1956/1764
s 116
f 1939/1939/1994 1955/1955/1926 1957/1957/1989
s 129
f 1999/1999/1761 2002/2002/1982 2006/2006/1996
s 105
f 2001/2001/1997 2000/2000/1829 2004/2004/1845
f 2015/2015/1883 2018/2018/2042 2022/2022/1999
s 129
f 2017/2017/1979 2016/2016/1763 2020/2020/1803
s 116
f 1924/1924/1734 1925/1925/2023 2040/2040/2001
s 129
f 1912/1912/1949 1890/1890/1950 2041/2041/2002
s 105
f 1996/1996/1827 1997/1997/2015 2014/2014/1978
s 129
f 1998/1998/2004 1995/1995/2016 2011/2011/1940
s 105
f 1891/1891/1683 1893/1893/2010 1896/1896/2005
s 129
f 1892/1892/2006 1890/1890/1950 1894/1894/1915
s 116
f 1909/1909/2007 1913/1913/2046 1911/1911/1717
s 129
f 1907/1907/1913 1912/1912/1949 1914/1914/2008
s 105
f 2035/2035/1890 2037/2037/2022 1893/1893/2010
s 116
f 1932/1932/1927 1934/1934/2012 1938/1938/1957
s 129
f 1931/1931/1742 1935/1935/1744 1937/1937/1959
f 1933/1933/2011 1941/1941/1993 1940/1940/1745
s 116
f 1932/1932/1927 1939/1939/1994 1942/1942/1995
f 1946/1946/2013 1950/1950/1951 1948/1948/1943
s 129
f 1944/1944/1794 1947/1947/1760 1949/1949/1953
f 1910/1910/2009 1953/1953/1952 1952/1952/1941
s 116
f 1908/1908/1793 1951/1951/1904 1954/1954/2014
s 129
f 1959/1959/1765 1962/1962/2043 1966/1966/1954
s 116
f 1961/1961/1988 1960/1960/1939 1963/1963/1798
s 105
f 1991/1991/1826 1993/1993/2045 1997/1997/2015
s 129
f 1994/1994/1992 1992/1992/1746 1995/1995/2016
f 2003/2003/1762 2006/2006/1996 2010/2010/1965
s 105
f 2005/2005/1998 2004/2004/1845 2007/2007/1844
f 2019/2019/1882 2022/2022/1999 2026/2026/2017
s 129
f 2021/2021/2000 2020/2020/1803 2023/2023/1809
s 116
f 1928/1928/1727 1929/1929/2025 2045/2045/2018
s 129
f 1930/1930/2019 1927/1927/1740 2044/2044/1739
s 105
f 2035/2035/1890 2039/2039/1892 2042/2042/2021
s 116
f 1911/1911/1717 1913/1913/2046 1925/1925/2023
s 129
f 1927/1927/1740 1930/1930/2019 1917/1917/2024
s 116
f 1929/1929/2025 1928/1928/1727 1915/1915/1728
s 129
f 1971/1971/1810 1974/1974/1976 2046/2046/2020
s 116
f 1972/1972/1805 2043/2043/1916 2045/2045/2018
s 105
f 2027/2027/1821 2030/2030/1966 1986/1986/1961
s 129
f 2029/2029/1968 2028/2028/1811 1983/1983/1945
s 105
f 1730/1730/1685 1738/1738/1686 1685/1685/1688
g default
v 21.848448 35.951543 -1140.833044
v 124.819375 34.882734 -1172.964561
v 37.910581 35.890636 -1143.613397
v 53.336560 35.827697 -1146.089888
v 68.092898 35.732557 -1148.774184
v 82.455921 35.605706 -1152.455622
v 96.440344 35.499610 -1156.979904
v 109.116610 35.349757 -1162.237538
v 130.639976 34.657459 -1177.963033
v 117.950391 35.136457 -1167.258359
v 0.733120 35.951687 -1138.858962
v 0.733120 35.951687 -1138.358133
v 21.931006 29.646500 -1138.472589
v 125.010910 30.988394 -1172.516219
v 38.472779 29.593537 -1141.143565
v 53.596044 29.620902 -1143.713969
v 68.166338 29.741178 -1146.808229
v 82.497840 29.840251 -1151.442902
v 96.523879 30.111594 -1156.654032
v 109.417649 30.553273 -1161.798565
v 130.770362 31.092987 -1177.703306
v 118.169716 30.900570 -1166.634834
v 0.733120 29.771439 -1135.821930
v 0.733120 29.771439 -1135.321101
v 24.072285 37.012091 -1199.387506
v 23.841596 37.426711 -1185.877534
v 23.393765 37.719405 -1172.090001
v 24.554268 37.789377 -1160.005309
v 22.813503 37.099389 -1147.903912
v 125.238454 35.641114 -1178.390042
v 125.861414 36.045953 -1185.384832
v 38.824189 37.059886 -1150.543735
v 39.404758 37.713503 -1161.626768
v 39.221483 37.683112 -1174.851729
v 39.490120 37.438390 -1188.622105
v 53.744440 37.019389 -1152.684196
v 53.863735 37.655111 -1163.745782
v 53.836127 37.628596 -1176.754474
v 53.873418 37.419120 -1189.865769
v 68.219149 36.879042 -1155.471434
v 68.238543 37.453230 -1166.459990
v 68.232836 37.404778 -1178.978011
v 68.239883 37.186166 -1191.433047
v 82.571089 36.695989 -1159.121154
v 82.596938 37.185259 -1169.883056
v 82.583033 37.159242 -1181.658130
v 82.602059 36.907882 -1193.269195
v 96.764636 36.570458 -1163.876605
v 96.813109 37.017805 -1174.058665
v 96.666089 36.979992 -1184.848447
v 96.868587 36.768516 -1195.545445
v 109.961992 36.394160 -1169.223975
v 109.634060 36.768568 -1178.535538
v 109.331589 36.731905 -1188.146899
v 110.187687 36.510531 -1197.956130
v 131.017094 35.277203 -1182.439907
v 118.182428 36.055554 -1173.815305
v 118.482762 36.444114 -1182.114035
v 118.863421 36.444848 -1190.812344
v 0.733120 35.364530 -1200.145918
v 0.733120 35.364530 -1199.645088
v 0.733120 36.172705 -1191.254365
v 0.733120 36.172705 -1190.753536
v 0.733120 36.721499 -1181.577988
v 0.733120 36.721499 -1181.077159
v 0.733120 37.438729 -1171.742344
v 0.733120 37.438729 -1171.241515
v 0.733120 37.758946 -1162.163830
v 0.733120 37.758946 -1161.663001
v 0.733120 37.681263 -1152.840303
v 0.733120 37.681263 -1152.339473
v 0.733120 36.801070 -1144.411766
v 0.733120 36.801070 -1143.910824
v 24.825490 26.566706 -1201.220494
v 24.538490 26.036039 -1187.351351
v 24.417494 25.472497 -1173.299689
v 24.394393 25.885990 -1159.857217
v 24.053816 27.536209 -1146.877308
v 125.493496 29.314524 -1178.141489
v 126.179639 27.969983 -1185.351534
v 39.359946 27.546220 -1148.736935
v 39.458871 25.890719 -1161.454858
v 39.551937 25.521062 -1175.025557
v 39.646887 26.011122 -1188.661160
v 53.854508 27.551479 -1150.914870
v 53.872624 25.913848 -1163.483459
v 53.869231 25.619362 -1176.720950
v 53.875979 26.011494 -1189.865543
v 68.235883 27.722489 -1154.074598
v 68.240109 26.101613 -1166.208503
v 68.239735 25.731871 -1178.835787
v 68.240088 26.195569 -1191.439481
v 82.593446 27.783696 -1158.303145
v 82.604394 26.158608 -1169.607301
v 82.603040 25.799914 -1181.468950
v 82.576373 26.305612 -1193.329922
v 96.799324 28.135170 -1163.748491
v 96.907424 26.536761 -1173.885626
v 96.887014 26.137066 -1184.725300
v 96.851219 26.571468 -1195.541607
v 110.048243 28.576956 -1169.195531
v 110.109252 27.036089 -1178.563983
v 110.110614 26.620662 -1188.242053
v 110.237592 27.019549 -1197.965725
v 131.222273 29.711203 -1182.234699
v 118.380977 28.945031 -1173.597003
v 118.773614 27.460498 -1182.083220
v 119.189801 27.032493 -1190.869572
v 0.733120 27.581730 -1199.731890
v 0.733120 27.581730 -1199.231060
v 0.733120 26.924845 -1190.687842
v 0.733120 26.924845 -1190.187013
v 0.733120 26.299949 -1181.389599
v 0.733120 26.299949 -1180.888770
v 0.733120 25.682251 -1171.965386
v 0.733120 25.682251 -1171.464557
v 0.733120 25.467858 -1162.343302
v 0.733120 25.467858 -1161.842473
v 0.733120 25.819877 -1152.606763
v 0.733120 25.819877 -1152.105934
v 0.733120 27.600998 -1143.237182
v 0.733120 27.600998 -1142.736353
v 82.377493 34.341513 -1149.208303
v 82.364731 32.988840 -1148.089819
v 82.364731 32.988840 -1148.089819
v 82.413289 31.528920 -1148.564348
v 68.072270 31.463988 -1143.920193
v 67.997553 32.988649 -1143.661369
v 67.997553 32.988649 -1143.661369
v 67.998746 34.409704 -1145.141958
v 96.285154 34.297142 -1154.055522
v 96.255334 33.042861 -1153.259974
v 96.255334 33.042861 -1153.259974
v 96.337987 31.701041 -1153.803583
v 108.851105 34.242807 -1159.650654
v 108.851331 33.128132 -1159.059976
v 108.851331 33.128132 -1159.059976
v 109.040355 31.962126 -1159.433594
v 134.962704 33.791128 -1180.291093
v 134.956171 33.083877 -1179.587201
v 134.956171 33.083877 -1179.587201
v 135.018620 32.244679 -1180.198761
v 130.561330 32.268912 -1175.364974
v 130.470987 33.155335 -1174.795404
v 130.470987 33.155335 -1174.795404
v 130.484603 33.921986 -1175.523226
v 124.831791 32.244178 -1170.177549
v 124.750520 33.176538 -1169.733609
v 124.750520 33.176538 -1169.733609
v 124.726929 34.026703 -1170.382870
v 117.952628 34.146792 -1164.877586
v 117.999450 33.179536 -1164.428567
v 117.999450 33.179536 -1164.428567
v 118.079733 32.174163 -1164.679264
v 0.733120 34.651071 -1136.991886
v 0.733120 34.651071 -1136.491057
v 0.733120 32.965118 -1136.079625
v 0.733120 32.965118 -1135.578796
v 0.733120 32.965118 -1135.578796
v 0.733120 31.283377 -1135.544595
v 0.733120 31.283377 -1135.043765
v 37.377550 34.508498 -1139.670651
v 37.370538 33.003224 -1137.920852
v 37.370538 33.003224 -1137.920852
v 37.780019 31.388330 -1138.116466
v 20.962053 31.398274 -1135.903426
v 20.685473 33.020533 -1135.893154
v 20.685473 33.020533 -1135.893154
v 20.949549 34.565190 -1137.385032
v 53.086851 34.461073 -1142.251778
v 53.096075 32.988275 -1140.542276
v 53.096075 32.988275 -1140.542276
v 53.303784 31.402023 -1140.765544
v 134.631499 34.435006 -1182.013349
v 134.631499 34.435006 -1182.013349
v 132.614199 35.135618 -1183.777821
v 132.614199 35.135618 -1183.777821
v 3.177738 35.356371 -1202.156684
v 3.177738 35.356371 -1202.156684
v 0.733120 34.538185 -1202.657513
v 0.733120 34.538185 -1202.156684
v 0.733120 34.538185 -1202.156684
v 132.829086 29.867271 -1183.589884
v 132.829086 29.867271 -1183.589884
v 134.783895 31.209182 -1181.880043
v 134.783895 31.209182 -1181.880043
v 3.440005 27.659737 -1202.156684
v 3.440005 27.659737 -1202.156684
v 0.733120 29.082505 -1202.657513
v 0.733120 29.082505 -1202.156684
v 0.733120 29.082505 -1202.156684
v 135.678124 32.234855 -1181.097815
v 135.678124 32.234855 -1181.097815
v 13.000600 27.236775 -1202.156684
v 13.000600 27.236775 -1202.156684
v 24.784851 26.641619 -1202.156684
v 24.784851 26.641619 -1202.156684
v 115.308544 27.228736 -1198.915009
v 115.308544 27.228736 -1198.915009
v 111.602414 27.323065 -1202.156684
v 111.602414 27.323065 -1202.156684
v 111.602414 27.323065 -1202.156684
v 129.134526 28.303227 -1186.821513
v 129.134526 28.303227 -1186.821513
v 96.852686 26.913091 -1202.156684
v 96.852686 26.913091 -1202.156684
v 82.592655 26.695915 -1202.156684
v 82.592655 26.695915 -1202.156684
v 68.237626 26.706831 -1202.156684
v 68.237626 26.706831 -1202.156684
v 53.881319 26.552124 -1202.156684
v 53.881319 26.552124 -1202.156684
v 39.513298 26.542431 -1202.156684
v 39.513298 26.542431 -1202.156684
v 123.174692 27.290832 -1192.034449
v 123.174692 27.290832 -1192.034449
v 14.038897 36.247739 -1202.156684
v 14.038897 36.247739 -1202.156684
v 23.777775 36.822304 -1202.156684
v 23.777775 36.822304 -1202.156684
v 115.302689 36.355465 -1198.920088
v 115.302689 36.355465 -1198.920088
v 111.602414 36.343814 -1202.156684
v 111.602414 36.343814 -1202.156684
v 111.602414 36.343814 -1202.156684
v 129.012521 35.825214 -1186.928180
v 129.012521 35.825214 -1186.928180
v 96.929752 36.583809 -1202.156684
v 96.929752 36.583809 -1202.156684
v 82.603894 36.647749 -1202.156684
v 82.603894 36.647749 -1202.156684
v 68.240102 36.905211 -1202.156684
v 68.240102 36.905211 -1202.156684
v 53.872162 37.102211 -1202.156684
v 53.872162 37.102211 -1202.156684
v 39.451418 37.085449 -1202.156684
v 39.451418 37.085449 -1202.156684
v 123.160159 36.251210 -1192.047203
v 123.160159 36.251210 -1192.047203
v 135.608084 33.754440 -1181.159107
v 135.608084 33.754440 -1181.159107
v 135.902464 33.046470 -1180.901637
v 135.902464 33.046470 -1180.901637
v 135.902464 33.046470 -1180.901637
v -21.848448 35.951543 -1140.833044
v -124.819361 34.882734 -1172.964561
v -37.910581 35.890636 -1143.613397
v -53.336560 35.827697 -1146.089888
v -68.092891 35.732557 -1148.774184
v -82.455921 35.605706 -1152.455622
v -96.440337 35.499610 -1156.979904
v -109.116610 35.349757 -1162.237538
v -130.639962 34.657459 -1177.963033
v -117.950398 35.136457 -1167.258359
v -0.733120 35.951687 -1138.358133
v -0.733120 35.951687 -1138.858962
v -21.931003 29.646500 -1138.472589
v -125.010910 30.988394 -1172.516219
v -38.472779 29.593537 -1141.143565
v -53.596040 29.620902 -1143.713969
v -68.166331 29.741178 -1146.808229
v -82.497840 29.840251 -1151.442902
v -96.523879 30.111594 -1156.654032
v -109.417649 30.553273 -1161.798565
v -130.770362 31.092987 -1177.703306
v -118.169716 30.900570 -1166.634834
v -0.733120 29.771439 -1135.321101
v -0.733120 29.771439 -1135.821930
v -24.072282 37.012091 -1199.387506
v -23.841592 37.426711 -1185.877534
v -23.393765 37.719405 -1172.090001
v -24.554268 37.789377 -1160.005309
v -22.813507 37.099389 -1147.903912
v -125.238440 35.641114 -1178.390042
v -125.861400 36.045953 -1185.384832
v -38.824189 37.059886 -1150.543735
v -39.404758 37.713503 -1161.626768
v -39.221483 37.683112 -1174.851729
v -39.490120 37.438390 -1188.622105
v -53.744436 37.019389 -1152.684196
v -53.863732 37.655111 -1163.745782
v -53.836134 37.628596 -1176.754474
v -53.873411 37.419120 -1189.865769
v -68.219142 36.879042 -1155.471434
v -68.238543 37.453230 -1166.459990
v -68.232829 37.404778 -1178.978011
v -68.239883 37.186166 -1191.433047
v -82.571082 36.695989 -1159.121154
v -82.596931 37.185259 -1169.883056
v -82.583033 37.159242 -1181.658130
v -82.602066 36.907882 -1193.269195
v -96.764629 36.570458 -1163.876605
v -96.813109 37.017805 -1174.058665
v -96.666089 36.979992 -1184.848447
v -96.868587 36.768516 -1195.545445
v -109.961992 36.394160 -1169.223975
v -109.634060 36.768568 -1178.535538
v -109.331582 36.731905 -1188.146899
v -110.187687 36.510531 -1197.956130
v -131.017108 35.277203 -1182.439907
v -118.182428 36.055554 -1173.815305
v -118.482762 36.444114 -1182.114035
v -118.863421 36.444848 -1190.812344
v -0.733120 35.364530 -1199.645088
v -0.733120 35.364530 -1200.145918
v -0.733120 36.172705 -1190.753536
v -0.733120 36.172705 -1191.254365
v -0.733120 36.721499 -1181.077159
v -0.733120 36.721499 -1181.577988
v -0.733120 37.438729 -1171.241515
v -0.733120 37.438729 -1171.742344
v -0.733120 37.758946 -1161.663001
v -0.733120 37.758946 -1162.163830
v -0.733120 37.681263 -1152.339473
v -0.733120 37.681263 -1152.840303
v -0.733120 36.801070 -1143.910824
v -0.733120 36.801070 -1144.411766
v -24.825487 26.566706 -1201.220494
v -24.538486 26.036039 -1187.351351
v -24.417498 25.472497 -1173.299689
v -24.394393 25.885990 -1159.857217
v -24.053812 27.536209 -1146.877308
v -125.493510 29.314524 -1178.141489
v -126.179625 27.969983 -1185.351534
v -39.359946 27.546220 -1148.736935
v -39.458868 25.890719 -1161.454858
v -39.551933 25.521062 -1175.025557
v -39.646890 26.011122 -1188.661160
v -53.854504 27.551479 -1150.914870
v -53.872621 25.913848 -1163.483459
v -53.869234 25.619362 -1176.720950
v -53.875979 26.011494 -1189.865543
v -68.235890 27.722489 -1154.074598
v -68.240109 26.101613 -1166.208503
v -68.239742 25.731871 -1178.835787
v -68.240081 26.195569 -1191.439481
v -82.593446 27.783696 -1158.303145
v -82.604394 26.158608 -1169.607301
v -82.603040 25.799914 -1181.468950
v -82.576373 26.305612 -1193.329922
v -96.799324 28.135170 -1163.748491
v -96.907417 26.536761 -1173.885626
v -96.887014 26.137066 -1184.725300
v -96.851219 26.571468 -1195.541607
v -110.048243 28.576956 -1169.195531
v -110.109252 27.036089 -1178.563983
v -110.110621 26.620662 -1188.242053
v -110.237592 27.019549 -1197.965725
v -131.222287 29.711203 -1182.234699
v -118.380977 28.945031 -1173.597003
v -118.773629 27.460498 -1182.083220
v -119.189801 27.032493 -1190.869572
v -0.733120 27.581730 -1199.231060
v -0.733120 27.581730 -1199.731890
v -0.733120 26.924845 -1190.187013
v -0.733120 26.924845 -1190.687842
v -0.733120 26.299949 -1180.888770
v -0.733120 26.299949 -1181.389599
v -0.733120 25.682251 -1171.464557
v -0.733120 25.682251 -1171.965386
v -0.733120 25.467858 -1161.842473
v -0.733120 25.467858 -1162.343302
v -0.733120 25.819877 -1152.105934
v -0.733120 25.819877 -1152.606763
v -0.733120 27.600998 -1142.736353
v -0.733120 27.600998 -1143.237182
v -82.377500 34.341513 -1149.208303
v -82.364731 32.988840 -1148.089819
v -82.364731 32.988840 -1148.089819
v -82.413296 31.528920 -1148.564348
v -68.072277 31.463988 -1143.920193
v -67.997553 32.988649 -1143.661369
v -67.997553 32.988649 -1143.661369
v -67.998753 34.409704 -1145.141958
v -96.285161 34.297142 -1154.055522
v -96.255334 33.042861 -1153.259974
v -96.255334 33.042861 -1153.259974
v -96.337987 31.701041 -1153.803583
v -108.851098 34.242807 -1159.650654
v -108.851324 33.128132 -1159.059976
v -108.851324 33.128132 -1159.059976
v -109.040362 31.962126 -1159.433594
v -134.962704 33.791128 -1180.291093
v -134.956157 33.083877 -1179.587201
v -134.956157 33.083877 -1179.587201
v -135.018620 32.244679 -1180.198761
v -130.561330 32.268912 -1175.364974
v -130.470987 33.155335 -1174.795404
v -130.470987 33.155335 -1174.795404
v -130.484603 33.921986 -1175.523226
v -124.831791 32.244178 -1170.177549
v -124.750535 33.176538 -1169.733609
v -124.750535 33.176538 -1169.733609
v -124.726915 34.026703 -1170.382870
v -117.952628 34.146792 -1164.877586
v -117.999443 33.179536 -1164.428567
v -117.999443 33.179536 -1164.428567
v -118.079726 32.174163 -1164.679264
v -0.733120 34.651071 -1136.491057
v -0.733120 34.651071 -1136.991886
v -0.733120 32.965118 -1135.578796
v -0.733120 32.965118 -1135.578796
v -0.733120 32.965118 -1136.079625
v -0.733120 31.283377 -1135.043765
v -0.733120 31.283377 -1135.544595
v -37.377554 34.508498 -1139.670651
v -37.370541 33.003224 -1137.920852
v -37.370541 33.003224 -1137.920852
v -37.780019 31.388330 -1138.116466
v -20.962050 31.398274 -1135.903426
v -20.685476 33.020533 -1135.893154
v -20.685476 33.020533 -1135.893154
v -20.949549 34.565190 -1137.385032
v -53.086851 34.461073 -1142.251778
v -53.096072 32.988275 -1140.542276
v -53.096072 32.988275 -1140.542276
v -53.303784 31.402023 -1140.765544
v -134.631499 34.435006 -1182.013349
v -134.631499 34.435006 -1182.013349
v -132.614185 35.135618 -1183.777821
v -132.614185 35.135618 -1183.777821
v -3.177738 35.356371 -1202.156684
v -3.177738 35.356371 -1202.156684
v -0.733120 34.538185 -1202.156684
v -0.733120 34.538185 -1202.156684
v -0.733120 34.538185 -1202.657513
v -132.829086 29.867271 -1183.589884
v -132.829086 29.867271 -1183.589884
v -134.783895 31.209182 -1181.880043
v -134.783895 31.209182 -1181.880043
v -3.440005 27.659737 -1202.156684
v -3.440005 27.659737 -1202.156684
v -0.733120 29.082505 -1202.156684
v -0.733120 29.082505 -1202.156684
v -0.733120 29.082505 -1202.657513
v -135.678124 32.234855 -1181.097815
v -135.678124 32.234855 -1181.097815
v -13.000600 27.236775 -1202.156684
v -13.000600 27.236775 -1202.156684
v -24.784851 26.641619 -1202.156684
v -24.784851 26.641619 -1202.156684
v -115.308544 27.228736 -1198.915009
v -115.308544 27.228736 -1198.915009
v -111.602414 27.323065 -1202.156684
v -111.602414 27.323065 -1202.156684
v -111.602414 27.323065 -1202.156684
v -129.134526 28.303227 -1186.821513
v -129.134526 28.303227 -1186.821513
v -96.852686 26.913091 -1202.156684
v -96.852686 26.913091 -1202.156684
v -82.592655 26.695915 -1202.156684
v -82.592655 26.695915 -1202.156684
v -68.237626 26.706831 -1202.156684
v -68.237626 26.706831 -1202.156684
v -53.881326 26.552124 -1202.156684
v -53.881326 26.552124 -1202.156684
v -39.513302 26.542431 -1202.156684
v -39.513302 26.542431 -1202.156684
v -123.174692 27.290832 -1192.034449
v -123.174692 27.290832 -1192.034449
v -14.038893 36.247739 -1202.156684
v -14.038893 36.247739 -1202.156684
v -23.777775 36.822304 -1202.156684
v -23.777775 36.822304 -1202.156684
v -115.302689 36.355465 -1198.920088
v -115.302689 36.355465 -1198.920088
v -111.602414 36.343814 -1202.156684
v -111.602414 36.343814 -1202.156684
v -111.602414 36.343814 -1202.156684
v -129.012521 35.825214 -1186.928180
v -129.012521 35.825214 -1186.928180
v -96.929752 36.583809 -1202.156684
v -96.929752 36.583809 -1202.156684
v -82.603887 36.647749 -1202.156684
v -82.603887 36.647749 -1202.156684
v -68.240095 36.905211 -1202.156684
v -68.240095 36.905211 -1202.156684
v -53.872169 37.102211 -1202.156684
v -53.872169 37.102211 -1202.156684
v -39.451418 37.085449 -1202.156684
v -39.451418 37.085449 -1202.156684
v -123.160173 36.251210 -1192.047203
v -123.160173 36.251210 -1192.047203
v -135.608070 33.754440 -1181.159107
v -135.608070 33.754440 -1181.159107
v -135.902464 33.046470 -1180.901637
v -135.902464 33.046470 -1180.901637
v -135.902464 33.046470 -1180.901637
vt 0.869814 0.549086
vt 0.900617 0.652562
vt 0.872517 0.565302
vt 0.874948 0.580873
vt 0.877594 0.595718
vt 0.881182 0.610136
vt 0.885590 0.624114
vt 0.890633 0.636715
vt 0.905299 0.658583
vt 0.895325 0.645504
vt 0.983283 0.995126
vt 0.867318 0.527758
vt 0.547078 0.882050
vt 0.516102 0.985704
vt 0.544462 0.898698
vt 0.541995 0.913866
vt 0.539099 0.928388
vt 0.534908 0.942745
vt 0.530182 0.956853
vt 0.525552 0.969744
vt 0.511450 0.991826
vt 0.521313 0.978528
vt 0.977060 0.998186
vt 0.550396 0.860619
vt 0.929117 0.551633
vt 0.915431 0.551308
vt 0.901481 0.550770
vt 0.889262 0.551877
vt 0.877035 0.550070
vt 0.906053 0.653155
vt 0.913025 0.654083
vt 0.879611 0.566240
vt 0.890814 0.566881
vt 0.904170 0.566785
vt 0.918095 0.567166
vt 0.881698 0.581290
vt 0.892856 0.581474
vt 0.905972 0.581558
vt 0.919219 0.581730
vt 0.884413 0.595856
vt 0.895464 0.595962
vt 0.908061 0.596099
vt 0.920631 0.596277
vt 0.887943 0.610271
vt 0.898732 0.610414
vt 0.910553 0.610584
vt 0.922254 0.610818
vt 0.892530 0.624480
vt 0.902680 0.624699
vt 0.913478 0.624793
vt 0.924235 0.625266
vt 0.897583 0.637646
vt 0.906825 0.637587
vt 0.916438 0.637592
vt 0.926281 0.638773
vt 0.909784 0.659145
vt 0.901834 0.645928
vt 0.910077 0.646543
vt 0.918778 0.647266
vt 0.982677 0.933406
vt 0.929594 0.527933
vt 0.983493 0.942360
vt 0.920549 0.527911
vt 0.984048 0.952105
vt 0.910729 0.527865
vt 0.984773 0.962010
vt 0.900738 0.527828
vt 0.985098 0.971656
vt 0.891030 0.527788
vt 0.985022 0.981045
vt 0.881587 0.527759
vt 0.984137 0.989534
vt 0.873005 0.527752
vt 0.483101 0.885548
vt 0.497221 0.885056
vt 0.511496 0.884748
vt 0.525116 0.884584
vt 0.538336 0.884171
vt 0.510297 0.986395
vt 0.503025 0.987512
vt 0.536559 0.899600
vt 0.523653 0.899812
vt 0.509950 0.900096
vt 0.496125 0.900425
vt 0.534508 0.914145
vt 0.521817 0.914334
vt 0.508496 0.914588
vt 0.495194 0.914892
vt 0.531611 0.928536
vt 0.519395 0.928790
vt 0.506715 0.929122
vt 0.493979 0.929497
vt 0.527781 0.942926
vt 0.516405 0.943240
vt 0.504527 0.943646
vt 0.492563 0.944076
vt 0.522870 0.957224
vt 0.512679 0.957656
vt 0.501848 0.958111
vt 0.490956 0.958606
vt 0.518053 0.970534
vt 0.508677 0.971010
vt 0.499015 0.971555
vt 0.489228 0.972268
vt 0.506750 0.992475
vt 0.514240 0.979007
vt 0.505726 0.979855
vt 0.496951 0.980848
vt 0.974840 0.933825
vt 0.484771 0.860965
vt 0.974180 0.942933
vt 0.494006 0.860865
vt 0.973553 0.952297
vt 0.503497 0.860760
vt 0.972933 0.961788
vt 0.513114 0.860660
vt 0.972720 0.971478
vt 0.522915 0.860572
vt 0.973077 0.981283
vt 0.532834 0.860514
vt 0.974873 0.990719
vt 0.542537 0.860541
vt 0.877685 0.610114
vt 0.539756 0.943019
vt 0.875932 0.610293
vt 0.538241 0.942740
vt 0.542442 0.928367
vt 0.543970 0.928608
vt 0.871648 0.595797
vt 0.873709 0.595666
vt 0.882434 0.624033
vt 0.534866 0.957017
vt 0.880969 0.624260
vt 0.533442 0.956765
vt 0.887839 0.636541
vt 0.529488 0.969716
vt 0.886626 0.636848
vt 0.528282 0.969503
vt 0.907230 0.663153
vt 0.510707 0.996804
vt 0.906262 0.663389
vt 0.509697 0.996554
vt 0.514056 0.991678
vt 0.515080 0.991927
vt 0.901737 0.658662
vt 0.902764 0.658428
vt 0.518742 0.985607
vt 0.519731 0.985901
vt 0.896884 0.652789
vt 0.897908 0.652488
vt 0.892798 0.645573
vt 0.524557 0.978928
vt 0.891815 0.645962
vt 0.523594 0.978573
vt 0.981974 0.997007
vt 0.865012 0.527797
vt 0.980276 0.997926
vt 0.553739 0.860923
vt 0.863075 0.527856
vt 0.978583 0.998465
vt 0.551960 0.860747
vt 0.868294 0.564787
vt 0.549699 0.897873
vt 0.865962 0.564861
vt 0.548016 0.898067
vt 0.550241 0.881159
vt 0.551900 0.881062
vt 0.863884 0.548015
vt 0.866059 0.548212
vt 0.870836 0.580655
vt 0.547079 0.913699
vt 0.868561 0.580760
vt 0.545458 0.913648
vt 0.909075 0.662832
vt 0.538472 0.854890
vt 0.911026 0.660836
vt 0.537767 0.852191
vt 0.932123 0.530426
vt 0.453665 0.141464
vt 0.981845 0.930877
vt 0.932271 0.527819
vt 0.452843 0.143927
vt 0.505567 0.994236
vt 0.543072 0.852479
vt 0.507720 0.996262
vt 0.541721 0.855094
vt 0.481823 0.863758
vt 0.445914 0.141205
vt 0.976350 0.930878
vt 0.481435 0.860667
vt 0.447349 0.143930
vt 0.508895 0.997330
vt 0.540688 0.856291
vt 0.481960 0.873504
vt 0.445481 0.131578
vt 0.482144 0.885519
vt 0.444874 0.119710
vt 0.488578 0.977459
vt 0.545730 0.829037
vt 0.445501 0.032279
vt 0.485058 0.973902
vt 0.545635 0.824078
vt 0.501809 0.990628
vt 0.544648 0.847536
vt 0.445099 0.047133
vt 0.484249 0.958944
vt 0.444889 0.061494
vt 0.483601 0.944450
vt 0.444910 0.075950
vt 0.483078 0.929833
vt 0.444764 0.090408
vt 0.482680 0.915195
vt 0.482373 0.900535
vt 0.444764 0.104878
vt 0.496053 0.984956
vt 0.545667 0.839562
vt 0.932014 0.541466
vt 0.454555 0.130526
vt 0.931931 0.551350
vt 0.455127 0.120718
vt 0.927082 0.643973
vt 0.536538 0.829029
vt 0.454586 0.032272
vt 0.930481 0.640339
vt 0.536550 0.824078
vt 0.914420 0.657337
vt 0.537072 0.847372
vt 0.454837 0.047049
vt 0.930915 0.625502
vt 0.454912 0.061476
vt 0.931246 0.610997
vt 0.455181 0.075941
vt 0.931489 0.596437
vt 0.455389 0.090410
vt 0.931672 0.581866
vt 0.931813 0.567240
vt 0.455382 0.104933
vt 0.919851 0.651651
vt 0.536643 0.839542
vt 0.908030 0.663880
vt 0.539158 0.856197
vt 0.539871 0.856591
vt 0.509529 0.997931
vt 0.907473 0.664476
vt 0.578838 0.563036
vt 0.548052 0.666516
vt 0.576137 0.579252
vt 0.573709 0.594824
vt 0.571066 0.609669
vt 0.567479 0.624088
vt 0.563074 0.638067
vt 0.558033 0.650668
vt 0.543371 0.672538
vt 0.553342 0.659458
vt 0.581330 0.541707
vt 0.186226 0.984698
vt 0.364726 0.991723
vt 0.468389 0.960778
vt 0.381375 0.989112
vt 0.396543 0.986649
vt 0.411066 0.983758
vt 0.425424 0.979572
vt 0.439533 0.974850
vt 0.452426 0.970224
vt 0.474513 0.956128
vt 0.461211 0.965987
vt 0.343294 0.995034
vt 0.189285 0.978475
vt 0.519535 0.565593
vt 0.533221 0.565265
vt 0.547171 0.564724
vt 0.559390 0.565830
vt 0.571617 0.564021
vt 0.542616 0.667111
vt 0.535644 0.668039
vt 0.569044 0.580191
vt 0.557841 0.580834
vt 0.544484 0.580740
vt 0.530560 0.581123
vt 0.566959 0.595241
vt 0.555801 0.595427
vt 0.542685 0.595513
vt 0.529438 0.595688
vt 0.564247 0.609809
vt 0.553196 0.609916
vt 0.540599 0.610055
vt 0.528028 0.610234
vt 0.560719 0.624224
vt 0.549930 0.624369
vt 0.538109 0.624540
vt 0.526408 0.624776
vt 0.556134 0.638433
vt 0.545984 0.638654
vt 0.535186 0.638750
vt 0.524429 0.639225
vt 0.551083 0.651600
vt 0.541841 0.651543
vt 0.532228 0.651549
vt 0.522385 0.652732
vt 0.538886 0.673101
vt 0.546833 0.659882
vt 0.538590 0.660499
vt 0.529890 0.661224
vt 0.519054 0.541893
vt 0.124506 0.984105
vt 0.528099 0.541869
vt 0.133460 0.984920
vt 0.537920 0.541821
vt 0.143205 0.985473
vt 0.547910 0.541783
vt 0.153110 0.986195
vt 0.557619 0.541741
vt 0.162756 0.986518
vt 0.567061 0.541710
vt 0.172146 0.986440
vt 0.575643 0.541702
vt 0.180634 0.985554
vt 0.368243 0.927747
vt 0.367747 0.941867
vt 0.367435 0.956141
vt 0.367266 0.969762
vt 0.366850 0.982981
vt 0.469082 0.954973
vt 0.470201 0.947701
vt 0.382279 0.981209
vt 0.382494 0.968303
vt 0.382783 0.954601
vt 0.383116 0.940776
vt 0.396824 0.979162
vt 0.397017 0.966472
vt 0.397275 0.953151
vt 0.397583 0.939848
vt 0.411216 0.976270
vt 0.411474 0.964054
vt 0.411810 0.951374
vt 0.412188 0.938638
vt 0.425607 0.972444
vt 0.425925 0.961068
vt 0.426335 0.949191
vt 0.426768 0.937227
vt 0.439907 0.967537
vt 0.440342 0.957347
vt 0.440801 0.946516
vt 0.441299 0.935624
vt 0.453218 0.962724
vt 0.453697 0.953348
vt 0.454246 0.943687
vt 0.454961 0.933900
vt 0.475163 0.951429
vt 0.461692 0.958914
vt 0.462543 0.950401
vt 0.463539 0.941625
vt 0.343660 0.929409
vt 0.124923 0.976268
vt 0.343557 0.938644
vt 0.134031 0.975606
vt 0.343449 0.948135
vt 0.143395 0.974977
vt 0.343346 0.957752
vt 0.152886 0.974356
vt 0.343255 0.967553
vt 0.162576 0.974140
vt 0.343194 0.977472
vt 0.172381 0.974495
vt 0.343219 0.987175
vt 0.181817 0.976288
vt 0.570977 0.624065
vt 0.425697 0.984419
vt 0.572730 0.624244
vt 0.425418 0.982904
vt 0.411044 0.987101
vt 0.411285 0.988629
vt 0.577012 0.609747
vt 0.574951 0.609617
vt 0.566230 0.637984
vt 0.439697 0.979534
vt 0.567695 0.638212
vt 0.439444 0.978109
vt 0.560826 0.650493
vt 0.452397 0.974160
vt 0.562040 0.650800
vt 0.452184 0.972953
vt 0.541441 0.677109
vt 0.479491 0.955387
vt 0.542408 0.677345
vt 0.479241 0.954376
vt 0.474364 0.958734
vt 0.474612 0.959758
vt 0.546932 0.672617
vt 0.545906 0.672383
vt 0.468291 0.963418
vt 0.468585 0.964408
vt 0.551785 0.666743
vt 0.550760 0.666442
vt 0.555869 0.659527
vt 0.461610 0.969231
vt 0.556852 0.659915
vt 0.461256 0.968268
vt 0.583637 0.541746
vt 0.188106 0.983389
vt 0.343596 0.998378
vt 0.585574 0.541804
vt 0.189025 0.981691
vt 0.343421 0.996598
vt 0.189564 0.979997
vt 0.580360 0.578737
vt 0.380548 0.994348
vt 0.582693 0.578810
vt 0.380742 0.992666
vt 0.363834 0.994886
vt 0.363736 0.996544
vt 0.584768 0.561964
vt 0.582592 0.562161
vt 0.577821 0.594605
vt 0.396375 0.991733
vt 0.580096 0.594710
vt 0.396324 0.990113
vt 0.042764 0.829921
vt 0.539596 0.676788
vt 0.042058 0.832620
vt 0.537644 0.674792
vt 0.968513 0.889312
vt 0.516526 0.544386
vt 0.967690 0.886850
vt 0.516378 0.541778
vt 0.121977 0.983273
vt 0.047364 0.832333
vt 0.476925 0.950246
vt 0.046012 0.829717
vt 0.478949 0.952399
vt 0.960761 0.889571
vt 0.346453 0.926463
vt 0.962196 0.886846
vt 0.343363 0.926074
vt 0.121977 0.977779
vt 0.044979 0.828521
vt 0.480018 0.953574
vt 0.960329 0.899199
vt 0.356199 0.926602
vt 0.959722 0.911066
vt 0.368214 0.926789
vt 0.050021 0.855774
vt 0.460153 0.933251
vt 0.049926 0.860733
vt 0.456597 0.929731
vt 0.960349 0.998498
vt 0.048939 0.837276
vt 0.473318 0.946486
vt 0.441638 0.928917
vt 0.959946 0.983644
vt 0.427145 0.928265
vt 0.959737 0.969283
vt 0.412528 0.927737
vt 0.959758 0.954826
vt 0.397890 0.927334
vt 0.959612 0.940368
vt 0.959612 0.925899
vt 0.383230 0.927024
vt 0.049958 0.845250
vt 0.467647 0.940729
vt 0.969403 0.900251
vt 0.516636 0.555426
vt 0.969975 0.910059
vt 0.516721 0.565310
vt 0.040829 0.855782
vt 0.521585 0.657932
vt 0.040841 0.860733
vt 0.518185 0.654299
vt 0.969433 0.998504
vt 0.041363 0.837439
vt 0.534249 0.671293
vt 0.517750 0.639462
vt 0.969685 0.983728
vt 0.517416 0.624956
vt 0.969759 0.969301
vt 0.517170 0.610396
vt 0.970028 0.954835
vt 0.516985 0.595826
vt 0.970236 0.940366
vt 0.970229 0.925843
vt 0.516842 0.581200
vt 0.040934 0.845269
vt 0.528817 0.665608
vt 0.043449 0.828614
vt 0.540640 0.677836
vt 0.480618 0.954209
vt 0.541198 0.678432
vt 0.044162 0.828221
vn 0.147695 0.983612 0.103411
vn 0.253564 0.947595 0.194345
vn 0.166933 0.981341 0.095416
vn 0.119328 0.988336 0.094622
vn 0.223821 0.954201 0.198505
vn -0.302980 0.905258 -0.297844
vn -0.110508 0.987683 -0.110771
vn -0.087306 0.991759 -0.093761
vn 0.260770 -0.933957 0.244383
vn 0.387138 -0.854933 0.345274
vn 0.345706 -0.871395 0.348077
vn 0.208808 -0.949808 0.232948
vn 0.297743 -0.892993 0.337510
vn -0.423630 -0.805977 -0.413448
vn -0.092747 -0.989349 -0.112193
vn -0.059466 -0.994602 -0.085036
vn 0.101621 -0.931274 0.349860
vn 0.238248 -0.702697 0.670414
vn 0.190332 -0.673543 0.714222
vn 0.130815 -0.925492 0.355459
vn 0.273921 -0.717440 0.640505
vn 0.159001 -0.926667 0.340598
vn 0.338723 -0.660655 0.669926
vn 0.542719 -0.687351 0.482706
vn 0.513680 -0.677447 0.526496
vn 0.493200 -0.661561 0.564881
vn 0.188328 -0.922502 0.336931
vn 0.444900 -0.607606 0.657935
vn 0.250615 -0.907378 0.337428
vn 0.620297 -0.633894 0.461963
vn 0.050407 -0.938988 0.340236
vn 0.116451 -0.657003 0.744840
vn 0.089296 -0.581905 0.808339
vn 0.041864 -0.898481 0.437013
vn 0.029259 0.069206 0.997173
vn 0.054478 -0.936616 0.346096
vn 0.140932 -0.664717 0.733682
vn 0.070429 -0.931342 0.357270
vn 0.033984 -0.972724 0.229465
vn 0.035198 -0.983140 0.179434
vn 0.027511 -0.992862 0.116054
vn 0.019974 -0.996991 0.074903
vn 0.006350 -0.999859 0.015532
vn -0.000534 -0.999956 -0.009387
vn -0.016142 -0.999121 -0.038679
vn -0.013040 -0.999116 -0.039976
vn -0.031128 -0.997645 -0.061111
vn -0.022055 -0.998569 -0.048716
vn -0.041332 -0.996806 -0.068337
vn -0.049541 -0.996125 -0.072665
vn 0.130004 -0.969907 0.205862
vn 0.079627 -0.991949 0.098472
vn 0.171416 -0.961152 0.216338
vn 0.040954 -0.999161 -0.000555
vn 0.104502 -0.988412 0.110094
vn 0.057954 -0.998288 0.007834
vn 0.028335 -0.998471 -0.047468
vn 0.035117 -0.998365 -0.045109
vn 0.028120 -0.997612 -0.063091
vn 0.076280 -0.996893 0.019661
vn 0.175038 -0.976796 0.123417
vn 0.142276 -0.982116 0.123315
vn 0.286607 -0.929333 0.232800
vn 0.104514 -0.974094 0.200542
vn 0.062259 -0.993636 0.093873
vn 0.029705 -0.999556 -0.002138
vn 0.018872 -0.998851 -0.044047
vn 0.019622 -0.998436 -0.052347
vn 0.077022 -0.977440 0.196671
vn 0.039933 -0.995467 0.086320
vn 0.014732 -0.999880 -0.004884
vn 0.006804 -0.999035 -0.043403
vn 0.005637 -0.998973 -0.044959
vn 0.057158 -0.980924 0.185796
vn 0.026181 -0.996433 0.080225
vn 0.006953 -0.999972 -0.002738
vn 0.004837 -0.999102 -0.042089
vn 0.005906 -0.998871 -0.047132
vn 0.039468 -0.981824 0.185646
vn 0.021050 -0.996873 0.076163
vn 0.007036 -0.999968 -0.003695
vn 0.002410 -0.999315 -0.036940
vn 0.004741 -0.998993 -0.044620
vn 0.025888 -0.983026 0.181632
vn 0.011047 -0.996909 0.077785
vn 0.003097 -0.999979 -0.005780
vn -0.003089 -0.999319 -0.036771
vn -0.002900 -0.999182 -0.040344
vn -0.026724 -0.996550 -0.078577
vn 0.032144 0.970872 0.237433
vn 0.010830 0.991880 0.126716
vn 0.022606 0.959010 0.282469
vn 0.016886 0.994911 0.099336
vn 0.004264 0.998471 0.055113
vn 0.006484 0.999684 0.024303
vn -0.005689 0.999946 -0.008714
vn -0.004872 0.999874 -0.015084
vn -0.023392 0.998803 -0.042952
vn -0.019238 0.999401 -0.028759
vn -0.046956 0.997070 -0.060385
vn -0.060725 0.996235 -0.061865
vn -0.028166 0.998841 -0.039016
vn -0.063537 0.995688 -0.067587
vn 0.174036 0.961243 0.213831
vn 0.063955 0.994187 0.086615
vn 0.122036 0.966214 0.227018
vn 0.097627 0.991567 0.085232
vn 0.033729 0.999294 0.016519
vn 0.054706 0.998227 0.023450
vn 0.021384 0.999694 -0.012406
vn 0.018620 0.999513 -0.025030
vn 0.035449 0.999327 -0.009390
vn 0.027444 0.999321 -0.024597
vn 0.018236 0.999272 -0.033519
vn 0.046643 0.998903 -0.004267
vn 0.076959 0.996449 0.034149
vn 0.091012 0.995130 0.037863
vn 0.044302 0.995022 0.089265
vn 0.095369 0.968450 0.230238
vn 0.021110 0.999596 0.019021
vn 0.012594 0.999848 -0.012083
vn 0.009988 0.999679 -0.023275
vn 0.009232 0.999558 -0.028274
vn 0.038767 0.994992 0.092126
vn 0.077723 0.969114 0.234046
vn 0.020353 0.999589 0.020215
vn 0.012972 0.999850 -0.011516
vn 0.011770 0.999632 -0.024448
vn 0.011690 0.999508 -0.029107
vn 0.033478 0.994583 0.098403
vn 0.061458 0.969665 0.236584
vn 0.020533 0.999544 0.022129
vn 0.014999 0.999834 -0.010315
vn 0.014655 0.999650 -0.022040
vn 0.015112 0.999531 -0.026649
vn 0.023249 0.994237 0.104654
vn 0.045258 0.969615 0.240412
vn 0.012547 0.999608 0.025024
vn 0.007715 0.999925 -0.009504
vn 0.006362 0.999759 -0.020992
vn 0.005966 0.999648 -0.025851
vn 0.018890 0.994570 0.102341
vn 0.041908 0.971652 0.232672
vn 0.007125 0.999648 0.025562
vn 0.000833 0.999942 -0.010781
vn -0.003181 0.999743 -0.022433
vn -0.005373 0.999634 -0.026524
vn -0.034268 0.997316 -0.064707
vn 0.199625 0.959642 0.198083
vn 0.118072 0.872089 0.474889
vn 0.085818 0.884612 0.458363
vn 0.167286 0.713236 0.680669
vn 0.246759 -0.148900 0.957569
vn 0.183221 -0.112089 0.976661
vn 0.076433 0.884005 0.461187
vn 0.120561 0.752391 0.647590
vn 0.143291 -0.079840 0.986455
vn 0.054839 0.850739 0.522719
vn 0.022578 0.685389 0.727827
vn 0.055695 0.682850 0.728433
vn 0.072930 0.016100 0.997207
vn 0.014170 0.303181 0.952828
vn 0.100042 0.751430 0.652184
vn 0.435101 0.824109 0.362673
vn 0.523814 0.773526 0.356758
vn 0.713269 0.486495 0.504549
vn 0.755814 -0.345779 0.556042
vn 0.390693 0.811277 0.434958
vn 0.359937 0.769258 0.527909
vn 0.555792 0.508718 0.657496
vn 0.615771 -0.288363 0.733262
vn 0.542375 -0.163097 0.824153
vn 0.278039 0.781574 0.558423
vn 0.505334 0.384487 0.772533
vn 0.433657 -0.215016 0.875049
vn 0.407205 0.819788 0.402656
vn 0.575125 0.555409 0.600626
vn 0.642376 -0.363130 0.674900
vn 0.625306 0.546465 0.557108
vn 0.681881 -0.393521 0.616587
vn 0.215360 0.810355 0.544927
vn 0.400673 0.431631 0.808181
vn 0.361616 -0.328899 0.872387
vn 0.164172 0.844153 0.510346
vn 0.315563 0.507713 0.801653
vn 0.314247 -0.279396 0.907297
vn 0.240319 0.621723 0.745458
vn -1.000000 0.000000 0.000000
vn -1.000000 0.000001 0.000000
vn -1.000000 -0.000000 0.000000
vn -1.000000 -0.000001 0.000000
vn -1.000000 -0.000000 0.000000
vn -1.000000 -0.000000 0.000000
vn -1.000000 0.000000 0.000000
vn -1.000000 0.000000 0.000000
vn -1.000000 0.000000 0.000000
vn -1.000000 0.000000 0.000000
vn -1.000000 0.000000 0.000000
vn -1.000000 0.000000 0.000000
vn -1.000000 -0.000000 0.000000
vn -1.000000 -0.000000 0.000000
vn -1.000000 0.000000 0.000000
vn -1.000000 0.000000 0.000000
vn 0.000000 0.000000 -1.000000
vn 0.000000 0.000000 -1.000000
vn 0.000000 0.000000 -1.000000
vn 0.658374 0.000000 -0.752691
vn 0.658374 0.000000 -0.752691
vn 0.658375 0.000000 -0.752690
vn 0.000000 0.000000 -1.000000
vn -0.000000 0.000000 -1.000000
vn 0.000000 0.000000 -1.000000
vn -0.000000 0.000000 -1.000000
vn -0.000000 0.000000 -1.000000
vn -0.000000 0.000000 -1.000000
vn 0.000000 0.000000 -1.000000
vn -0.000000 0.000000 -1.000000
vn 0.658374 -0.000000 -0.752691
vn 0.658374 -0.000000 -0.752691
vn 0.658374 -0.000000 -0.752690
vn 0.658374 -0.000001 -0.752691
vn 0.658375 -0.000000 -0.752690
vn 0.658375 0.000001 -0.752690
vn 0.658374 0.000000 -0.752691
vn 0.658374 0.000005 -0.752691
vn 0.658375 0.000002 -0.752690
vn 0.658375 -0.000002 -0.752690
vn 0.658377 0.000000 -0.752688
vn 0.000000 0.000000 -1.000000
vn -0.000000 0.000000 -1.000000
vn -0.000000 0.000000 -1.000000
vn 0.000000 0.000000 -1.000000
vn 0.000000 0.000000 -1.000000
vn -0.000000 0.000000 -1.000000
vn -0.253564 0.947595 0.194344
vn -0.147694 0.983612 0.103411
vn -0.166932 0.981341 0.095414
vn -0.119329 0.988336 0.094622
vn -0.223821 0.954201 0.198505
vn -0.199625 0.959642 0.198083
vn 0.302980 0.905258 -0.297844
vn 0.087306 0.991759 -0.093761
vn 0.110508 0.987683 -0.110771
vn -0.260770 -0.933957 0.244383
vn -0.387137 -0.854934 0.345273
vn -0.286610 -0.929332 0.232801
vn -0.208809 -0.949807 0.232948
vn -0.345704 -0.871396 0.348076
vn 0.423631 -0.805976 -0.413449
vn 0.059466 -0.994602 -0.085036
vn 0.092747 -0.989349 -0.112193
vn -0.238248 -0.702697 0.670414
vn -0.101621 -0.931274 0.349860
vn -0.190332 -0.673543 0.714222
vn -0.273921 -0.717441 0.640504
vn -0.130815 -0.925492 0.355459
vn -0.338723 -0.660656 0.669926
vn -0.159001 -0.926667 0.340598
vn -0.542718 -0.687352 0.482706
vn -0.513680 -0.677448 0.526495
vn -0.297744 -0.892992 0.337511
vn -0.493198 -0.661565 0.564879
vn -0.444900 -0.607605 0.657936
vn -0.188328 -0.922502 0.336931
vn -0.250615 -0.907378 0.337428
vn -0.620296 -0.633896 0.461962
vn -0.116451 -0.657003 0.744840
vn -0.050407 -0.938988 0.340236
vn -0.089296 -0.581905 0.808339
vn -0.041864 -0.898481 0.437013
vn -0.029259 0.069206 0.997173
vn -0.140932 -0.664717 0.733682
vn -0.054478 -0.936616 0.346096
vn -0.070429 -0.931342 0.357270
vn -0.033984 -0.972723 0.229465
vn -0.035198 -0.983140 0.179434
vn -0.027511 -0.992862 0.116054
vn -0.019974 -0.996991 0.074903
vn -0.006350 -0.999859 0.015532
vn 0.000534 -0.999956 -0.009387
vn 0.016142 -0.999121 -0.038679
vn 0.013040 -0.999116 -0.039976
vn 0.031128 -0.997645 -0.061111
vn 0.049541 -0.996125 -0.072665
vn 0.041332 -0.996806 -0.068337
vn -0.130004 -0.969907 0.205862
vn -0.171416 -0.961152 0.216338
vn -0.079627 -0.991949 0.098472
vn -0.104502 -0.988412 0.110094
vn -0.040954 -0.999161 -0.000555
vn -0.057954 -0.998288 0.007833
vn -0.028335 -0.998471 -0.047468
vn -0.035117 -0.998365 -0.045109
vn -0.028120 -0.997612 -0.063091
vn -0.076280 -0.996893 0.019661
vn -0.142276 -0.982116 0.123315
vn -0.175038 -0.976796 0.123418
vn -0.104514 -0.974094 0.200542
vn -0.062259 -0.993636 0.093873
vn -0.029705 -0.999556 -0.002138
vn -0.018872 -0.998851 -0.044047
vn -0.019622 -0.998436 -0.052347
vn -0.077022 -0.977440 0.196671
vn -0.039933 -0.995467 0.086320
vn -0.014732 -0.999880 -0.004884
vn -0.006804 -0.999035 -0.043403
vn -0.005637 -0.998973 -0.044959
vn -0.057158 -0.980924 0.185797
vn -0.026181 -0.996433 0.080225
vn -0.006953 -0.999972 -0.002738
vn -0.004837 -0.999102 -0.042089
vn -0.005906 -0.998871 -0.047132
vn -0.039468 -0.981824 0.185646
vn -0.021050 -0.996873 0.076164
vn -0.007036 -0.999968 -0.003695
vn -0.002410 -0.999315 -0.036940
vn -0.004741 -0.998993 -0.044620
vn -0.025888 -0.983026 0.181632
vn -0.011047 -0.996909 0.077784
vn -0.003097 -0.999979 -0.005780
vn 0.003089 -0.999319 -0.036771
vn 0.002900 -0.999182 -0.040344
vn 0.022055 -0.998569 -0.048716
vn 0.026724 -0.996550 -0.078577
vn -0.032144 0.970872 0.237433
vn -0.010830 0.991880 0.126716
vn -0.016886 0.994911 0.099336
vn -0.004264 0.998471 0.055113
vn -0.006484 0.999684 0.024303
vn 0.005689 0.999946 -0.008714
vn 0.004872 0.999874 -0.015084
vn 0.023392 0.998803 -0.042952
vn 0.019238 0.999401 -0.028759
vn 0.046956 0.997070 -0.060385
vn 0.028166 0.998841 -0.039016
vn 0.063537 0.995688 -0.067586
vn 0.060726 0.996235 -0.061865
vn -0.063955 0.994187 0.086615
vn -0.174036 0.961243 0.213831
vn -0.122036 0.966214 0.227018
vn -0.033729 0.999295 0.016519
vn -0.097627 0.991567 0.085232
vn -0.021384 0.999694 -0.012406
vn -0.054706 0.998227 0.023450
vn -0.035449 0.999327 -0.009390
vn -0.018620 0.999513 -0.025030
vn -0.027444 0.999321 -0.024597
vn -0.018236 0.999272 -0.033519
vn -0.046643 0.998903 -0.004267
vn -0.091012 0.995130 0.037863
vn -0.076959 0.996449 0.034149
vn -0.044302 0.995022 0.089265
vn -0.095369 0.968450 0.230238
vn -0.021110 0.999596 0.019021
vn -0.012594 0.999848 -0.012083
vn -0.009988 0.999679 -0.023275
vn -0.009232 0.999558 -0.028274
vn -0.038767 0.994992 0.092126
vn -0.077723 0.969114 0.234046
vn -0.020353 0.999589 0.020215
vn -0.012972 0.999850 -0.011516
vn -0.011770 0.999632 -0.024448
vn -0.011690 0.999508 -0.029107
vn -0.033478 0.994583 0.098403
vn -0.061458 0.969665 0.236584
vn -0.020533 0.999544 0.022129
vn -0.014999 0.999834 -0.010315
vn -0.014655 0.999650 -0.022040
vn -0.015112 0.999531 -0.026649
vn -0.023249 0.994237 0.104654
vn -0.045258 0.969615 0.240412
vn -0.012547 0.999608 0.025024
vn -0.007715 0.999925 -0.009504
vn -0.006362 0.999759 -0.020992
vn -0.005966 0.999648 -0.025851
vn -0.018890 0.994570 0.102341
vn -0.041908 0.971652 0.232672
vn -0.007125 0.999648 0.025562
vn -0.000833 0.999942 -0.010781
vn 0.003181 0.999743 -0.022433
vn 0.005373 0.999634 -0.026524
vn 0.034268 0.997316 -0.064707
vn -0.118072 0.872089 0.474889
vn -0.085818 0.884612 0.458363
vn -0.167286 0.713235 0.680670
vn -0.120561 0.752391 0.647590
vn -0.246759 -0.148898 0.957570
vn -0.183221 -0.112089 0.976661
vn -0.076433 0.884005 0.461187
vn -0.100042 0.751430 0.652185
vn -0.143291 -0.079840 0.986455
vn -0.022606 0.959010 0.282469
vn -0.054839 0.850739 0.522719
vn -0.022578 0.685389 0.727827
vn -0.055696 0.682850 0.728433
vn -0.012535 0.475842 0.879441
vn -0.072930 0.016100 0.997207
vn -0.014170 0.303181 0.952828
vn -0.523819 0.773523 0.356757
vn -0.435103 0.824107 0.362675
vn -0.713280 0.486472 0.504556
vn -0.625312 0.546451 0.557114
vn -0.755819 -0.345757 0.556048
vn -0.681886 -0.393506 0.616592
vn -0.390692 0.811278 0.434957
vn -0.359938 0.769256 0.527910
vn -0.555790 0.508725 0.657493
vn -0.505335 0.384480 0.772536
vn -0.615766 -0.288391 0.733255
vn -0.542375 -0.163098 0.824153
vn -0.278038 0.781576 0.558421
vn -0.400672 0.431637 0.808178
vn -0.433656 -0.215016 0.875049
vn -0.407204 0.819789 0.402655
vn -0.575117 0.555427 0.600617
vn -0.642379 -0.363117 0.674904
vn -0.215360 0.810355 0.544926
vn -0.315563 0.507712 0.801653
vn -0.361616 -0.328900 0.872387
vn -0.164172 0.844153 0.510346
vn -0.240319 0.621722 0.745459
vn -0.314247 -0.279395 0.907297
vn 1.000000 -0.000001 0.000000
vn 1.000000 -0.000001 0.000000
vn 1.000000 0.000000 0.000000
vn 1.000000 -0.000001 0.000000
vn 1.000000 -0.000000 0.000000
vn 1.000000 0.000000 0.000000
vn 1.000000 0.000000 0.000000
vn 1.000000 0.000001 0.000000
vn 1.000000 0.000001 0.000000
vn 1.000000 -0.000000 0.000000
vn 1.000000 -0.000000 0.000000
vn 1.000000 -0.000000 0.000000
vn 1.000000 -0.000000 0.000000
vn 1.000000 0.000000 0.000000
vn 1.000000 0.000000 0.000000
vn 1.000000 -0.000000 0.000000
vn 1.000000 -0.000000 0.000000
vn 1.000000 0.000001 0.000000
vn 0.000000 0.000000 -1.000000
vn -0.000000 0.000000 -1.000000
vn -0.000000 0.000000 -1.000000
vn -0.658374 0.000001 -0.752691
vn -0.658375 -0.000000 -0.752690
vn -0.658374 0.000000 -0.752691
vn -0.000000 0.000000 -1.000000
vn 0.000000 0.000000 -1.000000
vn 0.000000 0.000000 -1.000000
vn 0.000000 0.000000 -1.000000
vn 0.000000 0.000000 -1.000000
vn -0.000000 0.000000 -1.000000
vn -0.000000 0.000000 -1.000000
vn 0.000000 0.000000 -1.000000
vn 0.000000 0.000000 -1.000000
vn -0.658374 -0.000001 -0.752691
vn -0.658374 -0.000002 -0.752691
vn -0.658375 -0.000002 -0.752690
vn -0.658375 0.000001 -0.752690
vn -0.658375 -0.000002 -0.752690
vn -0.658373 0.000001 -0.752692
vn -0.658375 -0.000000 -0.752690
vn -0.658376 -0.000002 -0.752689
vn -0.658373 -0.000004 -0.752692
vn -0.658371 0.000000 -0.752694
vn -0.658379 0.000026 -0.752687
vn -0.000000 0.000000 -1.000000
vn 0.000000 0.000000 -1.000000
vn 0.000000 0.000000 -1.000000
vn 0.000000 0.000000 -1.000000
vn -0.000000 0.000000 -1.000000
vn 0.000000 0.000000 -1.000000
vn -0.000000 0.000000 -1.000000
vn 0.012535 0.475842 0.879442
vn -1.000000 0.000000 0.000000
vn -1.000000 0.000001 0.000000
vn -1.000000 0.000013 0.000000
vn -1.000000 0.000000 0.000000
vn -1.000000 0.000000 0.000000
vn 0.000000 0.000000 -1.000000
vn 0.000000 0.000000 -1.000000
vn 0.000000 0.000000 -1.000000
vn 0.658374 -0.000000 -0.752690
vn 1.000000 0.000000 0.000000
vn 1.000000 0.000003 0.000000
vn 1.000000 -0.000004 0.000000
vn 0.000000 0.000000 -1.000000
vn -0.658375 0.000000 -0.752690
s 1
g Piece1 Supermarine_Spitfire_Mk:GLTF_SceneRootNode Supermarine_Spitfire_Mk:root Supermarine_Spitfire_Mk:Sketchfab_model Supermarine_Spitfire_Mk:Meshes Supermarine_Spitfire_Mk:scene Supermarine_Spitfire_Mk:Object_80
usemtl Supermarine_Spitfire_Mk:Object_80SG
f 2102/2102/2047 2220/2220/2048 2222/2222/2049
f 2076/2076/2050 2055/2055/2051 2102/2102/2047
f 2227/2227/2052 2107/2107/2053 2224/2224/2054
s 4
f 2151/2151/2055 2231/2231/2056 2067/2067/2057
f 2125/2125/2058 2067/2067/2057 2060/2060/2059
f 2236/2236/2060 2233/2233/2061 2156/2156/2062
f 2063/2063/2063 2172/2172/2064 2173/2173/2065
f 2064/2064/2066 2180/2180/2067 2172/2172/2064
f 2065/2065/2068 2184/2184/2069 2180/2180/2067
f 2188/2188/2070 2067/2067/2057 2231/2231/2056
f 2060/2060/2059 2189/2189/2071 2193/2193/2072
f 2066/2066/2073 2200/2200/2074 2184/2184/2069
f 2068/2068/2075 2193/2193/2072 2200/2200/2074
f 2238/2238/2076 2188/2188/2070 2231/2231/2056
f 2059/2059/2077 2211/2211/2078 2212/2212/2079
f 2070/2070/2080 2212/2212/2079 2207/2207/2081
f 2061/2061/2082 2219/2219/2083 2211/2211/2078
f 2062/2062/2084 2173/2173/2065 2219/2219/2083
f 2059/2059/2077 2168/2168/2085 2124/2124/2086
f 2124/2124/2086 2166/2166/2087 2123/2123/2088
f 2123/2123/2088 2164/2164/2089 2122/2122/2090
f 2122/2122/2090 2162/2162/2091 2121/2121/2092
f 2121/2121/2092 2160/2160/2093 2120/2120/2094
f 2160/2160/2093 2158/2158/2095 2240/2240/2096
f 2240/2240/2096 2156/2156/2062 2233/2233/2061
f 2147/2147/2097 2068/2068/2075 2066/2066/2073
f 2148/2148/2098 2152/2152/2099 2147/2147/2097
f 2149/2149/2100 2153/2153/2101 2148/2148/2098
f 2154/2154/2102 2150/2150/2103 2244/2244/2104
f 2244/2244/2104 2150/2150/2103 2247/2247/2105
f 2261/2261/2106 2249/2249/2107 2126/2126/2108
f 2126/2126/2108 2151/2151/2055 2125/2125/2058
f 2249/2249/2107 2229/2229/2109 2151/2151/2055
f 2143/2143/2110 2066/2066/2073 2065/2065/2068
f 2144/2144/2111 2147/2147/2097 2143/2143/2110
f 2145/2145/2112 2148/2148/2098 2144/2144/2111
f 2146/2146/2113 2149/2149/2100 2145/2145/2112
f 2150/2150/2103 2252/2252/2114 2247/2247/2105
f 2139/2139/2115 2065/2065/2068 2064/2064/2066
f 2140/2140/2116 2143/2143/2110 2139/2139/2115
f 2141/2141/2117 2144/2144/2111 2140/2140/2116
f 2142/2142/2118 2145/2145/2112 2141/2141/2117
f 2146/2146/2113 2254/2254/2119 2252/2252/2114
f 2135/2135/2120 2064/2064/2066 2063/2063/2063
f 2136/2136/2121 2139/2139/2115 2135/2135/2120
f 2137/2137/2122 2140/2140/2116 2136/2136/2121
f 2138/2138/2123 2141/2141/2117 2137/2137/2122
f 2142/2142/2118 2256/2256/2124 2254/2254/2119
f 2131/2131/2125 2063/2063/2063 2062/2062/2084
f 2132/2132/2126 2135/2135/2120 2131/2131/2125
f 2133/2133/2127 2136/2136/2121 2132/2132/2126
f 2134/2134/2128 2137/2137/2122 2133/2133/2127
f 2138/2138/2123 2258/2258/2129 2256/2256/2124
f 2127/2127/2130 2062/2062/2084 2061/2061/2082
f 2128/2128/2131 2131/2131/2125 2127/2127/2130
f 2129/2129/2132 2132/2132/2126 2128/2128/2131
f 2130/2130/2133 2133/2133/2127 2129/2129/2132
f 2134/2134/2128 2259/2259/2134 2258/2258/2129
f 2124/2124/2086 2061/2061/2082 2059/2059/2077
f 2123/2123/2088 2127/2127/2130 2124/2124/2086
f 2122/2122/2090 2128/2128/2131 2123/2123/2088
f 2121/2121/2092 2129/2129/2132 2122/2122/2090
f 2130/2130/2133 2120/2120/2094 2259/2259/2134
f 2259/2259/2134 2120/2120/2094 2242/2242/2135
f 2152/2152/2099 2060/2060/2059 2068/2068/2075
f 2153/2153/2101 2125/2125/2058 2152/2152/2099
f 2126/2126/2108 2154/2154/2102 2261/2261/2106
f 2261/2261/2106 2154/2154/2102 2244/2244/2104
s 1
f 2047/2047/2136 2119/2119/2137 2058/2058/2138
f 2075/2075/2139 2117/2117/2140 2119/2119/2137
f 2074/2074/2141 2115/2115/2142 2117/2117/2140
f 2073/2073/2143 2113/2113/2144 2115/2115/2142
f 2072/2072/2145 2111/2111/2146 2113/2113/2144
f 2109/2109/2147 2071/2071/2148 2263/2263/2149
f 2224/2224/2054 2109/2109/2147 2263/2263/2149
f 2056/2056/2150 2098/2098/2151 2054/2054/2152
f 2103/2103/2153 2099/2099/2154 2098/2098/2151
f 2104/2104/2155 2100/2100/2156 2099/2099/2154
f 2101/2101/2157 2105/2105/2158 2267/2267/2159
f 2270/2270/2160 2101/2101/2157 2267/2267/2159
f 2284/2284/2161 2077/2077/2162 2272/2272/2163
f 2077/2077/2162 2102/2102/2047 2272/2272/2163
f 2272/2272/2163 2102/2102/2047 2222/2222/2049
f 2054/2054/2152 2094/2094/2164 2053/2053/2165
f 2098/2098/2151 2095/2095/2166 2094/2094/2164
f 2099/2099/2154 2096/2096/2167 2095/2095/2166
f 2100/2100/2156 2097/2097/2168 2096/2096/2167
f 2275/2275/2169 2101/2101/2157 2270/2270/2160
f 2053/2053/2165 2090/2090/2170 2052/2052/2171
f 2094/2094/2164 2091/2091/2172 2090/2090/2170
f 2095/2095/2166 2092/2092/2173 2091/2091/2172
f 2096/2096/2167 2093/2093/2174 2092/2092/2173
f 2277/2277/2175 2097/2097/2168 2275/2275/2169
f 2052/2052/2171 2086/2086/2176 2051/2051/2177
f 2090/2090/2170 2087/2087/2178 2086/2086/2176
f 2091/2091/2172 2088/2088/2179 2087/2087/2178
f 2092/2092/2173 2089/2089/2180 2088/2088/2179
f 2279/2279/2181 2093/2093/2174 2277/2277/2175
f 2051/2051/2177 2082/2082/2182 2050/2050/2183
f 2086/2086/2176 2083/2083/2184 2082/2082/2182
f 2087/2087/2178 2084/2084/2185 2083/2083/2184
f 2088/2088/2179 2085/2085/2186 2084/2084/2185
f 2089/2089/2180 2281/2281/2187 2085/2085/2186
f 2050/2050/2183 2078/2078/2188 2049/2049/2189
f 2082/2082/2182 2079/2079/2190 2078/2078/2188
f 2083/2083/2184 2080/2080/2191 2079/2079/2190
f 2084/2084/2185 2081/2081/2192 2080/2080/2191
f 2282/2282/2193 2085/2085/2186 2281/2281/2187
f 2049/2049/2189 2075/2075/2139 2047/2047/2136
f 2078/2078/2188 2074/2074/2141 2075/2075/2139
f 2079/2079/2190 2073/2073/2143 2074/2074/2141
f 2080/2080/2191 2072/2072/2145 2073/2073/2143
f 2071/2071/2148 2081/2081/2192 2282/2282/2193
f 2071/2071/2148 2282/2282/2193 2265/2265/2194
f 2048/2048/2195 2103/2103/2153 2056/2056/2150
f 2076/2076/2050 2104/2104/2155 2103/2103/2153
f 2105/2105/2158 2077/2077/2162 2284/2284/2161
f 2267/2267/2159 2105/2105/2158 2284/2284/2161
f 2050/2050/2183 2176/2176/2196 2051/2051/2177
f 2216/2216/2197 2175/2175/2198 2176/2176/2196
s 4
f 2219/2219/2083 2174/2174/2199 2217/2217/2200
s 1
f 2049/2049/2189 2216/2216/2197 2050/2050/2183
f 2208/2208/2201 2218/2218/2202 2216/2216/2197
s 4
f 2211/2211/2078 2217/2217/2200 2209/2209/2203
s 1
f 2058/2058/2138 2215/2215/2204 2047/2047/2136
f 2202/2202/2205 2214/2214/2206 2215/2215/2204
s 4
f 2207/2207/2081 2213/2213/2207 2204/2204/2208
s 1
f 2047/2047/2136 2208/2208/2201 2049/2049/2189
f 2215/2215/2204 2210/2210/2209 2208/2208/2201
s 4
f 2212/2212/2079 2209/2209/2203 2213/2213/2207
s 1
f 2220/2220/2048 2185/2185/2210 2286/2286/2211
f 2185/2185/2210 2290/2290/2212 2286/2286/2211
s 4
f 2289/2289/2213 2188/2188/2070 2238/2238/2076
s 1
f 2056/2056/2150 2196/2196/2214 2048/2048/2195
f 2197/2197/2215 2195/2195/2216 2196/2196/2214
s 4
f 2200/2200/2074 2194/2194/2217 2198/2198/2218
s 1
f 2054/2054/2152 2197/2197/2215 2056/2056/2150
f 2181/2181/2219 2199/2199/2220 2197/2197/2215
s 4
f 2184/2184/2069 2198/2198/2218 2182/2182/2221
s 1
f 2048/2048/2195 2192/2192/2222 2055/2055/2051
f 2196/2196/2214 2191/2191/2223 2192/2192/2222
s 4
f 2193/2193/2072 2190/2190/2224 2194/2194/2217
s 1
f 2055/2055/2051 2185/2185/2210 2220/2220/2048
f 2192/2192/2222 2187/2187/2225 2185/2185/2210
s 4
f 2189/2189/2071 2186/2186/2226 2190/2190/2224
s 1
f 2053/2053/2165 2181/2181/2219 2054/2054/2152
f 2177/2177/2227 2183/2183/2228 2181/2181/2219
s 4
f 2180/2180/2067 2182/2182/2221 2178/2178/2229
s 1
f 2052/2052/2171 2177/2177/2227 2053/2053/2165
f 2169/2169/2230 2179/2179/2231 2177/2177/2227
s 4
f 2172/2172/2064 2178/2178/2229 2170/2170/2232
s 1
f 2051/2051/2177 2169/2169/2230 2052/2052/2171
f 2176/2176/2196 2171/2171/2233 2169/2169/2230
s 4
f 2173/2173/2065 2170/2170/2232 2174/2174/2199
s 51
f 2106/2106/2234 2235/2235/2235 2155/2155/2236
f 2108/2108/2237 2155/2155/2236 2157/2157/2238
f 2110/2110/2239 2157/2157/2238 2159/2159/2240
f 2161/2161/2241 2110/2110/2239 2159/2159/2240
f 2163/2163/2242 2112/2112/2243 2161/2161/2241
f 2165/2165/2244 2114/2114/2245 2163/2163/2242
f 2118/2118/2246 2165/2165/2244 2167/2167/2247
f 2203/2203/2248 2057/2057/2249 2167/2167/2247
s 56
f 2274/2274/2250 2246/2246/2251 2251/2251/2252
s 57
f 2268/2268/2253 2248/2248/2254 2271/2271/2255
s 56
f 2243/2243/2256 2283/2283/2257 2260/2260/2258
f 2264/2264/2259 2243/2243/2256 2241/2241/2260
f 2225/2225/2261 2241/2241/2260 2234/2234/2262
f 2237/2237/2263 2225/2225/2261 2234/2234/2262
s 57
f 2285/2285/2264 2245/2245/2265 2268/2268/2253
f 2250/2250/2266 2285/2285/2264 2273/2273/2267
f 2230/2230/2268 2273/2273/2267 2223/2223/2269
f 2232/2232/2270 2223/2223/2269 2221/2221/2271
f 2239/2239/2272 2221/2221/2271 2287/2287/2273
f 2288/2288/2274 2239/2239/2272 2287/2287/2273
s 56
f 2276/2276/2275 2251/2251/2252 2253/2253/2276
f 2255/2255/2277 2276/2276/2275 2253/2253/2276
f 2257/2257/2278 2278/2278/2279 2255/2255/2277
f 2260/2260/2258 2280/2280/2280 2257/2257/2278
s 63
f 2465/2465/2281 2346/2346/2282 2467/2467/2283
f 2320/2320/2284 2299/2299/2285 2292/2292/2286
f 2471/2471/2287 2469/2469/2288 2350/2350/2289
s 66
f 2395/2395/2290 2476/2476/2291 2474/2474/2292
f 2369/2369/2293 2311/2311/2294 2395/2395/2290
f 2480/2480/2295 2399/2399/2296 2478/2478/2297
f 2416/2416/2298 2307/2307/2299 2417/2417/2300
f 2424/2424/2301 2308/2308/2302 2416/2416/2298
f 2428/2428/2303 2309/2309/2304 2424/2424/2301
f 2432/2432/2305 2311/2311/2294 2433/2433/2306
f 2433/2433/2306 2304/2304/2307 2437/2437/2308
f 2444/2444/2309 2310/2310/2310 2428/2428/2303
f 2437/2437/2308 2312/2312/2311 2444/2444/2309
f 2483/2483/2312 2476/2476/2291 2432/2432/2305
f 2455/2455/2313 2303/2303/2314 2456/2456/2315
f 2456/2456/2315 2313/2313/2316 2450/2450/2317
f 2463/2463/2318 2305/2305/2319 2455/2455/2313
f 2417/2417/2300 2306/2306/2320 2463/2463/2318
f 2303/2303/2314 2411/2411/2321 2313/2313/2316
f 2368/2368/2322 2409/2409/2323 2411/2411/2321
f 2367/2367/2324 2407/2407/2325 2409/2409/2323
f 2366/2366/2326 2405/2405/2327 2407/2407/2325
f 2365/2365/2328 2403/2403/2329 2405/2405/2327
f 2403/2403/2329 2485/2485/2330 2401/2401/2331
f 2485/2485/2330 2399/2399/2296 2401/2401/2331
f 2312/2312/2311 2391/2391/2332 2310/2310/2310
f 2396/2396/2333 2392/2392/2334 2391/2391/2332
f 2397/2397/2335 2393/2393/2336 2392/2392/2334
f 2398/2398/2337 2394/2394/2338 2393/2393/2336
f 2489/2489/2339 2491/2491/2340 2394/2394/2338
f 2506/2506/2341 2370/2370/2342 2494/2494/2343
f 2370/2370/2342 2395/2395/2290 2494/2494/2343
f 2494/2494/2343 2395/2395/2290 2474/2474/2292
f 2310/2310/2310 2387/2387/2344 2309/2309/2304
f 2391/2391/2332 2388/2388/2345 2387/2387/2344
f 2392/2392/2334 2389/2389/2346 2388/2388/2345
f 2393/2393/2336 2390/2390/2347 2389/2389/2346
f 2394/2394/2338 2495/2495/2348 2390/2390/2347
f 2309/2309/2304 2383/2383/2349 2308/2308/2302
f 2387/2387/2344 2384/2384/2350 2383/2383/2349
f 2388/2388/2345 2385/2385/2351 2384/2384/2350
f 2389/2389/2346 2386/2386/2352 2385/2385/2351
f 2390/2390/2347 2497/2497/2353 2386/2386/2352
f 2308/2308/2302 2379/2379/2354 2307/2307/2299
f 2383/2383/2349 2380/2380/2355 2379/2379/2354
f 2384/2384/2350 2381/2381/2356 2380/2380/2355
f 2385/2385/2351 2382/2382/2357 2381/2381/2356
f 2386/2386/2352 2499/2499/2358 2382/2382/2357
f 2307/2307/2299 2375/2375/2359 2306/2306/2320
f 2379/2379/2354 2376/2376/2360 2375/2375/2359
f 2380/2380/2355 2377/2377/2361 2376/2376/2360
f 2381/2381/2356 2378/2378/2362 2377/2377/2361
f 2382/2382/2357 2501/2501/2363 2378/2378/2362
f 2306/2306/2320 2371/2371/2364 2305/2305/2319
f 2375/2375/2359 2372/2372/2365 2371/2371/2364
f 2376/2376/2360 2373/2373/2366 2372/2372/2365
f 2377/2377/2361 2374/2374/2367 2373/2373/2366
f 2378/2378/2362 2504/2504/2368 2374/2374/2367
f 2305/2305/2319 2368/2368/2322 2303/2303/2314
f 2371/2371/2364 2367/2367/2324 2368/2368/2322
f 2372/2372/2365 2366/2366/2326 2367/2367/2324
f 2373/2373/2366 2365/2365/2328 2366/2366/2326
f 2374/2374/2367 2364/2364/2369 2365/2365/2328
f 2504/2504/2368 2487/2487/2370 2364/2364/2369
f 2304/2304/2307 2396/2396/2333 2312/2312/2311
f 2369/2369/2293 2397/2397/2335 2396/2396/2333
f 2370/2370/2342 2398/2398/2337 2397/2397/2335
f 2506/2506/2341 2489/2489/2339 2398/2398/2337
s 63
f 2291/2291/2371 2362/2362/2372 2319/2319/2373
f 2319/2319/2373 2360/2360/2374 2318/2318/2375
f 2318/2318/2375 2358/2358/2376 2317/2317/2377
f 2317/2317/2377 2356/2356/2378 2316/2316/2379
f 2316/2316/2379 2354/2354/2380 2315/2315/2381
f 2508/2508/2382 2315/2315/2381 2352/2352/2383
f 2469/2469/2288 2352/2352/2383 2350/2350/2289
f 2342/2342/2384 2300/2300/2385 2298/2298/2386
f 2343/2343/2387 2347/2347/2388 2342/2342/2384
f 2344/2344/2389 2348/2348/2390 2343/2343/2387
f 2349/2349/2391 2345/2345/2392 2512/2512/2393
f 2514/2514/2394 2512/2512/2393 2345/2345/2392
f 2529/2529/2395 2517/2517/2396 2321/2321/2397
f 2346/2346/2282 2321/2321/2397 2517/2517/2396
f 2517/2517/2396 2467/2467/2283 2346/2346/2282
f 2338/2338/2398 2298/2298/2386 2297/2297/2399
f 2339/2339/2400 2342/2342/2384 2338/2338/2398
f 2340/2340/2401 2343/2343/2387 2339/2339/2400
f 2341/2341/2402 2344/2344/2389 2340/2340/2401
f 2518/2518/2403 2345/2345/2392 2341/2341/2402
f 2334/2334/2404 2297/2297/2399 2296/2296/2405
f 2335/2335/2406 2338/2338/2398 2334/2334/2404
f 2336/2336/2407 2339/2339/2400 2335/2335/2406
f 2337/2337/2408 2340/2340/2401 2336/2336/2407
f 2520/2520/2409 2341/2341/2402 2337/2337/2408
f 2330/2330/2410 2296/2296/2405 2295/2295/2411
f 2331/2331/2412 2334/2334/2404 2330/2330/2410
f 2332/2332/2413 2335/2335/2406 2331/2331/2412
f 2333/2333/2414 2336/2336/2407 2332/2332/2413
f 2522/2522/2415 2337/2337/2408 2333/2333/2414
f 2326/2326/2416 2295/2295/2411 2294/2294/2417
f 2327/2327/2418 2330/2330/2410 2326/2326/2416
f 2328/2328/2419 2331/2331/2412 2327/2327/2418
f 2329/2329/2420 2332/2332/2413 2328/2328/2419
f 2524/2524/2421 2333/2333/2414 2329/2329/2420
f 2322/2322/2422 2294/2294/2417 2293/2293/2423
f 2323/2323/2424 2326/2326/2416 2322/2322/2422
f 2324/2324/2425 2327/2327/2418 2323/2323/2424
f 2325/2325/2426 2328/2328/2419 2324/2324/2425
f 2527/2527/2427 2329/2329/2420 2325/2325/2426
f 2319/2319/2373 2293/2293/2423 2291/2291/2371
f 2318/2318/2375 2322/2322/2422 2319/2319/2373
f 2317/2317/2377 2323/2323/2424 2318/2318/2375
f 2316/2316/2379 2324/2324/2425 2317/2317/2377
f 2315/2315/2381 2325/2325/2426 2316/2316/2379
f 2315/2315/2381 2510/2510/2428 2527/2527/2427
f 2347/2347/2388 2292/2292/2286 2300/2300/2385
f 2348/2348/2390 2320/2320/2284 2347/2347/2388
f 2321/2321/2397 2349/2349/2391 2529/2529/2395
f 2512/2512/2393 2529/2529/2395 2349/2349/2391
f 2294/2294/2417 2420/2420/2429 2460/2460/2430
f 2460/2460/2430 2419/2419/2431 2462/2462/2432
s 66
f 2418/2418/2433 2463/2463/2318 2461/2461/2434
s 63
f 2293/2293/2423 2460/2460/2430 2452/2452/2435
f 2452/2452/2435 2462/2462/2432 2454/2454/2436
s 66
f 2461/2461/2434 2455/2455/2313 2453/2453/2437
s 63
f 2301/2301/2438 2459/2459/2439 2445/2445/2440
f 2445/2445/2440 2458/2458/2441 2448/2448/2442
s 66
f 2457/2457/2443 2450/2450/2317 2447/2447/2444
s 63
f 2291/2291/2371 2452/2452/2435 2459/2459/2439
f 2459/2459/2439 2454/2454/2436 2458/2458/2441
s 66
f 2453/2453/2437 2456/2456/2315 2457/2457/2443
s 63
f 2465/2465/2281 2531/2531/2445 2429/2429/2446
f 2429/2429/2446 2533/2533/2447 2431/2431/2448
s 66
f 2532/2532/2449 2432/2432/2305 2430/2430/2450
s 63
f 2300/2300/2385 2440/2440/2451 2441/2441/2452
f 2441/2441/2452 2439/2439/2453 2443/2443/2454
s 66
f 2438/2438/2455 2444/2444/2309 2442/2442/2456
s 63
f 2298/2298/2386 2441/2441/2452 2425/2425/2457
f 2425/2425/2457 2443/2443/2454 2427/2427/2458
s 66
f 2442/2442/2456 2428/2428/2303 2426/2426/2459
s 63
f 2292/2292/2286 2436/2436/2460 2440/2440/2451
f 2440/2440/2451 2435/2435/2461 2439/2439/2453
s 66
f 2434/2434/2462 2437/2437/2308 2438/2438/2455
s 63
f 2429/2429/2446 2299/2299/2285 2465/2465/2281
f 2436/2436/2460 2431/2431/2448 2435/2435/2461
s 66
f 2430/2430/2450 2433/2433/2306 2434/2434/2462
s 63
f 2297/2297/2399 2425/2425/2457 2421/2421/2463
f 2421/2421/2463 2427/2427/2458 2423/2423/2464
s 66
f 2426/2426/2459 2424/2424/2301 2422/2422/2465
s 63
f 2296/2296/2405 2421/2421/2463 2413/2413/2466
f 2413/2413/2466 2423/2423/2464 2415/2415/2467
s 66
f 2422/2422/2465 2416/2416/2298 2414/2414/2468
s 63
f 2295/2295/2411 2413/2413/2466 2420/2420/2429
f 2420/2420/2429 2415/2415/2467 2419/2419/2431
s 66
f 2414/2414/2468 2417/2417/2300 2418/2418/2433
s 102
f 2351/2351/2469 2481/2481/2470 2472/2472/2471
f 2400/2400/2472 2353/2353/2473 2402/2402/2474
f 2402/2402/2474 2355/2355/2475 2404/2404/2476
f 2406/2406/2477 2355/2355/2475 2357/2357/2478
f 2408/2408/2479 2357/2357/2478 2359/2359/2480
f 2410/2410/2481 2359/2359/2480 2361/2361/2482
f 2363/2363/2483 2410/2410/2481 2361/2361/2482
f 2449/2449/2484 2412/2412/2485 2302/2302/2486
s 105
f 2492/2492/2487 2519/2519/2488 2496/2496/2489
s 106
f 2511/2511/2490 2490/2490/2491 2488/2488/2492
s 105
f 2486/2486/2493 2526/2526/2494 2509/2509/2495
f 2486/2486/2493 2507/2507/2496 2484/2484/2497
f 2484/2484/2497 2468/2468/2498 2477/2477/2499
f 2479/2479/2500 2468/2468/2498 2470/2470/2501
s 106
f 2528/2528/2502 2488/2488/2492 2505/2505/2503
f 2493/2493/2504 2528/2528/2502 2505/2505/2503
f 2473/2473/2505 2516/2516/2506 2493/2493/2504
f 2475/2475/2507 2466/2466/2508 2473/2473/2505
f 2482/2482/2509 2464/2464/2510 2475/2475/2507
f 2534/2534/2511 2530/2530/2512 2482/2482/2509
s 105
f 2496/2496/2489 2521/2521/2513 2498/2498/2514
f 2500/2500/2515 2521/2521/2513 2523/2523/2516
f 2502/2502/2517 2523/2523/2516 2525/2525/2518
f 2503/2503/2519 2525/2525/2518 2526/2526/2494
s 1
f 2102/2102/2047 2055/2055/2051 2220/2220/2048
f 2076/2076/2050 2048/2048/2195 2055/2055/2051
s 4
f 2151/2151/2055 2229/2229/2109 2231/2231/2056
f 2125/2125/2058 2151/2151/2055 2067/2067/2057
f 2063/2063/2063 2064/2064/2066 2172/2172/2064
f 2064/2064/2066 2065/2065/2068 2180/2180/2067
f 2065/2065/2068 2066/2066/2073 2184/2184/2069
f 2188/2188/2070 2189/2189/2071 2067/2067/2057
f 2060/2060/2059 2067/2067/2057 2189/2189/2071
f 2066/2066/2073 2068/2068/2075 2200/2200/2074
f 2068/2068/2075 2060/2060/2059 2193/2193/2072
f 2059/2059/2077 2061/2061/2082 2211/2211/2078
f 2070/2070/2080 2059/2059/2077 2212/2212/2079
f 2061/2061/2082 2062/2062/2084 2219/2219/2083
f 2062/2062/2084 2063/2063/2063 2173/2173/2065
f 2059/2059/2077 2070/2070/2080 2168/2168/2085
f 2124/2124/2086 2168/2168/2085 2166/2166/2087
f 2123/2123/2088 2166/2166/2087 2164/2164/2089
f 2122/2122/2090 2164/2164/2089 2162/2162/2091
f 2121/2121/2092 2162/2162/2091 2160/2160/2093
f 2242/2242/2135 2120/2120/2094 2240/2240/2096
f 2120/2120/2094 2160/2160/2093 2240/2240/2096
f 2240/2240/2096 2158/2158/2095 2156/2156/2062
f 2147/2147/2097 2152/2152/2099 2068/2068/2075
f 2148/2148/2098 2153/2153/2101 2152/2152/2099
f 2149/2149/2100 2154/2154/2102 2153/2153/2101
f 2154/2154/2102 2149/2149/2100 2150/2150/2103
f 2126/2126/2108 2249/2249/2107 2151/2151/2055
f 2143/2143/2110 2147/2147/2097 2066/2066/2073
f 2144/2144/2111 2148/2148/2098 2147/2147/2097
f 2145/2145/2112 2149/2149/2100 2148/2148/2098
f 2146/2146/2113 2150/2150/2103 2149/2149/2100
f 2150/2150/2103 2146/2146/2113 2252/2252/2114
f 2139/2139/2115 2143/2143/2110 2065/2065/2068
f 2140/2140/2116 2144/2144/2111 2143/2143/2110
f 2141/2141/2117 2145/2145/2112 2144/2144/2111
f 2142/2142/2118 2146/2146/2113 2145/2145/2112
f 2146/2146/2113 2142/2142/2118 2254/2254/2119
f 2135/2135/2120 2139/2139/2115 2064/2064/2066
f 2136/2136/2121 2140/2140/2116 2139/2139/2115
f 2137/2137/2122 2141/2141/2117 2140/2140/2116
f 2138/2138/2123 2142/2142/2118 2141/2141/2117
f 2142/2142/2118 2138/2138/2123 2256/2256/2124
f 2131/2131/2125 2135/2135/2120 2063/2063/2063
f 2132/2132/2126 2136/2136/2121 2135/2135/2120
f 2133/2133/2127 2137/2137/2122 2136/2136/2121
f 2134/2134/2128 2138/2138/2123 2137/2137/2122
f 2138/2138/2123 2134/2134/2128 2258/2258/2129
f 2127/2127/2130 2131/2131/2125 2062/2062/2084
f 2128/2128/2131 2132/2132/2126 2131/2131/2125
f 2129/2129/2132 2133/2133/2127 2132/2132/2126
f 2130/2130/2133 2134/2134/2128 2133/2133/2127
f 2134/2134/2128 2130/2130/2133 2259/2259/2134
f 2124/2124/2086 2127/2127/2130 2061/2061/2082
f 2123/2123/2088 2128/2128/2131 2127/2127/2130
f 2122/2122/2090 2129/2129/2132 2128/2128/2131
f 2121/2121/2092 2130/2130/2133 2129/2129/2132
f 2130/2130/2133 2121/2121/2092 2120/2120/2094
f 2152/2152/2099 2125/2125/2058 2060/2060/2059
f 2153/2153/2101 2126/2126/2108 2125/2125/2058
f 2126/2126/2108 2153/2153/2101 2154/2154/2102
s 1
f 2047/2047/2136 2075/2075/2139 2119/2119/2137
f 2075/2075/2139 2074/2074/2141 2117/2117/2140
f 2074/2074/2141 2073/2073/2143 2115/2115/2142
f 2073/2073/2143 2072/2072/2145 2113/2113/2144
f 2072/2072/2145 2071/2071/2148 2111/2111/2146
f 2111/2111/2146 2071/2071/2148 2109/2109/2147
f 2071/2071/2148 2265/2265/2194 2263/2263/2149
f 2224/2224/2054 2107/2107/2053 2109/2109/2147
f 2056/2056/2150 2103/2103/2153 2098/2098/2151
f 2103/2103/2153 2104/2104/2155 2099/2099/2154
f 2104/2104/2155 2105/2105/2158 2100/2100/2156
f 2101/2101/2157 2100/2100/2156 2105/2105/2158
f 2077/2077/2162 2076/2076/2050 2102/2102/2047
f 2054/2054/2152 2098/2098/2151 2094/2094/2164
f 2098/2098/2151 2099/2099/2154 2095/2095/2166
f 2099/2099/2154 2100/2100/2156 2096/2096/2167
f 2100/2100/2156 2101/2101/2157 2097/2097/2168
f 2275/2275/2169 2097/2097/2168 2101/2101/2157
f 2053/2053/2165 2094/2094/2164 2090/2090/2170
f 2094/2094/2164 2095/2095/2166 2091/2091/2172
f 2095/2095/2166 2096/2096/2167 2092/2092/2173
f 2096/2096/2167 2097/2097/2168 2093/2093/2174
f 2277/2277/2175 2093/2093/2174 2097/2097/2168
f 2052/2052/2171 2090/2090/2170 2086/2086/2176
f 2090/2090/2170 2091/2091/2172 2087/2087/2178
f 2091/2091/2172 2092/2092/2173 2088/2088/2179
f 2092/2092/2173 2093/2093/2174 2089/2089/2180
f 2279/2279/2181 2089/2089/2180 2093/2093/2174
f 2051/2051/2177 2086/2086/2176 2082/2082/2182
f 2086/2086/2176 2087/2087/2178 2083/2083/2184
f 2087/2087/2178 2088/2088/2179 2084/2084/2185
f 2088/2088/2179 2089/2089/2180 2085/2085/2186
f 2089/2089/2180 2279/2279/2181 2281/2281/2187
f 2050/2050/2183 2082/2082/2182 2078/2078/2188
f 2082/2082/2182 2083/2083/2184 2079/2079/2190
f 2083/2083/2184 2084/2084/2185 2080/2080/2191
f 2084/2084/2185 2085/2085/2186 2081/2081/2192
f 2282/2282/2193 2081/2081/2192 2085/2085/2186
f 2049/2049/2189 2078/2078/2188 2075/2075/2139
f 2078/2078/2188 2079/2079/2190 2074/2074/2141
f 2079/2079/2190 2080/2080/2191 2073/2073/2143
f 2080/2080/2191 2081/2081/2192 2072/2072/2145
f 2071/2071/2148 2072/2072/2145 2081/2081/2192
f 2048/2048/2195 2076/2076/2050 2103/2103/2153
f 2076/2076/2050 2077/2077/2162 2104/2104/2155
f 2105/2105/2158 2104/2104/2155 2077/2077/2162
f 2050/2050/2183 2216/2216/2197 2176/2176/2196
f 2216/2216/2197 2218/2218/2202 2175/2175/2198
s 4
f 2219/2219/2083 2173/2173/2065 2174/2174/2199
s 1
f 2049/2049/2189 2208/2208/2201 2216/2216/2197
f 2208/2208/2201 2210/2210/2209 2218/2218/2202
s 4
f 2211/2211/2078 2219/2219/2083 2217/2217/2200
s 1
f 2058/2058/2138 2202/2202/2205 2215/2215/2204
f 2202/2202/2205 2205/2205/2520 2214/2214/2206
s 4
f 2207/2207/2081 2212/2212/2079 2213/2213/2207
s 1
f 2047/2047/2136 2215/2215/2204 2208/2208/2201
f 2215/2215/2204 2214/2214/2206 2210/2210/2209
s 4
f 2212/2212/2079 2211/2211/2078 2209/2209/2203
s 1
f 2185/2185/2210 2187/2187/2225 2290/2290/2212
s 4
f 2289/2289/2213 2186/2186/2226 2188/2188/2070
s 1
f 2056/2056/2150 2197/2197/2215 2196/2196/2214
f 2197/2197/2215 2199/2199/2220 2195/2195/2216
s 4
f 2200/2200/2074 2193/2193/2072 2194/2194/2217
s 1
f 2054/2054/2152 2181/2181/2219 2197/2197/2215
f 2181/2181/2219 2183/2183/2228 2199/2199/2220
s 4
f 2184/2184/2069 2200/2200/2074 2198/2198/2218
s 1
f 2048/2048/2195 2196/2196/2214 2192/2192/2222
f 2196/2196/2214 2195/2195/2216 2191/2191/2223
s 4
f 2193/2193/2072 2189/2189/2071 2190/2190/2224
s 1
f 2055/2055/2051 2192/2192/2222 2185/2185/2210
f 2192/2192/2222 2191/2191/2223 2187/2187/2225
s 4
f 2189/2189/2071 2188/2188/2070 2186/2186/2226
s 1
f 2053/2053/2165 2177/2177/2227 2181/2181/2219
f 2177/2177/2227 2179/2179/2231 2183/2183/2228
s 4
f 2180/2180/2067 2184/2184/2069 2182/2182/2221
s 1
f 2052/2052/2171 2169/2169/2230 2177/2177/2227
f 2169/2169/2230 2171/2171/2233 2179/2179/2231
s 4
f 2172/2172/2064 2180/2180/2067 2178/2178/2229
s 1
f 2051/2051/2177 2176/2176/2196 2169/2169/2230
f 2176/2176/2196 2175/2175/2198 2171/2171/2233
s 4
f 2173/2173/2065 2172/2172/2064 2170/2170/2232
s 51
f 2106/2106/2234 2226/2226/2521 2235/2235/2235
f 2108/2108/2237 2106/2106/2234 2155/2155/2236
f 2110/2110/2239 2108/2108/2237 2157/2157/2238
f 2161/2161/2241 2112/2112/2243 2110/2110/2239
f 2163/2163/2242 2114/2114/2245 2112/2112/2243
f 2165/2165/2244 2116/2116/2522 2114/2114/2245
f 2118/2118/2246 2116/2116/2522 2165/2165/2244
f 2203/2203/2248 2201/2201/2523 2057/2057/2249
f 2057/2057/2249 2118/2118/2246 2167/2167/2247
f 2167/2167/2247 2069/2069/2524 2203/2203/2248
f 2069/2069/2524 2206/2206/2525 2203/2203/2248
s 56
f 2274/2274/2250 2269/2269/2526 2246/2246/2251
s 57
f 2268/2268/2253 2245/2245/2265 2248/2248/2254
s 56
f 2243/2243/2256 2266/2266/2527 2283/2283/2257
f 2264/2264/2259 2266/2266/2527 2243/2243/2256
f 2225/2225/2261 2264/2264/2259 2241/2241/2260
f 2237/2237/2263 2228/2228/2528 2225/2225/2261
s 57
f 2285/2285/2264 2262/2262/2529 2245/2245/2265
f 2250/2250/2266 2262/2262/2529 2285/2285/2264
f 2230/2230/2268 2250/2250/2266 2273/2273/2267
f 2232/2232/2270 2230/2230/2268 2223/2223/2269
f 2239/2239/2272 2232/2232/2270 2221/2221/2271
s 56
f 2276/2276/2275 2274/2274/2250 2251/2251/2252
f 2255/2255/2277 2278/2278/2279 2276/2276/2275
f 2257/2257/2278 2280/2280/2280 2278/2278/2279
f 2260/2260/2258 2283/2283/2257 2280/2280/2280
s 63
f 2465/2465/2281 2299/2299/2285 2346/2346/2282
f 2320/2320/2284 2346/2346/2282 2299/2299/2285
s 66
f 2395/2395/2290 2311/2311/2294 2476/2476/2291
f 2369/2369/2293 2304/2304/2307 2311/2311/2294
f 2416/2416/2298 2308/2308/2302 2307/2307/2299
f 2424/2424/2301 2309/2309/2304 2308/2308/2302
f 2428/2428/2303 2310/2310/2310 2309/2309/2304
f 2432/2432/2305 2476/2476/2291 2311/2311/2294
f 2433/2433/2306 2311/2311/2294 2304/2304/2307
f 2444/2444/2309 2312/2312/2311 2310/2310/2310
f 2437/2437/2308 2304/2304/2307 2312/2312/2311
f 2455/2455/2313 2305/2305/2319 2303/2303/2314
f 2456/2456/2315 2303/2303/2314 2313/2313/2316
f 2463/2463/2318 2306/2306/2320 2305/2305/2319
f 2417/2417/2300 2307/2307/2299 2306/2306/2320
f 2303/2303/2314 2368/2368/2322 2411/2411/2321
f 2368/2368/2322 2367/2367/2324 2409/2409/2323
f 2367/2367/2324 2366/2366/2326 2407/2407/2325
f 2366/2366/2326 2365/2365/2328 2405/2405/2327
f 2365/2365/2328 2364/2364/2369 2403/2403/2329
f 2403/2403/2329 2364/2364/2369 2485/2485/2330
f 2364/2364/2369 2487/2487/2370 2485/2485/2330
f 2485/2485/2330 2478/2478/2297 2399/2399/2296
f 2312/2312/2311 2396/2396/2333 2391/2391/2332
f 2396/2396/2333 2397/2397/2335 2392/2392/2334
f 2397/2397/2335 2398/2398/2337 2393/2393/2336
f 2398/2398/2337 2489/2489/2339 2394/2394/2338
f 2370/2370/2342 2369/2369/2293 2395/2395/2290
f 2310/2310/2310 2391/2391/2332 2387/2387/2344
f 2391/2391/2332 2392/2392/2334 2388/2388/2345
f 2392/2392/2334 2393/2393/2336 2389/2389/2346
f 2393/2393/2336 2394/2394/2338 2390/2390/2347
f 2394/2394/2338 2491/2491/2340 2495/2495/2348
f 2309/2309/2304 2387/2387/2344 2383/2383/2349
f 2387/2387/2344 2388/2388/2345 2384/2384/2350
f 2388/2388/2345 2389/2389/2346 2385/2385/2351
f 2389/2389/2346 2390/2390/2347 2386/2386/2352
f 2390/2390/2347 2495/2495/2348 2497/2497/2353
f 2308/2308/2302 2383/2383/2349 2379/2379/2354
f 2383/2383/2349 2384/2384/2350 2380/2380/2355
f 2384/2384/2350 2385/2385/2351 2381/2381/2356
f 2385/2385/2351 2386/2386/2352 2382/2382/2357
f 2386/2386/2352 2497/2497/2353 2499/2499/2358
f 2307/2307/2299 2379/2379/2354 2375/2375/2359
f 2379/2379/2354 2380/2380/2355 2376/2376/2360
f 2380/2380/2355 2381/2381/2356 2377/2377/2361
f 2381/2381/2356 2382/2382/2357 2378/2378/2362
f 2382/2382/2357 2499/2499/2358 2501/2501/2363
f 2306/2306/2320 2375/2375/2359 2371/2371/2364
f 2375/2375/2359 2376/2376/2360 2372/2372/2365
f 2376/2376/2360 2377/2377/2361 2373/2373/2366
f 2377/2377/2361 2378/2378/2362 2374/2374/2367
f 2378/2378/2362 2501/2501/2363 2504/2504/2368
f 2305/2305/2319 2371/2371/2364 2368/2368/2322
f 2371/2371/2364 2372/2372/2365 2367/2367/2324
f 2372/2372/2365 2373/2373/2366 2366/2366/2326
f 2373/2373/2366 2374/2374/2367 2365/2365/2328
f 2374/2374/2367 2504/2504/2368 2364/2364/2369
f 2304/2304/2307 2369/2369/2293 2396/2396/2333
f 2369/2369/2293 2370/2370/2342 2397/2397/2335
f 2370/2370/2342 2506/2506/2341 2398/2398/2337
s 63
f 2291/2291/2371 2301/2301/2438 2362/2362/2372
f 2319/2319/2373 2362/2362/2372 2360/2360/2374
f 2318/2318/2375 2360/2360/2374 2358/2358/2376
f 2317/2317/2377 2358/2358/2376 2356/2356/2378
f 2316/2316/2379 2356/2356/2378 2354/2354/2380
f 2510/2510/2428 2315/2315/2381 2508/2508/2382
f 2315/2315/2381 2354/2354/2380 2352/2352/2383
f 2469/2469/2288 2508/2508/2382 2352/2352/2383
f 2342/2342/2384 2347/2347/2388 2300/2300/2385
f 2343/2343/2387 2348/2348/2390 2347/2347/2388
f 2344/2344/2389 2349/2349/2391 2348/2348/2390
f 2349/2349/2391 2344/2344/2389 2345/2345/2392
f 2346/2346/2282 2320/2320/2284 2321/2321/2397
f 2338/2338/2398 2342/2342/2384 2298/2298/2386
f 2339/2339/2400 2343/2343/2387 2342/2342/2384
f 2340/2340/2401 2344/2344/2389 2343/2343/2387
f 2341/2341/2402 2345/2345/2392 2344/2344/2389
f 2518/2518/2403 2514/2514/2394 2345/2345/2392
f 2334/2334/2404 2338/2338/2398 2297/2297/2399
f 2335/2335/2406 2339/2339/2400 2338/2338/2398
f 2336/2336/2407 2340/2340/2401 2339/2339/2400
f 2337/2337/2408 2341/2341/2402 2340/2340/2401
f 2520/2520/2409 2518/2518/2403 2341/2341/2402
f 2330/2330/2410 2334/2334/2404 2296/2296/2405
f 2331/2331/2412 2335/2335/2406 2334/2334/2404
f 2332/2332/2413 2336/2336/2407 2335/2335/2406
f 2333/2333/2414 2337/2337/2408 2336/2336/2407
f 2522/2522/2415 2520/2520/2409 2337/2337/2408
f 2326/2326/2416 2330/2330/2410 2295/2295/2411
f 2327/2327/2418 2331/2331/2412 2330/2330/2410
f 2328/2328/2419 2332/2332/2413 2331/2331/2412
f 2329/2329/2420 2333/2333/2414 2332/2332/2413
f 2524/2524/2421 2522/2522/2415 2333/2333/2414
f 2322/2322/2422 2326/2326/2416 2294/2294/2417
f 2323/2323/2424 2327/2327/2418 2326/2326/2416
f 2324/2324/2425 2328/2328/2419 2327/2327/2418
f 2325/2325/2426 2329/2329/2420 2328/2328/2419
f 2527/2527/2427 2524/2524/2421 2329/2329/2420
f 2319/2319/2373 2322/2322/2422 2293/2293/2423
f 2318/2318/2375 2323/2323/2424 2322/2322/2422
f 2317/2317/2377 2324/2324/2425 2323/2323/2424
f 2316/2316/2379 2325/2325/2426 2324/2324/2425
f 2315/2315/2381 2527/2527/2427 2325/2325/2426
f 2347/2347/2388 2320/2320/2284 2292/2292/2286
f 2348/2348/2390 2321/2321/2397 2320/2320/2284
f 2321/2321/2397 2348/2348/2390 2349/2349/2391
f 2294/2294/2417 2295/2295/2411 2420/2420/2429
f 2460/2460/2430 2420/2420/2429 2419/2419/2431
s 66
f 2418/2418/2433 2417/2417/2300 2463/2463/2318
s 63
f 2293/2293/2423 2294/2294/2417 2460/2460/2430
f 2452/2452/2435 2460/2460/2430 2462/2462/2432
s 66
f 2461/2461/2434 2463/2463/2318 2455/2455/2313
s 63
f 2301/2301/2438 2291/2291/2371 2459/2459/2439
f 2445/2445/2440 2459/2459/2439 2458/2458/2441
s 66
f 2457/2457/2443 2456/2456/2315 2450/2450/2317
s 63
f 2291/2291/2371 2293/2293/2423 2452/2452/2435
f 2459/2459/2439 2452/2452/2435 2454/2454/2436
s 66
f 2453/2453/2437 2455/2455/2313 2456/2456/2315
s 63
f 2429/2429/2446 2531/2531/2445 2533/2533/2447
s 66
f 2532/2532/2449 2483/2483/2312 2432/2432/2305
s 63
f 2300/2300/2385 2292/2292/2286 2440/2440/2451
f 2441/2441/2452 2440/2440/2451 2439/2439/2453
s 66
f 2438/2438/2455 2437/2437/2308 2444/2444/2309
s 63
f 2298/2298/2386 2300/2300/2385 2441/2441/2452
f 2425/2425/2457 2441/2441/2452 2443/2443/2454
s 66
f 2442/2442/2456 2444/2444/2309 2428/2428/2303
s 63
f 2292/2292/2286 2299/2299/2285 2436/2436/2460
f 2440/2440/2451 2436/2436/2460 2435/2435/2461
s 66
f 2434/2434/2462 2433/2433/2306 2437/2437/2308
s 63
f 2429/2429/2446 2436/2436/2460 2299/2299/2285
f 2436/2436/2460 2429/2429/2446 2431/2431/2448
s 66
f 2430/2430/2450 2432/2432/2305 2433/2433/2306
s 63
f 2297/2297/2399 2298/2298/2386 2425/2425/2457
f 2421/2421/2463 2425/2425/2457 2427/2427/2458
s 66
f 2426/2426/2459 2428/2428/2303 2424/2424/2301
s 63
f 2296/2296/2405 2297/2297/2399 2421/2421/2463
f 2413/2413/2466 2421/2421/2463 2423/2423/2464
s 66
f 2422/2422/2465 2424/2424/2301 2416/2416/2298
s 63
f 2295/2295/2411 2296/2296/2405 2413/2413/2466
f 2420/2420/2429 2413/2413/2466 2415/2415/2467
s 66
f 2414/2414/2468 2416/2416/2298 2417/2417/2300
s 102
f 2351/2351/2469 2400/2400/2472 2481/2481/2470
f 2400/2400/2472 2351/2351/2469 2353/2353/2473
f 2402/2402/2474 2353/2353/2473 2355/2355/2475
f 2406/2406/2477 2404/2404/2476 2355/2355/2475
f 2408/2408/2479 2406/2406/2477 2357/2357/2478
f 2410/2410/2481 2408/2408/2479 2359/2359/2480
f 2363/2363/2483 2412/2412/2485 2410/2410/2481
f 2302/2302/2486 2446/2446/2530 2449/2449/2484
f 2449/2449/2484 2451/2451/2531 2314/2314/2532
f 2314/2314/2532 2412/2412/2485 2449/2449/2484
f 2412/2412/2485 2363/2363/2483 2302/2302/2486
s 105
f 2492/2492/2487 2515/2515/2533 2519/2519/2488
s 106
f 2511/2511/2490 2513/2513/2534 2490/2490/2491
s 105
f 2486/2486/2493 2503/2503/2519 2526/2526/2494
f 2486/2486/2493 2509/2509/2495 2507/2507/2496
f 2484/2484/2497 2507/2507/2496 2468/2468/2498
f 2479/2479/2500 2477/2477/2499 2468/2468/2498
s 106
f 2528/2528/2502 2511/2511/2490 2488/2488/2492
f 2493/2493/2504 2516/2516/2506 2528/2528/2502
f 2473/2473/2505 2466/2466/2508 2516/2516/2506
f 2475/2475/2507 2464/2464/2510 2466/2466/2508
f 2482/2482/2509 2530/2530/2512 2464/2464/2510
s 105
f 2496/2496/2489 2519/2519/2488 2521/2521/2513
f 2500/2500/2515 2498/2498/2514 2521/2521/2513
f 2502/2502/2517 2500/2500/2515 2523/2523/2516
f 2503/2503/2519 2502/2502/2517 2525/2525/2518
g default
v 0.000000 53.784408 -1263.123976
v 0.000000 53.784408 -1263.123976
v 0.000000 64.992070 -1261.828615
v 0.000000 64.992070 -1261.828615
v 0.000000 79.417217 -1259.244440
v 0.000000 79.417217 -1259.244440
v 0.000000 71.921964 -1260.763069
v 0.000000 71.921964 -1260.763069
v 0.000000 58.912366 -1262.540973
v 0.000000 58.912366 -1262.540973
v 0.000000 49.408153 -1263.591281
v 0.000000 49.408153 -1263.591281
v 0.000000 45.211066 -1263.955418
v 0.000000 45.211066 -1263.955418
v 0.431415 79.335304 -1257.615306
v 0.739369 79.183825 -1255.766065
v 0.523096 64.796513 -1260.139431
v 0.894881 64.636011 -1258.288384
v 1.362158 64.455699 -1256.022067
v 1.261236 71.459393 -1254.969953
v 0.820872 71.636897 -1257.263924
v 0.431415 71.779847 -1259.107522
v 1.480373 48.808424 -1257.461118
v 0.974499 48.968206 -1259.866949
v 0.487292 49.135297 -1261.824100
v 1.428879 58.210573 -1256.686904
v 0.942711 58.392648 -1258.964170
v 0.476324 58.574671 -1260.835197
v 1.473132 45.207017 -1257.656054
v 0.967789 45.272972 -1260.146768
v 0.482318 45.309730 -1262.158438
v 0.486381 53.353153 -1261.396301
v 0.968391 53.146940 -1259.489268
v 1.468993 52.956600 -1257.159063
v 0.431415 85.633497 -1256.057961
v 0.431415 85.633497 -1256.058074
v 0.000000 85.633497 -1257.683822
v 0.000000 85.633497 -1257.683709
v 0.000000 85.633497 -1257.683822
v 0.000000 45.172512 -1256.123090
v 0.442489 41.993176 -1262.362065
v 0.442489 41.993176 -1262.362065
v 0.000000 41.993180 -1264.122022
v 0.000000 41.993180 -1264.122022
v 0.000000 41.993180 -1264.122022
v 1.453230 41.993176 -1257.770285
v 1.453230 41.993176 -1257.770285
v 0.952563 41.993176 -1260.323531
v 0.952563 41.993176 -1260.323531
v 0.694884 85.633497 -1254.161425
v 0.694884 85.633497 -1254.161538
v 0.000000 41.993165 -1256.477068
v 0.000000 41.993165 -1256.477068
v 0.000000 85.633483 -1251.618562
v 0.000000 85.633483 -1251.618562
v 0.000000 41.993165 -1257.770285
v 0.000000 41.993165 -1260.323531
v 0.000000 41.993165 -1262.362065
v 0.000000 48.696994 -1255.730735
v 0.000000 52.808285 -1255.273024
v 0.000000 58.059919 -1254.688441
v 0.000000 64.298315 -1253.993804
v 0.000000 71.320556 -1253.212141
v 0.000000 78.916550 -1252.366476
v 0.000000 85.633483 -1254.161425
v 0.000000 85.633483 -1256.057961
v 1.541911 41.993176 -1257.192136
v 1.541911 41.993176 -1257.192136
v 0.932470 41.993172 -1256.477068
v 0.932470 41.993172 -1256.477068
v 1.408847 41.993172 -1256.686453
v 1.408847 41.993172 -1256.686453
v 0.991991 45.172512 -1256.123090
v 1.600409 45.188562 -1256.836239
v 1.468067 45.177211 -1256.332023
v 1.642975 48.742670 -1256.440158
v 1.036818 48.696987 -1255.730735
v 1.512232 48.710366 -1255.938539
v 1.659849 52.863869 -1255.980980
v 1.055411 52.808196 -1255.273024
v 1.530324 52.824475 -1255.480376
v 1.030558 58.059792 -1254.688328
v 1.635989 58.113186 -1255.396736
v 1.505767 58.075397 -1254.895906
v 1.567771 64.353265 -1254.702550
v 0.959034 64.298266 -1253.993804
v 1.435221 64.314365 -1254.201383
v 1.415600 71.376528 -1253.921564
v 0.800880 71.320499 -1253.212141
v 1.278828 71.336880 -1253.419945
v 0.571081 78.916522 -1252.366476
v 1.175566 78.972155 -1253.074432
v 1.046038 78.932804 -1252.573829
v 0.371209 85.633490 -1251.618562
v 0.371209 85.633490 -1251.618562
v 0.979293 85.633497 -1252.332952
v 0.979293 85.633497 -1252.333065
v 0.847222 85.633497 -1251.827721
v 0.847222 85.633497 -1251.827834
v -0.431415 79.335311 -1257.615306
v -0.739369 79.183832 -1255.766065
v -0.523096 64.796520 -1260.139431
v -0.894881 64.636018 -1258.288384
v -1.362158 64.455706 -1256.022067
v -1.261235 71.459407 -1254.969953
v -0.820872 71.636904 -1257.263924
v -0.431415 71.779861 -1259.107522
v -1.480373 48.808427 -1257.461118
v -0.974499 48.968210 -1259.866949
v -0.487291 49.135297 -1261.824100
v -1.428880 58.210576 -1256.686904
v -0.942711 58.392652 -1258.964170
v -0.476324 58.574678 -1260.835197
v -1.473132 45.207017 -1257.656054
v -0.967789 45.272972 -1260.146768
v -0.482318 45.309734 -1262.158438
v -0.486380 53.353156 -1261.396301
v -0.968391 53.146943 -1259.489268
v -1.468992 52.956600 -1257.159063
v -0.431415 85.633504 -1256.058074
v -0.431415 85.633504 -1256.057961
v -0.442488 41.993180 -1262.362065
v -0.442488 41.993180 -1262.362065
v -1.453230 41.993180 -1257.770285
v -1.453230 41.993180 -1257.770285
v -0.952563 41.993180 -1260.323531
v -0.952563 41.993180 -1260.323531
v -0.694884 85.633504 -1254.161538
v -0.694884 85.633504 -1254.161425
v -1.541911 41.993180 -1257.192136
v -1.541911 41.993180 -1257.192136
v -0.932469 41.993172 -1256.477068
v -0.932469 41.993172 -1256.477068
v -1.408846 41.993180 -1256.686453
v -1.408846 41.993180 -1256.686453
v -0.991991 45.172516 -1256.123090
v -1.600409 45.188569 -1256.836239
v -1.468067 45.177218 -1256.332023
v -1.642975 48.742673 -1256.440158
v -1.036818 48.696991 -1255.730735
v -1.512232 48.710370 -1255.938539
v -1.659849 52.863872 -1255.980980
v -1.055411 52.808200 -1255.273024
v -1.530324 52.824479 -1255.480376
v -1.030557 58.059799 -1254.688328
v -1.635989 58.113193 -1255.396736
v -1.505767 58.075404 -1254.895906
v -1.567771 64.353265 -1254.702550
v -0.959034 64.298280 -1253.993804
v -1.435221 64.314372 -1254.201383
v -1.415600 71.376528 -1253.921564
v -0.800879 71.320499 -1253.212141
v -1.278828 71.336894 -1253.419945
v -0.571080 78.916529 -1252.366476
v -1.175566 78.972162 -1253.074432
v -1.046038 78.932811 -1252.573829
v -0.371209 85.633497 -1251.618675
v -0.371209 85.633497 -1251.618562
v -0.979293 85.633504 -1252.333065
v -0.979293 85.633504 -1252.332952
v -0.847222 85.633504 -1251.827834
v -0.847222 85.633504 -1251.827721
vt 0.209979 0.258459
vt 0.209979 0.277699
vt 0.221506 0.258622
vt 0.221506 0.277537
vt 0.236383 0.260029
vt 0.236383 0.276130
vt 0.228646 0.259092
vt 0.228646 0.277066
vt 0.215255 0.258497
vt 0.215255 0.277661
vt 0.205478 0.258494
vt 0.205478 0.277665
vt 0.201175 0.258640
vt 0.201175 0.277518
vt 0.236423 0.274412
vt 0.236414 0.272498
vt 0.221462 0.275725
vt 0.221472 0.273799
vt 0.221499 0.271449
vt 0.228654 0.271020
vt 0.228644 0.273396
vt 0.228637 0.275317
vt 0.205609 0.271220
vt 0.205481 0.273713
vt 0.205414 0.275773
vt 0.215147 0.271491
vt 0.215096 0.273858
vt 0.215088 0.275829
vt 0.201963 0.270974
vt 0.201716 0.273546
vt 0.201501 0.275644
vt 0.209736 0.275830
vt 0.209742 0.273820
vt 0.209812 0.271398
vt 0.761827 0.966040
vt 0.242937 0.273335
vt 0.242817 0.261115
vt 0.761397 0.964387
vt 0.242817 0.275043
vt 0.202116 0.268079
vt 0.932893 0.972757
vt 0.198116 0.275446
vt 0.197893 0.258872
vt 0.932445 0.974545
vt 0.197893 0.277286
vt 0.933917 0.968094
vt 0.198705 0.270679
vt 0.933410 0.970687
vt 0.198376 0.273316
vt 0.762084 0.967967
vt 0.243085 0.271392
vt 0.198866 0.268079
vt 0.932440 0.966782
vt 0.243294 0.268079
vt 0.761364 0.970545
vt 0.932441 0.968095
vt 0.932443 0.970688
vt 0.932444 0.972757
vt 0.205702 0.268079
vt 0.209874 0.268079
vt 0.215204 0.268079
vt 0.221536 0.268079
vt 0.228670 0.268079
vt 0.236420 0.268079
vt 0.761378 0.967963
vt 0.761389 0.966037
vt 0.934006 0.967507
vt 0.198780 0.270088
vt 0.933387 0.966781
vt 0.198866 0.269030
vt 0.933871 0.966994
vt 0.198843 0.269559
vt 0.202117 0.269084
vt 0.202048 0.270137
vt 0.202098 0.269611
vt 0.205666 0.270174
vt 0.205702 0.269126
vt 0.205692 0.269650
vt 0.209851 0.270189
vt 0.209874 0.269143
vt 0.209867 0.269666
vt 0.215204 0.269119
vt 0.215182 0.270167
vt 0.215197 0.269643
vt 0.221519 0.270096
vt 0.221536 0.269046
vt 0.221529 0.269571
vt 0.228657 0.269944
vt 0.228670 0.268889
vt 0.228664 0.269417
vt 0.236420 0.268660
vt 0.236409 0.269714
vt 0.236414 0.269187
vt 0.761741 0.970547
vt 0.243294 0.268457
vt 0.762363 0.969825
vt 0.243226 0.269515
vt 0.762226 0.970337
vt 0.243272 0.268985
vt 0.236423 0.261747
vt 0.236414 0.263661
vt 0.221462 0.260434
vt 0.221472 0.262359
vt 0.221499 0.264710
vt 0.228654 0.265138
vt 0.228644 0.262763
vt 0.228637 0.260842
vt 0.205609 0.264939
vt 0.205481 0.262445
vt 0.205414 0.260386
vt 0.215147 0.264667
vt 0.215096 0.262300
vt 0.215088 0.260330
vt 0.201963 0.265184
vt 0.201716 0.262612
vt 0.201501 0.260514
vt 0.209736 0.260328
vt 0.209742 0.262339
vt 0.209812 0.264761
vt 0.242937 0.262823
vt 0.760951 0.966035
vt 0.198116 0.260712
vt 0.931995 0.972758
vt 0.198705 0.265479
vt 0.930965 0.968096
vt 0.198376 0.262843
vt 0.931475 0.970688
vt 0.243085 0.264767
vt 0.760673 0.967959
vt 0.198780 0.266070
vt 0.930875 0.967509
vt 0.198866 0.267129
vt 0.931493 0.966782
vt 0.198843 0.266599
vt 0.931010 0.966995
vt 0.202117 0.267074
vt 0.202048 0.266022
vt 0.202098 0.266548
vt 0.205666 0.265985
vt 0.205702 0.267033
vt 0.205692 0.266509
vt 0.209851 0.265969
vt 0.209874 0.267015
vt 0.209867 0.266492
vt 0.215204 0.267039
vt 0.215182 0.265992
vt 0.215197 0.266516
vt 0.221519 0.266063
vt 0.221536 0.267112
vt 0.221529 0.266588
vt 0.228657 0.266214
vt 0.228670 0.267269
vt 0.228664 0.266742
vt 0.236420 0.267499
vt 0.236409 0.266445
vt 0.236414 0.266972
vt 0.243294 0.267702
vt 0.760988 0.970543
vt 0.243226 0.266644
vt 0.760374 0.969814
vt 0.243272 0.267173
vt 0.760505 0.970328
vn 0.977195 0.048618 -0.206702
vn 0.964746 0.063303 -0.255457
vn 0.981267 0.049653 -0.186147
vn 0.969869 0.036728 -0.240844
vn 0.966647 0.049393 -0.251305
vn 0.973374 0.044890 -0.224782
vn 0.967525 0.024808 -0.251555
vn 0.964074 0.029354 -0.264007
vn 0.963393 0.026740 -0.266756
vn 0.965999 0.055373 -0.252547
vn 0.955786 0.039755 -0.291364
vn 0.967150 0.027740 -0.252687
vn 0.964680 0.024756 -0.262259
vn 0.968715 0.013990 -0.247783
vn 0.967871 0.022376 -0.250449
vn 0.966116 0.015093 -0.257667
vn 0.969296 0.006399 -0.245812
vn 0.969740 0.012626 -0.243813
vn -0.000000 -0.110645 0.993860
vn 0.145631 -0.112148 0.982962
vn 0.140394 -0.111692 0.983776
vn 0.976634 0.010829 -0.214635
vn 0.982279 0.003041 -0.187401
vn 0.976707 0.005410 -0.214511
vn -0.000003 -0.110645 0.993860
vn 0.136596 -0.110719 0.984420
vn 0.982003 0.005843 -0.188776
vn 0.975325 0.017580 -0.220075
vn 0.981442 0.013308 -0.191297
vn 0.999296 0.004793 -0.037207
vn 0.981731 0.027085 -0.188334
vn 0.999032 0.012400 -0.042194
vn 0.974505 0.024236 -0.223055
vn 0.981225 0.020935 -0.191727
vn 0.143938 -0.107028 0.983782
vn 0.000001 -0.110644 0.993860
vn 0.137188 -0.108463 0.984589
vn 0.979657 0.035444 -0.197525
vn 0.982830 0.034842 -0.181194
vn 0.975230 0.026480 -0.219602
vn -0.000000 -0.110644 0.993860
vn 0.193084 -0.102844 0.975778
vn -0.000006 -0.110648 0.993860
vn 0.986276 0.045347 -0.158756
vn 0.984465 0.044364 -0.169882
vn 0.980346 0.042518 -0.192651
vn -0.000005 -0.110644 0.993860
vn 0.135207 -0.109537 0.984744
vn -0.000004 -0.110646 0.993860
vn 0.160619 -0.104961 0.981420
vn 0.988065 0.044027 -0.147612
vn 0.000004 1.000000 0.000001
vn -0.000015 1.000000 0.000000
vn 0.000005 1.000000 0.000000
vn 0.995279 0.040787 -0.088068
vn 0.999565 0.027973 -0.009403
vn 0.999082 0.020380 -0.037668
vn 0.999710 -0.004878 -0.023567
vn 0.999894 -0.014572 -0.000342
vn 0.999598 -0.020283 0.019817
vn 0.000010 -1.000000 -0.000001
vn -0.000001 -1.000000 -0.000001
vn -0.000002 -1.000000 -0.000001
vn 0.000020 -1.000000 -0.000003
vn -0.000004 -1.000000 -0.000003
vn -0.000004 -1.000000 -0.000007
vn -0.000030 1.000000 0.000004
vn -0.000020 1.000000 0.000001
vn 0.000008 1.000000 0.000005
vn 0.000008 1.000000 0.000002
vn 0.229285 -0.100957 0.968109
vn -0.000010 -0.110648 0.993860
vn 0.760521 -0.083205 0.643960
vn 0.761624 -0.077718 0.643341
vn 0.761851 -0.065494 0.644432
vn 0.760526 -0.059057 0.646616
vn 0.997882 0.035513 -0.054504
vn 0.760447 -0.049231 0.647531
vn 0.740982 -0.052525 0.669468
vn 0.757676 -0.051964 0.650559
vn 0.771385 -0.084437 0.630742
vn 0.762430 -0.071082 0.643154
vn 0.000007 -1.000000 -0.000003
vn 0.000007 -1.000000 -0.000003
vn -0.977195 0.048618 -0.206702
vn -0.964746 0.063303 -0.255458
vn -0.965999 0.055373 -0.252548
vn -0.966646 0.049393 -0.251307
vn -0.969868 0.036728 -0.240845
vn -0.973374 0.044890 -0.224783
vn -0.967525 0.024808 -0.251556
vn -0.964073 0.029354 -0.264009
vn -0.967150 0.027740 -0.252687
vn -0.963393 0.026740 -0.266757
vn -0.964680 0.024756 -0.262260
vn -0.967871 0.022376 -0.250449
vn -0.968715 0.013990 -0.247783
vn -0.969296 0.006399 -0.245812
vn -0.966116 0.015093 -0.257668
vn -0.969740 0.012626 -0.243812
vn -0.145640 -0.112148 0.982961
vn -0.000004 -0.110645 0.993860
vn -0.982279 0.003041 -0.187402
vn -0.976634 0.010829 -0.214635
vn -0.976707 0.005410 -0.214511
vn -0.140392 -0.111693 0.983776
vn -0.975325 0.017579 -0.220075
vn -0.982003 0.005843 -0.188775
vn -0.981442 0.013308 -0.191297
vn -0.999296 0.004793 -0.037207
vn -0.981731 0.027085 -0.188334
vn -0.981225 0.020935 -0.191728
vn -0.974505 0.024236 -0.223055
vn -0.143952 -0.107028 0.983780
vn -0.979657 0.035444 -0.197525
vn -0.982830 0.034842 -0.181193
vn -0.975230 0.026480 -0.219602
vn -0.193084 -0.102844 0.975778
vn -0.986276 0.045347 -0.158756
vn -0.980346 0.042518 -0.192651
vn -0.984465 0.044364 -0.169882
vn -0.137189 -0.108463 0.984589
vn -0.160620 -0.104961 0.981420
vn -0.981266 0.049653 -0.186147
vn 0.000030 1.000000 0.000000
vn 0.000023 1.000000 0.000000
vn -0.995279 0.040787 -0.088067
vn -0.988065 0.044027 -0.147612
vn -0.999565 0.027974 -0.009403
vn -0.999032 0.012400 -0.042194
vn -0.999082 0.020380 -0.037668
vn -0.999710 -0.004878 -0.023567
vn -0.136597 -0.110719 0.984420
vn -0.999894 -0.014572 -0.000342
vn -0.999598 -0.020283 0.019818
vn -0.000013 -1.000000 -0.000001
vn -0.000010 -1.000000 -0.000003
vn -0.000027 -1.000000 -0.000004
vn 0.000046 1.000000 0.000000
vn -0.229303 -0.100957 0.968105
vn -0.760518 -0.083206 0.643963
vn -0.761620 -0.077719 0.643347
vn -0.761854 -0.065494 0.644429
vn -0.760528 -0.059056 0.646614
vn -0.760443 -0.049231 0.647536
vn -0.997882 0.035513 -0.054505
vn -0.740982 -0.052525 0.669467
vn -0.757676 -0.051964 0.650559
vn -0.771392 -0.084437 0.630734
vn -0.762434 -0.071081 0.643150
vn -0.135214 -0.109537 0.984743
vn -0.000009 -1.000000 0.000000
vn -0.000009 -1.000000 -0.000002
vn -0.000019 1.000000 0.000000
vn -0.000017 1.000000 0.000000
vn 0.000007 -1.000000 -0.000001
vn 0.000007 -1.000000 0.000000
vn -0.000002 -1.000000 0.000000
vn -0.955785 0.039756 -0.291366
vn 0.000017 1.000000 0.000008
vn 0.000035 1.000000 0.000022
vn -0.000007 -1.000000 0.000000
s 1
g Piece1 Supermarine_Spitfire_Mk:GLTF_SceneRootNode Supermarine_Spitfire_Mk:root Supermarine_Spitfire_Mk:Sketchfab_model Supermarine_Spitfire_Mk:Meshes Supermarine_Spitfire_Mk:scene Supermarine_Spitfire_Mk:Object_106
usemtl Supermarine_Spitfire_Mk:Object_106SG
f 2549/2549/2535 2573/2573/2536 2570/2570/2537
f 2551/2551/2538 2542/2542/2539 2556/2556/2540
f 2562/2562/2541 2536/2536/2542 2544/2544/2543
f 2556/2556/2540 2540/2540/2544 2549/2549/2535
f 2551/2551/2538 2544/2544/2543 2538/2538/2545
f 2566/2566/2546 2546/2546/2547 2536/2536/2542
f 2565/2565/2548 2546/2546/2547 2559/2559/2549
f 2548/2548/2550 2576/2576/2551 2579/2579/2552
f 2574/2574/2553 2604/2604/2554 2607/2607/2555
f 2564/2564/2556 2581/2581/2557 2583/2583/2558
f 2565/2565/2548 2583/2583/2558 2576/2576/2551
f 2593/2593/2559 2607/2607/2555 2611/2611/2560
f 2563/2563/2561 2558/2558/2562 2557/2557/2563
f 2564/2564/2556 2559/2559/2549 2558/2558/2562
f 2613/2613/2564 2560/2560/2565 2617/2617/2566
f 2557/2557/2563 2567/2567/2567 2568/2568/2568
f 2567/2567/2567 2559/2559/2549 2566/2566/2546
f 2620/2620/2569 2595/2595/2570 2616/2616/2571
f 2560/2560/2565 2552/2552/2572 2553/2553/2573
f 2561/2561/2574 2551/2551/2538 2552/2552/2572
f 2597/2597/2575 2625/2625/2576 2598/2598/2577
f 2550/2550/2578 2554/2554/2579 2555/2555/2580
f 2555/2555/2580 2549/2549/2535 2550/2550/2578
f 2616/2616/2571 2594/2594/2581 2614/2614/2582
f 2568/2568/2568 2561/2561/2574 2560/2560/2565
f 2567/2567/2567 2562/2562/2541 2561/2561/2574
f 2596/2596/2583 2623/2623/2584 2597/2597/2575
f 2553/2553/2573 2555/2555/2580 2554/2554/2579
f 2552/2552/2572 2556/2556/2540 2555/2555/2580
f 2550/2550/2578 2570/2570/2537 2585/2585/2585
s 17
f 2589/2589/2586 2630/2630/2587 2599/2599/2588
s 1
f 2585/2585/2585 2626/2626/2589 2550/2550/2578
f 2554/2554/2579 2626/2626/2589 2622/2622/2590
f 2617/2617/2566 2553/2553/2573 2619/2619/2591
f 2619/2619/2591 2554/2554/2579 2622/2622/2590
f 2610/2610/2592 2568/2568/2568 2613/2613/2564
f 2611/2611/2560 2594/2594/2581 2593/2593/2559
f 2608/2608/2593 2557/2557/2563 2610/2610/2592
f 2563/2563/2561 2602/2602/2594 2581/2581/2557
s 19
f 2582/2582/2595 2590/2590/2596 2591/2591/2597
f 2575/2575/2598 2591/2591/2597 2592/2592/2599
f 2575/2575/2598 2592/2592/2599 2578/2578/2600
s 17
f 2569/2569/2601 2599/2599/2588 2584/2584/2602
f 2572/2572/2603 2600/2600/2604 2569/2569/2601
s 1
f 2598/2598/2577 2629/2629/2605 2588/2588/2606
f 2610/2610/2592 2609/2609/2607 2608/2608/2593
f 2612/2612/2608 2607/2607/2555 2609/2609/2607
f 2619/2619/2591 2618/2618/2609 2617/2617/2566
f 2621/2621/2610 2616/2616/2571 2618/2618/2609
f 2631/2631/2611 2627/2627/2612 2626/2626/2589
f 2633/2633/2613 2625/2625/2576 2627/2627/2612
f 2622/2622/2590 2621/2621/2610 2619/2619/2591
f 2624/2624/2614 2620/2620/2569 2621/2621/2610
f 2626/2626/2589 2624/2624/2614 2622/2622/2590
f 2627/2627/2612 2623/2623/2584 2624/2624/2614
f 2608/2608/2593 2606/2606/2615 2602/2602/2594
f 2609/2609/2607 2604/2604/2554 2606/2606/2615
f 2613/2613/2564 2612/2612/2608 2610/2610/2592
f 2615/2615/2616 2611/2611/2560 2612/2612/2608
f 2617/2617/2566 2615/2615/2616 2613/2613/2564
f 2618/2618/2609 2614/2614/2582 2615/2615/2616
s 19
f 2601/2601/2617 2603/2603/2618 2590/2590/2596
s 1
f 2634/2634/2619 2571/2571/2620 2539/2539/2621
f 2541/2541/2622 2636/2636/2623 2641/2641/2624
f 2647/2647/2625 2535/2535/2626 2651/2651/2627
f 2539/2539/2621 2641/2641/2624 2634/2634/2619
f 2636/2636/2623 2543/2543/2628 2647/2647/2625
f 2651/2651/2627 2545/2545/2629 2644/2644/2630
f 2545/2545/2629 2650/2650/2631 2644/2644/2630
f 2656/2656/2632 2547/2547/2633 2577/2577/2634
f 2574/2574/2553 2666/2666/2635 2586/2586/2636
f 2658/2658/2637 2649/2649/2638 2660/2660/2639
f 2660/2660/2639 2650/2650/2631 2656/2656/2632
f 2593/2593/2559 2670/2670/2640 2574/2574/2553
f 2643/2643/2641 2648/2648/2642 2642/2642/2643
f 2644/2644/2630 2649/2649/2638 2643/2643/2641
f 2676/2676/2644 2645/2645/2645 2653/2653/2646
f 2652/2652/2647 2642/2642/2643 2653/2653/2646
f 2652/2652/2647 2644/2644/2630 2643/2643/2641
f 2683/2683/2648 2595/2595/2570 2596/2596/2583
f 2637/2637/2649 2645/2645/2645 2638/2638/2650
f 2636/2636/2623 2646/2646/2651 2637/2637/2649
f 2688/2688/2652 2597/2597/2575 2598/2598/2577
f 2635/2635/2653 2640/2640/2654 2639/2639/2655
f 2634/2634/2619 2640/2640/2654 2635/2635/2653
f 2679/2679/2656 2594/2594/2581 2595/2595/2570
f 2646/2646/2651 2653/2653/2646 2645/2645/2645
f 2647/2647/2625 2652/2652/2647 2646/2646/2651
f 2686/2686/2657 2596/2596/2583 2597/2597/2575
f 2640/2640/2654 2638/2638/2650 2639/2639/2655
f 2641/2641/2624 2637/2637/2649 2640/2640/2654
f 2635/2635/2653 2654/2654/2658 2634/2634/2619
s 17
f 2599/2599/2588 2663/2663/2659 2694/2694/2660
s 1
f 2689/2689/2661 2662/2662/2662 2635/2635/2653
f 2689/2689/2661 2639/2639/2655 2685/2685/2663
f 2680/2680/2664 2638/2638/2650 2645/2645/2645
f 2682/2682/2665 2639/2639/2655 2638/2638/2650
f 2673/2673/2666 2653/2653/2646 2642/2642/2643
f 2594/2594/2581 2674/2674/2667 2593/2593/2559
f 2671/2671/2668 2642/2642/2643 2648/2648/2642
f 2664/2664/2669 2648/2648/2642 2658/2658/2637
s 19
f 2661/2661/2670 2590/2590/2596 2659/2659/2671
f 2591/2591/2597 2657/2657/2672 2592/2592/2599
f 2657/2657/2672 2578/2578/2600 2592/2592/2599
s 17
f 2655/2655/2673 2599/2599/2588 2600/2600/2604
f 2572/2572/2603 2655/2655/2673 2600/2600/2604
s 1
f 2598/2598/2577 2691/2691/2674 2688/2688/2652
f 2672/2672/2675 2673/2673/2666 2671/2671/2668
f 2670/2670/2640 2675/2675/2676 2672/2672/2675
f 2681/2681/2677 2682/2682/2665 2680/2680/2664
f 2679/2679/2656 2684/2684/2678 2681/2681/2677
f 2690/2690/2679 2693/2693/2680 2689/2689/2661
f 2688/2688/2652 2695/2695/2681 2690/2690/2679
f 2684/2684/2678 2685/2685/2663 2682/2682/2665
f 2683/2683/2648 2687/2687/2682 2684/2684/2678
f 2687/2687/2682 2689/2689/2661 2685/2685/2663
f 2686/2686/2657 2690/2690/2679 2687/2687/2682
f 2668/2668/2683 2671/2671/2668 2664/2664/2669
f 2666/2666/2635 2672/2672/2675 2668/2668/2683
f 2675/2675/2676 2676/2676/2644 2673/2673/2666
f 2674/2674/2667 2678/2678/2684 2675/2675/2676
f 2678/2678/2684 2680/2680/2664 2676/2676/2644
f 2677/2677/2685 2681/2681/2677 2678/2678/2684
s 19
f 2590/2590/2596 2667/2667/2686 2665/2665/2687
s 1
f 2549/2549/2535 2540/2540/2544 2573/2573/2536
f 2551/2551/2538 2538/2538/2545 2542/2542/2539
f 2562/2562/2541 2566/2566/2546 2536/2536/2542
f 2556/2556/2540 2542/2542/2539 2540/2540/2544
f 2551/2551/2538 2562/2562/2541 2544/2544/2543
f 2566/2566/2546 2559/2559/2549 2546/2546/2547
f 2565/2565/2548 2548/2548/2550 2546/2546/2547
f 2548/2548/2550 2565/2565/2548 2576/2576/2551
f 2574/2574/2553 2586/2586/2636 2604/2604/2554
f 2564/2564/2556 2563/2563/2561 2581/2581/2557
f 2565/2565/2548 2564/2564/2556 2583/2583/2558
f 2593/2593/2559 2574/2574/2553 2607/2607/2555
f 2563/2563/2561 2564/2564/2556 2558/2558/2562
f 2564/2564/2556 2565/2565/2548 2559/2559/2549
f 2613/2613/2564 2568/2568/2568 2560/2560/2565
f 2557/2557/2563 2558/2558/2562 2567/2567/2567
f 2567/2567/2567 2558/2558/2562 2559/2559/2549
f 2620/2620/2569 2596/2596/2583 2595/2595/2570
f 2560/2560/2565 2561/2561/2574 2552/2552/2572
f 2561/2561/2574 2562/2562/2541 2551/2551/2538
f 2597/2597/2575 2623/2623/2584 2625/2625/2576
f 2555/2555/2580 2556/2556/2540 2549/2549/2535
f 2616/2616/2571 2595/2595/2570 2594/2594/2581
f 2568/2568/2568 2567/2567/2567 2561/2561/2574
f 2567/2567/2567 2566/2566/2546 2562/2562/2541
f 2596/2596/2583 2620/2620/2569 2623/2623/2584
f 2553/2553/2573 2552/2552/2572 2555/2555/2580
f 2552/2552/2572 2551/2551/2538 2556/2556/2540
f 2550/2550/2578 2549/2549/2535 2570/2570/2537
s 17
f 2589/2589/2586 2628/2628/2688 2630/2630/2587
f 2628/2628/2688 2632/2632/2689 2630/2630/2587
f 2630/2630/2587 2584/2584/2602 2599/2599/2588
s 1
f 2585/2585/2585 2631/2631/2611 2626/2626/2589
f 2554/2554/2579 2550/2550/2578 2626/2626/2589
f 2617/2617/2566 2560/2560/2565 2553/2553/2573
f 2619/2619/2591 2553/2553/2573 2554/2554/2579
f 2610/2610/2592 2557/2557/2563 2568/2568/2568
f 2611/2611/2560 2614/2614/2582 2594/2594/2581
f 2608/2608/2593 2563/2563/2561 2557/2557/2563
f 2563/2563/2561 2608/2608/2593 2602/2602/2594
s 19
f 2582/2582/2595 2580/2580/2690 2590/2590/2596
f 2575/2575/2598 2582/2582/2595 2591/2591/2597
s 17
f 2569/2569/2601 2600/2600/2604 2599/2599/2588
s 1
f 2598/2598/2577 2625/2625/2576 2629/2629/2605
f 2610/2610/2592 2612/2612/2608 2609/2609/2607
f 2612/2612/2608 2611/2611/2560 2607/2607/2555
f 2619/2619/2591 2621/2621/2610 2618/2618/2609
f 2621/2621/2610 2620/2620/2569 2616/2616/2571
f 2631/2631/2611 2633/2633/2613 2627/2627/2612
f 2633/2633/2613 2629/2629/2605 2625/2625/2576
f 2622/2622/2590 2624/2624/2614 2621/2621/2610
f 2624/2624/2614 2623/2623/2584 2620/2620/2569
f 2626/2626/2589 2627/2627/2612 2624/2624/2614
f 2627/2627/2612 2625/2625/2576 2623/2623/2584
f 2608/2608/2593 2609/2609/2607 2606/2606/2615
f 2609/2609/2607 2607/2607/2555 2604/2604/2554
f 2613/2613/2564 2615/2615/2616 2612/2612/2608
f 2615/2615/2616 2614/2614/2582 2611/2611/2560
f 2617/2617/2566 2618/2618/2609 2615/2615/2616
f 2618/2618/2609 2616/2616/2571 2614/2614/2582
s 19
f 2590/2590/2596 2580/2580/2690 2601/2601/2617
f 2601/2601/2617 2605/2605/2691 2603/2603/2618
f 2603/2603/2618 2587/2587/2692 2590/2590/2596
s 1
f 2634/2634/2619 2654/2654/2658 2571/2571/2620
f 2541/2541/2622 2537/2537/2693 2636/2636/2623
f 2647/2647/2625 2543/2543/2628 2535/2535/2626
f 2539/2539/2621 2541/2541/2622 2641/2641/2624
f 2636/2636/2623 2537/2537/2693 2543/2543/2628
f 2651/2651/2627 2535/2535/2626 2545/2545/2629
f 2545/2545/2629 2547/2547/2633 2650/2650/2631
f 2656/2656/2632 2650/2650/2631 2547/2547/2633
f 2574/2574/2553 2670/2670/2640 2666/2666/2635
f 2658/2658/2637 2648/2648/2642 2649/2649/2638
f 2660/2660/2639 2649/2649/2638 2650/2650/2631
f 2593/2593/2559 2674/2674/2667 2670/2670/2640
f 2643/2643/2641 2649/2649/2638 2648/2648/2642
f 2644/2644/2630 2650/2650/2631 2649/2649/2638
f 2676/2676/2644 2680/2680/2664 2645/2645/2645
f 2652/2652/2647 2643/2643/2641 2642/2642/2643
f 2652/2652/2647 2651/2651/2627 2644/2644/2630
f 2683/2683/2648 2679/2679/2656 2595/2595/2570
f 2637/2637/2649 2646/2646/2651 2645/2645/2645
f 2636/2636/2623 2647/2647/2625 2646/2646/2651
f 2688/2688/2652 2686/2686/2657 2597/2597/2575
f 2634/2634/2619 2641/2641/2624 2640/2640/2654
f 2679/2679/2656 2677/2677/2685 2594/2594/2581
f 2646/2646/2651 2652/2652/2647 2653/2653/2646
f 2647/2647/2625 2651/2651/2627 2652/2652/2647
f 2686/2686/2657 2683/2683/2648 2596/2596/2583
f 2640/2640/2654 2637/2637/2649 2638/2638/2650
f 2641/2641/2624 2636/2636/2623 2637/2637/2649
f 2635/2635/2653 2662/2662/2662 2654/2654/2658
s 17
f 2696/2696/2694 2692/2692/2695 2694/2694/2660
f 2692/2692/2695 2589/2589/2586 2694/2694/2660
f 2589/2589/2586 2599/2599/2588 2694/2694/2660
s 1
f 2689/2689/2661 2693/2693/2680 2662/2662/2662
f 2689/2689/2661 2635/2635/2653 2639/2639/2655
f 2680/2680/2664 2682/2682/2665 2638/2638/2650
f 2682/2682/2665 2685/2685/2663 2639/2639/2655
f 2673/2673/2666 2676/2676/2644 2653/2653/2646
f 2594/2594/2581 2677/2677/2685 2674/2674/2667
f 2671/2671/2668 2673/2673/2666 2642/2642/2643
f 2664/2664/2669 2671/2671/2668 2648/2648/2642
s 19
f 2661/2661/2670 2591/2591/2597 2590/2590/2596
f 2591/2591/2597 2661/2661/2670 2657/2657/2672
s 17
f 2655/2655/2673 2663/2663/2659 2599/2599/2588
s 1
f 2598/2598/2577 2588/2588/2606 2691/2691/2674
f 2672/2672/2675 2675/2675/2676 2673/2673/2666
f 2670/2670/2640 2674/2674/2667 2675/2675/2676
f 2681/2681/2677 2684/2684/2678 2682/2682/2665
f 2679/2679/2656 2683/2683/2648 2684/2684/2678
f 2690/2690/2679 2695/2695/2681 2693/2693/2680
f 2688/2688/2652 2691/2691/2674 2695/2695/2681
f 2684/2684/2678 2687/2687/2682 2685/2685/2663
f 2683/2683/2648 2686/2686/2657 2687/2687/2682
f 2687/2687/2682 2690/2690/2679 2689/2689/2661
f 2686/2686/2657 2688/2688/2652 2690/2690/2679
f 2668/2668/2683 2672/2672/2675 2671/2671/2668
f 2666/2666/2635 2670/2670/2640 2672/2672/2675
f 2675/2675/2676 2678/2678/2684 2676/2676/2644
f 2674/2674/2667 2677/2677/2685 2678/2678/2684
f 2678/2678/2684 2681/2681/2677 2680/2680/2664
f 2677/2677/2685 2679/2679/2656 2681/2681/2677
s 19
f 2665/2665/2687 2659/2659/2671 2590/2590/2596
f 2590/2590/2596 2587/2587/2692 2667/2667/2686
f 2667/2667/2686 2669/2669/2696 2665/2665/2687
g default
v 0.111202 25.594760 -1263.915008
v 0.111202 25.594760 -1263.915008
v 0.111202 25.957989 -1265.632186
v 0.111202 25.957989 -1265.632186
v 0.111202 25.957989 -1265.632186
v -0.360540 25.688617 -1263.915008
v -0.221545 26.024162 -1265.632073
v -0.221545 26.024162 -1265.632073
v -0.760464 25.955821 -1263.915008
v -0.503635 26.212665 -1265.632186
v -0.503635 26.212665 -1265.632186
v -1.027685 26.355740 -1263.915008
v -0.692121 26.494741 -1265.632073
v -0.692121 26.494741 -1265.632073
v -1.121520 26.827504 -1263.915008
v -0.758309 26.827498 -1265.632186
v -0.758309 26.827498 -1265.632186
v -1.027685 27.299239 -1263.915008
v -0.692121 27.160227 -1265.632186
v -0.692121 27.160227 -1265.632186
v -0.760464 27.699157 -1263.915008
v -0.503635 27.442332 -1265.632186
v -0.503635 27.442332 -1265.632186
v -0.360540 27.966390 -1263.915008
v -0.221545 27.630806 -1265.632186
v -0.221545 27.630806 -1265.632186
v 0.111202 28.060218 -1263.915008
v 0.111202 27.697007 -1265.632073
v 0.111202 27.697007 -1265.632073
v 0.582944 27.966390 -1263.915008
v 0.443949 27.630806 -1265.632186
v 0.443949 27.630806 -1265.632186
v 0.982868 27.699157 -1263.915008
v 0.726039 27.442332 -1265.632186
v 0.726039 27.442332 -1265.632186
v 1.250088 27.299239 -1263.915008
v 0.914525 27.160227 -1265.632186
v 0.914525 27.160227 -1265.632186
v 1.343924 26.827504 -1263.915008
v 0.980712 26.827498 -1265.632186
v 0.980712 26.827498 -1265.632186
v 1.250088 26.355740 -1263.915008
v 0.914525 26.494741 -1265.632073
v 0.914525 26.494741 -1265.632073
v 0.982868 25.955821 -1263.915008
v 0.726039 26.212665 -1265.632186
v 0.726039 26.212665 -1265.632186
v 0.582944 25.688617 -1263.915008
v 0.443949 26.024162 -1265.632073
v 0.443949 26.024162 -1265.632073
v 0.111202 25.885316 -1256.913333
v 0.111202 25.885316 -1256.913333
v 0.111202 25.885316 -1256.913333
v -0.249346 25.957049 -1256.913446
v -0.249346 25.957049 -1256.913446
v -0.555003 26.161269 -1256.913446
v -0.555003 26.161269 -1256.913446
v -0.759237 26.466936 -1256.913446
v -0.759237 26.466936 -1256.913446
v -0.830955 26.827489 -1256.913446
v -0.830955 26.827489 -1256.913446
v -0.759237 27.188014 -1256.913333
v -0.759237 27.188014 -1256.913333
v -0.555003 27.493681 -1256.913333
v -0.555003 27.493681 -1256.913333
v -0.249346 27.697930 -1256.913333
v -0.249346 27.697930 -1256.913333
v 0.111202 27.769634 -1256.913446
v 0.111202 27.769634 -1256.913446
v 0.471750 27.697930 -1256.913333
v 0.471750 27.697930 -1256.913333
v 0.777407 27.493681 -1256.913333
v 0.777407 27.493681 -1256.913333
v 0.981641 27.188014 -1256.913333
v 0.981641 27.188014 -1256.913333
v 1.053358 26.827489 -1256.913446
v 1.053358 26.827489 -1256.913446
v 0.981641 26.466936 -1256.913446
v 0.981641 26.466936 -1256.913446
v 0.777407 26.161269 -1256.913446
v 0.777407 26.161269 -1256.913446
v 0.471750 25.957049 -1256.913446
v 0.471750 25.957049 -1256.913446
v 0.111202 25.843856 -1265.368734
v 0.111202 25.843856 -1265.368734
v 0.111202 25.613438 -1264.364141
v 0.111202 25.613438 -1264.364141
v 0.111202 25.691433 -1264.875016
v 0.111202 25.691433 -1264.875016
v -0.353391 25.705855 -1264.364141
v -0.265208 25.918749 -1265.368734
v -0.323552 25.777896 -1264.875016
v -0.747254 25.969024 -1264.364253
v -0.584312 26.131971 -1265.368734
v -0.692118 26.024162 -1264.875016
v -1.010425 26.362904 -1264.364141
v -0.797531 26.451070 -1265.368734
v -0.938386 26.392730 -1264.875016
v -1.102839 26.827500 -1264.364141
v -0.872404 26.827482 -1265.368734
v -1.024863 26.827498 -1264.875016
v -1.010425 27.292096 -1264.364141
v -0.797531 27.203894 -1265.368847
v -0.938386 27.262239 -1264.875016
v -0.747254 27.685947 -1264.364141
v -0.584312 27.522994 -1265.368847
v -0.692118 27.630806 -1264.875016
v -0.353391 27.949117 -1264.364141
v -0.265208 27.736216 -1265.368847
v -0.323551 27.877072 -1264.875016
v 0.111202 28.041534 -1264.364253
v 0.111202 27.811081 -1265.368734
v 0.111202 27.963563 -1264.875016
v 0.575795 27.949117 -1264.364141
v 0.487611 27.736216 -1265.368847
v 0.545955 27.877072 -1264.875016
v 0.969658 27.685947 -1264.364141
v 0.806716 27.522994 -1265.368847
v 0.914521 27.630806 -1264.875016
v 1.232829 27.292096 -1264.364141
v 1.019935 27.203894 -1265.368847
v 1.160789 27.262239 -1264.875016
v 1.325242 26.827500 -1264.364141
v 1.094808 26.827482 -1265.368734
v 1.247267 26.827498 -1264.875016
v 1.232829 26.362904 -1264.364141
v 1.019935 26.451070 -1265.368734
v 1.160789 26.392730 -1264.875016
v 0.969658 25.969024 -1264.364253
v 0.806716 26.131971 -1265.368734
v 0.914521 26.024162 -1264.875016
v 0.575795 25.705855 -1264.364141
v 0.487611 25.918749 -1265.368734
v 0.545955 25.777896 -1264.875016
vt 0.931550 0.757257
vt 0.931569 0.764887
vt 0.310055 0.992512
vt 0.929446 0.764507
vt 0.929428 0.757647
vt 0.931564 0.764363
vt 0.929559 0.764092
vt 0.310375 0.992379
vt 0.931572 0.763860
vt 0.929633 0.763669
vt 0.310619 0.992135
vt 0.931580 0.763375
vt 0.929683 0.763240
vt 0.310752 0.991815
vt 0.931588 0.762901
vt 0.929715 0.762806
vt 0.310752 0.991469
vt 0.931594 0.762436
vt 0.929740 0.762369
vt 0.310619 0.991150
vt 0.931598 0.761977
vt 0.929760 0.761933
vt 0.310375 0.990905
vt 0.931600 0.761524
vt 0.929777 0.761499
vt 0.310055 0.990773
vt 0.931599 0.761073
vt 0.309709 0.990773
vt 0.929789 0.761071
vt 0.931598 0.760623
vt 0.309390 0.990905
vt 0.929783 0.760646
vt 0.931595 0.760170
vt 0.309145 0.991150
vt 0.929767 0.760217
vt 0.931590 0.759712
vt 0.309013 0.991469
vt 0.929745 0.759786
vt 0.931583 0.759248
vt 0.309013 0.991815
vt 0.929716 0.759353
vt 0.931574 0.758774
vt 0.309145 0.992135
vt 0.929676 0.758921
vt 0.931563 0.758287
vt 0.309390 0.992379
vt 0.929620 0.758491
vt 0.931553 0.757783
vt 0.309709 0.992512
vt 0.929541 0.758064
vt 0.938717 0.758046
vt 0.938740 0.764057
vt 0.763813 0.922745
vt 0.938699 0.763680
vt 0.764187 0.922745
vt 0.938665 0.763303
vt 0.764534 0.922889
vt 0.938635 0.762927
vt 0.764799 0.923154
vt 0.938612 0.762551
vt 0.764942 0.923500
vt 0.938593 0.762176
vt 0.764942 0.923875
vt 0.938579 0.761801
vt 0.764799 0.924221
vt 0.938570 0.761426
vt 0.764534 0.924486
vt 0.764187 0.924629
vt 0.938566 0.761051
vt 0.763813 0.924629
vt 0.938567 0.760677
vt 0.763466 0.924486
vt 0.938573 0.760302
vt 0.763201 0.924221
vt 0.938583 0.759927
vt 0.763058 0.923875
vt 0.938599 0.759552
vt 0.763058 0.923500
vt 0.938620 0.759176
vt 0.763201 0.923154
vt 0.938646 0.758800
vt 0.763466 0.922889
vt 0.938679 0.758422
vt 0.929791 0.764627
vt 0.929772 0.757524
vt 0.931036 0.764884
vt 0.931027 0.757272
vt 0.930415 0.764792
vt 0.930402 0.757352
vt 0.931076 0.764342
vt 0.929908 0.764168
vt 0.930502 0.764281
vt 0.931110 0.763839
vt 0.929982 0.763718
vt 0.930563 0.763793
vt 0.931133 0.763358
vt 0.930034 0.763272
vt 0.930602 0.763323
vt 0.931150 0.762889
vt 0.930065 0.762827
vt 0.930634 0.762863
vt 0.931163 0.762428
vt 0.930091 0.762385
vt 0.930653 0.762410
vt 0.931172 0.761974
vt 0.930109 0.761944
vt 0.930666 0.761961
vt 0.931176 0.761522
vt 0.930122 0.761507
vt 0.930674 0.761516
vt 0.931176 0.761073
vt 0.930127 0.761073
vt 0.930677 0.761073
vt 0.931174 0.760624
vt 0.930126 0.760641
vt 0.930672 0.760631
vt 0.931169 0.760174
vt 0.930113 0.760205
vt 0.930665 0.760188
vt 0.931160 0.759720
vt 0.930093 0.759768
vt 0.930650 0.759740
vt 0.931146 0.759259
vt 0.930065 0.759327
vt 0.930629 0.759288
vt 0.931126 0.758790
vt 0.930026 0.758884
vt 0.930598 0.758828
vt 0.931099 0.758307
vt 0.929970 0.758438
vt 0.930555 0.758359
vt 0.931065 0.757804
vt 0.929894 0.757986
vt 0.930490 0.757870
vn 0.194966 -0.980158 0.035766
vn 0.381857 -0.918902 -0.099012
vn 0.381701 -0.923566 0.036466
vn -0.923566 -0.381701 0.036466
vn -0.703870 -0.703338 -0.099411
vn -0.707193 -0.706079 0.036466
vn -0.999334 0.000741 0.036485
vn -0.920065 -0.379048 -0.099012
vn -0.918903 0.381857 -0.099012
vn -0.995074 0.001523 -0.099121
vn -0.922999 0.383070 0.036466
vn -0.702825 0.704439 -0.099012
vn -0.706146 0.707127 0.036466
vn -0.379405 0.919929 -0.098903
vn 0.000788 0.999335 0.036466
vn -0.381745 0.923549 0.036448
vn 0.383157 0.922963 0.036466
vn 0.000381 0.995126 -0.098607
vn 0.707194 0.706079 0.036466
vn 0.379748 0.919776 -0.099012
vn 0.923566 0.381701 0.036466
vn 0.702825 0.704439 -0.099012
vn 0.999335 -0.000788 0.036466
vn 0.918902 0.381857 -0.099012
vn 0.922963 -0.383157 0.036466
vn 0.995086 0.001141 -0.099012
vn 0.706079 -0.707194 0.036466
vn 0.919776 -0.379748 -0.099012
vn 0.704439 -0.702825 -0.099012
vn 0.000000 0.000000 -1.000000
vn 0.000000 -0.000000 -1.000000
vn 0.000000 0.000000 -1.000000
vn -0.383157 -0.922963 0.036466
vn -0.194178 -0.976196 -0.096623
vn -0.194966 -0.980158 0.035767
vn 0.383575 0.922578 0.041464
vn 0.000000 -0.000000 1.000000
vn 0.000000 0.000000 1.000000
vn 0.000000 0.000000 1.000000
vn 0.705563 -0.707433 0.041464
vn -0.707433 -0.705563 0.041464
vn -0.381133 0.923590 0.041464
vn -0.194929 -0.979974 0.040669
vn 0.999139 -0.001322 0.041464
vn -0.922578 0.383575 0.041464
vn 0.707433 0.705563 0.041464
vn 0.381133 -0.923590 0.041464
vn -0.923590 -0.381133 0.041464
vn 0.001322 0.999139 0.041464
vn 0.922578 -0.383575 0.041464
vn -0.383576 -0.922578 0.041464
vn -0.705563 0.707433 0.041464
vn 0.923590 0.381132 0.041464
vn -0.999139 0.001322 0.041464
vn -0.379748 -0.919776 -0.099012
vn 0.669386 -0.666692 -0.327787
vn 0.351145 -0.847739 -0.397538
vn 0.653655 -0.643976 -0.397529
vn 0.874990 -0.355618 -0.328525
vn 0.850338 -0.344813 -0.397528
vn 0.944474 0.006295 -0.328525
vn 0.917564 0.006844 -0.397528
vn 0.870171 0.367251 -0.328525
vn 0.845100 0.357460 -0.397528
vn 0.663393 0.672296 -0.328525
vn 0.643976 0.653656 -0.397528
vn 0.359495 0.873109 -0.329310
vn 0.344813 0.850339 -0.397527
vn 0.004394 0.944746 -0.327773
vn 0.000000 0.917586 -0.397537
vn -0.344813 0.850338 -0.397528
vn -0.355618 0.874990 -0.328525
vn -0.643976 0.653656 -0.397528
vn -0.663392 0.672296 -0.328525
vn -0.845100 0.357460 -0.397528
vn -0.870171 0.367251 -0.328525
vn -0.917564 0.006844 -0.397528
vn -0.944750 0.001905 -0.327786
vn -0.850338 -0.344813 -0.397528
vn -0.873108 -0.359495 -0.329310
vn -0.653656 -0.643976 -0.397528
vn -0.669386 -0.666692 -0.327787
vn -0.357460 -0.845100 -0.397528
vn -0.363180 -0.871582 -0.329311
vn -0.179553 -0.902673 -0.391077
vn -0.184642 -0.928258 -0.322869
vn 0.374944 -0.900824 -0.218936
vn 0.184739 -0.928744 -0.321413
vn 0.361238 -0.872106 -0.330058
vn 0.190470 -0.957553 -0.216365
vn 0.690778 -0.688475 -0.220970
vn 0.902851 -0.369426 -0.219965
vn 0.975499 0.004201 -0.219965
vn 0.899635 0.377189 -0.219965
vn 0.686811 0.692753 -0.219965
vn 0.371854 0.902104 -0.218936
vn 0.002573 0.975373 -0.220546
vn -0.369426 0.902851 -0.219965
vn -0.686811 0.692753 -0.219965
vn -0.899635 0.377189 -0.219965
vn -0.975279 0.001628 -0.220970
vn -0.902104 -0.371854 -0.218937
vn -0.689719 -0.689719 -0.220399
vn -0.371854 -0.902104 -0.218937
vn -0.190421 -0.957306 -0.217497
vn 0.194159 -0.976100 -0.097626
vn 0.000000 0.000000 -1.000000
vn 0.000000 0.000000 -1.000000
vn 0.000000 0.000000 -1.000000
vn 0.000000 0.000000 -1.000000
vn 0.000000 0.000000 -1.000000
vn 0.000000 -0.000001 -1.000000
vn 0.000000 -0.000000 -1.000000
vn 0.000000 0.000001 -1.000000
vn 0.000000 -0.000002 -1.000000
vn 0.000000 0.000000 -1.000000
vn 0.000000 0.000000 -1.000000
vn 0.000000 0.000000 -1.000000
vn 0.000000 0.000000 -1.000000
vn 0.000000 -0.000016 1.000000
vn 0.000000 -0.000000 1.000000
vn 0.000000 0.000000 1.000000
vn 0.000000 -0.000005 1.000000
vn 0.000000 0.000005 1.000000
vn 0.000000 0.000000 1.000000
vn 0.000000 -0.000016 1.000000
vn 0.000000 0.000005 1.000000
vn 0.000000 0.000006 1.000000
vn 0.000000 0.000001 1.000000
vn 0.000000 0.000001 1.000000
vn 0.000000 -0.000001 1.000000
vn 0.000000 0.000000 1.000000
vn 0.194929 -0.979974 0.040669
vn 0.179552 -0.902674 -0.391077
s 1
g Piece1 Supermarine_Spitfire_Mk:GLTF_SceneRootNode Supermarine_Spitfire_Mk:root Supermarine_Spitfire_Mk:Sketchfab_model Supermarine_Spitfire_Mk:Meshes Supermarine_Spitfire_Mk:scene Supermarine_Spitfire_Mk:Object_69
usemtl Supermarine_Spitfire_Mk:Object_69SG
f 2697/2697/2697 2828/2828/2698 2744/2744/2699
f 2708/2708/2700 2789/2789/2701 2705/2705/2702
f 2711/2711/2703 2792/2792/2704 2708/2708/2700
f 2711/2711/2703 2798/2798/2705 2795/2795/2706
f 2714/2714/2707 2801/2801/2708 2798/2798/2705
f 2717/2717/2709 2804/2804/2710 2801/2801/2708
f 2723/2723/2711 2804/2804/2710 2720/2720/2712
f 2726/2726/2713 2807/2807/2714 2723/2723/2711
f 2729/2729/2715 2810/2810/2716 2726/2726/2713
f 2732/2732/2717 2813/2813/2718 2729/2729/2715
f 2735/2735/2719 2816/2816/2720 2732/2732/2717
f 2738/2738/2721 2819/2819/2722 2735/2735/2719
f 2741/2741/2723 2822/2822/2724 2738/2738/2721
f 2744/2744/2699 2825/2825/2725 2741/2741/2723
s 14
f 2724/2724/2726 2736/2736/2727 2699/2699/2728
s 1
f 2702/2702/2729 2782/2782/2730 2698/2698/2731
f 2767/2767/2732 2729/2729/2715 2726/2726/2713
s 16
f 2751/2751/2733 2774/2774/2734 2766/2766/2735
s 1
f 2777/2777/2736 2744/2744/2699 2741/2741/2723
f 2752/2752/2737 2708/2708/2700 2705/2705/2702
f 2762/2762/2738 2723/2723/2711 2720/2720/2712
f 2748/2748/2739 2702/2702/2729 2698/2698/2731
f 2773/2773/2740 2738/2738/2721 2735/2735/2719
f 2758/2758/2741 2717/2717/2709 2714/2714/2707
f 2769/2769/2742 2732/2732/2717 2729/2729/2715
f 2779/2779/2743 2697/2697/2697 2744/2744/2699
f 2754/2754/2744 2711/2711/2703 2708/2708/2700
f 2765/2765/2745 2726/2726/2713 2723/2723/2711
f 2775/2775/2746 2741/2741/2723 2738/2738/2721
f 2750/2750/2747 2705/2705/2702 2702/2702/2729
f 2760/2760/2748 2720/2720/2712 2717/2717/2709
f 2771/2771/2749 2735/2735/2719 2732/2732/2717
f 2756/2756/2750 2714/2714/2707 2711/2711/2703
f 2705/2705/2702 2786/2786/2751 2702/2702/2729
f 2826/2826/2752 2746/2746/2753 2743/2743/2754
f 2823/2823/2755 2743/2743/2754 2740/2740/2756
f 2820/2820/2757 2740/2740/2756 2737/2737/2758
f 2817/2817/2759 2737/2737/2758 2734/2734/2760
f 2814/2814/2761 2734/2734/2760 2731/2731/2762
f 2811/2811/2763 2731/2731/2762 2728/2728/2764
f 2808/2808/2765 2728/2728/2764 2725/2725/2766
f 2808/2808/2765 2721/2721/2767 2805/2805/2768
f 2805/2805/2768 2718/2718/2769 2802/2802/2770
f 2802/2802/2770 2715/2715/2771 2799/2799/2772
f 2799/2799/2772 2712/2712/2773 2796/2796/2774
f 2796/2796/2774 2709/2709/2775 2793/2793/2776
f 2793/2793/2776 2706/2706/2777 2790/2790/2778
f 2790/2790/2778 2703/2703/2779 2787/2787/2780
f 2787/2787/2780 2700/2700/2781 2780/2780/2782
f 2830/2830/2783 2781/2781/2784 2829/2829/2785
f 2828/2828/2698 2785/2785/2786 2830/2830/2783
f 2826/2826/2752 2830/2830/2783 2829/2829/2785
f 2825/2825/2725 2830/2830/2783 2827/2827/2787
f 2824/2824/2788 2826/2826/2752 2823/2823/2755
f 2822/2822/2724 2827/2827/2787 2824/2824/2788
f 2821/2821/2789 2823/2823/2755 2820/2820/2757
f 2819/2819/2722 2824/2824/2788 2821/2821/2789
f 2818/2818/2790 2820/2820/2757 2817/2817/2759
f 2816/2816/2720 2821/2821/2789 2818/2818/2790
f 2815/2815/2791 2817/2817/2759 2814/2814/2761
f 2813/2813/2718 2818/2818/2790 2815/2815/2791
f 2812/2812/2792 2814/2814/2761 2811/2811/2763
f 2810/2810/2716 2815/2815/2791 2812/2812/2792
f 2808/2808/2765 2812/2812/2792 2811/2811/2763
f 2807/2807/2714 2812/2812/2792 2809/2809/2793
f 2805/2805/2768 2809/2809/2793 2808/2808/2765
f 2806/2806/2794 2807/2807/2714 2809/2809/2793
f 2802/2802/2770 2806/2806/2794 2805/2805/2768
f 2803/2803/2795 2804/2804/2710 2806/2806/2794
f 2799/2799/2772 2803/2803/2795 2802/2802/2770
f 2800/2800/2796 2801/2801/2708 2803/2803/2795
f 2796/2796/2774 2800/2800/2796 2799/2799/2772
f 2797/2797/2797 2798/2798/2705 2800/2800/2796
f 2794/2794/2798 2796/2796/2774 2793/2793/2776
f 2794/2794/2798 2795/2795/2706 2797/2797/2797
f 2790/2790/2778 2794/2794/2798 2793/2793/2776
f 2791/2791/2799 2792/2792/2704 2794/2794/2798
f 2788/2788/2800 2790/2790/2778 2787/2787/2780
f 2786/2786/2751 2791/2791/2799 2788/2788/2800
f 2780/2780/2782 2788/2788/2800 2787/2787/2780
f 2782/2782/2730 2788/2788/2800 2784/2784/2801
f 2781/2781/2784 2746/2746/2753 2829/2829/2785
f 2697/2697/2697 2783/2783/2802 2828/2828/2698
f 2708/2708/2700 2792/2792/2704 2789/2789/2701
f 2711/2711/2703 2795/2795/2706 2792/2792/2704
f 2711/2711/2703 2714/2714/2707 2798/2798/2705
f 2714/2714/2707 2717/2717/2709 2801/2801/2708
f 2717/2717/2709 2720/2720/2712 2804/2804/2710
f 2723/2723/2711 2807/2807/2714 2804/2804/2710
f 2726/2726/2713 2810/2810/2716 2807/2807/2714
f 2729/2729/2715 2813/2813/2718 2810/2810/2716
f 2732/2732/2717 2816/2816/2720 2813/2813/2718
f 2735/2735/2719 2819/2819/2722 2816/2816/2720
f 2738/2738/2721 2822/2822/2724 2819/2819/2722
f 2741/2741/2723 2825/2825/2725 2822/2822/2724
f 2744/2744/2699 2828/2828/2698 2825/2825/2725
s 14
f 2699/2699/2728 2704/2704/2803 2707/2707/2804
f 2707/2707/2804 2710/2710/2805 2699/2699/2728
f 2710/2710/2805 2713/2713/2806 2699/2699/2728
f 2713/2713/2806 2716/2716/2807 2719/2719/2808
f 2719/2719/2808 2722/2722/2809 2713/2713/2806
f 2722/2722/2809 2724/2724/2726 2713/2713/2806
f 2724/2724/2726 2727/2727/2810 2736/2736/2727
f 2727/2727/2810 2730/2730/2811 2736/2736/2727
f 2730/2730/2811 2733/2733/2812 2736/2736/2727
f 2736/2736/2727 2739/2739/2813 2699/2699/2728
f 2739/2739/2813 2742/2742/2814 2699/2699/2728
f 2742/2742/2814 2745/2745/2815 2699/2699/2728
f 2699/2699/2728 2713/2713/2806 2724/2724/2726
s 1
f 2702/2702/2729 2786/2786/2751 2782/2782/2730
f 2767/2767/2732 2769/2769/2742 2729/2729/2715
s 16
f 2751/2751/2733 2749/2749/2816 2778/2778/2817
f 2778/2778/2817 2776/2776/2818 2774/2774/2734
f 2774/2774/2734 2772/2772/2819 2766/2766/2735
f 2772/2772/2819 2770/2770/2820 2766/2766/2735
f 2770/2770/2820 2768/2768/2821 2766/2766/2735
f 2766/2766/2735 2764/2764/2822 2763/2763/2823
f 2763/2763/2823 2761/2761/2824 2766/2766/2735
f 2761/2761/2824 2759/2759/2825 2766/2766/2735
f 2759/2759/2825 2757/2757/2826 2755/2755/2827
f 2755/2755/2827 2753/2753/2828 2751/2751/2733
f 2751/2751/2733 2778/2778/2817 2774/2774/2734
f 2759/2759/2825 2755/2755/2827 2766/2766/2735
f 2755/2755/2827 2751/2751/2733 2766/2766/2735
s 1
f 2777/2777/2736 2779/2779/2743 2744/2744/2699
f 2752/2752/2737 2754/2754/2744 2708/2708/2700
f 2762/2762/2738 2765/2765/2745 2723/2723/2711
f 2748/2748/2739 2750/2750/2747 2702/2702/2729
f 2773/2773/2740 2775/2775/2746 2738/2738/2721
f 2758/2758/2741 2760/2760/2748 2717/2717/2709
f 2769/2769/2742 2771/2771/2749 2732/2732/2717
f 2779/2779/2743 2747/2747/2829 2697/2697/2697
f 2754/2754/2744 2756/2756/2750 2711/2711/2703
f 2765/2765/2745 2767/2767/2732 2726/2726/2713
f 2775/2775/2746 2777/2777/2736 2741/2741/2723
f 2750/2750/2747 2752/2752/2737 2705/2705/2702
f 2760/2760/2748 2762/2762/2738 2720/2720/2712
f 2771/2771/2749 2773/2773/2740 2735/2735/2719
f 2756/2756/2750 2758/2758/2741 2714/2714/2707
f 2705/2705/2702 2789/2789/2701 2786/2786/2751
f 2826/2826/2752 2829/2829/2785 2746/2746/2753
f 2823/2823/2755 2826/2826/2752 2743/2743/2754
f 2820/2820/2757 2823/2823/2755 2740/2740/2756
f 2817/2817/2759 2820/2820/2757 2737/2737/2758
f 2814/2814/2761 2817/2817/2759 2734/2734/2760
f 2811/2811/2763 2814/2814/2761 2731/2731/2762
f 2808/2808/2765 2811/2811/2763 2728/2728/2764
f 2808/2808/2765 2725/2725/2766 2721/2721/2767
f 2805/2805/2768 2721/2721/2767 2718/2718/2769
f 2802/2802/2770 2718/2718/2769 2715/2715/2771
f 2799/2799/2772 2715/2715/2771 2712/2712/2773
f 2796/2796/2774 2712/2712/2773 2709/2709/2775
f 2793/2793/2776 2709/2709/2775 2706/2706/2777
f 2790/2790/2778 2706/2706/2777 2703/2703/2779
f 2787/2787/2780 2703/2703/2779 2700/2700/2781
f 2830/2830/2783 2785/2785/2786 2781/2781/2784
f 2828/2828/2698 2783/2783/2802 2785/2785/2786
f 2826/2826/2752 2827/2827/2787 2830/2830/2783
f 2825/2825/2725 2828/2828/2698 2830/2830/2783
f 2824/2824/2788 2827/2827/2787 2826/2826/2752
f 2822/2822/2724 2825/2825/2725 2827/2827/2787
f 2821/2821/2789 2824/2824/2788 2823/2823/2755
f 2819/2819/2722 2822/2822/2724 2824/2824/2788
f 2818/2818/2790 2821/2821/2789 2820/2820/2757
f 2816/2816/2720 2819/2819/2722 2821/2821/2789
f 2815/2815/2791 2818/2818/2790 2817/2817/2759
f 2813/2813/2718 2816/2816/2720 2818/2818/2790
f 2812/2812/2792 2815/2815/2791 2814/2814/2761
f 2810/2810/2716 2813/2813/2718 2815/2815/2791
f 2808/2808/2765 2809/2809/2793 2812/2812/2792
f 2807/2807/2714 2810/2810/2716 2812/2812/2792
f 2805/2805/2768 2806/2806/2794 2809/2809/2793
f 2806/2806/2794 2804/2804/2710 2807/2807/2714
f 2802/2802/2770 2803/2803/2795 2806/2806/2794
f 2803/2803/2795 2801/2801/2708 2804/2804/2710
f 2799/2799/2772 2800/2800/2796 2803/2803/2795
f 2800/2800/2796 2798/2798/2705 2801/2801/2708
f 2796/2796/2774 2797/2797/2797 2800/2800/2796
f 2797/2797/2797 2795/2795/2706 2798/2798/2705
f 2794/2794/2798 2797/2797/2797 2796/2796/2774
f 2794/2794/2798 2792/2792/2704 2795/2795/2706
f 2790/2790/2778 2791/2791/2799 2794/2794/2798
f 2791/2791/2799 2789/2789/2701 2792/2792/2704
f 2788/2788/2800 2791/2791/2799 2790/2790/2778
f 2786/2786/2751 2789/2789/2701 2791/2791/2799
f 2780/2780/2782 2784/2784/2801 2788/2788/2800
f 2782/2782/2730 2786/2786/2751 2788/2788/2800
f 2781/2781/2784 2701/2701/2830 2746/2746/2753
g default
v 65.780161 32.410373 -1239.038911
v 65.780161 32.410373 -1239.038911
v 66.938166 32.410373 -1239.038911
v 66.938166 32.410373 -1239.038911
v 65.780161 35.233950 -1214.710487
v 65.780161 35.233950 -1214.710487
v 66.938166 35.233950 -1214.710487
v 66.938166 35.233950 -1214.710487
v 65.780161 37.158667 -1233.344335
v 65.780161 37.158667 -1233.344335
v 65.780161 35.103600 -1237.435851
v 65.780161 35.103600 -1237.435851
v 65.780161 36.985494 -1234.881476
v 65.780161 36.985494 -1234.881476
v 65.780161 36.233287 -1236.379110
v 65.780161 36.233287 -1236.379110
v 66.938166 35.103600 -1237.435851
v 66.938166 35.103600 -1237.435851
v 66.938166 37.158667 -1233.344335
v 66.938166 37.158667 -1233.344335
v 66.938166 36.233287 -1236.379110
v 66.938166 36.233287 -1236.379110
v 66.938166 36.985494 -1234.881476
v 66.938166 36.985494 -1234.881476
v -65.780154 32.410560 -1239.038911
v -65.780154 32.410560 -1239.038911
v -66.938173 32.410560 -1239.038911
v -66.938173 32.410560 -1239.038911
v -65.780154 35.234137 -1214.710487
v -65.780154 35.234137 -1214.710487
v -66.938173 35.234137 -1214.710487
v -66.938173 35.234137 -1214.710487
v -65.780154 37.158854 -1233.344335
v -65.780154 37.158854 -1233.344335
v -65.780154 35.103783 -1237.435739
v -65.780154 35.103783 -1237.435739
v -65.780154 36.985681 -1234.881476
v -65.780154 36.985681 -1234.881476
v -65.780154 36.233474 -1236.379110
v -65.780154 36.233474 -1236.379110
v -66.938173 35.103783 -1237.435739
v -66.938173 35.103783 -1237.435739
v -66.938173 37.158854 -1233.344335
v -66.938173 37.158854 -1233.344335
v -66.938173 36.233474 -1236.379110
v -66.938173 36.233474 -1236.379110
v -66.938173 36.985681 -1234.881476
v -66.938173 36.985681 -1234.881476
vt 0.400254 0.690478
vt 0.629078 0.324476
vt 0.629078 0.325627
vt 0.631267 0.916386
vt 0.400254 0.714840
vt 0.602582 0.324476
vt 0.602582 0.325627
vt 0.631267 0.892023
vt 0.404293 0.696649
vt 0.621216 0.324476
vt 0.402731 0.692371
vt 0.625961 0.324476
vt 0.404298 0.695111
vt 0.622755 0.324476
vt 0.403726 0.693545
vt 0.624422 0.324476
vt 0.625961 0.325627
vt 0.633744 0.914493
vt 0.621216 0.325627
vt 0.635306 0.910214
vt 0.624422 0.325627
vt 0.634740 0.913319
vt 0.622755 0.325627
vt 0.635311 0.911753
vt 0.998401 0.948048
vt 0.462958 0.808281
vt 0.772140 0.812557
vt 0.997249 0.948048
vt 0.998401 0.974544
vt 0.462958 0.832644
vt 0.772140 0.788195
vt 0.997249 0.974544
vt 0.998401 0.955910
vt 0.458920 0.814452
vt 0.998401 0.951166
vt 0.460481 0.810174
vt 0.998401 0.954371
vt 0.458914 0.812914
vt 0.998401 0.952704
vt 0.459486 0.811348
vt 0.769662 0.810664
vt 0.997249 0.951166
vt 0.768101 0.806386
vt 0.997249 0.955910
vt 0.768667 0.809491
vt 0.997249 0.952704
vt 0.768096 0.807925
vt 0.997249 0.954371
vn -0.000000 0.511494 -0.859287
vn -0.000000 0.571129 -0.820860
vn 0.000000 0.511494 -0.859287
vn 0.000000 0.994708 0.102745
vn -0.000000 0.996251 0.086509
vn 0.000000 0.994708 0.102745
vn 1.000000 0.000000 0.000000
vn 1.000000 0.000000 0.000000
vn 1.000000 0.000000 0.000000
vn -0.000001 0.571129 -0.820860
vn 0.000000 0.805087 -0.593157
vn -0.000000 0.805087 -0.593157
vn -0.000000 0.956519 -0.291671
vn -0.000000 0.956519 -0.291671
vn 0.000000 0.996251 0.086509
vn -1.000000 -0.000000 0.000000
vn -1.000000 0.000000 0.000000
vn -1.000000 -0.000000 0.000000
vn 0.000000 0.571129 -0.820861
vn 0.000000 0.511495 -0.859286
vn 0.000000 0.511496 -0.859286
vn -0.000000 0.996251 0.086510
vn -0.000000 0.994708 0.102746
vn 0.000000 0.994708 0.102746
vn -1.000000 0.000000 0.000000
vn -1.000000 0.000000 0.000000
vn -1.000000 0.000000 0.000000
vn 0.000000 0.805089 -0.593155
vn 0.000000 0.571127 -0.820862
vn 0.000000 0.956519 -0.291671
vn 0.000001 0.805086 -0.593158
vn -0.000000 0.996251 0.086510
vn -0.000000 0.956518 -0.291672
vn 1.000000 0.000021 0.000000
vn 1.000000 0.000000 0.000000
vn 1.000000 0.000000 0.000000
vn 1.000000 0.000000 0.000000
vn 1.000000 0.000000 0.000000
vn 1.000000 0.000000 0.000000
vn -1.000000 0.000000 0.000000
vn -1.000000 0.000000 0.000000
vn -1.000000 0.000000 0.000000
vn -1.000000 0.000003 0.000000
vn -1.000000 0.000003 0.000000
vn -1.000000 0.000003 0.000000
vn 1.000000 0.000000 0.000000
vn 1.000000 0.000000 0.000000
vn 1.000000 0.000000 0.000000
s 1
g Piece1 Supermarine_Spitfire_Mk:GLTF_SceneRootNode Supermarine_Spitfire_Mk:root Supermarine_Spitfire_Mk:Sketchfab_model Supermarine_Spitfire_Mk:Meshes Supermarine_Spitfire_Mk:scene Supermarine_Spitfire_Mk:Object_91
usemtl Supermarine_Spitfire_Mk:Object_91SG
f 2832/2832/2831 2847/2847/2832 2833/2833/2833
f 2837/2837/2834 2840/2840/2835 2836/2836/2836
s 3
f 2854/2854/2837 2850/2850/2838 2848/2848/2839
s 1
f 2842/2842/2840 2851/2851/2841 2847/2847/2832
f 2846/2846/2842 2853/2853/2843 2851/2851/2841
f 2844/2844/2844 2849/2849/2845 2853/2853/2843
s 7
f 2843/2843/2846 2845/2845/2847 2841/2841/2848
s 8
f 2872/2872/2849 2855/2855/2850 2858/2858/2851
f 2863/2863/2852 2862/2862/2853 2859/2859/2854
s 10
f 2877/2877/2855 2875/2875/2856 2871/2871/2857
s 8
f 2876/2876/2858 2865/2865/2859 2872/2872/2849
f 2878/2878/2860 2869/2869/2861 2876/2876/2858
f 2874/2874/2862 2867/2867/2863 2878/2878/2860
s 14
f 2868/2868/2864 2864/2864/2865 2866/2866/2866
s 1
f 2832/2832/2831 2842/2842/2840 2847/2847/2832
f 2837/2837/2834 2849/2849/2845 2840/2840/2835
s 3
f 2838/2838/2867 2834/2834/2868 2850/2850/2838
f 2834/2834/2868 2848/2848/2839 2850/2850/2838
f 2848/2848/2839 2852/2852/2869 2854/2854/2837
s 1
f 2842/2842/2840 2846/2846/2842 2851/2851/2841
f 2846/2846/2842 2844/2844/2844 2853/2853/2843
f 2844/2844/2844 2840/2840/2835 2849/2849/2845
s 7
f 2841/2841/2848 2831/2831/2870 2839/2839/2871
f 2831/2831/2870 2835/2835/2872 2839/2839/2871
f 2839/2839/2871 2843/2843/2846 2841/2841/2848
s 8
f 2872/2872/2849 2865/2865/2859 2855/2855/2850
f 2863/2863/2852 2874/2874/2862 2862/2862/2853
s 10
f 2871/2871/2857 2857/2857/2873 2873/2873/2874
f 2857/2857/2873 2861/2861/2875 2873/2873/2874
f 2873/2873/2874 2877/2877/2855 2871/2871/2857
s 8
f 2876/2876/2858 2869/2869/2861 2865/2865/2859
f 2878/2878/2860 2867/2867/2863 2869/2869/2861
f 2874/2874/2862 2863/2863/2852 2867/2867/2863
s 14
f 2860/2860/2876 2856/2856/2877 2864/2864/2865
f 2856/2856/2877 2866/2866/2866 2864/2864/2865
f 2866/2866/2866 2870/2870/2878 2868/2868/2864
