# This file uses centimeters as units for non-parametric coordinates.

mtllib wing2.mtl
g default
v 689.039504 -35.250377 150.727296
v 685.879663 -35.703439 150.727296
v 686.274841 -38.460387 150.727296
v 689.441341 -38.053305 150.727296
vn 0.000001 -0.000000 1.000000
vn 0.000001 -0.000000 1.000000
vn 0.000001 -0.000000 1.000000
vn 0.000000 -0.000000 1.000000
s 1
g polySurface93 Piece4 Supermarine_Spitfire_Mk:GLTF_SceneRootNode Supermarine_Spitfire_Mk:root Supermarine_Spitfire_Mk:Sketchfab_model Supermarine_Spitfire_Mk:Meshes Supermarine_Spitfire_Mk:scene
usemtl Supermarine_Spitfire_Mk:Object_81SG
f 1//1 3//2 4//3
f 1//1 2//4 3//2
g default
v 707.069242 -33.489626 156.433329
v 702.690119 -34.117494 156.433329
v 703.050644 -36.632067 156.433329
v 707.441393 -36.085364 156.433329
vn 0.000000 -0.000000 1.000000
vn -0.000000 -0.000000 1.000000
vn 0.000001 -0.000000 1.000000
vn -0.000001 -0.000000 1.000000
s 1
g Piece4 Supermarine_Spitfire_Mk:GLTF_SceneRootNode Supermarine_Spitfire_Mk:root Supermarine_Spitfire_Mk:Sketchfab_model Supermarine_Spitfire_Mk:Meshes Supermarine_Spitfire_Mk:scene polySurface83
usemtl Supermarine_Spitfire_Mk:Object_81SG
f 5//5 7//6 8//7
f 5//5 6//8 7//6
g default
v 624.397320 -42.398170 169.953361
v 624.397320 -42.398170 156.211754
v 625.120063 -47.439309 169.953361
v 625.008203 -46.659088 156.211754
vn 0.989877 0.141925 0.000000
vn 0.989877 0.141925 0.000000
vn 0.989877 0.141925 0.000000
vn 0.989877 0.141925 0.000000
s 1
g Piece4 Supermarine_Spitfire_Mk:GLTF_SceneRootNode Supermarine_Spitfire_Mk:root Supermarine_Spitfire_Mk:Sketchfab_model Supermarine_Spitfire_Mk:Meshes Supermarine_Spitfire_Mk:scene polySurface101
usemtl Supermarine_Spitfire_Mk:Object_81SG
f 12//9 9//10 11//11
f 12//9 10//12 9//10
g default
v 681.500540 -36.331302 161.694688
v 689.039504 -35.250377 161.694688
v 685.879663 -35.703439 161.694688
v 681.971796 -39.618227 161.694688
v 689.526449 -38.646219 161.694688
v 686.359949 -39.053623 161.694688
vn 0.000001 0.000000 -1.000000
vn -0.000000 0.000000 -1.000000
vn -0.000000 0.000000 -1.000000
vn 0.000001 0.000000 -1.000000
vn 0.000000 0.000000 -1.000000
vn -0.000000 0.000000 -1.000000
s 1
g Piece4 Supermarine_Spitfire_Mk:GLTF_SceneRootNode Supermarine_Spitfire_Mk:root Supermarine_Spitfire_Mk:Sketchfab_model Supermarine_Spitfire_Mk:Meshes Supermarine_Spitfire_Mk:scene polySurface95
usemtl Supermarine_Spitfire_Mk:Object_81SG
f 15//13 16//14 13//15
f 14//16 18//17 15//13
f 15//13 18//17 16//14
f 14//16 17//18 18//17
g default
v 783.486838 -24.285465 146.830293
v 787.865961 -23.657598 146.830293
v 783.686854 -25.680019 146.830293
v 788.066090 -25.053418 146.830293
vn 0.000000 -0.000000 1.000000
vn 0.000000 -0.000000 1.000000
vn 0.000001 -0.000000 1.000000
vn 0.000000 -0.000000 1.000000
s 1
g Piece4 Supermarine_Spitfire_Mk:GLTF_SceneRootNode Supermarine_Spitfire_Mk:root Supermarine_Spitfire_Mk:Sketchfab_model Supermarine_Spitfire_Mk:Meshes Supermarine_Spitfire_Mk:scene polySurface90
usemtl Supermarine_Spitfire_Mk:Object_81SG
f 20//19 21//20 22//21
f 20//19 19//22 21//20
g default
v 629.596485 -41.652725 156.211754
v 624.397320 -42.398170 156.211754
v 625.008203 -46.659088 156.211754
v 630.217413 -45.984007 156.211754
vn 0.000000 -0.000000 1.000000
vn 0.000001 -0.000000 1.000000
vn 0.000000 -0.000000 1.000000
vn 0.000001 -0.000000 1.000000
s 1
g Piece4 Supermarine_Spitfire_Mk:GLTF_SceneRootNode Supermarine_Spitfire_Mk:root Supermarine_Spitfire_Mk:Sketchfab_model Supermarine_Spitfire_Mk:Meshes Supermarine_Spitfire_Mk:scene polySurface100
usemtl Supermarine_Spitfire_Mk:Object_81SG
f 23//23 25//24 26//25
f 23//23 24//26 25//24
g default
v 783.486838 -24.285465 164.109874
v 791.025915 -23.204540 164.109874
v 783.806163 -26.512297 164.109874
v 791.351110 -25.473103 164.109874
vn -0.000000 0.000000 -1.000000
vn -0.000000 0.000000 -1.000000
vn -0.000000 0.000000 -1.000000
vn -0.000000 0.000000 -1.000000
s 1
g Piece4 Supermarine_Spitfire_Mk:GLTF_SceneRootNode Supermarine_Spitfire_Mk:root Supermarine_Spitfire_Mk:Sketchfab_model Supermarine_Spitfire_Mk:Meshes Supermarine_Spitfire_Mk:scene polySurface89
usemtl Supermarine_Spitfire_Mk:Object_81SG
f 28//27 29//28 27//29
f 28//27 30//30 29//28
g default
v 707.069242 -33.489626 173.712896
v 699.530165 -34.570552 173.712896
v 699.530165 -34.570552 162.745518
v 702.690119 -34.117494 162.745518
v 707.069242 -33.489626 156.433329
v 702.690119 -34.117494 156.433329
vn 0.141926 -0.989877 0.000000
vn 0.141926 -0.989877 -0.000000
vn 0.141926 -0.989877 0.000000
vn 0.141926 -0.989877 0.000000
vn 0.141926 -0.989877 -0.000000
vn 0.141926 -0.989877 -0.000000
s 1
g Piece4 Supermarine_Spitfire_Mk:GLTF_SceneRootNode Supermarine_Spitfire_Mk:root Supermarine_Spitfire_Mk:Sketchfab_model Supermarine_Spitfire_Mk:Meshes Supermarine_Spitfire_Mk:scene polySurface82
usemtl Supermarine_Spitfire_Mk:Object_81SG
f 32//31 33//32 34//33
f 34//33 31//34 32//31
f 34//33 36//35 35//36
f 34//33 35//36 31//34
g default
v 558.289220 -45.460920 147.929702
v 502.574370 -52.646647 178.685011
v 508.330915 -51.904204 165.732221
v 505.630026 -52.252538 167.308149
v 503.580318 -52.516900 169.785642
v 502.493720 -52.657045 172.787527
v 542.464620 -57.762686 154.032633
v 559.526337 -55.052556 147.929702
v 503.866627 -63.301969 172.787527
v 509.715221 -62.637957 165.732221
v 507.001804 -62.888527 167.308149
v 504.948032 -63.121700 169.785642
v 503.975157 -63.508108 178.685011
v 518.604178 -61.962890 162.585996
vn 0.350481 0.045203 0.935479
vn 0.330484 0.042623 0.942849
vn 0.330484 0.042624 0.942849
vn 0.638423 0.082340 0.765269
vn 0.371630 0.047930 0.927143
vn 0.640514 0.082609 0.763491
vn 0.859101 0.110801 0.499668
vn 0.985434 0.127094 0.112988
vn 0.985820 0.127144 0.109511
vn 0.991691 0.127901 -0.013782
vn 0.991691 0.127901 -0.013782
vn 0.330484 0.042624 0.942848
vn 0.330484 0.042624 0.942849
vn 0.858992 0.110787 0.499859
s 1
g Piece4 Supermarine_Spitfire_Mk:GLTF_SceneRootNode Supermarine_Spitfire_Mk:root Supermarine_Spitfire_Mk:Sketchfab_model Supermarine_Spitfire_Mk:Meshes Supermarine_Spitfire_Mk:scene polySurface108
usemtl Supermarine_Spitfire_Mk:Object_81SG
f 39//37 50//38 43//39
f 39//37 47//40 46//41
f 40//42 48//43 47//40
f 48//43 42//44 45//45
f 45//45 38//46 49//47
f 44//48 37//49 43//39
f 37//49 39//37 43//39
f 39//37 46//41 50//38
f 39//37 40//42 47//40
f 40//42 41//50 48//43
f 48//43 41//50 42//44
f 45//45 42//44 38//46
g default
v 681.500540 -36.331302 161.694688
v 681.500540 -36.331302 150.727296
v 681.500540 -36.331302 144.415107
v 681.971796 -39.618227 161.694688
v 681.837587 -38.682149 144.415107
v 681.886688 -39.024536 150.727296
vn 0.989877 0.141928 0.000000
vn 0.989877 0.141925 -0.000000
vn 0.989877 0.141925 -0.000000
vn 0.989877 0.141926 0.000000
vn 0.989877 0.141928 0.000000
vn 0.989877 0.141924 0.000000
s 1
g Piece4 Supermarine_Spitfire_Mk:GLTF_SceneRootNode Supermarine_Spitfire_Mk:root Supermarine_Spitfire_Mk:Sketchfab_model Supermarine_Spitfire_Mk:Meshes Supermarine_Spitfire_Mk:scene polySurface92
usemtl Supermarine_Spitfire_Mk:Object_81SG
f 56//51 51//52 54//53
f 55//54 52//55 56//51
f 56//51 52//55 51//52
f 55//54 53//56 52//55
g default
v 791.025915 -23.204540 164.109874
v 791.025915 -23.204540 153.142482
v 791.351110 -25.473103 164.109874
v 791.271081 -24.914380 153.142482
vn -0.989876 -0.141934 -0.000002
vn -0.989877 -0.141927 -0.000000
vn -0.989876 -0.141935 -0.000002
vn -0.989877 -0.141925 -0.000000
s 1
g Piece4 Supermarine_Spitfire_Mk:GLTF_SceneRootNode Supermarine_Spitfire_Mk:root Supermarine_Spitfire_Mk:Sketchfab_model Supermarine_Spitfire_Mk:Meshes Supermarine_Spitfire_Mk:scene polySurface87
usemtl Supermarine_Spitfire_Mk:Object_81SG
f 57//57 60//58 59//59
f 57//57 58//60 60//58
g default
v 878.321562 -12.611926 93.136517
v 878.321562 -13.250813 106.828212
v 878.321562 -10.838019 107.052834
v 878.309033 -10.515068 111.227737
v 878.321562 -13.461848 111.232252
vn -1.000000 -0.000527 -0.000324
vn -1.000000 -0.000018 0.000000
vn -1.000000 -0.000014 0.000000
vn -0.999994 -0.002932 -0.001846
vn -0.999988 -0.004224 -0.002660
s 1
g Piece4 Supermarine_Spitfire_Mk:GLTF_SceneRootNode Supermarine_Spitfire_Mk:root Supermarine_Spitfire_Mk:Sketchfab_model Supermarine_Spitfire_Mk:Meshes Supermarine_Spitfire_Mk:scene polySurface105
usemtl Supermarine_Spitfire_Mk:Object_81SG
f 63//61 61//62 62//63
f 63//61 65//64 64//65
f 63//61 62//63 65//64
g default
v 702.690119 -34.117494 162.745518
v 702.690119 -34.117494 156.433329
v 703.096810 -36.954157 162.745518
v 703.050644 -36.632067 156.433329
vn 0.989879 0.141916 -0.000000
vn 0.989878 0.141920 -0.000000
vn 0.989878 0.141922 -0.000000
vn 0.989879 0.141914 0.000000
s 1
g Piece4 Supermarine_Spitfire_Mk:GLTF_SceneRootNode Supermarine_Spitfire_Mk:root Supermarine_Spitfire_Mk:Sketchfab_model Supermarine_Spitfire_Mk:Meshes Supermarine_Spitfire_Mk:scene polySurface84
usemtl Supermarine_Spitfire_Mk:Object_81SG
f 69//66 66//67 68//68
f 69//66 67//69 66//67
g default
v 685.879663 -35.703439 150.727296
v 685.879663 -35.703439 144.415107
v 686.274841 -38.460387 150.727296
v 686.226869 -38.125372 144.415107
vn -0.989878 -0.141924 -0.000001
vn -0.989879 -0.141914 -0.000000
vn -0.989877 -0.141928 -0.000001
vn -0.989880 -0.141908 -0.000000
s 1
g Piece4 Supermarine_Spitfire_Mk:GLTF_SceneRootNode Supermarine_Spitfire_Mk:root Supermarine_Spitfire_Mk:Sketchfab_model Supermarine_Spitfire_Mk:Meshes Supermarine_Spitfire_Mk:scene polySurface98
usemtl Supermarine_Spitfire_Mk:Object_81SG
f 70//70 73//71 72//72
f 70//70 71//73 73//71
g default
v 526.508181 -144.528688 177.812285
v 526.508238 -144.528688 177.812285
v 526.762377 -142.144473 177.576135
v 526.762321 -142.144473 177.576135
v 526.263862 -146.821305 178.511677
v 526.263919 -146.821305 178.511677
v 526.038619 -148.934168 179.647431
v 526.038675 -148.934168 179.647431
v 525.841256 -150.786119 181.175894
v 525.841312 -150.786119 181.175894
v 525.679279 -152.305989 183.038328
v 525.679336 -152.305989 183.038328
v 525.558897 -153.435310 185.163170
v 525.558954 -153.435310 185.163170
v 525.484738 -154.130793 187.468739
v 525.484794 -154.130793 187.468739
v 525.459736 -154.365574 189.866472
v 525.459793 -154.365631 189.866472
v 525.484738 -154.130793 192.264204
v 525.484794 -154.130793 192.264204
v 525.558897 -153.435310 194.569774
v 525.558954 -153.435310 194.569774
v 525.679279 -152.305989 196.694615
v 525.679336 -152.305989 196.694615
v 525.841256 -150.786119 198.557049
v 525.841312 -150.786119 198.557049
v 526.038619 -148.934168 200.085512
v 526.038675 -148.934168 200.085512
v 526.263806 -146.821305 201.221267
v 526.263862 -146.821305 201.221267
v 526.508181 -144.528688 201.920658
v 526.508238 -144.528688 201.920658
v 526.762321 -142.144473 202.156808
v 526.762321 -142.144473 202.156808
v 526.762377 -142.144473 202.156808
v 526.762377 -142.144473 202.156808
v 527.016517 -139.760257 201.920658
v 527.016460 -139.760257 201.920658
v 527.260836 -137.467696 201.221267
v 527.260780 -137.467640 201.221267
v 527.486023 -135.354777 200.085512
v 527.485967 -135.354777 200.085512
v 527.683386 -133.502827 198.557049
v 527.683330 -133.502827 198.557049
v 527.845419 -131.983013 196.694615
v 527.845363 -131.983013 196.694615
v 527.965801 -130.853636 194.569788
v 527.965745 -130.853636 194.569788
v 528.039904 -130.158209 192.264204
v 528.039847 -130.158209 192.264204
v 528.064906 -129.923371 189.866472
v 528.064849 -129.923371 189.866472
v 528.039904 -130.158209 187.468739
v 528.039847 -130.158209 187.468739
v 527.965801 -130.853636 185.163156
v 527.965745 -130.853636 185.163156
v 527.845419 -131.983013 183.038328
v 527.845363 -131.983013 183.038328
v 527.683386 -133.502827 181.175894
v 527.683330 -133.502827 181.175894
v 527.486023 -135.354777 179.647431
v 527.485967 -135.354777 179.647431
v 527.260836 -137.467696 178.511677
v 527.260780 -137.467640 178.511677
v 527.016517 -139.760257 177.812285
v 527.016460 -139.760257 177.812285
v 522.621027 -141.703115 162.900172
v 522.621027 -141.703058 162.900172
v 522.063478 -146.934336 163.418327
v 522.063478 -146.934336 163.418327
v 521.527318 -151.964526 164.952872
v 521.527318 -151.964526 164.952872
v 521.033262 -156.600385 167.444827
v 521.033262 -156.600385 167.444827
v 520.600158 -160.663739 170.798419
v 520.600158 -160.663739 170.798419
v 520.244769 -163.998480 174.884799
v 520.244769 -163.998480 174.884799
v 519.980640 -166.476382 179.546915
v 519.980696 -166.476382 179.546915
v 519.818042 -168.002292 184.605606
v 519.818042 -168.002292 184.605606
v 519.763072 -168.517512 189.866472
v 519.763072 -168.517512 189.866472
v 519.818042 -168.002292 195.127323
v 519.818042 -168.002292 195.127323
v 519.980696 -166.476382 200.186014
v 519.980640 -166.476382 200.186014
v 520.244769 -163.998480 204.848130
v 520.244769 -163.998480 204.848130
v 520.600158 -160.663739 208.934511
v 520.600158 -160.663739 208.934511
v 521.033205 -156.600385 212.288116
v 521.033205 -156.600385 212.288116
v 521.527318 -151.964526 214.780072
v 521.527318 -151.964526 214.780072
v 522.063478 -146.934336 216.314602
v 522.063478 -146.934336 216.314602
v 522.621027 -141.703058 216.832758
v 522.621027 -141.703058 216.832758
v 522.621027 -141.703058 216.832758
v 522.621027 -141.703058 216.832758
v 523.178632 -136.471837 216.314602
v 523.178632 -136.471837 216.314602
v 523.714735 -131.441647 214.780072
v 523.714735 -131.441647 214.780072
v 524.208848 -126.805788 212.288116
v 524.208848 -126.805788 212.288116
v 524.641952 -122.742435 208.934511
v 524.641952 -122.742435 208.934511
v 524.997341 -119.407693 204.848145
v 524.997341 -119.407693 204.848145
v 525.261414 -116.929791 200.186028
v 525.261414 -116.929791 200.186028
v 525.424124 -115.403882 195.127323
v 525.424124 -115.403882 195.127323
v 525.478981 -114.888661 189.866472
v 525.478981 -114.888661 189.866472
v 525.424124 -115.403882 184.605606
v 525.424124 -115.403882 184.605606
v 525.261414 -116.929791 179.546915
v 525.261414 -116.929791 179.546915
v 524.997341 -119.407693 174.884799
v 524.997341 -119.407693 174.884799
v 524.641952 -122.742435 170.798419
v 524.641952 -122.742435 170.798419
v 524.208848 -126.805788 167.444827
v 524.208848 -126.805788 167.444827
v 523.714735 -131.441647 164.952872
v 523.714735 -131.441647 164.952872
v 523.178576 -136.471837 163.418327
v 523.178632 -136.471837 163.418327
v 528.912828 -134.639569 201.376217
v 530.974219 -129.877261 208.790284
v 531.337678 -131.665465 206.186807
v 530.605511 -133.336843 203.583345
v 528.659196 -137.019326 202.655422
v 530.303230 -136.172900 205.107843
v 530.978057 -135.039826 208.000662
v 530.557256 -133.789926 210.893496
v 529.135136 -132.553684 199.654708
v 531.339710 -126.447817 205.959857
v 531.652940 -128.707785 203.745787
v 530.870486 -130.850983 201.531717
v 529.317600 -130.841868 197.557042
v 531.639734 -123.633320 202.510970
v 531.911595 -126.280507 200.771387
v 531.087885 -128.810925 199.031790
v 529.453107 -129.569873 195.163824
v 531.862607 -121.541960 198.576153
v 532.103822 -124.476868 197.377908
v 531.249466 -127.295005 196.179648
v 529.536635 -128.786629 192.567035
v 531.999920 -120.254105 194.306618
v 532.222228 -123.366228 193.695764
v 531.348966 -126.361524 193.084909
v 529.564854 -128.522105 189.866472
v 532.046255 -119.819252 189.866472
v 532.262243 -122.991198 189.866472
v 531.382603 -126.046319 189.866472
v 529.536635 -128.786629 187.165894
v 531.999920 -120.254105 185.426311
v 532.222228 -123.366228 186.037180
v 531.348966 -126.361524 186.648035
v 530.586152 -118.939640 180.140966
v 529.453107 -129.569873 184.569119
v 531.862607 -121.541960 181.156790
v 532.103822 -124.476868 182.355036
v 531.249466 -127.295005 183.553281
v 527.572260 -147.216906 164.940822
v 527.811556 -144.972205 176.289790
v 529.163581 -146.865722 167.544299
v 529.776100 -146.316667 170.615306
v 529.293049 -145.650841 173.686314
v 528.097753 -142.286837 176.023813
v 528.097753 -142.286837 164.452508
v 529.634159 -142.450535 173.369331
v 530.181945 -142.508976 170.238160
v 529.634159 -142.450535 167.106990
v 529.317600 -130.841868 182.175902
v 531.639734 -123.633320 177.221974
v 531.911595 -126.280507 178.961571
v 531.087885 -128.810925 180.701153
v 529.135136 -132.553684 180.078235
v 531.339767 -126.447817 173.773087
v 531.652940 -128.707785 175.987156
v 530.870486 -130.850983 178.201226
v 527.536366 -147.554348 177.077521
v 528.711062 -151.111144 168.839448
v 529.385833 -149.978070 171.732267
v 528.965089 -148.728170 174.625100
v 528.912828 -134.639569 178.356726
v 530.974219 -129.877261 170.942645
v 531.337678 -131.665465 173.546122
v 530.605511 -133.336843 176.149599
v 526.601417 -156.326535 168.735532
v 527.282678 -149.934049 178.356712
v 528.294043 -155.023809 170.942645
v 529.026211 -153.352431 173.546122
v 528.662808 -151.564227 176.149599
v 528.659196 -137.019326 177.077521
v 530.557256 -133.789926 168.839448
v 530.978057 -135.039826 171.732267
v 530.303230 -136.172900 174.625100
v 527.060369 -152.019934 180.078235
v 527.928552 -158.453309 173.773087
v 528.710949 -156.310111 175.987156
v 528.397832 -154.050087 178.201226
v 528.384005 -139.601469 176.289790
v 530.104738 -138.035404 167.544299
v 530.587789 -138.701230 170.615306
v 529.975270 -139.250228 173.686314
v 526.877962 -153.731749 182.175902
v 527.628585 -161.267807 177.221974
v 528.452295 -158.737389 178.961556
v 528.180434 -156.090145 180.701153
v 525.609353 -165.634034 180.140966
v 526.742398 -155.003745 184.569119
v 527.405656 -163.359166 181.156790
v 528.260068 -160.541029 182.355036
v 528.018853 -157.606065 183.553281
v 526.658870 -155.787045 187.165908
v 527.268399 -164.647021 185.426311
v 528.141661 -161.651668 186.037180
v 527.919353 -158.539546 186.648035
v 525.404314 -167.557660 189.866472
v 526.630708 -156.051513 189.866472
v 527.222063 -165.081874 189.866472
v 528.101703 -162.026698 189.866472
v 527.885716 -158.854751 189.866472
v 526.658870 -155.787045 192.567035
v 527.268399 -164.647021 194.306618
v 528.141661 -161.651668 193.695764
v 527.919353 -158.539546 193.084895
v 526.742398 -155.003745 195.163824
v 527.405656 -163.359166 198.576139
v 528.260068 -160.541029 197.377894
v 528.018853 -157.606065 196.179648
v 526.877962 -153.731749 197.557042
v 527.628585 -161.267807 202.510956
v 528.452295 -158.737389 200.771373
v 528.180434 -156.090145 199.031790
v 526.193258 -160.156010 207.836852
v 527.060369 -152.019934 199.654708
v 527.928552 -158.453309 205.959857
v 528.710949 -156.310111 203.745787
v 528.397832 -154.050087 201.531703
v 527.282678 -149.934049 201.376217
v 528.294100 -155.023809 208.790298
v 529.026211 -153.352431 206.186821
v 528.662808 -151.564227 203.583345
v 527.536366 -147.554348 202.655422
v 528.711119 -151.111200 210.893496
v 529.385833 -149.978070 208.000662
v 528.965089 -148.728170 205.107843
v 527.811556 -144.972205 203.443153
v 529.163581 -146.865722 212.188645
v 529.776100 -146.316667 209.117637
v 529.293049 -145.650841 206.046630
v 528.097753 -142.286837 215.280435
v 528.097753 -142.286837 215.280435
v 528.097753 -142.286837 203.709131
v 528.097753 -142.286837 203.709131
v 529.634159 -142.450535 212.625953
v 529.634159 -142.450535 212.625953
v 530.181945 -142.508976 209.494783
v 530.181945 -142.508976 209.494783
v 529.634159 -142.450535 206.363613
v 529.634159 -142.450535 206.363613
v 528.384005 -139.601469 203.443153
v 530.104738 -138.035404 212.188645
v 530.587789 -138.701230 209.117637
v 529.975270 -139.250228 206.046630
v 524.082484 -147.149519 163.418327
v 525.983310 -147.263171 163.863001
v 524.640090 -141.918242 162.900172
v 526.531490 -142.119880 163.353565
v 527.063078 -151.958812 166.382992
v 523.546381 -152.179709 164.952872
v 525.456237 -152.208761 165.371739
v 523.052268 -156.815568 167.444827
v 524.970420 -156.766679 167.821803
v 526.189138 -160.158662 171.892988
v 522.619164 -160.878922 170.798419
v 524.544597 -160.761743 171.119014
v 525.854067 -163.301967 175.744798
v 522.263775 -164.213663 174.884799
v 524.195134 -164.040385 175.136695
v 521.999703 -166.691566 179.546915
v 523.935520 -166.476636 179.720419
v 525.451891 -167.075964 184.907591
v 521.837049 -168.217475 184.605606
v 523.775632 -167.976866 184.694059
v 521.782079 -168.732696 189.866472
v 523.721621 -168.483452 189.866472
v 525.451891 -167.075964 194.825338
v 521.837049 -168.217475 195.127323
v 523.775632 -167.976866 195.038871
v 525.605176 -165.637646 199.593643
v 521.999703 -166.691566 200.186014
v 523.935520 -166.476636 200.012510
v 525.854067 -163.301967 203.988131
v 522.263775 -164.213663 204.848130
v 524.195134 -164.040385 204.596248
v 522.619164 -160.878922 208.934511
v 524.544597 -160.761743 208.613916
v 526.597353 -156.328566 211.001038
v 523.052268 -156.815568 212.288116
v 524.970420 -156.766679 211.911140
v 527.063078 -151.958812 213.349952
v 523.546381 -152.179709 214.780072
v 525.456181 -152.208761 214.361190
v 527.568422 -147.217358 214.796396
v 524.082484 -147.149519 216.314602
v 525.983310 -147.263171 215.869943
v 524.640090 -141.918242 216.832758
v 524.640090 -141.918242 216.832758
v 526.531490 -142.119880 216.379379
v 526.531490 -142.119880 216.379379
v 528.619577 -137.355456 214.796396
v 525.197639 -136.687020 216.314602
v 527.079671 -136.976589 215.869943
v 529.124921 -132.614002 213.349952
v 525.733742 -131.656830 214.780072
v 527.606800 -132.030943 214.361190
v 529.590646 -128.244261 211.001038
v 526.227911 -127.020972 212.288116
v 528.092617 -127.473024 211.911140
v 529.998861 -124.414165 207.839942
v 526.660959 -122.957618 208.934511
v 528.518384 -123.478017 208.613930
v 530.333932 -121.270861 203.988145
v 527.016348 -119.622877 204.848145
v 528.867847 -120.199375 204.596248
v 530.582823 -118.935182 199.593643
v 527.280420 -117.144974 200.186028
v 529.127517 -117.763067 200.012524
v 530.736108 -117.496913 194.825338
v 527.443130 -115.619065 195.127323
v 529.287462 -116.262837 195.038885
v 530.787861 -117.011210 189.866472
v 527.498044 -115.103844 189.866472
v 529.341416 -115.756308 189.866472
v 530.736108 -117.496913 184.907591
v 527.443130 -115.619065 184.605606
v 529.287462 -116.262837 184.694059
v 527.280420 -117.144974 179.546915
v 529.127517 -117.763067 179.720419
v 530.333932 -121.270847 175.744798
v 527.016348 -119.622877 174.884799
v 528.867847 -120.199375 175.136695
v 529.998861 -124.414165 171.892988
v 526.660959 -122.957618 170.798419
v 528.518384 -123.478017 171.119014
v 529.590646 -128.244247 168.731891
v 526.227911 -127.020972 167.444827
v 528.092617 -127.473024 167.821803
v 529.124921 -132.614016 166.382992
v 525.733742 -131.656830 164.952872
v 527.606800 -132.030943 165.371739
v 528.619577 -137.355456 164.936533
v 525.197639 -136.687020 163.418327
v 527.079671 -136.976589 163.863001
v 518.225537 -143.645916 177.812285
v 518.225593 -143.645916 177.812285
v 518.479732 -141.261701 177.576135
v 518.479676 -141.261644 177.576135
v 517.981217 -145.938477 178.511677
v 517.981274 -145.938477 178.511677
v 517.755974 -148.051339 179.647431
v 517.756030 -148.051339 179.647431
v 517.558611 -149.903290 181.175894
v 517.558667 -149.903290 181.175894
v 517.396634 -151.423160 183.038328
v 517.396691 -151.423160 183.038328
v 517.276252 -152.552538 185.163170
v 517.276309 -152.552538 185.163170
v 517.202093 -153.247964 187.468739
v 517.202206 -153.247964 187.468739
v 517.177148 -153.482802 189.866472
v 517.177204 -153.482802 189.866472
v 517.202093 -153.247964 192.264204
v 517.202206 -153.247964 192.264204
v 517.276252 -152.552538 194.569774
v 517.276309 -152.552538 194.569774
v 517.396634 -151.423160 196.694615
v 517.396691 -151.423160 196.694615
v 517.558611 -149.903290 198.557049
v 517.558667 -149.903290 198.557049
v 517.755974 -148.051339 200.085512
v 517.756030 -148.051339 200.085512
v 517.981217 -145.938477 201.221267
v 517.981274 -145.938477 201.221267
v 518.225537 -143.645916 201.920658
v 518.225593 -143.645916 201.920658
v 518.479676 -141.261644 202.156808
v 518.479676 -141.261644 202.156808
v 518.479732 -141.261644 202.156808
v 518.479732 -141.261644 202.156808
v 518.733872 -138.877428 201.920658
v 518.733816 -138.877428 201.920658
v 518.978191 -136.584868 201.221267
v 518.978135 -136.584868 201.221267
v 519.203435 -134.472005 200.085512
v 519.203378 -134.472005 200.085512
v 519.400798 -132.620055 198.557049
v 519.400741 -132.620055 198.557049
v 519.562774 -131.100184 196.694615
v 519.562718 -131.100184 196.694615
v 519.683156 -129.970807 194.569788
v 519.683100 -129.970807 194.569788
v 519.757259 -129.275380 192.264204
v 519.757202 -129.275380 192.264204
v 519.782261 -129.040542 189.866472
v 519.782204 -129.040542 189.866472
v 519.757259 -129.275380 187.468739
v 519.757202 -129.275380 187.468739
v 519.683156 -129.970807 185.163156
v 519.683100 -129.970807 185.163156
v 519.562774 -131.100184 183.038328
v 519.562718 -131.100184 183.038328
v 519.400798 -132.620055 181.175894
v 519.400741 -132.620055 181.175894
v 519.203435 -134.472005 179.647431
v 519.203378 -134.472005 179.647431
v 518.978191 -136.584868 178.511677
v 518.978135 -136.584868 178.511677
v 518.733872 -138.877428 177.812285
v 518.733816 -138.877428 177.812285
v 517.959432 -133.472068 201.376217
v 516.948010 -128.382365 208.790284
v 516.215842 -130.053742 206.186807
v 516.579302 -131.841890 203.583345
v 517.705744 -135.851825 202.655422
v 516.277021 -134.678003 205.107843
v 515.856220 -133.428103 208.000662
v 516.531047 -132.294973 210.893496
v 518.181684 -131.386239 199.654708
v 517.313558 -124.952864 205.959857
v 516.531104 -127.096062 203.745787
v 516.844221 -129.356086 201.531717
v 518.364148 -129.674424 197.557042
v 517.613525 -122.138367 202.510970
v 516.789815 -124.668784 200.771387
v 517.061676 -127.316028 199.031790
v 518.499768 -128.402428 195.163824
v 517.836398 -120.047007 198.576153
v 516.982042 -122.865145 197.377908
v 517.223257 -125.800109 196.179648
v 518.583239 -127.619128 192.567035
v 517.973655 -118.759152 194.306618
v 517.100392 -121.754448 193.695764
v 517.322757 -124.866571 193.084909
v 518.611402 -127.354660 189.866472
v 518.019990 -118.324299 189.866472
v 517.140407 -121.379419 189.866472
v 517.356338 -124.551366 189.866472
v 518.583183 -127.619128 187.165894
v 517.973655 -118.759152 185.426311
v 517.100392 -121.754448 186.037180
v 517.322757 -124.866571 186.648035
v 519.632757 -117.772139 180.140966
v 518.499768 -128.402428 184.569119
v 517.836398 -120.047007 181.156790
v 516.982042 -122.865145 182.355036
v 517.223257 -125.800109 183.553281
v 516.618865 -146.049462 164.940822
v 516.858105 -143.804704 176.289790
v 515.137316 -145.370769 167.544299
v 514.654321 -144.704944 170.615306
v 515.266840 -144.155945 173.686314
v 517.144301 -141.119336 176.023813
v 517.144301 -141.119336 164.452508
v 515.607951 -140.955638 173.369331
v 515.060165 -140.897197 170.238160
v 515.607951 -140.955638 167.106990
v 518.364148 -129.674424 182.175902
v 517.613525 -122.138367 177.221974
v 516.789815 -124.668784 178.961571
v 517.061676 -127.315972 180.701153
v 518.181684 -131.386239 180.078235
v 517.313501 -124.952864 173.773087
v 516.531104 -127.096062 175.987156
v 516.844221 -129.356086 178.201226
v 516.582914 -146.386847 177.077521
v 514.684854 -149.616247 168.839448
v 514.264053 -148.366347 171.732267
v 514.938880 -147.233273 174.625100
v 517.959432 -133.472068 178.356726
v 516.948010 -128.382365 170.942645
v 516.215842 -130.053742 173.546122
v 516.579302 -131.841890 176.149599
v 515.647965 -155.159090 168.735532
v 516.329226 -148.766604 178.356712
v 514.267835 -153.528912 170.942645
v 513.904431 -151.740708 173.546122
v 514.636599 -150.069330 176.149599
v 517.705744 -135.851825 177.077521
v 516.531047 -132.294973 168.839448
v 515.856220 -133.428103 171.732267
v 516.277021 -134.678003 174.625100
v 516.106974 -150.852433 180.078235
v 513.902343 -156.958356 173.773087
v 513.589170 -154.698332 175.987156
v 514.371624 -152.555190 178.201226
v 517.430553 -138.433968 176.289790
v 516.078529 -136.540451 167.544299
v 515.465953 -137.089507 170.615306
v 515.949061 -137.755332 173.686314
v 515.924510 -152.564248 182.175902
v 513.602376 -159.772853 177.221974
v 513.330459 -157.125666 178.961556
v 514.154169 -154.595248 180.701153
v 514.655901 -164.466533 180.140966
v 515.788947 -153.836244 184.569119
v 513.379447 -161.864213 181.156790
v 513.138232 -158.929249 182.355036
v 513.992644 -156.111168 183.553281
v 515.705475 -154.619544 187.165908
v 513.242190 -163.152068 185.426311
v 513.019881 -160.039945 186.037180
v 513.893144 -157.044649 186.648035
v 514.450862 -166.390159 189.866472
v 515.677256 -154.884069 189.866472
v 513.195855 -163.586921 189.866472
v 512.979924 -160.414975 189.866472
v 513.859563 -157.359855 189.866472
v 515.705475 -154.619544 192.567035
v 513.242190 -163.152068 194.306618
v 513.019881 -160.039945 193.695764
v 513.893144 -157.044649 193.084895
v 515.788947 -153.836244 195.163824
v 513.379447 -161.864213 198.576139
v 513.138232 -158.929249 197.377894
v 513.992644 -156.111168 196.179648
v 515.924510 -152.564248 197.557042
v 513.602320 -159.772853 202.510956
v 513.330459 -157.125666 200.771373
v 514.154169 -154.595248 199.031790
v 515.239807 -158.988509 207.836852
v 516.106974 -150.852433 199.654708
v 513.902343 -156.958356 205.959857
v 513.589170 -154.698332 203.745787
v 514.371624 -152.555190 201.531703
v 516.329226 -148.766604 201.376217
v 514.267835 -153.528912 208.790298
v 513.904431 -151.740708 206.186821
v 514.636599 -150.069330 203.583345
v 516.582914 -146.386847 202.655422
v 514.684910 -149.616247 210.893496
v 514.264053 -148.366347 208.000662
v 514.938880 -147.233273 205.107843
v 516.858105 -143.804704 203.443153
v 515.137316 -145.370769 212.188645
v 514.654321 -144.704944 209.117637
v 515.266840 -144.155945 206.046630
v 517.144301 -141.119336 215.280435
v 517.144301 -141.119336 215.280435
v 517.144301 -141.119336 203.709131
v 517.144301 -141.119336 203.709131
v 515.607951 -140.955638 212.625953
v 515.607951 -140.955638 212.625953
v 515.060165 -140.897197 209.494783
v 515.060165 -140.897197 209.494783
v 515.607951 -140.955638 206.363613
v 515.607951 -140.955638 206.363613
v 517.430553 -138.433968 203.443153
v 516.078529 -136.540451 212.188645
v 515.465953 -137.089507 209.117637
v 515.949061 -137.755332 206.046630
v 520.044471 -146.719153 163.418327
v 518.162383 -146.429585 163.863001
v 520.602020 -141.487932 162.900172
v 518.710563 -141.286293 163.353565
v 516.117189 -150.792157 166.382992
v 519.508312 -151.749343 164.952872
v 517.635253 -151.375231 165.371739
v 519.014255 -156.385202 167.444827
v 517.149493 -155.933092 167.821803
v 515.243193 -158.992008 171.892988
v 518.581095 -160.448555 170.798419
v 516.723670 -159.928156 171.119014
v 514.908178 -162.135312 175.744798
v 518.225762 -163.783297 174.884799
v 516.374207 -163.206798 175.136695
v 517.961633 -166.261199 179.546915
v 516.114593 -165.643050 179.720419
v 514.505946 -165.909253 184.907591
v 517.799036 -167.787108 184.605606
v 515.954704 -167.143336 184.694059
v 517.744066 -168.302329 189.866472
v 515.900693 -167.649866 189.866472
v 514.505946 -165.909253 194.825338
v 517.799036 -167.787108 195.127323
v 515.954704 -167.143336 195.038871
v 514.659287 -164.470991 199.593643
v 517.961633 -166.261199 200.186014
v 516.114593 -165.643050 200.012510
v 514.908178 -162.135312 203.988131
v 518.225762 -163.783297 204.848130
v 516.374207 -163.206798 204.596248
v 518.581151 -160.448555 208.934511
v 516.723670 -159.928156 208.613916
v 515.651464 -155.161912 211.001038
v 519.014199 -156.385202 212.288116
v 517.149493 -155.933092 211.911140
v 516.117189 -150.792157 213.349952
v 519.508312 -151.749343 214.780072
v 517.635253 -151.375231 214.361190
v 516.622533 -146.050703 214.796396
v 520.044471 -146.719153 216.314602
v 518.162383 -146.429585 215.869943
v 520.602020 -141.487875 216.832758
v 520.602020 -141.487875 216.832758
v 518.710563 -141.286293 216.379379
v 518.710563 -141.286293 216.379379
v 517.673631 -136.188830 214.796396
v 521.159569 -136.256654 216.314602
v 519.258744 -136.143002 215.869943
v 518.178975 -131.447376 213.349952
v 521.695729 -131.226464 214.780072
v 519.785873 -131.197412 214.361190
v 518.644757 -127.077607 211.001038
v 522.189842 -126.590605 212.288116
v 520.271690 -126.639494 211.911140
v 519.052971 -123.247511 207.839942
v 522.622889 -122.527251 208.934511
v 520.697457 -122.644430 208.613930
v 519.387986 -120.104207 203.988145
v 522.978278 -119.192510 204.848145
v 521.046920 -119.365788 204.596248
v 519.636877 -117.768534 199.593643
v 523.242407 -116.714608 200.186028
v 521.306590 -116.929537 200.012524
v 519.790219 -116.330217 194.825338
v 523.405061 -115.188698 195.127323
v 521.466478 -115.429307 195.038885
v 519.841972 -115.844569 189.866472
v 523.459975 -114.673477 189.866472
v 521.520489 -114.922721 189.866472
v 519.790219 -116.330217 184.907591
v 523.405061 -115.188698 184.605606
v 521.466478 -115.429307 184.694059
v 523.242407 -116.714608 179.546915
v 521.306590 -116.929537 179.720419
v 519.387986 -120.104221 175.744798
v 522.978278 -119.192510 174.884799
v 521.046920 -119.365788 175.136695
v 519.052971 -123.247511 171.892988
v 522.622889 -122.527251 170.798419
v 520.697457 -122.644430 171.119014
v 518.644757 -127.077621 168.731891
v 522.189842 -126.590605 167.444827
v 520.271690 -126.639494 167.821803
v 518.178975 -131.447361 166.382992
v 521.695729 -131.226464 164.952872
v 519.785873 -131.197412 165.371739
v 517.673631 -136.188830 164.936533
v 521.159569 -136.256654 163.418327
v 519.258744 -136.143002 163.863001
vt 0.621805 0.904788
vt 0.572453 0.261615
vt 0.574502 0.261685
vt 0.621805 0.906659
vt 0.621805 0.902916
vt 0.570423 0.261266
vt 0.621805 0.901044
vt 0.568453 0.260631
vt 0.621805 0.899172
vt 0.566580 0.259732
vt 0.621805 0.897301
vt 0.564842 0.258579
vt 0.621805 0.895429
vt 0.563272 0.257207
vt 0.621805 0.893557
vt 0.561907 0.255637
vt 0.621805 0.891685
vt 0.560779 0.253895
vt 0.621805 0.889814
vt 0.559912 0.252015
vt 0.621805 0.887942
vt 0.559330 0.250030
vt 0.621805 0.886070
vt 0.559030 0.247986
vt 0.621805 0.884198
vt 0.559028 0.245922
vt 0.621805 0.882327
vt 0.559327 0.243882
vt 0.621805 0.880455
vt 0.559926 0.241911
vt 0.621805 0.878583
vt 0.560821 0.240054
vt 0.621805 0.936607
vt 0.621805 0.876711
vt 0.584696 0.238776
vt 0.561991 0.238355
vt 0.585924 0.240243
vt 0.621805 0.934736
vt 0.586917 0.241879
vt 0.621805 0.932864
vt 0.587650 0.243648
vt 0.621805 0.930992
vt 0.588101 0.245513
vt 0.621805 0.929121
vt 0.588272 0.247436
vt 0.621805 0.927249
vt 0.588162 0.249377
vt 0.621805 0.925377
vt 0.587778 0.251294
vt 0.621805 0.923505
vt 0.587127 0.253146
vt 0.621805 0.921633
vt 0.586211 0.254896
vt 0.621805 0.919762
vt 0.585053 0.256509
vt 0.621805 0.917890
vt 0.583675 0.257951
vt 0.621805 0.916018
vt 0.582101 0.259193
vt 0.621805 0.914146
vt 0.580362 0.260207
vt 0.621805 0.912275
vt 0.578497 0.260978
vt 0.621805 0.910403
vt 0.576530 0.261471
vt 0.621805 0.908531
vt 0.575336 0.277705
vt 0.163106 0.297667
vt 0.571059 0.277682
vt 0.167403 0.297613
vt 0.566791 0.277071
vt 0.171671 0.296954
vt 0.562611 0.275845
vt 0.175819 0.295690
vt 0.558632 0.274023
vt 0.179761 0.293852
vt 0.554942 0.271643
vt 0.183406 0.291464
vt 0.551634 0.268748
vt 0.186679 0.288588
vt 0.548766 0.265427
vt 0.189538 0.285280
vt 0.191900 0.281573
vt 0.546379 0.261722
vt 0.193654 0.277577
vt 0.544604 0.257708
vt 0.194870 0.273430
vt 0.543376 0.253542
vt 0.195523 0.269141
vt 0.542719 0.249230
vt 0.542668 0.244859
vt 0.195589 0.264778
vt 0.543193 0.240519
vt 0.195069 0.260430
vt 0.544275 0.236256
vt 0.193983 0.256157
vt 0.545884 0.232111
vt 0.192358 0.252002
vt 0.596692 0.228149
vt 0.547913 0.228097
vt 0.190315 0.247982
vt 0.141586 0.248034
vt 0.598900 0.231578
vt 0.139364 0.251492
vt 0.600803 0.235184
vt 0.137463 0.255116
vt 0.602220 0.238997
vt 0.136050 0.258952
vt 0.603181 0.242942
vt 0.135111 0.262914
vt 0.603601 0.247008
vt 0.134709 0.266980
vt 0.134863 0.271073
vt 0.603459 0.251107
vt 0.135574 0.275130
vt 0.602753 0.255175
vt 0.601464 0.259123
vt 0.136851 0.279085
vt 0.599632 0.262863
vt 0.138693 0.282839
vt 0.597283 0.266325
vt 0.141056 0.286306
vt 0.594455 0.269465
vt 0.143896 0.289447
vt 0.591168 0.272129
vt 0.147189 0.292110
vt 0.587576 0.274346
vt 0.150792 0.294338
vt 0.583670 0.276059
vt 0.154725 0.296051
vt 0.579551 0.277153
vt 0.158869 0.297133
vt 0.589205 0.243140
vt 0.596027 0.240927
vt 0.593816 0.241635
vt 0.591513 0.242384
vt 0.588375 0.241140
vt 0.590543 0.240048
vt 0.592727 0.238963
vt 0.594851 0.237934
vt 0.589719 0.245245
vt 0.596778 0.244030
vt 0.594493 0.244421
vt 0.592108 0.244834
vt 0.589919 0.247406
vt 0.597096 0.247206
vt 0.594773 0.247274
vt 0.592346 0.247344
vt 0.589805 0.249582
vt 0.596964 0.250402
vt 0.594649 0.250144
vt 0.592222 0.249865
vt 0.589385 0.251732
vt 0.596380 0.253557
vt 0.594115 0.252976
vt 0.591762 0.252358
vt 0.588661 0.253811
vt 0.595365 0.256615
vt 0.593192 0.255714
vt 0.590929 0.254770
vt 0.587645 0.255774
vt 0.593916 0.259511
vt 0.591883 0.258307
vt 0.589765 0.257049
vt 0.593805 0.263575
vt 0.586357 0.257584
vt 0.592072 0.262189
vt 0.590213 0.260699
vt 0.588286 0.259151
vt 0.571413 0.273163
vt 0.572280 0.263348
vt 0.571607 0.270880
vt 0.571814 0.268447
vt 0.572036 0.265905
vt 0.574569 0.263419
vt 0.575073 0.273198
vt 0.574686 0.265970
vt 0.574818 0.268506
vt 0.574949 0.270932
vt 0.584820 0.259204
vt 0.589848 0.264582
vt 0.588227 0.262854
vt 0.586520 0.261037
vt 0.583064 0.260599
vt 0.587310 0.266659
vt 0.585934 0.264706
vt 0.584497 0.262661
vt 0.570009 0.262972
vt 0.568287 0.270358
vt 0.568835 0.267969
vt 0.569411 0.265471
vt 0.581123 0.261738
vt 0.584494 0.268362
vt 0.583398 0.266227
vt 0.582256 0.263994
vt 0.564235 0.271528
vt 0.567804 0.262266
vt 0.565056 0.269377
vt 0.565939 0.267075
vt 0.566865 0.264672
vt 0.579038 0.262611
vt 0.581454 0.269659
vt 0.580665 0.267383
vt 0.579842 0.265003
vt 0.565711 0.261264
vt 0.561979 0.267947
vt 0.563186 0.265778
vt 0.564450 0.263519
vt 0.576836 0.263171
vt 0.578250 0.270521
vt 0.577786 0.268148
vt 0.577305 0.265666
vt 0.563774 0.259984
vt 0.559130 0.266085
vt 0.560629 0.264112
vt 0.562199 0.262056
vt 0.554923 0.265479
vt 0.562020 0.258455
vt 0.556568 0.263844
vt 0.558329 0.262101
vt 0.560170 0.260285
vt 0.560494 0.256696
vt 0.554346 0.261264
vt 0.556338 0.259787
vt 0.558403 0.258248
vt 0.550476 0.259502
vt 0.559235 0.254742
vt 0.552511 0.258396
vt 0.554686 0.257217
vt 0.556962 0.255976
vt 0.558262 0.252633
vt 0.551100 0.255299
vt 0.553422 0.254439
vt 0.555834 0.253538
vt 0.557617 0.250405
vt 0.550136 0.252039
vt 0.552553 0.251512
vt 0.555086 0.250956
vt 0.557278 0.248113
vt 0.549641 0.248671
vt 0.552114 0.248487
vt 0.554684 0.248295
vt 0.547293 0.245119
vt 0.557277 0.245794
vt 0.549615 0.245260
vt 0.552098 0.245426
vt 0.554688 0.245598
vt 0.557614 0.243497
vt 0.550068 0.241856
vt 0.552518 0.242372
vt 0.555081 0.242925
vt 0.558287 0.241271
vt 0.551014 0.238509
vt 0.553387 0.239381
vt 0.555848 0.240316
vt 0.559298 0.239169
vt 0.552433 0.235257
vt 0.554718 0.236510
vt 0.557035 0.237843
vt 0.592943 0.230785
vt 0.552296 0.230579
vt 0.585865 0.237640
vt 0.560621 0.237253
vt 0.591138 0.232387
vt 0.554414 0.232129
vt 0.589351 0.234132
vt 0.556525 0.233832
vt 0.587588 0.235920
vt 0.558600 0.235580
vt 0.587251 0.239293
vt 0.593228 0.235077
vt 0.591251 0.236436
vt 0.589229 0.237872
vt 0.571178 0.276071
vt 0.571293 0.274593
vt 0.575236 0.276105
vt 0.575154 0.274623
vt 0.567773 0.272615
vt 0.567137 0.275480
vt 0.567458 0.274014
vt 0.563184 0.274309
vt 0.563721 0.272884
vt 0.560849 0.269989
vt 0.559422 0.272579
vt 0.560149 0.271257
vt 0.557729 0.267943
vt 0.555934 0.270325
vt 0.556858 0.269103
vt 0.552803 0.267583
vt 0.553887 0.266511
vt 0.552468 0.262664
vt 0.550089 0.264437
vt 0.551302 0.263533
vt 0.547849 0.260927
vt 0.549195 0.260198
vt 0.548909 0.256117
vt 0.546127 0.257148
vt 0.547552 0.256624
vt 0.547860 0.252544
vt 0.544973 0.253186
vt 0.546443 0.252861
vt 0.547321 0.248855
vt 0.544355 0.249095
vt 0.545877 0.248974
vt 0.544311 0.244946
vt 0.545831 0.245036
vt 0.547752 0.241386
vt 0.544816 0.240822
vt 0.546309 0.241106
vt 0.548744 0.237722
vt 0.545862 0.236765
vt 0.547335 0.237243
vt 0.550245 0.234136
vt 0.547429 0.232802
vt 0.548868 0.233474
vt 0.595375 0.228997
vt 0.549456 0.228889
vt 0.594123 0.229861
vt 0.550914 0.229698
vt 0.595139 0.233842
vt 0.597572 0.232360
vt 0.596335 0.233107
vt 0.596847 0.236990
vt 0.599388 0.235820
vt 0.598092 0.236413
vt 0.598111 0.240273
vt 0.600772 0.239441
vt 0.599413 0.239865
vt 0.598925 0.243670
vt 0.601672 0.243203
vt 0.600263 0.243442
vt 0.599282 0.247146
vt 0.602063 0.247062
vt 0.600642 0.247103
vt 0.599144 0.250647
vt 0.601920 0.250947
vt 0.600507 0.250796
vt 0.598518 0.254104
vt 0.601244 0.254800
vt 0.599843 0.254446
vt 0.597405 0.257457
vt 0.600015 0.258536
vt 0.598680 0.257985
vt 0.595836 0.260643
vt 0.598275 0.262076
vt 0.597028 0.261342
vt 0.596039 0.265349
vt 0.594902 0.264449
vt 0.591382 0.266214
vt 0.593348 0.268300
vt 0.592336 0.267231
vt 0.588605 0.268499
vt 0.590259 0.270848
vt 0.589412 0.269647
vt 0.585523 0.270372
vt 0.586836 0.272934
vt 0.586164 0.271624
vt 0.582193 0.271802
vt 0.583135 0.274529
vt 0.582653 0.273135
vt 0.578688 0.272762
vt 0.579244 0.275601
vt 0.578962 0.274148
vt 0.628276 0.904788
vt 0.165931 0.281544
vt 0.163881 0.281613
vt 0.628276 0.906659
vt 0.628276 0.902916
vt 0.167958 0.281199
vt 0.628276 0.901044
vt 0.169920 0.280567
vt 0.628276 0.899172
vt 0.171781 0.279668
vt 0.628276 0.897301
vt 0.173504 0.278513
vt 0.628276 0.895429
vt 0.175057 0.277136
vt 0.628276 0.893557
vt 0.176410 0.275564
vt 0.628276 0.891685
vt 0.177525 0.273821
vt 0.628276 0.889814
vt 0.178384 0.271943
vt 0.628276 0.887942
vt 0.178957 0.269962
vt 0.628276 0.886070
vt 0.179249 0.267921
vt 0.628276 0.884198
vt 0.179242 0.265861
vt 0.628276 0.882327
vt 0.178934 0.263823
vt 0.628276 0.880455
vt 0.178326 0.261854
vt 0.628276 0.878583
vt 0.177423 0.259999
vt 0.628276 0.936607
vt 0.628276 0.876711
vt 0.176248 0.258304
vt 0.153609 0.258680
vt 0.152385 0.260150
vt 0.628276 0.934736
vt 0.151397 0.261792
vt 0.628276 0.932864
vt 0.150668 0.263566
vt 0.628276 0.930992
vt 0.150222 0.265436
vt 0.628276 0.929121
vt 0.150055 0.267365
vt 0.628276 0.927249
vt 0.150167 0.269310
vt 0.628276 0.925377
vt 0.150554 0.271228
vt 0.628276 0.923505
vt 0.151210 0.273081
vt 0.628276 0.921633
vt 0.152131 0.274832
vt 0.628276 0.919762
vt 0.153295 0.276446
vt 0.628276 0.917890
vt 0.154679 0.277889
vt 0.628276 0.916018
vt 0.156258 0.279131
vt 0.628276 0.914146
vt 0.158001 0.280145
vt 0.628276 0.912275
vt 0.159876 0.280907
vt 0.628276 0.910403
vt 0.161849 0.281399
vt 0.628276 0.908531
vt 0.149109 0.263061
vt 0.142269 0.260860
vt 0.144493 0.261569
vt 0.146797 0.262311
vt 0.149934 0.261056
vt 0.147760 0.259968
vt 0.145565 0.258885
vt 0.143446 0.257859
vt 0.148599 0.265171
vt 0.141524 0.263971
vt 0.143817 0.264358
vt 0.146207 0.264766
vt 0.148405 0.267337
vt 0.141215 0.267152
vt 0.143544 0.267214
vt 0.145974 0.267279
vt 0.148522 0.269517
vt 0.141349 0.270352
vt 0.143677 0.270086
vt 0.146103 0.269803
vt 0.148946 0.271669
vt 0.141944 0.273510
vt 0.144203 0.272922
vt 0.146565 0.272300
vt 0.149674 0.273750
vt 0.142967 0.276568
vt 0.145138 0.275664
vt 0.147403 0.274715
vt 0.150696 0.275714
vt 0.144421 0.279470
vt 0.146454 0.278261
vt 0.148575 0.276996
vt 0.144537 0.283544
vt 0.151990 0.277525
vt 0.146272 0.282152
vt 0.148132 0.280654
vt 0.150061 0.279099
vt 0.167009 0.293083
vt 0.166102 0.283275
vt 0.166803 0.290802
vt 0.166586 0.288373
vt 0.166348 0.285824
vt 0.163814 0.283348
vt 0.163343 0.293141
vt 0.163701 0.285899
vt 0.163579 0.288441
vt 0.163457 0.290871
vt 0.153533 0.279146
vt 0.148505 0.284547
vt 0.150127 0.282811
vt 0.151834 0.280984
vt 0.155294 0.280541
vt 0.151053 0.286625
vt 0.152428 0.284666
vt 0.153865 0.282602
vt 0.168371 0.282901
vt 0.170118 0.290265
vt 0.169561 0.287879
vt 0.168972 0.285401
vt 0.157240 0.281684
vt 0.153881 0.288324
vt 0.154976 0.286180
vt 0.156103 0.283945
vt 0.174167 0.291412
vt 0.170569 0.282194
vt 0.173335 0.289270
vt 0.172444 0.286979
vt 0.171511 0.284591
vt 0.159338 0.282543
vt 0.156932 0.289618
vt 0.157715 0.287333
vt 0.158530 0.284947
vt 0.172652 0.281191
vt 0.176391 0.287829
vt 0.175180 0.285676
vt 0.173915 0.283433
vt 0.161543 0.283102
vt 0.160147 0.290472
vt 0.160603 0.288092
vt 0.161078 0.285604
vt 0.174580 0.279907
vt 0.179219 0.285965
vt 0.177715 0.284006
vt 0.176154 0.281969
vt 0.183405 0.285348
vt 0.176311 0.278368
vt 0.181760 0.283725
vt 0.179999 0.281998
vt 0.178156 0.280183
vt 0.177821 0.276613
vt 0.183961 0.281144
vt 0.181974 0.279680
vt 0.179910 0.278152
vt 0.187815 0.279380
vt 0.179067 0.274660
vt 0.185783 0.278282
vt 0.183612 0.277114
vt 0.181339 0.275883
vt 0.180031 0.272553
vt 0.187180 0.275193
vt 0.184864 0.274340
vt 0.182456 0.273449
vt 0.180668 0.270329
vt 0.188135 0.271940
vt 0.185723 0.271420
vt 0.183195 0.270872
vt 0.180998 0.268041
vt 0.188623 0.268580
vt 0.186156 0.268401
vt 0.183589 0.268214
vt 0.190959 0.265031
vt 0.180991 0.265725
vt 0.188640 0.265174
vt 0.186170 0.265341
vt 0.183577 0.265520
vt 0.180644 0.263431
vt 0.188190 0.261771
vt 0.185729 0.262289
vt 0.183174 0.262850
vt 0.179962 0.261207
vt 0.187234 0.258421
vt 0.184857 0.259300
vt 0.182399 0.260243
vt 0.178944 0.259108
vt 0.185802 0.255169
vt 0.183518 0.256431
vt 0.181203 0.257772
vt 0.185927 0.250481
vt 0.145350 0.250692
vt 0.177611 0.257198
vt 0.152439 0.257548
vt 0.183809 0.252041
vt 0.147156 0.252298
vt 0.181699 0.253755
vt 0.148944 0.254043
vt 0.179626 0.255513
vt 0.150711 0.255829
vt 0.151055 0.259204
vt 0.145064 0.254992
vt 0.147044 0.256352
vt 0.149071 0.257786
vt 0.167270 0.295999
vt 0.167137 0.294510
vt 0.163196 0.296059
vt 0.163270 0.294571
vt 0.170644 0.292516
vt 0.171310 0.295370
vt 0.170968 0.293910
vt 0.175236 0.294166
vt 0.174689 0.292762
vt 0.177526 0.289853
vt 0.178967 0.292423
vt 0.178227 0.291110
vt 0.180623 0.287809
vt 0.182416 0.290160
vt 0.181495 0.288961
vt 0.185514 0.287432
vt 0.184443 0.286372
vt 0.185832 0.282530
vt 0.188218 0.284297
vt 0.186991 0.283388
vt 0.190432 0.280786
vt 0.189095 0.280072
vt 0.189366 0.276003
vt 0.192137 0.277022
vt 0.190719 0.276504
vt 0.190405 0.272440
vt 0.193280 0.273076
vt 0.191817 0.272755
vt 0.190941 0.268762
vt 0.193892 0.269005
vt 0.192384 0.268879
vt 0.193947 0.264863
vt 0.192418 0.264947
vt 0.190503 0.261298
vt 0.193442 0.260733
vt 0.191946 0.261018
vt 0.189507 0.257626
vt 0.192393 0.256670
vt 0.190919 0.257152
vt 0.187990 0.254041
vt 0.190811 0.252699
vt 0.189369 0.253376
vt 0.188769 0.248779
vt 0.142914 0.248888
vt 0.187310 0.249595
vt 0.144169 0.249765
vt 0.143146 0.253755
vt 0.140700 0.252277
vt 0.141945 0.253017
vt 0.141440 0.256917
vt 0.138886 0.255751
vt 0.140189 0.256342
vt 0.140185 0.260212
vt 0.137505 0.259391
vt 0.138879 0.259810
vt 0.139369 0.263615
vt 0.136623 0.263168
vt 0.138026 0.263396
vt 0.139029 0.267097
vt 0.136246 0.267028
vt 0.137668 0.267064
vt 0.139169 0.270602
vt 0.136399 0.270911
vt 0.137809 0.270757
vt 0.139807 0.274063
vt 0.137083 0.274755
vt 0.138477 0.274408
vt 0.140923 0.277419
vt 0.138303 0.278498
vt 0.139650 0.277947
vt 0.142497 0.280608
vt 0.140054 0.282048
vt 0.141303 0.281310
vt 0.142301 0.285325
vt 0.143439 0.284421
vt 0.146970 0.286186
vt 0.145003 0.288277
vt 0.146015 0.287206
vt 0.149756 0.288475
vt 0.148100 0.290824
vt 0.148947 0.289629
vt 0.152854 0.290340
vt 0.151533 0.292919
vt 0.152215 0.291597
vt 0.156197 0.291769
vt 0.155258 0.294511
vt 0.155738 0.293109
vt 0.159716 0.292720
vt 0.159170 0.295573
vt 0.159447 0.294113
vn 0.112695 -0.011705 -0.993561
vn -0.020676 -0.193992 -0.980785
vn -0.000000 -0.000000 -1.000000
vn 0.713480 -0.441595 -0.544004
vn 0.782342 -0.480653 -0.396124
vn 0.789174 -0.398273 -0.467528
vn 0.802181 -0.301773 -0.515208
vn 0.725468 -0.329118 -0.604465
vn 0.702797 -0.541808 -0.460999
vn 0.775866 -0.548670 -0.311437
vn 0.688033 -0.680328 -0.252516
vn 0.694350 -0.621090 -0.363492
vn 0.683996 -0.718233 -0.127641
vn 0.769521 -0.600927 -0.216158
vn 0.765804 -0.643072 -0.001525
vn 0.765221 -0.634157 -0.110820
vn 0.683946 -0.718680 0.125370
vn 0.682663 -0.730733 0.000000
vn 0.687846 -0.682090 0.248238
vn 0.766009 -0.633872 0.106938
vn 0.778310 0.166690 0.605349
vn 0.836758 0.019549 0.547223
vn 0.765289 0.044514 0.642146
vn 0.694211 -0.622368 0.361565
vn 0.769338 -0.602636 0.212011
vn 0.702797 -0.541808 0.460999
vn 0.774776 -0.551616 0.308937
vn 0.823968 -0.090078 0.559430
vn 0.751757 -0.082452 0.654266
vn 0.713480 -0.441595 0.544003
vn 0.782114 -0.482773 0.393990
vn 0.790528 0.281294 0.544004
vn 0.845730 0.125117 0.518736
vn 0.801112 -0.300902 0.517376
vn 0.791653 -0.396646 0.464713
vn 0.866697 0.303546 0.395848
vn 0.856331 0.220671 0.466906
vn 0.738234 -0.209330 0.641243
vn 0.725468 -0.329118 0.604464
vn 0.809520 0.459509 0.365416
vn 0.801035 0.379881 0.462638
vn 0.088121 0.826787 -0.555570
vn 0.187143 0.686803 -0.702338
vn 0.074941 0.703124 -0.707107
vn 0.816066 0.520910 0.250377
vn 0.874411 0.372826 0.310493
vn 0.882403 0.458181 0.106938
vn 0.878403 0.427763 0.213135
vn 0.820058 0.558379 0.125370
vn 0.883496 0.468434 -0.002245
vn 0.821342 0.570431 -0.002316
vn 0.882034 0.458345 -0.109251
vn 0.816066 0.520910 -0.250378
vn 0.820012 0.557932 -0.127641
vn 0.873371 0.373444 -0.312669
vn 0.879286 0.425569 -0.213884
vn 0.809520 0.459509 -0.365416
vn 0.865962 0.303925 -0.397164
vn 0.800860 0.378252 -0.464273
vn 0.856948 0.219351 -0.466396
vn 0.790321 0.279379 -0.545289
vn 0.846676 0.122971 -0.517705
vn 0.778311 0.166689 -0.605349
vn 0.835540 0.018490 -0.549119
vn 0.765289 0.044513 -0.642146
vn 0.828410 -0.032910 -0.559154
vn 0.738476 -0.207073 -0.641696
vn 0.816737 -0.142434 -0.559154
vn 0.743632 -0.143929 -0.652914
vn 0.186745 0.686659 0.702585
vn 0.088121 0.826787 0.555570
vn 0.074941 0.703124 0.707107
vn 0.133237 0.181032 0.974410
vn 0.040558 0.380528 0.923880
vn 0.020676 0.193992 0.980785
vn 0.122823 0.084848 0.988795
vn 0.010388 0.097465 0.995185
vn 0.091740 -0.204718 0.974512
vn -0.010388 -0.097465 0.995185
vn -0.020676 -0.193991 0.980785
vn 0.072396 -0.389806 0.918047
vn -0.040558 -0.380528 0.923880
vn 0.054540 -0.560908 0.826080
vn -0.058881 -0.552442 0.831469
vn 0.038181 -0.710819 0.702338
vn -0.074941 -0.703124 0.707107
vn 0.024727 -0.833466 0.552017
vn -0.088121 -0.826787 0.555570
vn 0.015760 -0.924769 0.380203
vn -0.097915 -0.918676 0.382684
vn 0.009380 -0.981049 0.193535
vn -0.103946 -0.975262 0.195090
vn -0.105982 -0.994368 0.000000
vn 0.009767 -0.980987 -0.193825
vn -0.103946 -0.975262 -0.195090
vn 0.015390 -0.924652 -0.380501
vn -0.097915 -0.918676 -0.382684
vn 0.024727 -0.833466 -0.552017
vn -0.088121 -0.826787 -0.555570
vn 0.038585 -0.710615 -0.702523
vn -0.074941 -0.703124 -0.707107
vn 0.040558 0.380528 -0.923880
vn 0.133237 0.181032 -0.974410
vn 0.020676 0.193992 -0.980785
vn 0.053780 -0.560875 -0.826152
vn -0.058880 -0.552441 -0.831470
vn 0.171191 0.537128 -0.825946
vn 0.058881 0.552441 -0.831470
vn 0.072337 -0.390366 -0.917814
vn -0.040558 -0.380528 -0.923880
vn 0.812406 -0.198559 0.548243
vn 0.092497 -0.204782 -0.974427
vn 0.210319 0.900673 -0.380203
vn 0.097915 0.918676 -0.382684
vn 0.215945 0.957033 -0.193535
vn 0.103946 0.975262 -0.195090
vn 0.217963 0.975957 0.000305
vn 0.105982 0.994368 -0.000000
vn 0.215564 0.957057 0.193842
vn 0.103946 0.975262 0.195090
vn 0.210320 0.900673 0.380203
vn 0.097915 0.918676 0.382683
vn 0.200198 0.809287 0.552246
vn 0.813005 -0.196307 -0.548166
vn 0.171191 0.537128 0.825946
vn 0.058881 0.552441 0.831470
vn 0.781709 0.168492 0.600451
vn 0.935138 -0.029308 0.353070
vn 0.944511 0.036387 0.326458
vn 0.994998 -0.097687 0.020904
vn 0.934573 -0.162881 -0.316297
vn 0.927663 -0.224606 -0.298319
vn 0.759322 -0.016570 0.650504
vn 0.769669 0.045403 0.636826
vn 0.932007 -0.064000 0.356745
vn 0.994521 -0.103489 0.014778
vn 0.994392 -0.104185 0.018167
vn 0.936689 -0.131961 -0.324344
vn 0.745757 -0.143845 0.650504
vn 0.922872 -0.166842 0.347089
vn 0.924559 -0.133877 0.356745
vn 0.993798 -0.109635 0.018566
vn 0.994013 -0.107743 0.018166
vn 0.948814 -0.039291 -0.313381
vn 0.943461 -0.068430 -0.324344
vn 0.740594 -0.205934 0.639618
vn 0.911672 -0.237001 0.335686
vn 0.993467 -0.112878 0.016784
vn 0.715509 -0.441298 0.541575
vn 0.732338 -0.326886 0.597349
vn 0.993413 -0.113886 0.012699
vn 0.961028 0.075305 -0.265996
vn 0.952637 0.023798 -0.303176
vn 0.705236 -0.538697 0.460921
vn 0.907788 -0.296714 0.296450
vn 0.992863 -0.118476 0.013671
vn 0.897479 -0.393428 0.199364
vn 0.903661 -0.347521 0.250252
vn 0.992184 -0.124131 0.012757
vn 0.965127 0.126890 -0.228975
vn 0.697870 -0.617586 0.362719
vn 0.893935 -0.426476 0.137839
vn 0.992807 -0.119567 0.006136
vn 0.972817 0.195948 -0.123413
vn 0.968263 0.170400 -0.182842
vn 0.691535 -0.677557 0.250390
vn 0.890316 -0.449840 0.070578
vn 0.991814 -0.127602 0.004791
vn 0.974286 0.216235 -0.063309
vn 0.685002 -0.728541 -0.000000
vn 0.688747 -0.713842 0.126719
vn 0.992669 -0.120867 0.000436
vn 0.976144 0.217124 -0.000831
vn 0.890330 -0.449918 -0.069902
vn 0.892661 -0.450729 0.000325
vn 0.991795 -0.127777 -0.003904
vn 0.690261 -0.679202 -0.249449
vn 0.688685 -0.713907 -0.126687
vn 0.992374 -0.123064 -0.006995
vn 0.972639 0.197379 0.122537
vn 0.973520 0.219726 0.063086
vn 0.897330 -0.394824 -0.197263
vn 0.895500 -0.424089 -0.135010
vn 0.992554 -0.121379 -0.010216
vn 0.968646 0.170133 0.181052
vn 0.754035 -0.080386 -0.651897
vn 0.935203 -0.028699 -0.352948
vn 0.930169 -0.098813 -0.353584
vn 0.994209 -0.105846 -0.018565
vn 0.994593 -0.102247 -0.018185
vn 0.940770 -0.101624 0.323456
vn 0.934085 -0.164346 0.316978
vn 0.697693 -0.619244 -0.360223
vn 0.902223 -0.349850 -0.252187
vn 0.992771 -0.119273 -0.013385
vn 0.966168 0.123529 0.226406
vn 0.781709 0.168492 -0.600451
vn 0.769670 0.045403 -0.636826
vn 0.943446 0.038065 -0.329333
vn 0.994961 -0.098790 -0.017106
vn 0.928982 -0.222704 0.295626
vn 0.715705 -0.440476 -0.541985
vn 0.707576 -0.537180 -0.459100
vn 0.909344 -0.294202 -0.294176
vn 0.993114 -0.116122 -0.015502
vn 0.959840 0.077292 0.269692
vn 0.793614 0.280190 -0.540065
vn 0.949975 0.099319 -0.296114
vn 0.995300 -0.095610 -0.015370
vn 0.913179 -0.235539 -0.332605
vn 0.993455 -0.112919 -0.017197
vn 0.954955 0.020980 0.296009
vn 0.804042 0.378028 -0.458924
vn 0.955691 0.152952 -0.251515
vn 0.995597 -0.092827 -0.013044
vn 0.920563 -0.281002 0.271297
vn 0.916572 -0.328661 0.227765
vn 0.741925 -0.205161 -0.638323
vn 0.729848 -0.327702 -0.599945
vn 0.921725 -0.166923 -0.350085
vn 0.993825 -0.109450 -0.018231
vn 0.812539 0.458280 -0.360223
vn 0.959382 0.199579 -0.199385
vn 0.995516 -0.094228 -0.008293
vn 0.912331 -0.368458 0.178583
vn 0.817910 0.518458 -0.249448
vn 0.996306 -0.085410 -0.008902
vn 0.909187 -0.397949 0.122537
vn 0.946539 -0.037282 0.320428
vn 0.965144 0.252223 -0.069862
vn 0.965655 0.222568 -0.134063
vn 0.996129 -0.087835 -0.003505
vn 0.907263 -0.416000 0.061782
vn 0.822065 0.569393 0.000581
vn 0.823734 0.552655 -0.126630
vn 0.967520 0.252793 0.000325
vn 0.996164 -0.087504 0.000119
vn 0.906632 -0.421919 -0.001347
vn 0.965114 0.252149 0.070537
vn 0.996428 -0.084310 0.004792
vn 0.905375 -0.419638 -0.064812
vn 0.819852 0.515428 0.249353
vn 0.824758 0.551052 0.126950
vn 0.963741 0.228480 0.137839
vn 0.911062 -0.393500 -0.122980
vn 0.811423 0.458078 0.362984
vn 0.960221 0.195448 0.199440
vn 0.995706 -0.092373 0.006136
vn 0.995826 -0.090680 0.010413
vn 0.912489 -0.366970 -0.180822
vn 0.804903 0.375172 0.459758
vn 0.955494 0.151101 0.253377
vn 0.995579 -0.092994 0.013211
vn 0.916774 -0.326767 -0.229670
vn 0.791344 0.281158 0.542886
vn 0.949770 0.098397 0.297078
vn 0.995274 -0.095929 0.015105
vn 0.921448 -0.279519 -0.269820
vn 0.379528 -0.219532 -0.898757
vn 0.397600 -0.042099 -0.916593
vn 0.362665 -0.391333 -0.845774
vn 0.344119 -0.548669 -0.761935
vn 0.330633 -0.686509 -0.647601
vn 0.318284 -0.800172 -0.508351
vn 0.307768 -0.884316 -0.351089
vn 0.304068 -0.935745 -0.178673
vn 0.006980 -0.999976 0.000000
vn 0.300957 -0.953638 0.000000
vn 0.304653 -0.935626 0.178297
vn 0.308192 -0.884090 0.351287
vn 0.318357 -0.799477 0.509397
vn 0.328787 -0.687104 0.647910
vn 0.345341 -0.548506 0.761499
vn 0.359927 -0.390882 0.847151
vn 0.381476 -0.220245 0.897757
vn 0.385813 -0.131464 0.913162
vn 0.102180 -0.108830 0.988795
vn 0.404854 0.047193 0.913162
vn 0.418797 0.135329 0.897939
vn 0.152989 0.366350 0.917814
vn 0.435718 0.307056 0.846089
vn 0.452496 0.464474 0.761257
vn 0.466334 0.602073 0.648106
vn 0.480496 0.714204 0.508956
vn 0.486306 0.800216 0.350942
vn 0.494230 0.850638 0.179310
vn 0.495567 0.868569 0.000963
vn 0.495011 0.850397 -0.178297
vn 0.486714 0.800000 -0.350871
vn 0.199842 0.809531 -0.552017
vn 0.479787 0.715112 -0.508351
vn 0.467198 0.602410 -0.647170
vn 0.452496 0.464473 -0.761257
vn 0.435719 0.307056 -0.846089
vn 0.152989 0.366350 -0.917814
vn 0.418798 0.135329 -0.897939
vn 0.000000 0.000001 1.000000
vn 0.020676 0.193991 0.980785
vn 0.000000 0.000000 1.000000
vn 0.020676 0.193992 0.980785
vn 0.040558 0.380528 0.923880
vn 0.040558 0.380528 0.923880
vn 0.058881 0.552441 0.831470
vn 0.058881 0.552441 0.831470
vn 0.074941 0.703124 0.707107
vn 0.088121 0.826787 0.555570
vn 0.088121 0.826787 0.555570
vn 0.097915 0.918676 0.382684
vn 0.097915 0.918676 0.382684
vn 0.103946 0.975262 0.195090
vn 0.103946 0.975262 0.195090
vn 0.105982 0.994368 -0.000000
vn 0.105982 0.994368 -0.000000
vn 0.103946 0.975262 -0.195090
vn 0.103946 0.975262 -0.195090
vn 0.097915 0.918676 -0.382684
vn 0.097915 0.918676 -0.382684
vn 0.088121 0.826787 -0.555570
vn 0.088121 0.826787 -0.555570
vn 0.074941 0.703125 -0.707107
vn 0.058880 0.552441 -0.831470
vn 0.058881 0.552442 -0.831469
vn 0.040558 0.380529 -0.923879
vn 0.040558 0.380528 -0.923880
vn 0.020676 0.193991 -0.980785
vn 0.020676 0.193992 -0.980785
vn 0.010388 0.097465 -0.995185
vn -0.010388 -0.097465 -0.995185
vn -0.020676 -0.193991 -0.980785
vn -0.010388 -0.097465 -0.995185
vn -0.020676 -0.193992 -0.980785
vn -0.040558 -0.380528 -0.923880
vn -0.040558 -0.380528 -0.923880
vn -0.058880 -0.552441 -0.831470
vn -0.058881 -0.552441 -0.831470
vn -0.074941 -0.703124 -0.707107
vn -0.074941 -0.703125 -0.707106
vn -0.088121 -0.826787 -0.555570
vn -0.088121 -0.826787 -0.555571
vn -0.097915 -0.918676 -0.382684
vn -0.097915 -0.918676 -0.382684
vn -0.103946 -0.975262 -0.195090
vn -0.105982 -0.994368 0.000000
vn -0.105982 -0.994368 0.000000
vn -0.103946 -0.975262 0.195090
vn -0.103946 -0.975262 0.195090
vn -0.097915 -0.918676 0.382683
vn -0.097915 -0.918676 0.382683
vn -0.088121 -0.826787 0.555570
vn -0.088121 -0.826787 0.555570
vn -0.074941 -0.703124 0.707107
vn -0.058881 -0.552441 0.831470
vn -0.058881 -0.552442 0.831469
vn -0.040558 -0.380529 0.923879
vn -0.040558 -0.380528 0.923880
vn -0.020676 -0.193991 0.980785
vn -0.020676 -0.193992 0.980785
vn -0.020676 -0.193992 -0.980785
vn -0.112630 0.012311 -0.993561
vn -0.000000 -0.000000 -1.000000
vn -0.790527 -0.281294 -0.544004
vn -0.866697 -0.303546 -0.395848
vn -0.801035 -0.379881 -0.462637
vn -0.847765 -0.125918 -0.515208
vn -0.778539 -0.168817 -0.604465
vn -0.809520 -0.459509 -0.365416
vn -0.873372 -0.373444 -0.312669
vn -0.815970 -0.520027 -0.252516
vn -0.878891 -0.425236 -0.216158
vn -0.820012 -0.557932 -0.127641
vn -0.884142 -0.467216 -0.001525
vn -0.821344 -0.570432 0.000000
vn -0.820058 -0.558379 0.125370
vn -0.882403 -0.458181 0.106938
vn -0.816158 -0.521790 0.248238
vn -0.813841 0.195474 0.547223
vn -0.725693 0.326990 0.605349
vn -0.738715 0.204814 0.642146
vn -0.879074 -0.426944 0.212011
vn -0.809793 -0.462067 0.361565
vn -0.873636 -0.375924 0.308937
vn -0.801206 -0.381508 0.460999
vn -0.824444 0.085614 0.559430
vn -0.752247 0.077848 0.654266
vn -0.866298 -0.307081 0.393990
vn -0.790730 -0.283208 0.542716
vn -0.800360 0.300562 0.518736
vn -0.713480 0.441595 0.544004
vn -0.857343 -0.223062 0.463902
vn -0.778764 -0.170944 0.603576
vn -0.783249 0.479401 0.395848
vn -0.702972 0.540182 0.462638
vn -0.847115 -0.127095 0.515987
vn -0.765770 -0.049030 0.641243
vn -0.694349 0.621090 0.363492
vn 0.088121 0.826787 -0.555570
vn -0.038584 0.710614 -0.702523
vn -0.024727 0.833466 -0.552017
vn -0.770653 0.600674 0.212801
vn -0.687846 0.682090 0.248238
vn -0.766910 0.632701 0.107421
vn -0.683995 0.718232 0.127641
vn -0.682663 0.730733 -0.000000
vn -0.765614 0.633956 -0.109251
vn -0.683995 0.718233 -0.127641
vn -0.687941 0.681211 -0.250378
vn -0.775041 0.549136 -0.312669
vn -0.694484 0.619809 -0.365416
vn -0.782450 0.479617 -0.397164
vn -0.703144 0.538553 -0.464273
vn -0.791464 0.395043 -0.466396
vn -0.713682 0.439679 -0.545289
vn -0.801737 0.298663 -0.517705
vn -0.725693 0.326990 -0.605349
vn -0.813589 0.194743 -0.547858
vn -0.738476 0.207072 -0.641696
vn -0.743632 0.143928 -0.652913
vn -0.757262 0.016040 -0.652914
vn -0.836907 -0.020944 -0.546945
vn -0.765770 -0.049030 -0.641243
vn 0.088121 0.826787 0.555570
vn -0.038227 0.710390 0.702769
vn 0.074941 0.703124 0.707107
vn 0.040558 0.380528 0.923880
vn -0.092497 0.204782 0.974427
vn 0.020676 0.193992 0.980785
vn -0.101428 0.108758 0.988880
vn 0.010388 0.097465 0.995185
vn -0.010388 -0.097465 0.995185
vn -0.132827 -0.180783 0.974512
vn -0.020676 -0.193991 0.980785
vn -0.152929 -0.365790 0.918047
vn -0.040558 -0.380528 0.923880
vn -0.171538 -0.536812 0.826079
vn -0.058881 -0.552442 0.831469
vn -0.186745 -0.686660 0.702584
vn -0.074941 -0.703124 0.707107
vn -0.200198 -0.809286 0.552246
vn -0.088121 -0.826787 0.555570
vn -0.210320 -0.900673 0.380203
vn -0.097915 -0.918676 0.382684
vn -0.215945 -0.957033 0.193535
vn -0.103946 -0.975262 0.195090
vn -0.105982 -0.994368 0.000000
vn -0.217962 -0.975957 -0.000305
vn -0.215564 -0.957057 -0.193842
vn -0.103946 -0.975262 -0.195090
vn -0.210318 -0.900673 -0.380203
vn -0.097915 -0.918676 -0.382684
vn -0.200198 -0.809286 -0.552246
vn -0.088121 -0.826787 -0.555570
vn -0.187098 -0.686375 -0.702769
vn -0.074941 -0.703124 -0.707107
vn 0.040558 0.380528 -0.923880
vn -0.092088 0.205048 -0.974410
vn -0.072337 0.390366 -0.917814
vn -0.171137 -0.536624 -0.826285
vn -0.058880 -0.552441 -0.831470
vn -0.053780 0.560875 -0.826152
vn 0.058881 0.552441 -0.831470
vn -0.152930 -0.365790 -0.918047
vn -0.040558 -0.380528 -0.923880
vn -0.836006 -0.022868 0.548243
vn 0.074941 0.703124 -0.707107
vn 0.020676 0.193992 -0.980785
vn -0.133174 -0.180437 -0.974529
vn -0.015759 0.924769 -0.380203
vn 0.097915 0.918676 -0.382684
vn -0.009379 0.981049 -0.193535
vn 0.103946 0.975262 -0.195090
vn -0.006980 0.999976 0.000000
vn 0.105982 0.994368 -0.000000
vn -0.009379 0.981049 0.193535
vn 0.103946 0.975262 0.195090
vn -0.015760 0.924769 0.380203
vn 0.097915 0.918676 0.382683
vn -0.025127 0.833302 0.552246
vn -0.053780 0.560875 0.826152
vn -0.072337 0.390366 0.917814
vn -0.728635 0.329469 0.600451
vn -0.920308 0.168450 0.353070
vn -0.742810 0.206607 0.636826
vn -0.993519 0.112321 0.017446
vn -0.914292 0.235475 0.329577
vn -0.947908 0.037759 -0.316297
vn -0.993992 0.108451 0.014778
vn -0.954164 -0.024036 -0.298319
vn -0.745757 0.143845 0.650504
vn -0.924559 0.133877 0.356745
vn -0.994013 0.107744 0.018167
vn -0.943461 0.068430 -0.324344
vn -0.759322 0.016570 0.650504
vn -0.937306 0.031420 0.347089
vn -0.768412 -0.044271 0.638422
vn -0.932007 0.064001 0.356745
vn -0.994581 0.102291 0.018566
vn -0.994392 0.104185 0.018166
vn -0.935781 0.161574 -0.313381
vn -0.936689 0.131961 -0.324344
vn -0.941145 -0.039524 0.335686
vn -0.783644 -0.165310 0.598810
vn -0.994941 0.099052 0.016784
vn -0.926221 0.224052 -0.303176
vn -0.792448 -0.280577 0.541575
vn -0.995304 0.095506 0.015739
vn -0.950997 -0.097036 0.293579
vn -0.923567 0.276170 -0.265996
vn -0.802935 -0.377952 0.460921
vn -0.955608 -0.151991 0.252413
vn -0.995321 0.096062 0.010438
vn -0.916701 0.327459 -0.228975
vn -0.960241 -0.195428 0.199364
vn -0.812361 -0.456622 0.362719
vn -0.996058 0.087781 0.012757
vn -0.910596 0.370653 -0.182842
vn -0.963741 -0.228480 0.137839
vn -0.818809 -0.516581 0.250390
vn -0.995706 0.092373 0.006136
vn -0.909664 0.396587 -0.123413
vn -0.769836 0.601337 -0.213884
vn -0.965129 -0.252082 0.070578
vn -0.823731 -0.552638 0.126719
vn -0.996428 0.084310 0.004791
vn -0.906824 0.416729 -0.063309
vn -0.823169 -0.567796 -0.000000
vn -0.995844 0.091073 0.000436
vn -0.967608 -0.252457 0.000325
vn -0.908452 0.417989 -0.000831
vn -0.764049 0.645157 -0.001491
vn -0.965158 -0.252156 -0.069902
vn -0.823685 -0.552715 -0.126687
vn -0.996447 0.084134 -0.003904
vn -0.905339 0.419979 0.063085
vn -0.817910 -0.518458 -0.249449
vn -0.995741 0.092042 -0.005330
vn -0.964769 -0.225818 -0.135010
vn -0.909664 0.396587 0.123413
vn -0.960389 -0.196823 -0.197263
vn -0.812539 -0.458280 -0.360223
vn -0.996111 0.087281 -0.012005
vn -0.910596 0.370653 0.182842
vn -0.754039 0.080349 -0.651897
vn -0.920243 0.169059 -0.352948
vn -0.742810 0.206607 -0.636826
vn -0.994184 0.106082 -0.018565
vn -0.930100 0.099459 -0.353584
vn -0.941056 0.098946 0.323456
vn -0.993800 0.109681 -0.018185
vn -0.947741 0.036224 0.316978
vn -0.955693 -0.151828 -0.252187
vn -0.804903 -0.375976 -0.459100
vn -0.995608 0.092653 -0.013385
vn -0.918427 0.324394 0.226406
vn -0.774149 0.550396 0.312663
vn -0.728635 0.329469 -0.600451
vn -0.914229 0.236060 -0.329333
vn -0.993432 0.113137 -0.017106
vn -0.954163 -0.024037 0.298319
vn -0.792466 -0.279731 -0.541986
vn -0.950925 -0.095930 -0.294176
vn -0.995279 0.095806 -0.015502
vn -0.921987 0.277862 0.269692
vn -0.716730 0.441167 -0.540065
vn -0.907701 0.297314 -0.296114
vn -0.992769 0.118641 -0.018278
vn -0.958807 -0.081686 0.272059
vn -0.942309 -0.037776 -0.332605
vn -0.782522 -0.166510 -0.599945
vn -0.994981 0.097891 -0.020762
vn -0.790583 0.396203 0.466906
vn -0.927394 0.223732 0.299808
vn -0.706303 0.539004 -0.458924
vn -0.901984 0.350948 -0.251515
vn -0.966293 -0.124699 0.225230
vn -0.993101 0.116810 -0.010285
vn -0.768500 -0.044176 -0.638323
vn -0.936201 0.031100 -0.350085
vn -0.934573 0.162881 0.316297
vn -0.994521 0.103489 -0.014778
vn -0.697693 0.619244 -0.360223
vn -0.895765 0.397305 -0.199385
vn -0.993013 0.117714 -0.008293
vn -0.969496 -0.167888 0.178583
vn -0.690261 0.679202 -0.249448
vn -0.991927 0.126500 -0.008901
vn -0.897052 0.421100 -0.134063
vn -0.972639 -0.197379 0.122537
vn -0.890301 0.449981 -0.069862
vn -0.688746 0.713859 -0.126630
vn -0.992264 0.124092 -0.003505
vn -0.974563 -0.215431 0.061782
vn -0.686224 0.727389 0.001548
vn -0.891001 0.453999 0.001316
vn -0.992229 0.124424 0.000119
vn -0.975194 -0.221350 -0.001347
vn -0.687581 0.714658 0.128437
vn -0.890112 0.450129 0.071304
vn -0.992316 0.123682 0.003544
vn -0.973483 -0.219384 -0.064812
vn -0.691535 0.677557 0.250391
vn -0.992336 0.123353 0.007244
vn -0.895469 0.423748 0.136284
vn -0.973533 -0.192636 -0.122980
vn -0.881693 -0.458625 -0.110820
vn -0.697935 0.617511 0.362721
vn -0.897455 0.393444 0.199440
vn -0.992568 0.121247 0.010413
vn -0.969337 -0.166401 -0.180822
vn -0.706534 0.536827 0.461113
vn -0.902182 0.349097 0.253377
vn -0.992814 0.118934 0.013211
vn -0.965052 -0.126198 -0.229670
vn -0.715602 0.440528 0.542079
vn -0.909202 0.294368 0.294446
vn -0.992849 0.117893 0.018781
vn -0.959662 -0.079026 -0.269820
vn 0.058881 0.552441 0.831470
vn -0.417798 -0.134168 -0.898579
vn -0.397541 0.042649 -0.916593
vn -0.436934 -0.305489 -0.846029
vn -0.451446 -0.463732 -0.762331
vn -0.468423 -0.600929 -0.647661
vn -0.479219 -0.715193 -0.508772
vn -0.486713 -0.800000 -0.350871
vn -0.495548 -0.850026 -0.178575
vn -0.494650 -0.869092 -0.000339
vn -0.495011 -0.850396 0.178297
vn -0.487609 -0.799272 0.351287
vn -0.479144 -0.714500 0.509814
vn -0.466748 -0.601895 0.647972
vn -0.453192 -0.463397 0.761499
vn -0.435530 -0.305285 0.846826
vn -0.417908 -0.134543 0.898472
vn -0.404855 -0.047193 0.913162
vn -0.122823 -0.084848 0.988795
vn -0.380330 0.220221 0.898249
vn -0.386952 0.131536 0.912670
vn -0.361212 0.391994 0.846089
vn -0.343679 0.548727 0.762091
vn -0.329877 0.685994 0.648532
vn -0.317786 0.799438 0.509814
vn -0.308192 0.884090 0.351287
vn -0.303236 0.935947 0.179027
vn -0.301961 0.953320 0.000629
vn -0.304652 0.935627 -0.178297
vn -0.307164 0.884613 -0.350871
vn -0.318284 0.800172 -0.508350
vn -0.329174 0.687225 -0.647585
vn -0.345047 0.549058 -0.761234
vn -0.361212 0.391994 -0.846089
vn -0.380866 0.220559 -0.897939
vn 0.757262 -0.016040 -0.652914
vn 0.074941 0.703125 0.707107
vn 0.074941 0.703124 -0.707107
vn 0.010388 0.097465 -0.995185
vn -0.103946 -0.975262 -0.195090
vn -0.074941 -0.703125 0.707107
vn -0.855390 -0.222992 -0.467528
vn -0.815164 0.142491 -0.561430
vn -0.826885 0.032522 -0.561430
s 1
g Piece4 Supermarine_Spitfire_Mk:GLTF_SceneRootNode Supermarine_Spitfire_Mk:root Supermarine_Spitfire_Mk:Sketchfab_model Supermarine_Spitfire_Mk:Meshes Supermarine_Spitfire_Mk:scene Supermarine_Spitfire_Mk:Object_119
usemtl Supermarine_Spitfire_Mk:Object_119SG
f 349/276/74 142/69/75 140/67/76
f 114/41/77 214/141/78 206/133/79
f 114/41/77 210/137/80 112/39/81
f 116/43/82 218/145/83 214/141/78
f 120/47/84 218/145/83 118/45/85
f 122/49/86 222/149/87 120/47/84
f 122/49/86 230/157/88 226/153/89
f 126/53/90 230/157/88 124/51/91
f 128/55/92 234/161/93 126/53/90
f 79/6/94 244/171/95 75/2/96
f 130/57/97 239/166/98 128/55/92
f 132/59/99 253/180/100 130/57/97
f 75/2/96 248/175/101 76/3/102
f 134/61/103 257/184/104 132/59/99
f 81/8/105 261/188/106 79/6/94
f 134/61/103 274/201/107 265/192/108
f 81/8/105 278/205/109 270/197/110
f 138/65/111 274/201/107 136/63/112
f 85/12/113 278/205/109 83/10/114
f 196/123/115 426/353/116 198/125/117
f 87/14/118 286/213/119 85/12/113
f 87/14/118 295/222/120 291/218/121
f 89/16/122 300/227/123 295/222/120
f 91/18/124 304/231/125 300/227/123
f 95/22/126 304/231/125 93/20/127
f 95/22/126 312/239/128 308/235/129
f 97/24/130 317/244/131 312/239/128
f 99/26/132 321/248/133 317/244/131
f 101/28/134 325/252/135 321/248/133
f 103/30/136 329/256/137 325/252/135
f 105/32/138 336/263/139 329/256/137
f 110/37/140 335/262/141 108/35/142
f 403/330/143 184/111/144 182/109/145
f 394/321/146 178/105/147 176/103/148
f 389/316/149 176/103/148 172/99/150
f 387/314/151 173/100/152 170/97/153
f 384/311/154 170/97/153 168/95/155
f 381/308/156 168/95/155 166/93/157
f 378/305/158 166/93/157 164/91/159
f 376/303/160 164/91/159 163/90/161
f 373/300/162 163/90/161 161/88/163
f 370/297/164 161/88/163 159/86/165
f 157/84/166 370/297/164 159/86/165
f 365/292/167 157/84/166 154/81/168
f 362/289/169 154/81/168 152/79/170
f 360/287/171 152/79/170 150/77/172
f 357/284/173 150/77/172 148/75/174
f 202/129/175 435/362/176 204/131/177
f 354/281/178 148/75/174 146/73/179
f 429/356/180 202/129/175 200/127/181
f 352/279/182 146/73/179 144/71/183
f 76/3/102 282/209/184 138/65/111
f 426/353/116 200/127/181 198/125/117
f 435/362/176 140/67/76 204/131/177
f 347/274/185 144/71/183 142/69/75
f 420/347/186 196/123/115 194/121/187
f 418/345/188 194/121/187 192/119/189
f 415/342/190 192/119/189 190/117/191
f 412/339/192 190/117/191 189/116/193
f 409/336/194 189/116/193 187/114/195
f 406/333/196 187/114/195 184/111/144
f 110/37/140 210/137/80 343/270/197
f 178/105/147 400/327/198 180/107/199
f 396/323/200 344/271/201 213/140/202
f 344/271/201 212/139/203 213/140/202
f 212/139/203 346/273/204 211/138/205
f 211/138/205 343/270/197 210/137/80
f 333/260/206 344/271/201 393/320/207
f 337/264/208 345/272/209 344/271/201
f 339/266/210 346/273/204 345/272/209
f 341/268/211 343/270/197 346/273/204
f 334/261/212 330/257/213 338/265/214
f 338/265/214 331/258/215 340/267/216
f 340/267/216 332/259/217 342/269/218
f 342/269/218 329/256/137 336/263/139
f 386/313/219 326/253/220 330/257/213
f 326/253/220 331/258/215 330/257/213
f 327/254/221 332/259/217 331/258/215
f 332/259/217 325/252/135 329/256/137
f 380/307/222 326/253/220 383/310/223
f 326/253/220 323/250/224 327/254/221
f 327/254/221 324/251/225 328/255/226
f 328/255/226 321/248/133 325/252/135
f 316/243/227 322/249/228 380/307/222
f 322/249/228 319/246/229 323/250/224
f 319/246/229 324/251/225 323/250/224
f 324/251/225 317/244/131 321/248/133
f 316/243/227 313/240/230 318/245/231
f 318/245/231 314/241/232 319/246/229
f 314/241/232 320/247/233 319/246/229
f 320/247/233 312/239/128 317/244/131
f 375/302/234 309/236/235 313/240/230
f 313/240/230 310/237/236 314/241/232
f 314/241/232 311/238/237 315/242/238
f 315/242/238 308/235/129 312/239/128
f 372/299/239 305/232/240 309/236/235
f 309/236/235 306/233/241 310/237/236
f 306/233/241 311/238/237 310/237/236
f 307/234/242 308/235/129 311/238/237
f 299/226/243 305/232/240 369/296/244
f 305/232/240 302/229/245 306/233/241
f 306/233/241 303/230/246 307/234/242
f 307/234/242 300/227/123 304/231/125
f 299/226/243 296/223/247 301/228/248
f 301/228/248 297/224/249 302/229/245
f 297/224/249 303/230/246 302/229/245
f 303/230/246 295/222/120 300/227/123
f 290/217/250 296/223/247 364/291/251
f 296/223/247 293/220/252 297/224/249
f 297/224/249 294/221/253 298/225/254
f 298/225/254 291/218/121 295/222/120
f 290/217/250 287/214/255 292/219/256
f 292/219/256 288/215/257 293/220/252
f 293/220/252 289/216/258 294/221/253
f 294/221/253 286/213/119 291/218/121
f 249/176/259 283/210/260 252/179/261
f 283/210/260 251/178/262 252/179/261
f 284/211/263 250/177/264 251/178/262
f 285/212/265 248/175/101 250/177/264
f 359/286/266 279/206/267 287/214/255
f 287/214/255 280/207/268 288/215/257
f 288/215/257 281/208/269 289/216/258
f 281/208/269 286/213/119 289/216/258
f 431/358/270 283/210/260 434/361/271
f 275/202/272 284/211/263 283/210/260
f 276/203/273 285/212/265 284/211/263
f 277/204/274 282/209/184 285/212/265
f 269/196/275 279/206/267 356/283/276
f 271/198/277 280/207/268 279/206/267
f 272/199/278 281/208/269 280/207/268
f 273/200/279 278/205/109 281/208/269
f 428/355/280 275/202/272 431/358/270
f 266/193/281 276/203/273 275/202/272
f 267/194/282 277/204/274 276/203/273
f 277/204/274 265/192/108 274/201/107
f 269/196/275 262/189/283 271/198/277
f 262/189/283 272/199/278 271/198/277
f 263/190/284 273/200/279 272/199/278
f 264/191/285 270/197/110 273/200/279
f 425/352/286 266/193/281 428/355/280
f 258/185/287 267/194/282 266/193/281
f 259/186/288 268/195/289 267/194/282
f 260/187/290 265/192/108 268/195/289
f 243/170/291 262/189/283 351/278/292
f 245/172/293 263/190/284 262/189/283
f 246/173/294 264/191/285 263/190/284
f 264/191/285 244/171/95 261/188/106
f 422/349/295 258/185/287 425/352/286
f 254/181/296 259/186/288 258/185/287
f 255/182/297 260/187/290 259/186/288
f 256/183/298 257/184/104 260/187/290
f 238/165/299 254/181/296 422/349/295
f 254/181/296 241/168/300 255/182/297
f 241/168/300 256/183/298 255/182/297
f 242/169/301 253/180/100 256/183/298
f 249/176/259 245/172/293 243/170/291
f 252/179/261 246/173/294 245/172/293
f 251/178/262 247/174/302 246/173/294
f 250/177/264 244/171/95 247/174/302
f 238/165/299 235/162/303 240/167/304
f 235/162/303 241/168/300 240/167/304
f 236/163/305 242/169/301 241/168/300
f 237/164/306 239/166/98 242/169/301
f 414/341/307 235/162/303 417/344/308
f 231/158/309 236/163/305 235/162/303
f 232/159/310 237/164/306 236/163/305
f 233/160/311 234/161/93 237/164/306
f 414/341/307 227/154/312 231/158/309
f 227/154/312 232/159/310 231/158/309
f 228/155/313 233/160/311 232/159/310
f 229/156/314 230/157/88 233/160/311
f 408/335/315 227/154/312 411/338/316
f 223/150/317 228/155/313 227/154/312
f 228/155/313 225/152/318 229/156/314
f 225/152/318 226/153/89 229/156/314
f 405/332/319 223/150/317 408/335/315
f 219/146/320 224/151/321 223/150/317
f 220/147/322 225/152/318 224/151/321
f 221/148/323 222/149/87 225/152/318
f 402/329/324 219/146/320 405/332/319
f 215/142/325 220/147/322 219/146/320
f 216/143/326 221/148/323 220/147/322
f 217/144/327 218/145/83 221/148/323
f 399/326/328 215/142/325 402/329/324
f 207/134/329 216/143/326 215/142/325
f 208/135/330 217/144/327 216/143/326
f 209/136/331 214/141/78 217/144/327
f 399/326/328 213/140/202 207/134/329
f 207/134/329 212/139/203 208/135/330
f 208/135/330 211/138/205 209/136/331
f 209/136/331 210/137/80 206/133/79
f 400/327/198 182/109/145 180/107/199
f 349/276/74 348/275/332 347/274/185
f 350/277/333 243/170/291 348/275/332
f 352/279/182 348/275/332 353/280/334
f 348/275/332 351/278/292 353/280/334
f 354/281/178 353/280/334 355/282/335
f 355/282/335 351/278/292 269/196/275
f 354/281/178 358/285/336 357/284/173
f 355/282/335 356/283/276 358/285/336
f 360/287/171 358/285/336 361/288/337
f 361/288/337 356/283/276 359/286/266
f 360/287/171 363/290/338 362/289/169
f 363/290/338 359/286/266 290/217/250
f 362/289/169 366/293/339 365/292/167
f 363/290/338 364/291/251 366/293/339
f 367/294/340 366/293/339 368/295/341
f 368/295/341 364/291/251 299/226/243
f 367/294/340 371/298/342 370/297/164
f 368/295/341 369/296/244 371/298/342
f 370/297/164 374/301/343 373/300/162
f 374/301/343 369/296/244 372/299/239
f 376/303/160 374/301/343 377/304/344
f 377/304/344 372/299/239 375/302/234
f 376/303/160 379/306/345 378/305/158
f 379/306/345 375/302/234 316/243/227
f 378/305/158 382/309/346 381/308/156
f 379/306/345 380/307/222 382/309/346
f 384/311/154 382/309/346 385/312/347
f 385/312/347 380/307/222 383/310/223
f 387/314/151 385/312/347 388/315/348
f 385/312/347 386/313/219 388/315/348
f 387/314/151 392/319/349 390/317/350
f 392/319/349 386/313/219 334/261/212
f 394/321/146 391/318/351 395/322/352
f 391/318/351 393/320/207 395/322/352
f 397/324/353 395/322/352 398/325/354
f 398/325/354 393/320/207 396/323/200
f 400/327/198 398/325/354 401/328/355
f 401/328/355 396/323/200 399/326/328
f 403/330/143 401/328/355 404/331/356
f 404/331/356 399/326/328 402/329/324
f 403/330/143 407/334/357 406/333/196
f 404/331/356 405/332/319 407/334/357
f 406/333/196 410/337/358 409/336/194
f 410/337/358 405/332/319 408/335/315
f 412/339/192 410/337/358 413/340/359
f 410/337/358 411/338/316 413/340/359
f 412/339/192 416/343/360 415/342/190
f 413/340/359 414/341/307 416/343/360
f 415/342/190 419/346/361 418/345/188
f 416/343/360 417/344/308 419/346/361
f 418/345/188 421/348/362 420/347/186
f 421/348/362 417/344/308 238/165/299
f 423/350/363 421/348/362 424/351/364
f 421/348/362 422/349/295 424/351/364
f 423/350/363 427/354/365 426/353/116
f 424/351/364 425/352/286 427/354/365
f 426/353/116 430/357/366 429/356/180
f 427/354/365 428/355/280 430/357/366
f 429/356/180 433/360/367 432/359/368
f 430/357/366 431/358/270 433/360/367
f 432/359/368 436/363/369 435/362/176
f 433/360/367 434/361/271 436/363/369
f 435/362/176 350/277/333 349/276/74
f 350/277/333 434/361/271 249/176/259
s 118
f 440/367/370 74/1/371 77/4/372
f 437/364/373 78/5/374 74/1/371
f 441/368/375 80/7/376 78/5/374
f 443/370/377 82/9/378 80/7/376
f 82/9/378 447/374/379 84/11/380
f 447/374/379 86/13/381 84/11/380
f 449/376/382 88/15/383 86/13/381
f 451/378/384 90/17/385 88/15/383
f 453/380/386 92/19/387 90/17/385
f 455/382/388 94/21/389 92/19/387
f 457/384/390 96/23/391 94/21/389
f 459/386/392 98/25/393 96/23/391
f 98/25/393 463/390/394 100/27/395
f 463/390/394 102/29/396 100/27/395
f 465/392/397 104/31/398 102/29/396
f 467/394/399 107/34/400 104/31/398
f 469/396/401 111/38/402 106/33/403
f 474/401/404 113/40/405 111/38/402
f 476/403/406 115/42/407 113/40/405
f 478/405/408 117/44/409 115/42/407
f 480/407/410 119/46/411 117/44/409
f 482/409/412 121/48/413 119/46/411
f 484/411/414 123/50/415 121/48/413
f 123/50/415 488/415/416 125/52/417
f 488/415/416 127/54/418 125/52/417
f 490/417/419 129/56/420 127/54/418
f 492/419/421 131/58/422 129/56/420
f 494/421/423 133/60/424 131/58/422
f 133/60/424 498/425/425 135/62/426
f 498/425/425 137/64/427 135/62/426
f 500/427/428 139/66/429 137/64/427
f 502/429/430 77/4/372 139/66/429
s 145
f 143/70/431 646/573/432 141/68/433
f 477/404/434 511/438/435 479/406/436
f 507/434/437 477/404/434 475/402/438
f 511/438/435 481/408/439 479/406/436
f 515/442/440 483/410/441 481/408/439
f 519/446/442 485/412/443 483/410/441
f 485/412/443 527/454/444 487/414/445
f 527/454/444 489/416/446 487/414/445
f 531/458/447 491/418/448 489/416/446
f 541/468/449 442/369/450 438/365/451
f 536/463/452 493/420/453 491/418/448
f 550/477/454 495/422/455 493/420/453
f 545/472/456 438/365/451 439/366/457
f 554/481/458 497/424/459 495/422/455
f 558/485/460 444/371/461 442/369/450
f 562/489/462 499/426/463 497/424/459
f 444/371/461 575/502/464 446/373/465
f 571/498/466 501/428/467 499/426/463
f 575/502/464 448/375/468 446/373/465
f 197/124/469 723/650/470 720/647/471
f 448/375/468 588/515/472 450/377/473
f 450/377/473 592/519/474 452/379/475
f 592/519/474 454/381/476 452/379/475
f 454/381/476 601/528/477 456/383/478
f 601/528/477 458/385/479 456/383/478
f 458/385/479 609/536/480 460/387/481
f 460/387/481 614/541/482 462/389/483
f 462/389/483 618/545/484 464/391/485
f 464/391/485 622/549/486 466/393/487
f 466/393/487 626/553/488 468/395/489
f 626/553/488 471/398/490 468/395/489
f 472/399/491 640/567/492 473/400/493
f 185/112/494 700/627/495 183/110/496
f 179/106/497 691/618/498 177/104/499
f 177/104/499 687/614/500 175/102/501
f 174/101/502 684/611/503 171/98/504
f 171/98/504 681/608/505 169/96/506
f 169/96/506 678/605/507 167/94/508
f 167/94/508 675/602/509 165/92/510
f 165/92/510 673/600/511 162/89/512
f 162/89/512 670/597/513 160/87/514
f 160/87/514 667/594/515 158/85/516
f 156/83/517 667/594/515 664/591/518
f 156/83/517 662/589/519 155/82/520
f 155/82/520 659/586/521 153/80/522
f 153/80/522 657/584/523 151/78/524
f 151/78/524 654/581/525 149/76/526
f 203/130/527 732/659/528 729/656/529
f 149/76/526 651/578/530 147/74/531
f 203/130/527 726/653/532 201/128/533
f 147/74/531 649/576/534 145/72/535
f 579/506/536 439/366/457 501/428/467
f 201/128/533 723/650/470 199/126/537
f 141/68/433 732/659/528 205/132/538
f 145/72/535 644/571/539 143/70/431
f 197/124/469 717/644/540 195/122/541
f 195/122/541 715/642/542 193/120/543
f 193/120/543 712/639/544 191/118/545
f 191/118/545 709/636/546 188/115/547
f 188/115/547 706/633/548 186/113/549
f 186/113/549 703/630/550 185/112/494
f 473/400/493 507/434/437 475/402/438
f 179/106/497 697/624/551 694/621/552
f 693/620/553 641/568/554 690/617/555
f 509/436/556 641/568/554 510/437/557
f 509/436/556 643/570/558 642/569/559
f 508/435/560 640/567/492 643/570/558
f 641/568/554 631/558/561 690/617/555
f 642/569/559 635/562/562 641/568/554
f 643/570/558 637/564/563 642/569/559
f 640/567/492 639/566/564 643/570/558
f 630/557/565 627/554/566 683/610/567
f 634/561/568 628/555/569 627/554/566
f 636/563/570 629/556/571 628/555/569
f 638/565/572 626/553/488 629/556/571
f 683/610/567 623/550/573 680/607/574
f 628/555/569 623/550/573 627/554/566
f 629/556/571 624/551/575 628/555/569
f 629/556/571 622/549/486 625/552/576
f 623/550/573 677/604/577 680/607/574
f 623/550/573 620/547/578 619/546/579
f 624/551/575 621/548/580 620/547/578
f 625/552/576 618/545/484 621/548/580
f 619/546/579 613/540/581 677/604/577
f 620/547/578 615/542/582 619/546/579
f 621/548/580 616/543/583 620/547/578
f 621/548/580 614/541/482 617/544/584
f 613/540/581 610/537/585 672/599/586
f 615/542/582 611/538/587 610/537/585
f 617/544/584 611/538/587 616/543/583
f 617/544/584 609/536/480 612/539/588
f 672/599/586 606/533/589 669/596/590
f 610/537/585 607/534/591 606/533/589
f 611/538/587 608/535/592 607/534/591
f 612/539/588 605/532/593 608/535/592
f 669/596/590 602/529/594 666/593/595
f 606/533/589 603/530/596 602/529/594
f 608/535/592 603/530/596 607/534/591
f 605/532/593 604/531/597 608/535/592
f 602/529/594 596/523/598 666/593/595
f 602/529/594 599/526/599 598/525/600
f 603/530/596 600/527/601 599/526/599
f 604/531/597 597/524/602 600/527/601
f 596/523/598 593/520/603 661/588/604
f 598/525/600 594/521/605 593/520/603
f 600/527/601 594/521/605 599/526/599
f 600/527/601 592/519/474 595/522/606
f 593/520/603 587/514/607 661/588/604
f 593/520/603 590/517/608 589/516/609
f 594/521/605 591/518/610 590/517/608
f 595/522/606 588/515/472 591/518/610
f 587/514/607 584/511/611 656/583/612
f 589/516/609 585/512/613 584/511/611
f 591/518/610 585/512/613 590/517/608
f 588/515/472 586/513/614 591/518/610
f 546/473/615 580/507/616 731/658/617
f 548/475/618 580/507/616 549/476/619
f 547/474/620 581/508/621 548/475/618
f 545/472/456 582/509/622 547/474/620
f 656/583/612 576/503/623 653/580/624
f 584/511/611 577/504/625 576/503/623
f 585/512/613 578/505/626 577/504/625
f 583/510/627 578/505/626 586/513/614
f 580/507/616 728/655/628 731/658/617
f 581/508/621 572/499/629 580/507/616
f 582/509/622 573/500/630 581/508/621
f 579/506/536 574/501/631 582/509/622
f 576/503/623 566/493/632 653/580/624
f 577/504/625 568/495/633 576/503/623
f 578/505/626 569/496/634 577/504/625
f 575/502/464 570/497/635 578/505/626
f 572/499/629 725/652/636 728/655/628
f 573/500/630 563/490/637 572/499/629
f 574/501/631 564/491/638 573/500/630
f 571/498/466 565/492/639 574/501/631
f 566/493/632 559/486/640 648/575/641
f 569/496/634 559/486/640 568/495/633
f 570/497/635 560/487/642 569/496/634
f 567/494/643 561/488/644 570/497/635
f 563/490/637 722/649/645 725/652/636
f 564/491/638 555/482/646 563/490/637
f 564/491/638 557/484/647 556/483/648
f 562/489/462 557/484/647 565/492/639
f 559/486/640 540/467/649 648/575/641
f 560/487/642 542/469/650 559/486/640
f 560/487/642 544/471/651 543/470/652
f 561/488/644 541/468/449 544/471/651
f 555/482/646 719/646/653 722/649/645
f 556/483/648 551/478/654 555/482/646
f 557/484/647 552/479/655 556/483/648
f 554/481/458 553/480/656 557/484/647
f 551/478/654 535/462/657 719/646/653
f 551/478/654 538/465/658 537/464/659
f 553/480/656 538/465/658 552/479/655
f 550/477/454 539/466/660 553/480/656
f 542/469/650 546/473/615 540/467/649
f 543/470/652 549/476/619 542/469/650
f 544/471/651 548/475/618 543/470/652
f 541/468/449 547/474/620 544/471/651
f 535/462/657 532/459/661 714/641/662
f 538/465/658 532/459/661 537/464/659
f 539/466/660 533/460/663 538/465/658
f 536/463/452 534/461/664 539/466/660
f 532/459/661 711/638/665 714/641/662
f 533/460/663 528/455/666 532/459/661
f 534/461/664 529/456/667 533/460/663
f 531/458/447 530/457/668 534/461/664
f 528/455/666 708/635/669 711/638/665
f 529/456/667 524/451/670 528/455/666
f 530/457/668 525/452/671 529/456/667
f 527/454/444 526/453/672 530/457/668
f 524/451/670 705/632/673 708/635/669
f 524/451/670 521/448/674 520/447/675
f 525/452/671 522/449/676 521/448/674
f 523/450/677 522/449/676 526/453/672
f 520/447/675 702/629/678 705/632/673
f 521/448/674 516/443/679 520/447/675
f 522/449/676 517/444/680 521/448/674
f 519/446/442 518/445/681 522/449/676
f 516/443/679 699/626/682 702/629/678
f 517/444/680 512/439/683 516/443/679
f 518/445/681 513/440/684 517/444/680
f 515/442/440 514/441/685 518/445/681
f 512/439/683 696/623/686 699/626/682
f 513/440/684 504/431/687 512/439/683
f 514/441/685 505/432/688 513/440/684
f 511/438/435 506/433/689 514/441/685
f 696/623/686 510/437/557 693/620/553
f 505/432/688 510/437/557 504/431/687
f 505/432/688 508/435/560 509/436/556
f 506/433/689 507/434/437 508/435/560
f 183/110/496 697/624/551 181/108/690
f 645/572/691 646/573/432 644/571/539
f 540/467/649 647/574/692 645/572/691
f 650/577/693 644/571/539 649/576/534
f 648/575/641 645/572/691 650/577/693
f 652/579/694 649/576/534 651/578/530
f 652/579/694 648/575/641 650/577/693
f 655/582/695 651/578/530 654/581/525
f 653/580/624 652/579/694 655/582/695
f 658/585/696 654/581/525 657/584/523
f 658/585/696 653/580/624 655/582/695
f 660/587/697 657/584/523 659/586/521
f 660/587/697 656/583/612 658/585/696
f 662/589/519 660/587/697 659/586/521
f 661/588/604 660/587/697 663/590/698
f 665/592/699 662/589/519 664/591/518
f 665/592/699 661/588/604 663/590/698
f 668/595/700 664/591/518 667/594/515
f 666/593/595 665/592/699 668/595/700
f 671/598/701 667/594/515 670/597/513
f 671/598/701 666/593/595 668/595/700
f 673/600/511 671/598/701 670/597/513
f 674/601/702 669/596/590 671/598/701
f 675/602/509 674/601/702 673/600/511
f 676/603/703 672/599/586 674/601/702
f 679/606/704 675/602/509 678/605/507
f 677/604/577 676/603/703 679/606/704
f 681/608/505 679/606/704 678/605/507
f 682/609/705 677/604/577 679/606/704
f 684/611/503 682/609/705 681/608/505
f 685/612/706 680/607/574 682/609/705
f 688/615/707 684/611/503 686/613/708
f 688/615/707 683/610/567 685/612/706
f 692/619/709 687/614/500 691/618/498
f 690/617/555 689/616/710 692/619/709
f 694/621/552 692/619/709 691/618/498
f 695/622/711 690/617/555 692/619/709
f 697/624/551 695/622/711 694/621/552
f 698/625/712 693/620/553 695/622/711
f 701/628/713 697/624/551 700/627/495
f 699/626/682 698/625/712 701/628/713
f 704/631/714 700/627/495 703/630/550
f 702/629/678 701/628/713 704/631/714
f 707/634/715 703/630/550 706/633/548
f 705/632/673 704/631/714 707/634/715
f 709/636/546 707/634/715 706/633/548
f 708/635/669 707/634/715 710/637/716
f 712/639/544 710/637/716 709/636/546
f 711/638/665 710/637/716 713/640/717
f 716/643/718 712/639/544 715/642/542
f 714/641/662 713/640/717 716/643/718
f 718/645/719 715/642/542 717/644/540
f 718/645/719 714/641/662 716/643/718
f 720/647/471 718/645/719 717/644/540
f 719/646/653 718/645/719 721/648/720
f 724/651/721 720/647/471 723/650/470
f 722/649/645 721/648/720 724/651/721
f 726/653/532 724/651/721 723/650/470
f 725/652/636 724/651/721 727/654/722
f 730/657/723 726/653/532 729/656/529
f 728/655/628 727/654/722 730/657/723
f 733/660/724 729/656/529 732/659/528
f 731/658/617 730/657/723 733/660/724
f 647/574/692 732/659/528 646/573/432
f 647/574/692 731/658/617 733/660/724
s 1
f 349/276/74 347/274/185 142/69/75
f 114/41/77 116/43/82 214/141/78
f 114/41/77 206/133/79 210/137/80
f 116/43/82 118/45/85 218/145/83
f 120/47/84 222/149/87 218/145/83
f 122/49/86 226/153/89 222/149/87
f 122/49/86 124/51/91 230/157/88
f 126/53/90 234/161/93 230/157/88
f 128/55/92 239/166/98 234/161/93
f 79/6/94 261/188/106 244/171/95
f 130/57/97 253/180/100 239/166/98
f 132/59/99 257/184/104 253/180/100
f 75/2/96 244/171/95 248/175/101
f 134/61/103 265/192/108 257/184/104
f 81/8/105 270/197/110 261/188/106
f 134/61/103 136/63/112 274/201/107
f 81/8/105 83/10/114 278/205/109
f 138/65/111 282/209/184 274/201/107
f 85/12/113 286/213/119 278/205/109
f 196/123/115 423/350/363 426/353/116
f 87/14/118 291/218/121 286/213/119
f 87/14/118 89/16/122 295/222/120
f 89/16/122 91/18/124 300/227/123
f 91/18/124 93/20/127 304/231/125
f 95/22/126 308/235/129 304/231/125
f 95/22/126 97/24/130 312/239/128
f 97/24/130 99/26/132 317/244/131
f 99/26/132 101/28/134 321/248/133
f 101/28/134 103/30/136 325/252/135
f 103/30/136 105/32/138 329/256/137
f 105/32/138 109/36/725 336/263/139
f 110/37/140 343/270/197 335/262/141
f 403/330/143 406/333/196 184/111/144
f 394/321/146 397/324/353 178/105/147
f 389/316/149 394/321/146 176/103/148
f 387/314/151 390/317/350 173/100/152
f 384/311/154 387/314/151 170/97/153
f 381/308/156 384/311/154 168/95/155
f 378/305/158 381/308/156 166/93/157
f 376/303/160 378/305/158 164/91/159
f 373/300/162 376/303/160 163/90/161
f 370/297/164 373/300/162 161/88/163
f 157/84/166 367/294/340 370/297/164
f 365/292/167 367/294/340 157/84/166
f 362/289/169 365/292/167 154/81/168
f 360/287/171 362/289/169 152/79/170
f 357/284/173 360/287/171 150/77/172
f 202/129/175 432/359/368 435/362/176
f 354/281/178 357/284/173 148/75/174
f 429/356/180 432/359/368 202/129/175
f 352/279/182 354/281/178 146/73/179
f 76/3/102 248/175/101 282/209/184
f 426/353/116 429/356/180 200/127/181
f 435/362/176 349/276/74 140/67/76
f 347/274/185 352/279/182 144/71/183
f 420/347/186 423/350/363 196/123/115
f 418/345/188 420/347/186 194/121/187
f 415/342/190 418/345/188 192/119/189
f 412/339/192 415/342/190 190/117/191
f 409/336/194 412/339/192 189/116/193
f 406/333/196 409/336/194 187/114/195
f 110/37/140 112/39/81 210/137/80
f 178/105/147 397/324/353 400/327/198
f 396/323/200 393/320/207 344/271/201
f 344/271/201 345/272/209 212/139/203
f 212/139/203 345/272/209 346/273/204
f 211/138/205 346/273/204 343/270/197
f 333/260/206 337/264/208 344/271/201
f 337/264/208 339/266/210 345/272/209
f 339/266/210 341/268/211 346/273/204
f 341/268/211 335/262/141 343/270/197
f 334/261/212 386/313/219 330/257/213
f 338/265/214 330/257/213 331/258/215
f 340/267/216 331/258/215 332/259/217
f 342/269/218 332/259/217 329/256/137
f 386/313/219 383/310/223 326/253/220
f 326/253/220 327/254/221 331/258/215
f 327/254/221 328/255/226 332/259/217
f 332/259/217 328/255/226 325/252/135
f 380/307/222 322/249/228 326/253/220
f 326/253/220 322/249/228 323/250/224
f 327/254/221 323/250/224 324/251/225
f 328/255/226 324/251/225 321/248/133
f 316/243/227 318/245/231 322/249/228
f 322/249/228 318/245/231 319/246/229
f 319/246/229 320/247/233 324/251/225
f 324/251/225 320/247/233 317/244/131
f 316/243/227 375/302/234 313/240/230
f 318/245/231 313/240/230 314/241/232
f 314/241/232 315/242/238 320/247/233
f 320/247/233 315/242/238 312/239/128
f 375/302/234 372/299/239 309/236/235
f 313/240/230 309/236/235 310/237/236
f 314/241/232 310/237/236 311/238/237
f 315/242/238 311/238/237 308/235/129
f 372/299/239 369/296/244 305/232/240
f 309/236/235 305/232/240 306/233/241
f 306/233/241 307/234/242 311/238/237
f 307/234/242 304/231/125 308/235/129
f 299/226/243 301/228/248 305/232/240
f 305/232/240 301/228/248 302/229/245
f 306/233/241 302/229/245 303/230/246
f 307/234/242 303/230/246 300/227/123
f 299/226/243 364/291/251 296/223/247
f 301/228/248 296/223/247 297/224/249
f 297/224/249 298/225/254 303/230/246
f 303/230/246 298/225/254 295/222/120
f 290/217/250 292/219/256 296/223/247
f 296/223/247 292/219/256 293/220/252
f 297/224/249 293/220/252 294/221/253
f 298/225/254 294/221/253 291/218/121
f 290/217/250 359/286/266 287/214/255
f 292/219/256 287/214/255 288/215/257
f 293/220/252 288/215/257 289/216/258
f 294/221/253 289/216/258 286/213/119
f 249/176/259 434/361/271 283/210/260
f 283/210/260 284/211/263 251/178/262
f 284/211/263 285/212/265 250/177/264
f 285/212/265 282/209/184 248/175/101
f 359/286/266 356/283/276 279/206/267
f 287/214/255 279/206/267 280/207/268
f 288/215/257 280/207/268 281/208/269
f 281/208/269 278/205/109 286/213/119
f 431/358/270 275/202/272 283/210/260
f 275/202/272 276/203/273 284/211/263
f 276/203/273 277/204/274 285/212/265
f 277/204/274 274/201/107 282/209/184
f 269/196/275 271/198/277 279/206/267
f 271/198/277 272/199/278 280/207/268
f 272/199/278 273/200/279 281/208/269
f 273/200/279 270/197/110 278/205/109
f 428/355/280 266/193/281 275/202/272
f 266/193/281 267/194/282 276/203/273
f 267/194/282 268/195/289 277/204/274
f 277/204/274 268/195/289 265/192/108
f 269/196/275 351/278/292 262/189/283
f 262/189/283 263/190/284 272/199/278
f 263/190/284 264/191/285 273/200/279
f 264/191/285 261/188/106 270/197/110
f 425/352/286 258/185/287 266/193/281
f 258/185/287 259/186/288 267/194/282
f 259/186/288 260/187/290 268/195/289
f 260/187/290 257/184/104 265/192/108
f 243/170/291 245/172/293 262/189/283
f 245/172/293 246/173/294 263/190/284
f 246/173/294 247/174/302 264/191/285
f 264/191/285 247/174/302 244/171/95
f 422/349/295 254/181/296 258/185/287
f 254/181/296 255/182/297 259/186/288
f 255/182/297 256/183/298 260/187/290
f 256/183/298 253/180/100 257/184/104
f 238/165/299 240/167/304 254/181/296
f 254/181/296 240/167/304 241/168/300
f 241/168/300 242/169/301 256/183/298
f 242/169/301 239/166/98 253/180/100
f 249/176/259 252/179/261 245/172/293
f 252/179/261 251/178/262 246/173/294
f 251/178/262 250/177/264 247/174/302
f 250/177/264 248/175/101 244/171/95
f 238/165/299 417/344/308 235/162/303
f 235/162/303 236/163/305 241/168/300
f 236/163/305 237/164/306 242/169/301
f 237/164/306 234/161/93 239/166/98
f 414/341/307 231/158/309 235/162/303
f 231/158/309 232/159/310 236/163/305
f 232/159/310 233/160/311 237/164/306
f 233/160/311 230/157/88 234/161/93
f 414/341/307 411/338/316 227/154/312
f 227/154/312 228/155/313 232/159/310
f 228/155/313 229/156/314 233/160/311
f 229/156/314 226/153/89 230/157/88
f 408/335/315 223/150/317 227/154/312
f 223/150/317 224/151/321 228/155/313
f 228/155/313 224/151/321 225/152/318
f 225/152/318 222/149/87 226/153/89
f 405/332/319 219/146/320 223/150/317
f 219/146/320 220/147/322 224/151/321
f 220/147/322 221/148/323 225/152/318
f 221/148/323 218/145/83 222/149/87
f 402/329/324 215/142/325 219/146/320
f 215/142/325 216/143/326 220/147/322
f 216/143/326 217/144/327 221/148/323
f 217/144/327 214/141/78 218/145/83
f 399/326/328 207/134/329 215/142/325
f 207/134/329 208/135/330 216/143/326
f 208/135/330 209/136/331 217/144/327
f 209/136/331 206/133/79 214/141/78
f 399/326/328 396/323/200 213/140/202
f 207/134/329 213/140/202 212/139/203
f 208/135/330 212/139/203 211/138/205
f 209/136/331 211/138/205 210/137/80
f 400/327/198 403/330/143 182/109/145
f 349/276/74 350/277/333 348/275/332
f 350/277/333 249/176/259 243/170/291
f 352/279/182 347/274/185 348/275/332
f 348/275/332 243/170/291 351/278/292
f 354/281/178 352/279/182 353/280/334
f 355/282/335 353/280/334 351/278/292
f 354/281/178 355/282/335 358/285/336
f 355/282/335 269/196/275 356/283/276
f 360/287/171 357/284/173 358/285/336
f 361/288/337 358/285/336 356/283/276
f 360/287/171 361/288/337 363/290/338
f 363/290/338 361/288/337 359/286/266
f 362/289/169 363/290/338 366/293/339
f 363/290/338 290/217/250 364/291/251
f 367/294/340 365/292/167 366/293/339
f 368/295/341 366/293/339 364/291/251
f 367/294/340 368/295/341 371/298/342
f 368/295/341 299/226/243 369/296/244
f 370/297/164 371/298/342 374/301/343
f 374/301/343 371/298/342 369/296/244
f 376/303/160 373/300/162 374/301/343
f 377/304/344 374/301/343 372/299/239
f 376/303/160 377/304/344 379/306/345
f 379/306/345 377/304/344 375/302/234
f 378/305/158 379/306/345 382/309/346
f 379/306/345 316/243/227 380/307/222
f 384/311/154 381/308/156 382/309/346
f 385/312/347 382/309/346 380/307/222
f 387/314/151 384/311/154 385/312/347
f 385/312/347 383/310/223 386/313/219
f 387/314/151 388/315/348 392/319/349
f 392/319/349 388/315/348 386/313/219
f 394/321/146 389/316/149 391/318/351
f 391/318/351 333/260/206 393/320/207
f 397/324/353 394/321/146 395/322/352
f 398/325/354 395/322/352 393/320/207
f 400/327/198 397/324/353 398/325/354
f 401/328/355 398/325/354 396/323/200
f 403/330/143 400/327/198 401/328/355
f 404/331/356 401/328/355 399/326/328
f 403/330/143 404/331/356 407/334/357
f 404/331/356 402/329/324 405/332/319
f 406/333/196 407/334/357 410/337/358
f 410/337/358 407/334/357 405/332/319
f 412/339/192 409/336/194 410/337/358
f 410/337/358 408/335/315 411/338/316
f 412/339/192 413/340/359 416/343/360
f 413/340/359 411/338/316 414/341/307
f 415/342/190 416/343/360 419/346/361
f 416/343/360 414/341/307 417/344/308
f 418/345/188 419/346/361 421/348/362
f 421/348/362 419/346/361 417/344/308
f 423/350/363 420/347/186 421/348/362
f 421/348/362 238/165/299 422/349/295
f 423/350/363 424/351/364 427/354/365
f 424/351/364 422/349/295 425/352/286
f 426/353/116 427/354/365 430/357/366
f 427/354/365 425/352/286 428/355/280
f 429/356/180 430/357/366 433/360/367
f 430/357/366 428/355/280 431/358/270
f 432/359/368 433/360/367 436/363/369
f 433/360/367 431/358/270 434/361/271
f 435/362/176 436/363/369 350/277/333
f 350/277/333 436/363/369 434/361/271
s 118
f 440/367/370 437/364/373 74/1/371
f 437/364/373 441/368/375 78/5/374
f 441/368/375 443/370/377 80/7/376
f 443/370/377 445/372/726 82/9/378
f 82/9/378 445/372/726 447/374/379
f 447/374/379 449/376/382 86/13/381
f 449/376/382 451/378/384 88/15/383
f 451/378/384 453/380/386 90/17/385
f 453/380/386 455/382/388 92/19/387
f 455/382/388 457/384/390 94/21/389
f 457/384/390 459/386/392 96/23/391
f 459/386/392 461/388/727 98/25/393
f 98/25/393 461/388/727 463/390/394
f 463/390/394 465/392/397 102/29/396
f 465/392/397 467/394/399 104/31/398
f 467/394/399 470/397/728 107/34/400
f 469/396/401 474/401/404 111/38/402
f 474/401/404 476/403/406 113/40/405
f 476/403/406 478/405/408 115/42/407
f 478/405/408 480/407/410 117/44/409
f 480/407/410 482/409/412 119/46/411
f 482/409/412 484/411/414 121/48/413
f 484/411/414 486/413/729 123/50/415
f 123/50/415 486/413/729 488/415/416
f 488/415/416 490/417/419 127/54/418
f 490/417/419 492/419/421 129/56/420
f 492/419/421 494/421/423 131/58/422
f 494/421/423 496/423/730 133/60/424
f 133/60/424 496/423/730 498/425/425
f 498/425/425 500/427/428 137/64/427
f 500/427/428 502/429/430 139/66/429
f 502/429/430 440/367/370 77/4/372
s 145
f 143/70/431 644/571/539 646/573/432
f 477/404/434 503/430/731 511/438/435
f 507/434/437 503/430/731 477/404/434
f 511/438/435 515/442/440 481/408/439
f 515/442/440 519/446/442 483/410/441
f 519/446/442 523/450/677 485/412/443
f 485/412/443 523/450/677 527/454/444
f 527/454/444 531/458/447 489/416/446
f 531/458/447 536/463/452 491/418/448
f 541/468/449 558/485/460 442/369/450
f 536/463/452 550/477/454 493/420/453
f 550/477/454 554/481/458 495/422/455
f 545/472/456 541/468/449 438/365/451
f 554/481/458 562/489/462 497/424/459
f 558/485/460 567/494/643 444/371/461
f 562/489/462 571/498/466 499/426/463
f 444/371/461 567/494/643 575/502/464
f 571/498/466 579/506/536 501/428/467
f 575/502/464 583/510/627 448/375/468
f 197/124/469 199/126/537 723/650/470
f 448/375/468 583/510/627 588/515/472
f 450/377/473 588/515/472 592/519/474
f 592/519/474 597/524/602 454/381/476
f 454/381/476 597/524/602 601/528/477
f 601/528/477 605/532/593 458/385/479
f 458/385/479 605/532/593 609/536/480
f 460/387/481 609/536/480 614/541/482
f 462/389/483 614/541/482 618/545/484
f 464/391/485 618/545/484 622/549/486
f 466/393/487 622/549/486 626/553/488
f 626/553/488 632/559/732 471/398/490
f 472/399/491 633/560/733 640/567/492
f 185/112/494 703/630/550 700/627/495
f 179/106/497 694/621/552 691/618/498
f 177/104/499 691/618/498 687/614/500
f 174/101/502 686/613/708 684/611/503
f 171/98/504 684/611/503 681/608/505
f 169/96/506 681/608/505 678/605/507
f 167/94/508 678/605/507 675/602/509
f 165/92/510 675/602/509 673/600/511
f 162/89/512 673/600/511 670/597/513
f 160/87/514 670/597/513 667/594/515
f 156/83/517 158/85/516 667/594/515
f 156/83/517 664/591/518 662/589/519
f 155/82/520 662/589/519 659/586/521
f 153/80/522 659/586/521 657/584/523
f 151/78/524 657/584/523 654/581/525
f 203/130/527 205/132/538 732/659/528
f 149/76/526 654/581/525 651/578/530
f 203/130/527 729/656/529 726/653/532
f 147/74/531 651/578/530 649/576/534
f 579/506/536 545/472/456 439/366/457
f 201/128/533 726/653/532 723/650/470
f 141/68/433 646/573/432 732/659/528
f 145/72/535 649/576/534 644/571/539
f 197/124/469 720/647/471 717/644/540
f 195/122/541 717/644/540 715/642/542
f 193/120/543 715/642/542 712/639/544
f 191/118/545 712/639/544 709/636/546
f 188/115/547 709/636/546 706/633/548
f 186/113/549 706/633/548 703/630/550
f 473/400/493 640/567/492 507/434/437
f 179/106/497 181/108/690 697/624/551
f 693/620/553 510/437/557 641/568/554
f 509/436/556 642/569/559 641/568/554
f 509/436/556 508/435/560 643/570/558
f 508/435/560 507/434/437 640/567/492
f 641/568/554 635/562/562 631/558/561
f 642/569/559 637/564/563 635/562/562
f 643/570/558 639/566/564 637/564/563
f 640/567/492 633/560/733 639/566/564
f 630/557/565 634/561/568 627/554/566
f 634/561/568 636/563/570 628/555/569
f 636/563/570 638/565/572 629/556/571
f 638/565/572 632/559/732 626/553/488
f 683/610/567 627/554/566 623/550/573
f 628/555/569 624/551/575 623/550/573
f 629/556/571 625/552/576 624/551/575
f 629/556/571 626/553/488 622/549/486
f 623/550/573 619/546/579 677/604/577
f 623/550/573 624/551/575 620/547/578
f 624/551/575 625/552/576 621/548/580
f 625/552/576 622/549/486 618/545/484
f 619/546/579 615/542/582 613/540/581
f 620/547/578 616/543/583 615/542/582
f 621/548/580 617/544/584 616/543/583
f 621/548/580 618/545/484 614/541/482
f 613/540/581 615/542/582 610/537/585
f 615/542/582 616/543/583 611/538/587
f 617/544/584 612/539/588 611/538/587
f 617/544/584 614/541/482 609/536/480
f 672/599/586 610/537/585 606/533/589
f 610/537/585 611/538/587 607/534/591
f 611/538/587 612/539/588 608/535/592
f 612/539/588 609/536/480 605/532/593
f 669/596/590 606/533/589 602/529/594
f 606/533/589 607/534/591 603/530/596
f 608/535/592 604/531/597 603/530/596
f 605/532/593 601/528/477 604/531/597
f 602/529/594 598/525/600 596/523/598
f 602/529/594 603/530/596 599/526/599
f 603/530/596 604/531/597 600/527/601
f 604/531/597 601/528/477 597/524/602
f 596/523/598 598/525/600 593/520/603
f 598/525/600 599/526/599 594/521/605
f 600/527/601 595/522/606 594/521/605
f 600/527/601 597/524/602 592/519/474
f 593/520/603 589/516/609 587/514/607
f 593/520/603 594/521/605 590/517/608
f 594/521/605 595/522/606 591/518/610
f 595/522/606 592/519/474 588/515/472
f 587/514/607 589/516/609 584/511/611
f 589/516/609 590/517/608 585/512/613
f 591/518/610 586/513/614 585/512/613
f 588/515/472 583/510/627 586/513/614
f 546/473/615 549/476/619 580/507/616
f 548/475/618 581/508/621 580/507/616
f 547/474/620 582/509/622 581/508/621
f 545/472/456 579/506/536 582/509/622
f 656/583/612 584/511/611 576/503/623
f 584/511/611 585/512/613 577/504/625
f 585/512/613 586/513/614 578/505/626
f 583/510/627 575/502/464 578/505/626
f 580/507/616 572/499/629 728/655/628
f 581/508/621 573/500/630 572/499/629
f 582/509/622 574/501/631 573/500/630
f 579/506/536 571/498/466 574/501/631
f 576/503/623 568/495/633 566/493/632
f 577/504/625 569/496/634 568/495/633
f 578/505/626 570/497/635 569/496/634
f 575/502/464 567/494/643 570/497/635
f 572/499/629 563/490/637 725/652/636
f 573/500/630 564/491/638 563/490/637
f 574/501/631 565/492/639 564/491/638
f 571/498/466 562/489/462 565/492/639
f 566/493/632 568/495/633 559/486/640
f 569/496/634 560/487/642 559/486/640
f 570/497/635 561/488/644 560/487/642
f 567/494/643 558/485/460 561/488/644
f 563/490/637 555/482/646 722/649/645
f 564/491/638 556/483/648 555/482/646
f 564/491/638 565/492/639 557/484/647
f 562/489/462 554/481/458 557/484/647
f 559/486/640 542/469/650 540/467/649
f 560/487/642 543/470/652 542/469/650
f 560/487/642 561/488/644 544/471/651
f 561/488/644 558/485/460 541/468/449
f 555/482/646 551/478/654 719/646/653
f 556/483/648 552/479/655 551/478/654
f 557/484/647 553/480/656 552/479/655
f 554/481/458 550/477/454 553/480/656
f 551/478/654 537/464/659 535/462/657
f 551/478/654 552/479/655 538/465/658
f 553/480/656 539/466/660 538/465/658
f 550/477/454 536/463/452 539/466/660
f 542/469/650 549/476/619 546/473/615
f 543/470/652 548/475/618 549/476/619
f 544/471/651 547/474/620 548/475/618
f 541/468/449 545/472/456 547/474/620
f 535/462/657 537/464/659 532/459/661
f 538/465/658 533/460/663 532/459/661
f 539/466/660 534/461/664 533/460/663
f 536/463/452 531/458/447 534/461/664
f 532/459/661 528/455/666 711/638/665
f 533/460/663 529/456/667 528/455/666
f 534/461/664 530/457/668 529/456/667
f 531/458/447 527/454/444 530/457/668
f 528/455/666 524/451/670 708/635/669
f 529/456/667 525/452/671 524/451/670
f 530/457/668 526/453/672 525/452/671
f 527/454/444 523/450/677 526/453/672
f 524/451/670 520/447/675 705/632/673
f 524/451/670 525/452/671 521/448/674
f 525/452/671 526/453/672 522/449/676
f 523/450/677 519/446/442 522/449/676
f 520/447/675 516/443/679 702/629/678
f 521/448/674 517/444/680 516/443/679
f 522/449/676 518/445/681 517/444/680
f 519/446/442 515/442/440 518/445/681
f 516/443/679 512/439/683 699/626/682
f 517/444/680 513/440/684 512/439/683
f 518/445/681 514/441/685 513/440/684
f 515/442/440 511/438/435 514/441/685
f 512/439/683 504/431/687 696/623/686
f 513/440/684 505/432/688 504/431/687
f 514/441/685 506/433/689 505/432/688
f 511/438/435 503/430/731 506/433/689
f 696/623/686 504/431/687 510/437/557
f 505/432/688 509/436/556 510/437/557
f 505/432/688 506/433/689 508/435/560
f 506/433/689 503/430/731 507/434/437
f 183/110/496 700/627/495 697/624/551
f 645/572/691 647/574/692 646/573/432
f 540/467/649 546/473/615 647/574/692
f 650/577/693 645/572/691 644/571/539
f 648/575/641 540/467/649 645/572/691
f 652/579/694 650/577/693 649/576/534
f 652/579/694 566/493/632 648/575/641
f 655/582/695 652/579/694 651/578/530
f 653/580/624 566/493/632 652/579/694
f 658/585/696 655/582/695 654/581/525
f 658/585/696 656/583/612 653/580/624
f 660/587/697 658/585/696 657/584/523
f 660/587/697 587/514/607 656/583/612
f 662/589/519 663/590/698 660/587/697
f 661/588/604 587/514/607 660/587/697
f 665/592/699 663/590/698 662/589/519
f 665/592/699 596/523/598 661/588/604
f 668/595/700 665/592/699 664/591/518
f 666/593/595 596/523/598 665/592/699
f 671/598/701 668/595/700 667/594/515
f 671/598/701 669/596/590 666/593/595
f 673/600/511 674/601/702 671/598/701
f 674/601/702 672/599/586 669/596/590
f 675/602/509 676/603/703 674/601/702
f 676/603/703 613/540/581 672/599/586
f 679/606/704 676/603/703 675/602/509
f 677/604/577 613/540/581 676/603/703
f 681/608/505 682/609/705 679/606/704
f 682/609/705 680/607/574 677/604/577
f 684/611/503 685/612/706 682/609/705
f 685/612/706 683/610/567 680/607/574
f 688/615/707 685/612/706 684/611/503
f 688/615/707 630/557/565 683/610/567
f 692/619/709 689/616/710 687/614/500
f 690/617/555 631/558/561 689/616/710
f 694/621/552 695/622/711 692/619/709
f 695/622/711 693/620/553 690/617/555
f 697/624/551 698/625/712 695/622/711
f 698/625/712 696/623/686 693/620/553
f 701/628/713 698/625/712 697/624/551
f 699/626/682 696/623/686 698/625/712
f 704/631/714 701/628/713 700/627/495
f 702/629/678 699/626/682 701/628/713
f 707/634/715 704/631/714 703/630/550
f 705/632/673 702/629/678 704/631/714
f 709/636/546 710/637/716 707/634/715
f 708/635/669 705/632/673 707/634/715
f 712/639/544 713/640/717 710/637/716
f 711/638/665 708/635/669 710/637/716
f 716/643/718 713/640/717 712/639/544
f 714/641/662 711/638/665 713/640/717
f 718/645/719 716/643/718 715/642/542
f 718/645/719 535/462/657 714/641/662
f 720/647/471 721/648/720 718/645/719
f 719/646/653 535/462/657 718/645/719
f 724/651/721 721/648/720 720/647/471
f 722/649/645 719/646/653 721/648/720
f 726/653/532 727/654/722 724/651/721
f 725/652/636 722/649/645 724/651/721
f 730/657/723 727/654/722 726/653/532
f 728/655/628 725/652/636 727/654/722
f 733/660/724 730/657/723 729/656/529
f 731/658/617 728/655/628 730/657/723
f 647/574/692 733/660/724 732/659/528
f 647/574/692 546/473/615 731/658/617
g default
v 513.489557 -115.769380 181.173044
v 513.489557 -115.769380 181.173044
v 511.777121 -49.009550 166.377419
v 511.777177 -49.009550 166.377419
v 514.343631 -115.724025 181.283140
v 514.343631 -115.724025 181.283140
v 512.777876 -48.956414 166.506435
v 512.777876 -48.956414 166.506435
v 515.138275 -115.634917 181.605908
v 515.138275 -115.634917 181.605908
v 513.709044 -48.851997 166.884625
v 513.709044 -48.851997 166.884625
v 515.819423 -115.508108 182.119365
v 515.819423 -115.508108 182.119365
v 514.507131 -48.703417 167.486252
v 514.507074 -48.703417 167.486252
v 516.340513 -115.352262 182.788506
v 516.340513 -115.352262 182.788506
v 515.117732 -48.520799 168.270315
v 515.117675 -48.520799 168.270315
v 516.666160 -115.177982 183.567743
v 516.666160 -115.177982 183.567743
v 515.499364 -48.316586 169.183366
v 515.499308 -48.316586 169.183366
v 516.774125 -114.997148 184.403954
v 516.774125 -114.997148 184.403954
v 515.625785 -48.104704 170.163197
v 515.625728 -48.104704 170.163197
v 516.657017 -114.822092 185.240165
v 516.657017 -114.822092 185.240165
v 515.488641 -47.899581 171.143028
v 515.488585 -47.899581 171.143028
v 516.322848 -114.664737 186.019388
v 516.322848 -114.664737 186.019388
v 515.097075 -47.715198 172.056079
v 515.097019 -47.715198 172.056079
v 515.794478 -114.535804 186.688543
v 515.794478 -114.535804 186.688543
v 514.477896 -47.564128 172.840141
v 514.477840 -47.564128 172.840141
v 515.107742 -114.444086 187.202000
v 515.107742 -114.444086 187.202000
v 513.673262 -47.456657 173.441769
v 513.673206 -47.456657 173.441769
v 514.309542 -114.395832 187.524754
v 514.309542 -114.395832 187.524754
v 512.737975 -47.400113 173.819958
v 512.737918 -47.400120 173.819958
v 513.454283 -114.394329 187.634850
v 513.454283 -114.394329 187.634850
v 511.735808 -47.398356 173.948961
v 511.735808 -47.398356 173.948961
v 512.600153 -114.439677 187.524754
v 512.600153 -114.439677 187.524754
v 512.600153 -114.439677 187.524754
v 510.735053 -47.451493 173.819958
v 510.735053 -47.451493 173.819958
v 510.735109 -47.451493 173.819958
v 511.805509 -114.528792 187.202000
v 511.805509 -114.528792 187.202000
v 509.803885 -47.555910 173.441769
v 509.803942 -47.555910 173.441769
v 511.124417 -114.655594 186.688543
v 511.124417 -114.655594 186.688543
v 509.005855 -47.704489 172.840141
v 509.005911 -47.704489 172.840141
v 510.603327 -114.811447 186.019388
v 510.603327 -114.811447 186.019388
v 508.395197 -47.887108 172.056079
v 508.395254 -47.887108 172.056079
v 510.277681 -114.985727 185.240165
v 510.277681 -114.985727 185.240165
v 508.013621 -48.091321 171.143028
v 508.013678 -48.091314 171.143028
v 510.169659 -115.166554 184.403954
v 510.169659 -115.166554 184.403954
v 507.887144 -48.303203 170.163197
v 507.887201 -48.303203 170.163197
v 510.286824 -115.341617 183.567743
v 510.286824 -115.341617 183.567743
v 508.024288 -48.508326 169.183366
v 508.024344 -48.508326 169.183366
v 510.620936 -115.498972 182.788506
v 510.620936 -115.498972 182.788506
v 508.415854 -48.692708 168.270315
v 508.415910 -48.692701 168.270315
v 511.149363 -115.627897 182.119365
v 511.149363 -115.627897 182.119365
v 509.035033 -48.843778 167.486252
v 509.035146 -48.843778 167.486252
v 511.836098 -115.719616 181.605908
v 511.836098 -115.719616 181.605908
v 509.839667 -48.951250 166.884625
v 509.839723 -48.951243 166.884625
v 512.634242 -115.767870 181.283140
v 512.634242 -115.767870 181.283140
v 510.774954 -49.007787 166.506435
v 510.775011 -49.007787 166.506435
v 513.088453 -100.135244 177.263963
v 513.088453 -100.135244 177.263963
v 513.203192 -104.605126 178.215759
v 513.203192 -104.605126 178.215759
v 514.203890 -104.551990 178.344762
v 514.203890 -104.551990 178.344762
v 514.089209 -100.082107 177.392966
v 514.089209 -100.082107 177.392966
v 515.135058 -104.447573 178.722966
v 515.135058 -104.447573 178.722966
v 515.020376 -99.977690 177.771156
v 515.020376 -99.977690 177.771156
v 515.933089 -104.298986 179.324579
v 515.933089 -104.298986 179.324579
v 515.818407 -99.829111 178.372783
v 515.818407 -99.829111 178.372783
v 516.543746 -104.116374 180.108641
v 516.543746 -104.116374 180.108641
v 516.429008 -99.646492 179.156845
v 516.429008 -99.646492 179.156845
v 516.925322 -103.912161 181.021692
v 516.925322 -103.912161 181.021692
v 516.810640 -99.442279 180.069896
v 516.810640 -99.442279 180.069896
v 517.051799 -103.700272 182.001523
v 517.051799 -103.700272 182.001523
v 516.937061 -99.230397 181.049728
v 516.937061 -99.230397 181.049728
v 516.914655 -103.495156 182.981368
v 516.914655 -103.495156 182.981368
v 516.799917 -99.025274 182.029559
v 516.799917 -99.025274 182.029559
v 516.523090 -103.310774 183.894419
v 516.523090 -103.310774 183.894419
v 516.408352 -98.840892 182.942610
v 516.408352 -98.840892 182.942610
v 515.903910 -103.159704 184.678482
v 515.903910 -103.159704 184.678482
v 515.789172 -98.689822 183.726672
v 515.789172 -98.689822 183.726672
v 515.099276 -103.052232 185.280095
v 515.099276 -103.052232 185.280095
v 514.984595 -98.582350 184.328299
v 514.984595 -98.582350 184.328299
v 514.163989 -102.995689 185.658299
v 514.163989 -102.995689 185.658299
v 514.049307 -98.525813 184.706489
v 514.049307 -98.525813 184.706489
v 513.161823 -102.993925 185.787301
v 513.161823 -102.993925 185.787301
v 513.047141 -98.524050 184.835492
v 513.047141 -98.524050 184.835492
v 512.161124 -103.047068 185.658299
v 512.161124 -103.047068 185.658299
v 512.161124 -103.047068 185.658299
v 512.046386 -98.577186 184.706489
v 512.046386 -98.577186 184.706489
v 512.046386 -98.577186 184.706489
v 511.229956 -103.151485 185.280095
v 511.229956 -103.151485 185.280095
v 511.115218 -98.681603 184.328299
v 511.115218 -98.681603 184.328299
v 510.431925 -103.300065 184.678482
v 510.431925 -103.300065 184.678482
v 510.317187 -98.830183 183.726672
v 510.317187 -98.830183 183.726672
v 509.821268 -103.482684 183.894419
v 509.821268 -103.482684 183.894419
v 509.706586 -99.012801 182.942610
v 509.706586 -99.012801 182.942610
v 509.439636 -103.686890 182.981368
v 509.439636 -103.686890 182.981368
v 509.324954 -99.217007 182.029559
v 509.324954 -99.217007 182.029559
v 509.313215 -103.898778 182.001523
v 509.313215 -103.898778 182.001523
v 509.198533 -99.428896 181.049728
v 509.198533 -99.428896 181.049728
v 509.450359 -104.103902 181.021692
v 509.450359 -104.103902 181.021692
v 509.335677 -99.634019 180.069896
v 509.335677 -99.634019 180.069896
v 509.841924 -104.288277 180.108641
v 509.841924 -104.288277 180.108641
v 509.727243 -99.818402 179.156845
v 509.727243 -99.818402 179.156845
v 510.461104 -104.439354 179.324579
v 510.461104 -104.439354 179.324579
v 510.346422 -99.969472 178.372783
v 510.346422 -99.969472 178.372783
v 511.265738 -104.546819 178.722966
v 511.265738 -104.546819 178.722966
v 511.151000 -100.076936 177.771156
v 511.151000 -100.076936 177.771156
v 512.201025 -104.603362 178.344762
v 512.201025 -104.603362 178.344762
v 512.086287 -100.133480 177.392966
v 512.086287 -100.133480 177.392966
v 512.130478 -104.661133 178.081959
v 512.130478 -104.661133 178.081959
v 512.015796 -100.191251 177.130149
v 512.015740 -100.191251 177.130149
v 513.089977 -100.193142 176.991877
v 513.089977 -100.193142 176.991877
v 513.204659 -104.663031 177.943672
v 513.204659 -104.663031 177.943672
v 511.128029 -104.600526 178.487324
v 511.128029 -104.600526 178.487324
v 511.013348 -100.130644 177.535514
v 511.013291 -100.130644 177.535514
v 510.265490 -104.485337 179.132196
v 510.265490 -104.485337 179.132196
v 510.150865 -100.015454 178.180387
v 510.150809 -100.015454 178.180387
v 509.601838 -104.323402 179.972598
v 509.601838 -104.323402 179.972598
v 509.487156 -99.853520 179.020802
v 509.487100 -99.853527 179.020802
v 509.182110 -104.125771 180.951272
v 509.182110 -104.125771 180.951272
v 509.067485 -99.655889 179.999476
v 509.067428 -99.655896 179.999476
v 509.035146 -103.905911 182.001523
v 509.035146 -103.905911 182.001523
v 508.920464 -99.436028 181.049728
v 508.920408 -99.436028 181.049728
v 509.170653 -103.678798 183.051789
v 509.170653 -103.678798 183.051789
v 509.056028 -99.208916 182.099979
v 509.055971 -99.208916 182.099979
v 509.579658 -103.459911 184.030463
v 509.579658 -103.459911 184.030463
v 509.465033 -98.990029 183.078653
v 509.464976 -98.990029 183.078653
v 510.234167 -103.264163 184.870864
v 510.234167 -103.264163 184.870864
v 510.119542 -98.794281 183.919069
v 510.119486 -98.794288 183.919069
v 511.089652 -103.104910 185.515737
v 511.089652 -103.104910 185.515737
v 510.974970 -98.635028 184.563941
v 510.974914 -98.635028 184.563941
v 512.087698 -102.992987 185.921101
v 512.087698 -102.992987 185.921101
v 512.087698 -102.992987 185.921101
v 511.973016 -98.523104 184.969306
v 511.973016 -98.523104 184.969306
v 511.972960 -98.523104 184.969306
v 513.160355 -102.936027 186.059388
v 513.160355 -102.936027 186.059388
v 513.045730 -98.466145 185.107578
v 513.045617 -98.466152 185.107578
v 514.234536 -102.937917 185.921101
v 514.234536 -102.937917 185.921101
v 514.119855 -98.468035 184.969306
v 514.119911 -98.468035 184.969306
v 515.237041 -102.998525 185.515737
v 515.237041 -102.998525 185.515737
v 515.122303 -98.528642 184.563941
v 515.122360 -98.528642 184.563941
v 516.099524 -103.113714 184.870864
v 516.099524 -103.113714 184.870864
v 515.984786 -98.643839 183.919069
v 515.984842 -98.643832 183.919069
v 516.763176 -103.275648 184.030463
v 516.763176 -103.275648 184.030463
v 516.648495 -98.805766 183.078653
v 516.648551 -98.805766 183.078653
v 517.182904 -103.473280 183.051789
v 517.182904 -103.473280 183.051789
v 517.068166 -99.003397 182.099979
v 517.068223 -99.003397 182.099979
v 517.329868 -103.693140 182.001523
v 517.329868 -103.693140 182.001523
v 517.215187 -99.223265 181.049728
v 517.215243 -99.223258 181.049728
v 517.194361 -103.920260 180.951272
v 517.194361 -103.920260 180.951272
v 517.079623 -99.450378 179.999476
v 517.079680 -99.450378 179.999476
v 516.785356 -104.139147 179.972598
v 516.785356 -104.139147 179.972598
v 516.670618 -99.669265 179.020802
v 516.670675 -99.669265 179.020802
v 516.130847 -104.334888 179.132196
v 516.130847 -104.334888 179.132196
v 516.016109 -99.865005 178.180387
v 516.016165 -99.865005 178.180387
v 515.275362 -104.494148 178.487324
v 515.275362 -104.494148 178.487324
v 515.160681 -100.024266 177.535514
v 515.160737 -100.024266 177.535514
v 514.277316 -104.606064 178.081959
v 514.277316 -104.606064 178.081959
v 514.162634 -100.136182 177.130149
v 514.162691 -100.136182 177.130149
v 513.454396 -114.396375 180.300671
v 513.454396 -114.396375 180.300671
v 514.455095 -114.343239 180.429673
v 514.455095 -114.343239 180.429673
v 512.452230 -114.394611 180.429673
v 512.452230 -114.394611 180.429673
v 515.386263 -114.238822 180.807877
v 515.386263 -114.238822 180.807877
v 516.184350 -114.090235 181.409505
v 516.184350 -114.090242 181.409505
v 516.794951 -113.907623 182.193553
v 516.794951 -113.907623 182.193567
v 517.176583 -113.703410 183.106618
v 517.176583 -113.703410 183.106618
v 517.303004 -113.491521 184.086449
v 517.303004 -113.491521 184.086449
v 517.165860 -113.286405 185.066280
v 517.165860 -113.286405 185.066280
v 516.774294 -113.102023 185.979331
v 516.774294 -113.102023 185.979331
v 516.155115 -112.950953 186.763393
v 516.155115 -112.950953 186.763393
v 515.350481 -112.843481 187.365007
v 515.350481 -112.843481 187.365021
v 514.415194 -112.786938 187.743210
v 514.415194 -112.786938 187.743210
v 513.413027 -112.785174 187.872213
v 513.413027 -112.785181 187.872213
v 512.412328 -112.838317 187.743210
v 512.412328 -112.838317 187.743210
v 512.412328 -112.838317 187.743210
v 511.481161 -112.942734 187.365021
v 511.481161 -112.942734 187.365007
v 510.683130 -113.091314 186.763393
v 510.683130 -113.091314 186.763393
v 510.072473 -113.273932 185.979331
v 510.072473 -113.273932 185.979331
v 509.690897 -113.478139 185.066280
v 509.690897 -113.478139 185.066280
v 509.564420 -113.690027 184.086449
v 509.564420 -113.690027 184.086449
v 509.701564 -113.895151 183.106618
v 509.701564 -113.895151 183.106618
v 510.093129 -114.079526 182.193567
v 510.093129 -114.079526 182.193553
v 510.712365 -114.230603 181.409505
v 510.712365 -114.230603 181.409505
v 511.516942 -114.338068 180.807877
v 511.516942 -114.338068 180.807877
v 513.493395 -115.919095 180.469462
v 513.493395 -115.919095 180.469462
v 514.533431 -115.863871 180.603530
v 514.533431 -115.863871 180.603530
v 515.501170 -115.755355 180.996577
v 515.501170 -115.755355 180.996577
v 516.330580 -115.600934 181.621852
v 516.330580 -115.600934 181.621852
v 516.965167 -115.411148 182.436715
v 516.965167 -115.411148 182.436715
v 517.361756 -115.198914 183.385632
v 517.361756 -115.198914 183.385632
v 517.493256 -114.978700 184.403954
v 517.493256 -114.978700 184.403954
v 517.350637 -114.765520 185.422276
v 517.350637 -114.765520 185.422276
v 516.943721 -114.573900 186.371193
v 516.943721 -114.573900 186.371193
v 516.300217 -114.416897 187.186056
v 516.300217 -114.416897 187.186056
v 515.463978 -114.305200 187.811317
v 515.463978 -114.305200 187.811317
v 514.491949 -114.246441 188.204364
v 514.491949 -114.246441 188.204364
v 513.450446 -114.244606 188.338432
v 513.450446 -114.244606 188.338432
v 512.410409 -114.299831 188.204364
v 512.410409 -114.299831 188.204364
v 512.410409 -114.299831 188.204364
v 511.442670 -114.408354 187.811317
v 511.442670 -114.408354 187.811317
v 510.613260 -114.562768 187.186056
v 510.613260 -114.562768 187.186056
v 509.978617 -114.752561 186.371193
v 509.978617 -114.752561 186.371193
v 509.582085 -114.964795 185.422276
v 509.582085 -114.964795 185.422276
v 509.450585 -115.185002 184.403954
v 509.450585 -115.185002 184.403954
v 509.593146 -115.398181 183.385632
v 509.593146 -115.398181 183.385632
v 510.000120 -115.589809 182.436715
v 510.000120 -115.589809 182.436715
v 510.643624 -115.746812 181.621852
v 510.643624 -115.746812 181.621852
v 511.479806 -115.858502 180.996577
v 511.479806 -115.858502 180.996577
v 512.451891 -115.917268 180.603530
v 512.451891 -115.917268 180.603530
v 514.495223 -114.372798 180.286025
v 514.495166 -114.372798 180.286025
v 515.462962 -114.264275 180.679072
v 515.462905 -114.264275 180.679072
v 516.292372 -114.109861 181.304347
v 516.292316 -114.109861 181.304347
v 516.927015 -113.920068 182.119210
v 516.926959 -113.920068 182.119210
v 517.323547 -113.707833 183.068127
v 517.323547 -113.707841 183.068127
v 517.455047 -113.487627 184.086449
v 517.454991 -113.487627 184.086449
v 517.312486 -113.274447 185.104771
v 517.312373 -113.274447 185.104771
v 516.905512 -113.082820 186.053688
v 516.905456 -113.082827 186.053688
v 516.262008 -112.925817 186.868551
v 516.261952 -112.925817 186.868551
v 515.425769 -112.814126 187.493812
v 515.425713 -112.814126 187.493812
v 514.453741 -112.755361 187.886859
v 514.453684 -112.755361 187.886859
v 513.412237 -112.753533 188.020927
v 513.412181 -112.753533 188.020927
v 512.372145 -112.808758 187.886859
v 512.372145 -112.808758 187.886859
v 512.372201 -112.808758 187.886859
v 511.404405 -112.917274 187.493812
v 511.404462 -112.917274 187.493812
v 510.574995 -113.071695 186.868551
v 510.575052 -113.071695 186.868551
v 509.940408 -113.261488 186.053688
v 509.940465 -113.261481 186.053688
v 509.543820 -113.473715 185.104771
v 509.543876 -113.473715 185.104771
v 509.412320 -113.693929 184.086449
v 509.412376 -113.693929 184.086449
v 509.554938 -113.907108 183.068127
v 509.554995 -113.907108 183.068127
v 509.961855 -114.098729 182.119210
v 509.961911 -114.098729 182.119210
v 510.605359 -114.255739 181.304347
v 510.605415 -114.255732 181.304347
v 511.441598 -114.367429 180.679072
v 511.441654 -114.367429 180.679072
v 513.455186 -114.428022 180.151957
v 513.455130 -114.428022 180.151957
v 512.413626 -114.426188 180.286025
v 512.413683 -114.426188 180.286025
v 513.994280 -135.444782 185.362663
v 513.994224 -135.444782 185.362663
v 514.848410 -135.399434 185.472759
v 514.848297 -135.399434 185.472759
v 515.643055 -135.310318 185.795513
v 515.642998 -135.310318 185.795513
v 516.324146 -135.183503 186.308970
v 516.324090 -135.183503 186.308970
v 516.845237 -135.027650 186.978125
v 516.845180 -135.027664 186.978125
v 517.170883 -134.853370 187.757348
v 517.170827 -134.853384 187.757348
v 517.278849 -134.672543 188.593559
v 517.278792 -134.672543 188.593559
v 517.161740 -134.497487 189.429770
v 517.161684 -134.497501 189.429770
v 516.827628 -134.340138 190.209007
v 516.827572 -134.340138 190.209007
v 516.299201 -134.211206 190.878148
v 516.299144 -134.211206 190.878148
v 515.612466 -134.119481 191.391605
v 515.612409 -134.119481 191.391605
v 514.814322 -134.071226 191.714373
v 514.814265 -134.071226 191.714373
v 513.958950 -134.069731 191.824469
v 513.959007 -134.069731 191.824469
v 513.104877 -134.115078 191.714373
v 513.104877 -134.115078 191.714373
v 513.104933 -134.115078 191.714373
v 512.310232 -134.204194 191.391605
v 512.310289 -134.204194 191.391605
v 511.629084 -134.330995 190.878148
v 511.629141 -134.330995 190.878148
v 511.107994 -134.486848 190.209007
v 511.108050 -134.486848 190.209007
v 510.782348 -134.661128 189.429770
v 510.782404 -134.661128 189.429770
v 510.674382 -134.841955 188.593559
v 510.674439 -134.841955 188.593559
v 510.791491 -135.017011 187.757348
v 510.791547 -135.017011 187.757348
v 511.125603 -135.174374 186.978125
v 511.125715 -135.174360 186.978125
v 511.654030 -135.303292 186.308970
v 511.654086 -135.303292 186.308970
v 512.340765 -135.395018 185.795513
v 512.340822 -135.395018 185.795513
v 513.138909 -135.443272 185.472759
v 513.139022 -135.443272 185.472759
v 510.740132 -104.949390 184.759329
v 510.740189 -104.949390 184.759329
v 510.820330 -108.076256 185.425140
v 510.820330 -108.076256 185.425140
v 510.188848 -105.114273 184.051429
v 510.188848 -105.114273 184.051429
v 510.269046 -108.241132 184.717254
v 510.269046 -108.241132 184.717254
v 509.844295 -105.298648 183.227056
v 509.844351 -105.298641 183.227056
v 509.924493 -108.425508 183.892881
v 509.924493 -108.425508 183.892881
v 509.730121 -105.489951 182.342408
v 509.730121 -105.489951 182.342408
v 509.810319 -108.616811 183.008219
v 509.810319 -108.616811 183.008219
v 509.853946 -105.675152 181.457745
v 509.854002 -105.675145 181.457745
v 509.934200 -108.802011 182.123570
v 509.934200 -108.802011 182.123570
v 510.207472 -105.841615 180.633372
v 510.207529 -105.841615 180.633372
v 510.287670 -108.968482 181.299197
v 510.287670 -108.968482 181.299197
v 510.766489 -105.978018 179.925472
v 510.766545 -105.978018 179.925472
v 510.846687 -109.104878 180.591297
v 510.846687 -109.104878 180.591297
v 512.417634 -109.252957 179.706649
v 512.417634 -109.252957 179.706649
v 512.337435 -106.126097 179.040823
v 512.337492 -106.126097 179.040823
v 511.493013 -106.075049 179.382286
v 511.493013 -106.075049 179.382286
v 511.573211 -109.201909 180.048111
v 511.573211 -109.201909 180.048111
v 513.242246 -106.127691 178.924364
v 513.242303 -106.127684 178.924364
v 513.322445 -109.254551 179.590189
v 513.322445 -109.254551 179.590189
v 515.066655 -109.112299 180.048111
v 515.066655 -109.112299 180.048111
v 514.986514 -105.985433 179.382286
v 514.986457 -105.985440 179.382286
v 514.145816 -106.079712 179.040823
v 514.145760 -106.079712 179.040823
v 514.225958 -109.206572 179.706649
v 514.225958 -109.206572 179.706649
v 513.324420 -109.332802 179.222454
v 513.324476 -109.332802 179.222454
v 513.244222 -106.205935 178.556629
v 513.244278 -106.205935 178.556629
v 512.242112 -106.204179 178.685632
v 512.242168 -106.204172 178.685632
v 512.322366 -109.331038 179.351457
v 512.322310 -109.331038 179.351457
v 514.325175 -109.279666 179.351457
v 514.325232 -109.279659 179.351457
v 514.245034 -106.152799 178.685632
v 514.244977 -106.152799 178.685632
v 515.176201 -106.048382 179.063836
v 515.176145 -106.048382 179.063836
v 515.256343 -109.175249 179.729661
v 515.256399 -109.175242 179.729661
v 516.054374 -109.026662 180.331274
v 516.054430 -109.026662 180.331274
v 515.974232 -105.899802 179.665449
v 515.974176 -105.899802 179.665449
v 516.665031 -108.844050 181.115336
v 516.665087 -108.844043 181.115336
v 516.584889 -105.717184 180.449511
v 516.584833 -105.717184 180.449511
v 517.046607 -108.639837 182.028388
v 517.046663 -108.639837 182.028388
v 516.966465 -105.512978 181.362562
v 516.966409 -105.512978 181.362562
v 517.173084 -108.427949 183.008219
v 517.173141 -108.427949 183.008219
v 517.092942 -105.301089 182.342408
v 517.092830 -105.301089 182.342408
v 517.035940 -108.222832 183.988064
v 517.035997 -108.222825 183.988064
v 516.955799 -105.095966 183.322239
v 516.955686 -105.095966 183.322239
v 516.644375 -108.038450 184.901115
v 516.644431 -108.038450 184.901115
v 516.564233 -104.911583 184.235290
v 516.564120 -104.911590 184.235290
v 516.025139 -107.887380 185.685177
v 516.025195 -107.887373 185.685177
v 515.944997 -104.760513 185.019352
v 515.944941 -104.760513 185.019352
v 515.220561 -107.779908 186.286790
v 515.220618 -107.779908 186.286790
v 515.140420 -104.653049 185.620965
v 515.140363 -104.653049 185.620965
v 514.285274 -107.723365 186.664994
v 514.285330 -107.723365 186.664994
v 514.205132 -104.596505 185.999169
v 514.205076 -104.596505 185.999169
v 513.283164 -107.721601 186.793997
v 513.283107 -107.721601 186.793997
v 513.202909 -104.594741 186.128172
v 513.202966 -104.594741 186.128172
v 512.282409 -107.774744 186.664994
v 512.282409 -107.774744 186.664994
v 512.282352 -107.774744 186.664994
v 512.202154 -104.647878 185.999169
v 512.202154 -104.647878 185.999169
v 512.202210 -104.647878 185.999169
v 511.351241 -107.879161 186.286790
v 511.351185 -107.879161 186.286790
v 511.270986 -104.752295 185.620965
v 511.271043 -104.752295 185.620965
v 510.553210 -108.027741 185.685177
v 510.553154 -108.027741 185.685177
v 510.472956 -104.900874 185.019352
v 510.473012 -104.900874 185.019352
v 509.942609 -108.210360 184.901115
v 509.942553 -108.210360 184.901115
v 509.862355 -105.083493 184.235290
v 509.862355 -105.083493 184.235290
v 509.560977 -108.414566 183.988064
v 509.560920 -108.414566 183.988064
v 509.480722 -105.287706 183.322239
v 509.480779 -105.287706 183.322239
v 509.434556 -108.626454 183.008219
v 509.434500 -108.626454 183.008219
v 509.354302 -105.499588 182.342408
v 509.354358 -105.499588 182.342408
v 509.571700 -108.831571 182.028388
v 509.571644 -108.831578 182.028388
v 509.491446 -105.704711 181.362562
v 509.491502 -105.704711 181.362562
v 509.963266 -109.015953 181.115336
v 509.963209 -109.015953 181.115336
v 509.883011 -105.889093 180.449511
v 509.883068 -105.889093 180.449511
v 510.582445 -109.167023 180.331274
v 510.582389 -109.167030 180.331274
v 510.502190 -106.040163 179.665449
v 510.502247 -106.040163 179.665449
v 511.387079 -109.274495 179.729661
v 511.387023 -109.274495 179.729661
v 511.306824 -106.147635 179.063836
v 511.306824 -106.147635 179.063836
v 511.540872 -107.942104 185.968340
v 511.540872 -107.942104 185.968340
v 511.460674 -104.815244 185.302515
v 511.460730 -104.815244 185.302515
v 512.381570 -107.847831 186.309803
v 512.381570 -107.847831 186.309803
v 512.381570 -107.847831 186.309803
v 512.301372 -104.720972 185.643978
v 512.301372 -104.720972 185.643978
v 512.301428 -104.720972 185.643978
v 513.285139 -107.799852 186.426262
v 513.285139 -107.799852 186.426262
v 513.204885 -104.672992 185.760437
v 513.204998 -104.672992 185.760437
v 514.189950 -107.801446 186.309803
v 514.189950 -107.801446 186.309803
v 514.109809 -104.674580 185.643978
v 514.109696 -104.674587 185.643978
v 515.034373 -107.852494 185.968340
v 515.034373 -107.852494 185.968340
v 514.954231 -104.725635 185.302515
v 514.954175 -104.725635 185.302515
v 515.760841 -107.949525 185.425140
v 515.760841 -107.949525 185.425140
v 515.680699 -104.822665 184.759329
v 515.680642 -104.822665 184.759329
v 516.319857 -108.085921 184.717254
v 516.319857 -108.085921 184.717254
v 516.239715 -104.959062 184.051429
v 516.239659 -104.959062 184.051429
v 516.673384 -108.252392 183.892881
v 516.673384 -108.252392 183.892881
v 516.593242 -105.125532 183.227056
v 516.593186 -105.125532 183.227056
v 516.797265 -108.437592 183.008219
v 516.797265 -108.437592 183.008219
v 516.717123 -105.310726 182.342408
v 516.717067 -105.310733 182.342408
v 516.683035 -108.628895 182.123570
v 516.683035 -108.628895 182.123570
v 516.602893 -105.502036 181.457745
v 516.602836 -105.502036 181.457745
v 516.338538 -108.813271 181.299197
v 516.338538 -108.813271 181.299197
v 516.258396 -105.686411 180.633372
v 516.258340 -105.686411 180.633372
v 515.787253 -108.978154 180.591297
v 515.787253 -108.978154 180.591297
v 515.707112 -105.851287 179.925472
v 515.706999 -105.851287 179.925472
v 511.741904 -105.608506 185.227368
v 511.741904 -105.608506 185.227368
v 513.583808 -105.388596 186.038252
v 513.583808 -105.388596 186.038252
v 511.735018 -105.879513 185.331002
v 511.735018 -105.879513 185.331002
v 513.579688 -105.550438 186.100150
v 513.579688 -105.550438 186.100150
v 511.700986 -106.091247 185.506876
v 511.700986 -106.091247 185.506876
v 513.559371 -105.676887 186.205181
v 513.559371 -105.676887 186.205181
v 511.645056 -106.211473 185.728211
v 511.645056 -106.211473 185.728211
v 513.525959 -105.748683 186.337344
v 513.525959 -105.748683 186.337344
v 511.575694 -106.221879 185.961299
v 511.575694 -106.221879 185.961299
v 513.484534 -105.754905 186.476562
v 513.484534 -105.754905 186.476548
v 511.503510 -106.120883 186.170684
v 511.503510 -106.120883 186.170684
v 511.503510 -106.120883 186.170684
v 511.503510 -106.120883 186.170684
v 513.441416 -105.694587 186.601600
v 513.441416 -105.694587 186.601600
v 511.439397 -105.923866 186.324462
v 511.439397 -105.923866 186.324462
v 511.439397 -105.923866 186.324462
v 513.403094 -105.576929 186.693439
v 513.403094 -105.576929 186.693439
v 511.393174 -105.660816 186.399228
v 511.393174 -105.660816 186.399228
v 513.375553 -105.419834 186.738095
v 513.375553 -105.419834 186.738095
v 511.371897 -105.371791 186.383609
v 511.371897 -105.371791 186.383609
v 513.362798 -105.247219 186.728755
v 513.362798 -105.247219 186.728755
v 511.378783 -105.100777 186.279975
v 511.378783 -105.100777 186.279975
v 513.366974 -105.085376 186.666871
v 513.366974 -105.085376 186.666871
v 511.412815 -104.889043 186.104101
v 511.412815 -104.889043 186.104101
v 511.412815 -104.889043 186.104101
v 513.387235 -104.958928 186.561840
v 513.387235 -104.958928 186.561840
v 511.468801 -104.768817 185.882766
v 511.468801 -104.768817 185.882766
v 511.468801 -104.768817 185.882766
v 511.468801 -104.768817 185.882766
v 513.420703 -104.887132 186.429663
v 513.420703 -104.887132 186.429663
v 511.538163 -104.758411 185.649678
v 511.538163 -104.758411 185.649678
v 513.462128 -104.880909 186.290445
v 513.462128 -104.880909 186.290445
v 511.610403 -104.859399 185.440308
v 511.610403 -104.859399 185.440308
v 513.505247 -104.941227 186.165407
v 513.505247 -104.941227 186.165407
v 511.674460 -105.056424 185.286529
v 511.674460 -105.056424 185.286529
v 513.543512 -105.058886 186.073582
v 513.543512 -105.058886 186.073582
v 511.720683 -105.319473 185.211749
v 511.720683 -105.319473 185.211749
v 513.571110 -105.215981 186.028926
v 513.571110 -105.215981 186.028926
v 513.651421 -105.707279 185.909024
v 513.651421 -105.707279 185.909024
v 513.658363 -105.436257 185.805376
v 513.658363 -105.436257 185.805376
v 513.617389 -105.919012 186.084884
v 513.617389 -105.919012 186.084884
v 513.561459 -106.039232 186.306219
v 513.561459 -106.039232 186.306219
v 513.492097 -106.049645 186.539321
v 513.492097 -106.049645 186.539321
v 513.492097 -106.049645 186.539321
v 513.419856 -105.948649 186.748706
v 513.419856 -105.948649 186.748706
v 513.419856 -105.948649 186.748706
v 513.419856 -105.948649 186.748706
v 513.355743 -105.751625 186.902470
v 513.355743 -105.751625 186.902470
v 513.309577 -105.488582 186.977250
v 513.309577 -105.488582 186.977250
v 513.288300 -105.199543 186.961617
v 513.288300 -105.199543 186.961617
v 513.295185 -104.928536 186.857997
v 513.295185 -104.928536 186.857997
v 513.329217 -104.716802 186.682123
v 513.329217 -104.716802 186.682123
v 513.329217 -104.716802 186.682123
v 513.329217 -104.716802 186.682123
v 513.385203 -104.596576 186.460802
v 513.385203 -104.596576 186.460802
v 513.454566 -104.586170 186.227686
v 513.454566 -104.586170 186.227686
v 513.454566 -104.586170 186.227686
v 513.526806 -104.687165 186.018316
v 513.526806 -104.687165 186.018316
v 513.590863 -104.884183 185.864537
v 513.590863 -104.884183 185.864537
v 513.637085 -105.147232 185.789771
v 513.637085 -105.147232 185.789771
v 513.876325 -105.523778 186.189618
v 513.876325 -105.523778 186.189618
v 513.880445 -105.361929 186.127734
v 513.880445 -105.361929 186.127734
v 513.856008 -105.650227 186.294649
v 513.856008 -105.650227 186.294649
v 513.822653 -105.722023 186.426827
v 513.822653 -105.722023 186.426827
v 513.781171 -105.728238 186.566030
v 513.781171 -105.728238 186.566030
v 513.738053 -105.667921 186.691083
v 513.738053 -105.667921 186.691083
v 513.699788 -105.550262 186.782921
v 513.699788 -105.550262 186.782921
v 513.672246 -105.393167 186.827577
v 513.672246 -105.393167 186.827577
v 513.659491 -105.220566 186.818237
v 513.659491 -105.220566 186.818237
v 513.663668 -105.058710 186.756353
v 513.663668 -105.058710 186.756353
v 513.683929 -104.932261 186.651322
v 513.683929 -104.932261 186.651322
v 513.717340 -104.860465 186.519145
v 513.717340 -104.860465 186.519145
v 513.758765 -104.854249 186.379927
v 513.758765 -104.854249 186.379927
v 513.801940 -104.914567 186.254889
v 513.801940 -104.914567 186.254889
v 513.840149 -105.032226 186.163064
v 513.840149 -105.032226 186.163064
v 513.867747 -105.189321 186.118394
v 513.867747 -105.189321 186.118394
v 514.685700 -78.885467 180.500348
v 514.685644 -78.885467 180.500348
v 514.537269 -73.099151 179.268225
v 514.537212 -73.099151 179.268225
v 515.576063 -79.004381 179.834621
v 515.576007 -79.004381 179.834621
v 515.427632 -73.218066 178.602499
v 515.427575 -73.218080 178.602499
v 516.261218 -79.171550 178.967045
v 516.261162 -79.171550 178.967045
v 516.112787 -73.385234 177.734923
v 516.112730 -73.385234 177.734923
v 516.694435 -79.375573 177.956709
v 516.694379 -79.375573 177.956709
v 516.546004 -73.589257 176.724587
v 516.545947 -73.589257 176.724587
v 516.846253 -79.602552 176.872497
v 516.846196 -79.602552 176.872497
v 516.697821 -73.816236 175.640374
v 516.697765 -73.816236 175.640374
v 516.706287 -79.837008 175.788270
v 516.706230 -79.837008 175.788270
v 516.557855 -74.050693 174.556161
v 516.557799 -74.050693 174.556161
v 516.284076 -80.062971 174.777948
v 516.284019 -80.062971 174.777948
v 516.135644 -74.276670 173.545826
v 516.135588 -74.276670 173.545826
v 515.608402 -80.265047 173.910358
v 515.608346 -80.265047 173.910358
v 515.459971 -74.478731 172.678249
v 515.459914 -74.478731 172.678249
v 514.725263 -80.429464 173.244645
v 514.725207 -80.429464 173.244645
v 514.576888 -74.643149 172.012523
v 514.576832 -74.643149 172.012523
v 513.694934 -80.544993 172.826145
v 513.694878 -80.545007 172.826145
v 513.546503 -74.758691 171.594023
v 513.546446 -74.758691 171.594023
v 512.587568 -80.603801 172.683399
v 512.587511 -80.603801 172.683399
v 512.439080 -74.817485 171.451277
v 512.439136 -74.817485 171.451277
v 511.330190 -74.815538 171.594023
v 511.330246 -74.815538 171.594023
v 511.478621 -80.601854 172.826145
v 511.478678 -80.601854 172.826145
v 511.583088 -80.516209 173.215721
v 511.583200 -80.516209 173.215721
v 511.434769 -74.729894 171.983613
v 511.434825 -74.729894 171.983613
v 512.436879 -74.731657 171.854610
v 512.436935 -74.731657 171.854610
v 512.585367 -80.517973 173.086718
v 512.585254 -80.517973 173.086718
v 513.437691 -74.678521 171.983613
v 513.437634 -74.678521 171.983613
v 513.586122 -80.464837 173.215721
v 513.586009 -80.464837 173.215721
v 514.368858 -74.574111 172.361803
v 514.368802 -74.574111 172.361803
v 514.517290 -80.360413 173.593925
v 514.517177 -80.360413 173.593925
v 515.166889 -74.425525 172.963430
v 515.166833 -74.425525 172.963430
v 515.315320 -80.211840 174.195538
v 515.315208 -80.211840 174.195552
v 515.777546 -74.242906 173.747492
v 515.777490 -74.242906 173.747492
v 515.925978 -80.029221 174.979600
v 515.925865 -80.029221 174.979614
v 516.159122 -74.038700 174.660543
v 516.159066 -74.038700 174.660543
v 516.307554 -79.825015 175.892665
v 516.307441 -79.825015 175.892665
v 516.285599 -73.826818 175.640374
v 516.285543 -73.826818 175.640374
v 516.433974 -79.613120 176.872497
v 516.433862 -79.613120 176.872497
v 516.148456 -73.621695 176.620205
v 516.148399 -73.621695 176.620205
v 516.296831 -79.407996 177.852328
v 516.296718 -79.408010 177.852328
v 515.756890 -73.437312 177.533256
v 515.756833 -73.437312 177.533256
v 515.905265 -79.223614 178.765379
v 515.905152 -79.223628 178.765379
v 515.137654 -73.286243 178.317319
v 515.137598 -73.286243 178.317319
v 515.286086 -79.072544 179.549441
v 515.285973 -79.072558 179.549441
v 514.333077 -73.178771 178.918946
v 514.333020 -73.178771 178.918946
v 514.481508 -78.965086 180.151054
v 514.481395 -78.965086 180.151068
v 513.397789 -73.122220 179.297136
v 513.397733 -73.122234 179.297136
v 513.546221 -78.908536 180.529258
v 513.546108 -78.908536 180.529258
v 512.395566 -73.120471 179.426138
v 512.395623 -73.120471 179.426138
v 512.543941 -78.906772 180.658261
v 512.544054 -78.906772 180.658261
v 511.394811 -73.173607 179.297136
v 511.394811 -73.173607 179.297136
v 511.394867 -73.173607 179.297136
v 511.543186 -78.959922 180.529258
v 511.543186 -78.959922 180.529258
v 511.543299 -78.959908 180.529258
v 510.463643 -73.278017 178.918946
v 510.463700 -73.278017 178.918946
v 510.612018 -79.064332 180.151068
v 510.612131 -79.064332 180.151054
v 509.665613 -73.426603 178.317319
v 509.665669 -73.426603 178.317319
v 509.813988 -79.212919 179.549441
v 509.814101 -79.212905 179.549441
v 509.055012 -73.609222 177.533256
v 509.055068 -73.609222 177.533256
v 509.203387 -79.395538 178.765379
v 509.203500 -79.395524 178.765379
v 508.673379 -73.813428 176.620205
v 508.673436 -73.813428 176.620205
v 508.821754 -79.599744 177.852328
v 508.821867 -79.599744 177.852328
v 508.546959 -74.025310 175.640374
v 508.547015 -74.025310 175.640374
v 508.695334 -79.811625 176.872497
v 508.695447 -79.811625 176.872497
v 508.684103 -74.230433 174.660543
v 508.684159 -74.230433 174.660543
v 508.832478 -80.016749 175.892665
v 508.832590 -80.016749 175.892665
v 509.075668 -74.414816 173.747492
v 509.075725 -74.414816 173.747492
v 509.224043 -80.201131 174.979614
v 509.224156 -80.201131 174.979600
v 509.694847 -74.565885 172.963430
v 509.694904 -74.565885 172.963430
v 509.843222 -80.352201 174.195552
v 509.843335 -80.352201 174.195538
v 510.499425 -74.673357 172.361803
v 510.499538 -74.673357 172.361803
v 510.647800 -80.459673 173.593925
v 510.647913 -80.459673 173.593925
v 513.502312 -73.036590 179.686726
v 513.502256 -73.036590 179.686726
v 513.650743 -78.822905 180.918834
v 513.650687 -78.822905 180.918834
v 512.393365 -73.034643 179.829471
v 512.393422 -73.034643 179.829471
v 512.541797 -78.820944 181.061594
v 512.541853 -78.820944 181.061594
v 511.285999 -73.093437 179.686726
v 511.285999 -73.093437 179.686726
v 511.286055 -73.093437 179.686726
v 511.434430 -78.879752 180.918834
v 511.434430 -78.879752 180.918834
v 511.434487 -78.879752 180.918834
v 510.255670 -73.208979 179.268225
v 510.255726 -73.208979 179.268225
v 510.404101 -78.995295 180.500348
v 510.404158 -78.995295 180.500348
v 509.372531 -73.373383 178.602499
v 509.372587 -73.373383 178.602499
v 509.520963 -79.159698 179.834621
v 509.521019 -79.159698 179.834621
v 508.696857 -73.575458 177.734923
v 508.696914 -73.575458 177.734923
v 508.845289 -79.361774 178.967045
v 508.845345 -79.361774 178.967045
v 508.274703 -73.801421 176.724587
v 508.274703 -73.801421 176.724587
v 508.423078 -79.587737 177.956709
v 508.423134 -79.587737 177.956709
v 508.134680 -74.035892 175.640374
v 508.134737 -74.035892 175.640374
v 508.283112 -79.822193 176.872497
v 508.283168 -79.822193 176.872497
v 508.286498 -74.262857 174.556161
v 508.286555 -74.262857 174.556161
v 508.434930 -80.049172 175.788270
v 508.434986 -80.049172 175.788270
v 508.719715 -74.466894 173.545826
v 508.719771 -74.466879 173.545826
v 508.868146 -80.253195 174.777948
v 508.868203 -80.253195 174.777948
v 509.404870 -74.634048 172.678249
v 509.404926 -74.634048 172.678249
v 509.553301 -80.420364 173.910358
v 509.553358 -80.420364 173.910358
v 510.295289 -74.752977 172.012523
v 510.295289 -74.752977 172.012523
v 510.443664 -80.539278 173.244645
v 510.443721 -80.539278 173.244645
vt 0.725505 0.398829
vt 0.316434 0.534337
vt 0.986428 0.798059
vt 0.543398 0.816716
vt 0.726316 0.398829
vt 0.316434 0.533526
vt 0.543398 0.817667
vt 0.985478 0.798059
vt 0.727099 0.398619
vt 0.316434 0.532715
vt 0.543152 0.818584
vt 0.984528 0.798059
vt 0.727801 0.398214
vt 0.316434 0.531904
vt 0.542677 0.819407
vt 0.983577 0.798059
vt 0.728374 0.397641
vt 0.316434 0.531093
vt 0.542005 0.820079
vt 0.982627 0.798059
vt 0.728780 0.396938
vt 0.316434 0.530282
vt 0.541182 0.820554
vt 0.981677 0.798059
vt 0.728990 0.396155
vt 0.316434 0.529471
vt 0.540265 0.820800
vt 0.980727 0.798059
vt 0.728990 0.395344
vt 0.316434 0.528660
vt 0.539314 0.820800
vt 0.979777 0.798059
vt 0.728780 0.394561
vt 0.316434 0.527849
vt 0.538397 0.820554
vt 0.978827 0.798059
vt 0.728374 0.393859
vt 0.316434 0.527039
vt 0.537574 0.820079
vt 0.977877 0.798059
vt 0.727801 0.393285
vt 0.316434 0.526228
vt 0.536902 0.819407
vt 0.976926 0.798059
vt 0.727099 0.392880
vt 0.316434 0.525417
vt 0.536427 0.818584
vt 0.975976 0.798059
vt 0.316434 0.524606
vt 0.726316 0.392670
vt 0.975026 0.798059
vt 0.536181 0.817667
vt 0.316434 0.543257
vt 0.316434 0.523795
vt 0.725505 0.392670
vt 0.996880 0.798059
vt 0.974076 0.798059
vt 0.536181 0.816716
vt 0.316434 0.542446
vt 0.724721 0.392880
vt 0.995930 0.798059
vt 0.536427 0.815799
vt 0.316434 0.541635
vt 0.724019 0.393285
vt 0.994980 0.798059
vt 0.536902 0.814976
vt 0.316434 0.540824
vt 0.723446 0.393859
vt 0.994030 0.798059
vt 0.537574 0.814304
vt 0.316434 0.540013
vt 0.723040 0.394561
vt 0.993079 0.798059
vt 0.538397 0.813829
vt 0.316434 0.539202
vt 0.722830 0.395344
vt 0.992129 0.798059
vt 0.539314 0.813583
vt 0.316434 0.538391
vt 0.722830 0.396155
vt 0.991179 0.798059
vt 0.540265 0.813583
vt 0.316434 0.537580
vt 0.723040 0.396938
vt 0.990229 0.798059
vt 0.541182 0.813829
vt 0.316434 0.536769
vt 0.723446 0.397640
vt 0.989279 0.798059
vt 0.542005 0.814304
vt 0.316434 0.535959
vt 0.724019 0.398214
vt 0.988328 0.798059
vt 0.542677 0.814976
vt 0.316434 0.535148
vt 0.724721 0.398619
vt 0.987378 0.798059
vt 0.543152 0.815799
vt 0.882626 0.416961
vt 0.978702 0.664594
vt 0.364571 0.895403
vt 0.338660 0.512934
vt 0.364096 0.894580
vt 0.338660 0.513884
vt 0.881709 0.417207
vt 0.978702 0.663644
vt 0.363424 0.893909
vt 0.338660 0.514835
vt 0.880758 0.417207
vt 0.978702 0.662693
vt 0.362601 0.893433
vt 0.338660 0.515785
vt 0.879840 0.416961
vt 0.978702 0.661743
vt 0.361684 0.893188
vt 0.338660 0.516735
vt 0.879018 0.416486
vt 0.978702 0.660793
vt 0.360733 0.893187
vt 0.338660 0.517685
vt 0.878346 0.415814
vt 0.978702 0.659843
vt 0.359816 0.893433
vt 0.338660 0.518635
vt 0.877871 0.414991
vt 0.978702 0.658893
vt 0.358993 0.893909
vt 0.338660 0.519585
vt 0.877625 0.414074
vt 0.978702 0.657942
vt 0.358321 0.894580
vt 0.338660 0.520536
vt 0.877625 0.413124
vt 0.978702 0.656992
vt 0.357846 0.895403
vt 0.338660 0.521486
vt 0.877871 0.412206
vt 0.978702 0.656042
vt 0.357600 0.896321
vt 0.338660 0.522436
vt 0.878346 0.411383
vt 0.978702 0.655092
vt 0.357600 0.897271
vt 0.338660 0.523386
vt 0.879018 0.410711
vt 0.978702 0.654142
vt 0.338660 0.524336
vt 0.357846 0.898189
vt 0.978702 0.653192
vt 0.879840 0.410236
vt 0.338660 0.525286
vt 0.338660 0.502482
vt 0.358321 0.899012
vt 0.978702 0.652241
vt 0.978702 0.675046
vt 0.880758 0.409990
vt 0.338660 0.503433
vt 0.358993 0.899684
vt 0.978702 0.674096
vt 0.881709 0.409990
vt 0.338660 0.504383
vt 0.359816 0.900159
vt 0.978702 0.673145
vt 0.882626 0.410236
vt 0.338660 0.505333
vt 0.360733 0.900405
vt 0.978702 0.672195
vt 0.883449 0.410711
vt 0.338660 0.506283
vt 0.361684 0.900405
vt 0.978702 0.671245
vt 0.884121 0.411383
vt 0.338660 0.507233
vt 0.362601 0.900159
vt 0.978702 0.670295
vt 0.884596 0.412206
vt 0.338660 0.508183
vt 0.363424 0.899684
vt 0.978702 0.669345
vt 0.884842 0.413124
vt 0.338660 0.509133
vt 0.364096 0.899012
vt 0.978702 0.668394
vt 0.884842 0.414074
vt 0.338660 0.510084
vt 0.364571 0.898189
vt 0.978702 0.667444
vt 0.884596 0.414991
vt 0.338660 0.511034
vt 0.364817 0.897271
vt 0.978702 0.666494
vt 0.884121 0.415814
vt 0.338660 0.511984
vt 0.364817 0.896321
vt 0.978702 0.665544
vt 0.883449 0.416486
vt 0.839442 0.630836
vt 0.365076 0.896287
vt 0.835143 0.630836
vt 0.883608 0.416694
vt 0.882726 0.417203
vt 0.835143 0.631854
vt 0.364813 0.895303
vt 0.839442 0.631854
vt 0.839442 0.629818
vt 0.365076 0.897305
vt 0.835143 0.629818
vt 0.884329 0.415974
vt 0.839442 0.628799
vt 0.364813 0.898289
vt 0.835143 0.628799
vt 0.884838 0.415092
vt 0.839442 0.627781
vt 0.364304 0.899171
vt 0.835143 0.627781
vt 0.885101 0.414108
vt 0.839442 0.626762
vt 0.363583 0.899891
vt 0.835143 0.626762
vt 0.885101 0.413089
vt 0.839442 0.625744
vt 0.362701 0.900401
vt 0.835143 0.625744
vt 0.884838 0.412106
vt 0.839442 0.624725
vt 0.361718 0.900664
vt 0.835143 0.624725
vt 0.884329 0.411224
vt 0.839442 0.623707
vt 0.360699 0.900664
vt 0.835143 0.623707
vt 0.883608 0.410503
vt 0.839442 0.622688
vt 0.359716 0.900400
vt 0.835143 0.622688
vt 0.882726 0.409994
vt 0.839442 0.621670
vt 0.358833 0.899891
vt 0.835143 0.621670
vt 0.881743 0.409731
vt 0.839442 0.645094
vt 0.839442 0.620651
vt 0.358113 0.899171
vt 0.835143 0.645094
vt 0.835143 0.620651
vt 0.880724 0.409731
vt 0.839442 0.644076
vt 0.357604 0.898289
vt 0.835143 0.644076
vt 0.879740 0.409994
vt 0.357340 0.897305
vt 0.839442 0.643058
vt 0.878858 0.410503
vt 0.835143 0.643058
vt 0.357340 0.896287
vt 0.839442 0.642039
vt 0.878138 0.411224
vt 0.835143 0.642039
vt 0.357604 0.895303
vt 0.839442 0.641021
vt 0.877629 0.412106
vt 0.835143 0.641021
vt 0.358113 0.894421
vt 0.839442 0.640002
vt 0.877365 0.413089
vt 0.835143 0.640002
vt 0.358833 0.893701
vt 0.839442 0.638984
vt 0.877365 0.414108
vt 0.835143 0.638984
vt 0.359715 0.893192
vt 0.839442 0.637965
vt 0.877629 0.415092
vt 0.835143 0.637965
vt 0.360699 0.892928
vt 0.839442 0.636947
vt 0.878138 0.415974
vt 0.835143 0.636947
vt 0.361718 0.892928
vt 0.839442 0.635928
vt 0.878858 0.416694
vt 0.835143 0.635928
vt 0.362701 0.893192
vt 0.839442 0.634910
vt 0.879740 0.417203
vt 0.835143 0.634910
vt 0.363583 0.893701
vt 0.839442 0.633891
vt 0.880724 0.417467
vt 0.835143 0.633891
vt 0.364304 0.894421
vt 0.839442 0.632873
vt 0.881743 0.417467
vt 0.835143 0.632873
vt 0.536737 0.395367
vt 0.289346 0.560855
vt 0.535787 0.395366
vt 0.289346 0.561805
vt 0.289346 0.559904
vt 0.537655 0.395121
vt 0.534869 0.395119
vt 0.289346 0.562755
vt 0.534047 0.394644
vt 0.289346 0.563705
vt 0.533375 0.393972
vt 0.289346 0.564655
vt 0.532901 0.393148
vt 0.289346 0.565605
vt 0.532655 0.392230
vt 0.289346 0.566556
vt 0.532656 0.391280
vt 0.289346 0.567506
vt 0.532903 0.390363
vt 0.289346 0.568456
vt 0.533378 0.389540
vt 0.289346 0.569406
vt 0.534051 0.388869
vt 0.289346 0.570356
vt 0.534874 0.388394
vt 0.289346 0.571307
vt 0.535792 0.388149
vt 0.289346 0.572257
vt 0.289346 0.573207
vt 0.289346 0.550403
vt 0.536742 0.388149
vt 0.289346 0.551353
vt 0.537660 0.388396
vt 0.289346 0.552303
vt 0.538482 0.388872
vt 0.289346 0.553253
vt 0.539153 0.389544
vt 0.289346 0.554203
vt 0.539628 0.390367
vt 0.289346 0.555153
vt 0.539873 0.391285
vt 0.289346 0.556104
vt 0.539873 0.392235
vt 0.289346 0.557054
vt 0.539626 0.393153
vt 0.289346 0.558004
vt 0.539151 0.393975
vt 0.289346 0.558954
vt 0.538478 0.394647
vt 0.725416 0.399500
vt 0.868141 0.462532
vt 0.726404 0.399500
vt 0.868141 0.463520
vt 0.727358 0.399244
vt 0.868141 0.464507
vt 0.728213 0.398751
vt 0.868141 0.465495
vt 0.728911 0.398052
vt 0.868141 0.466482
vt 0.729405 0.397197
vt 0.868141 0.467470
vt 0.729661 0.396243
vt 0.868141 0.468457
vt 0.729661 0.395256
vt 0.868141 0.469445
vt 0.729405 0.394302
vt 0.868141 0.470432
vt 0.728911 0.393447
vt 0.868141 0.471420
vt 0.728213 0.392748
vt 0.868141 0.472407
vt 0.727358 0.392255
vt 0.868141 0.473395
vt 0.868141 0.474382
vt 0.726404 0.391999
vt 0.868141 0.475370
vt 0.868141 0.451670
vt 0.725416 0.391999
vt 0.868141 0.452657
vt 0.724463 0.392255
vt 0.868141 0.453645
vt 0.723607 0.392748
vt 0.868141 0.454632
vt 0.722909 0.393447
vt 0.868141 0.455620
vt 0.722415 0.394302
vt 0.868141 0.456607
vt 0.722160 0.395256
vt 0.868141 0.457595
vt 0.722160 0.396243
vt 0.868141 0.458582
vt 0.722415 0.397197
vt 0.868141 0.459570
vt 0.722909 0.398052
vt 0.868141 0.460557
vt 0.723607 0.398751
vt 0.868141 0.461545
vt 0.724463 0.399244
vt 0.535768 0.395508
vt 0.866707 0.463520
vt 0.534815 0.395252
vt 0.866707 0.464507
vt 0.533960 0.394757
vt 0.866707 0.465495
vt 0.533262 0.394058
vt 0.866707 0.466482
vt 0.532769 0.393203
vt 0.866707 0.467470
vt 0.532514 0.392249
vt 0.866707 0.468457
vt 0.532514 0.391262
vt 0.866707 0.469445
vt 0.532771 0.390308
vt 0.866707 0.470432
vt 0.533265 0.389453
vt 0.866707 0.471420
vt 0.533963 0.388755
vt 0.866707 0.472407
vt 0.534819 0.388262
vt 0.866707 0.473395
vt 0.535773 0.388007
vt 0.866707 0.474382
vt 0.866707 0.475370
vt 0.866707 0.451670
vt 0.536761 0.388008
vt 0.866707 0.452657
vt 0.537714 0.388264
vt 0.866707 0.453645
vt 0.538569 0.388758
vt 0.866707 0.454632
vt 0.539267 0.389457
vt 0.866707 0.455620
vt 0.539760 0.390312
vt 0.866707 0.456607
vt 0.540015 0.391266
vt 0.866707 0.457595
vt 0.540014 0.392254
vt 0.866707 0.458582
vt 0.539758 0.393208
vt 0.866707 0.459570
vt 0.539264 0.394062
vt 0.866707 0.460557
vt 0.538565 0.394760
vt 0.536756 0.395508
vt 0.866707 0.462532
vt 0.866707 0.461545
vt 0.537710 0.395253
vt 0.413839 0.854478
vt 0.297511 0.534337
vt 0.413435 0.853775
vt 0.297511 0.533526
vt 0.412863 0.853200
vt 0.297511 0.532715
vt 0.412162 0.852793
vt 0.297511 0.531904
vt 0.411379 0.852581
vt 0.297511 0.531093
vt 0.410568 0.852579
vt 0.297511 0.530282
vt 0.409785 0.852787
vt 0.297511 0.529471
vt 0.409081 0.853191
vt 0.297511 0.528660
vt 0.408507 0.853763
vt 0.297511 0.527849
vt 0.408099 0.854465
vt 0.297511 0.527039
vt 0.407888 0.855247
vt 0.297511 0.526228
vt 0.407886 0.856058
vt 0.297511 0.525417
vt 0.297511 0.524606
vt 0.408094 0.856842
vt 0.297511 0.543257
vt 0.297511 0.523795
vt 0.408498 0.857545
vt 0.297511 0.542446
vt 0.409070 0.858120
vt 0.297511 0.541635
vt 0.409771 0.858527
vt 0.297511 0.540824
vt 0.410554 0.858739
vt 0.297511 0.540013
vt 0.411365 0.858741
vt 0.297511 0.539202
vt 0.412148 0.858533
vt 0.297511 0.538391
vt 0.412852 0.858129
vt 0.297511 0.537580
vt 0.413426 0.857557
vt 0.297511 0.536769
vt 0.413834 0.856856
vt 0.297511 0.535959
vt 0.414045 0.856073
vt 0.297511 0.535148
vt 0.414047 0.855262
vt 0.929997 0.412570
vt 0.520002 0.769267
vt 0.933005 0.412570
vt 0.705014 0.376545
vt 0.929997 0.413428
vt 0.520431 0.768524
vt 0.933005 0.413428
vt 0.704269 0.376971
vt 0.929997 0.414286
vt 0.520653 0.767695
vt 0.933005 0.414286
vt 0.703440 0.377190
vt 0.929997 0.415143
vt 0.520653 0.766837
vt 0.933005 0.415143
vt 0.702582 0.377187
vt 0.929997 0.416001
vt 0.520431 0.766008
vt 0.933005 0.416001
vt 0.701754 0.376962
vt 0.929997 0.416859
vt 0.520002 0.765266
vt 0.933005 0.416859
vt 0.701013 0.376531
vt 0.929997 0.417717
vt 0.519395 0.764659
vt 0.933005 0.417717
vt 0.700408 0.375922
vt 0.933005 0.419433
vt 0.699763 0.374348
vt 0.929997 0.419433
vt 0.517824 0.764008
vt 0.929997 0.418575
vt 0.518652 0.764230
vt 0.933005 0.418575
vt 0.699982 0.375178
vt 0.929997 0.420291
vt 0.516966 0.764008
vt 0.699766 0.373491
vt 0.933005 0.420291
vt 0.700422 0.371921
vt 0.933005 0.422007
vt 0.515394 0.764659
vt 0.929997 0.422007
vt 0.516137 0.764230
vt 0.929997 0.421149
vt 0.699991 0.372663
vt 0.933005 0.421149
vt 0.699415 0.373443
vt 0.284476 0.560855
vt 0.340200 0.512934
vt 0.516920 0.763658
vt 0.340200 0.511984
vt 0.517870 0.763658
vt 0.284476 0.559904
vt 0.699412 0.374393
vt 0.699664 0.372526
vt 0.284476 0.561805
vt 0.516002 0.763903
vt 0.340200 0.513884
vt 0.515179 0.764378
vt 0.340200 0.514835
vt 0.700142 0.371705
vt 0.284476 0.562755
vt 0.700817 0.371035
vt 0.284476 0.563705
vt 0.514507 0.765050
vt 0.340200 0.515785
vt 0.701641 0.370563
vt 0.284476 0.564655
vt 0.514032 0.765873
vt 0.340200 0.516735
vt 0.702560 0.370320
vt 0.284476 0.565605
vt 0.513786 0.766791
vt 0.340200 0.517685
vt 0.703510 0.370324
vt 0.284476 0.566556
vt 0.513786 0.767741
vt 0.340200 0.518635
vt 0.704427 0.370573
vt 0.284476 0.567506
vt 0.514032 0.768659
vt 0.340200 0.519585
vt 0.705248 0.371051
vt 0.284476 0.568456
vt 0.514507 0.769482
vt 0.340200 0.520536
vt 0.705918 0.371725
vt 0.284476 0.569406
vt 0.515179 0.770154
vt 0.340200 0.521486
vt 0.706390 0.372550
vt 0.284476 0.570356
vt 0.516002 0.770629
vt 0.340200 0.522436
vt 0.706632 0.373468
vt 0.284476 0.571307
vt 0.516920 0.770875
vt 0.340200 0.523386
vt 0.284476 0.572257
vt 0.706629 0.374418
vt 0.340200 0.524336
vt 0.517870 0.770875
vt 0.284476 0.573207
vt 0.284476 0.550403
vt 0.706380 0.375336
vt 0.340200 0.525286
vt 0.340200 0.502482
vt 0.518788 0.770629
vt 0.284476 0.551353
vt 0.705902 0.376157
vt 0.340200 0.503433
vt 0.519611 0.770154
vt 0.284476 0.552303
vt 0.705228 0.376826
vt 0.340200 0.504383
vt 0.520282 0.769482
vt 0.284476 0.553253
vt 0.704403 0.377298
vt 0.340200 0.505333
vt 0.520757 0.768659
vt 0.284476 0.554203
vt 0.703485 0.377541
vt 0.340200 0.506283
vt 0.521003 0.767741
vt 0.284476 0.555153
vt 0.702535 0.377538
vt 0.340200 0.507233
vt 0.521003 0.766791
vt 0.284476 0.556104
vt 0.701618 0.377289
vt 0.340200 0.508183
vt 0.520757 0.765873
vt 0.284476 0.557054
vt 0.700796 0.376811
vt 0.340200 0.509133
vt 0.520282 0.765050
vt 0.284476 0.558004
vt 0.700127 0.376136
vt 0.340200 0.510084
vt 0.519611 0.764378
vt 0.284476 0.558954
vt 0.699655 0.375312
vt 0.340200 0.511034
vt 0.518788 0.763903
vt 0.933005 0.411712
vt 0.705622 0.375940
vt 0.929997 0.411712
vt 0.519395 0.769873
vt 0.933005 0.431443
vt 0.933005 0.410854
vt 0.706054 0.375199
vt 0.929997 0.410854
vt 0.929997 0.431443
vt 0.518652 0.770302
vt 0.706279 0.374371
vt 0.933005 0.430585
vt 0.929997 0.430585
vt 0.517824 0.770524
vt 0.706282 0.373513
vt 0.933005 0.429727
vt 0.516966 0.770524
vt 0.929997 0.429727
vt 0.706063 0.372684
vt 0.933005 0.428870
vt 0.516137 0.770302
vt 0.929997 0.428870
vt 0.705636 0.371939
vt 0.933005 0.428012
vt 0.515394 0.769873
vt 0.929997 0.428012
vt 0.705032 0.371331
vt 0.933005 0.427154
vt 0.514788 0.769267
vt 0.929997 0.427154
vt 0.704290 0.370899
vt 0.933005 0.426296
vt 0.514359 0.768524
vt 0.929997 0.426296
vt 0.703463 0.370674
vt 0.933005 0.425438
vt 0.514137 0.767695
vt 0.929997 0.425438
vt 0.702605 0.370671
vt 0.933005 0.424580
vt 0.514137 0.766837
vt 0.929997 0.424580
vt 0.701775 0.370890
vt 0.933005 0.423722
vt 0.514359 0.766008
vt 0.929997 0.423722
vt 0.701031 0.371317
vt 0.933005 0.422864
vt 0.514788 0.765266
vt 0.929997 0.422864
vt 0.985175 0.997345
vt 0.611170 0.833844
vt 0.533337 0.997716
vt 0.751851 0.998237
vt 0.984921 0.997445
vt 0.611208 0.833969
vt 0.533255 0.997805
vt 0.751701 0.998172
vt 0.984725 0.997616
vt 0.611312 0.834058
vt 0.533209 0.997912
vt 0.751588 0.998065
vt 0.984616 0.997833
vt 0.611461 0.834090
vt 0.533208 0.998015
vt 0.751527 0.997934
vt 0.984610 0.998062
vt 0.611661 0.834097
vt 0.533241 0.998100
vt 0.751528 0.997797
vt 0.984710 0.998268
vt 0.611899 0.834079
vt 0.611899 0.834079
vt 0.611899 0.834079
vt 0.533310 0.998157
vt 0.751592 0.997676
vt 0.984899 0.998420
vt 0.612176 0.834038
vt 0.612176 0.834038
vt 0.533411 0.998184
vt 0.751708 0.997589
vt 0.985148 0.998495
vt 0.612502 0.833974
vt 0.533523 0.998170
vt 0.751858 0.997549
vt 0.985421 0.998482
vt 0.612879 0.833877
vt 0.533629 0.998112
vt 0.752021 0.997563
vt 0.985675 0.998381
vt 0.612506 0.833765
vt 0.533716 0.998027
vt 0.752170 0.997628
vt 0.985871 0.998210
vt 0.612188 0.833684
vt 0.612188 0.833684
vt 0.533761 0.997920
vt 0.752284 0.997735
vt 0.985981 0.997993
vt 0.611910 0.833634
vt 0.611910 0.833634
vt 0.611910 0.833634
vt 0.533763 0.997817
vt 0.752345 0.997866
vt 0.985986 0.997765
vt 0.611669 0.833613
vt 0.533729 0.997732
vt 0.752343 0.998003
vt 0.985887 0.997558
vt 0.611474 0.833607
vt 0.533660 0.997676
vt 0.752280 0.998124
vt 0.985698 0.997406
vt 0.611320 0.833640
vt 0.533559 0.997648
vt 0.752164 0.998211
vt 0.985448 0.997331
vt 0.611213 0.833720
vt 0.533446 0.997661
vt 0.752013 0.998250
vt 0.607269 0.834307
vt 0.751543 0.998355
vt 0.606504 0.833753
vt 0.751793 0.998464
vt 0.608000 0.834639
vt 0.751352 0.998177
vt 0.608668 0.834773
vt 0.751251 0.997956
vt 0.609258 0.834752
vt 0.609258 0.834752
vt 0.751253 0.997727
vt 0.609758 0.834617
vt 0.609758 0.834617
vt 0.609758 0.834617
vt 0.751360 0.997525
vt 0.610153 0.834403
vt 0.751554 0.997379
vt 0.610415 0.834133
vt 0.751806 0.997313
vt 0.610514 0.833831
vt 0.752078 0.997336
vt 0.610427 0.833525
vt 0.752328 0.997445
vt 0.610176 0.833245
vt 0.610176 0.833245
vt 0.610176 0.833245
vt 0.752519 0.997623
vt 0.609790 0.833016
vt 0.752621 0.997843
vt 0.609295 0.832862
vt 0.609295 0.832862
vt 0.752618 0.998072
vt 0.608706 0.832817
vt 0.752512 0.998275
vt 0.608033 0.832926
vt 0.752317 0.998420
vt 0.607290 0.833228
vt 0.752065 0.998487
vt 0.532959 0.997614
vt 0.770753 0.965923
vt 0.533143 0.997429
vt 0.770694 0.966075
vt 0.532861 0.997850
vt 0.770855 0.965805
vt 0.532861 0.998096
vt 0.770984 0.965740
vt 0.532977 0.998294
vt 0.771121 0.965736
vt 0.533136 0.998448
vt 0.771244 0.965795
vt 0.533360 0.998505
vt 0.771336 0.965908
vt 0.533600 0.998501
vt 0.771381 0.966057
vt 0.533840 0.998398
vt 0.771373 0.966219
vt 0.533994 0.998193
vt 0.771314 0.966371
vt 0.534082 0.997976
vt 0.771212 0.966489
vt 0.534084 0.997752
vt 0.771082 0.966555
vt 0.534004 0.997548
vt 0.770946 0.966558
vt 0.533845 0.997386
vt 0.770822 0.966499
vt 0.533617 0.997327
vt 0.770731 0.966387
vt 0.533378 0.997330
vt 0.770686 0.966238
vt 0.919088 0.468590
vt 0.312667 0.594018
vt 0.374882 0.633567
vt 0.307102 0.594018
vt 0.918344 0.467846
vt 0.312667 0.592967
vt 0.375626 0.634310
vt 0.307102 0.592967
vt 0.917819 0.466936
vt 0.312667 0.591915
vt 0.376536 0.634836
vt 0.307102 0.591915
vt 0.917546 0.465920
vt 0.312667 0.590864
vt 0.377552 0.635108
vt 0.307102 0.590864
vt 0.917546 0.464869
vt 0.312667 0.589812
vt 0.378603 0.635108
vt 0.307102 0.589812
vt 0.917819 0.463853
vt 0.312667 0.588761
vt 0.379619 0.634836
vt 0.307102 0.588761
vt 0.918344 0.462943
vt 0.312667 0.587710
vt 0.380529 0.634310
vt 0.307102 0.587710
vt 0.919088 0.462199
vt 0.312667 0.586658
vt 0.381273 0.633567
vt 0.307102 0.586658
vt 0.919998 0.461673
vt 0.312667 0.585607
vt 0.381798 0.632656
vt 0.307102 0.585607
vt 0.921014 0.461401
vt 0.312667 0.584555
vt 0.382071 0.631641
vt 0.307102 0.584555
vt 0.922065 0.461401
vt 0.312667 0.583504
vt 0.307102 0.583504
vt 0.382071 0.630589
vt 0.307102 0.582453
vt 0.381798 0.629574
vt 0.312667 0.582453
vt 0.923081 0.461673
vt 0.997568 0.665544
vt 0.922933 0.462032
vt 0.987378 0.822798
vt 0.381440 0.629722
vt 0.986428 0.822798
vt 0.381686 0.630640
vt 0.922015 0.461786
vt 0.997568 0.664594
vt 0.381686 0.631590
vt 0.985478 0.822798
vt 0.921064 0.461786
vt 0.997568 0.663644
vt 0.381440 0.632508
vt 0.984528 0.822798
vt 0.920147 0.462032
vt 0.997568 0.662693
vt 0.380965 0.633331
vt 0.983577 0.822798
vt 0.919324 0.462507
vt 0.997568 0.661743
vt 0.380293 0.634003
vt 0.982627 0.822798
vt 0.918652 0.463179
vt 0.997568 0.660793
vt 0.379470 0.634478
vt 0.981677 0.822798
vt 0.918177 0.464002
vt 0.997568 0.659843
vt 0.378552 0.634724
vt 0.980727 0.822798
vt 0.917931 0.464919
vt 0.997568 0.658893
vt 0.377602 0.634724
vt 0.979777 0.822798
vt 0.917931 0.465870
vt 0.997568 0.657942
vt 0.376684 0.634478
vt 0.978827 0.822798
vt 0.918177 0.466787
vt 0.997568 0.656992
vt 0.375862 0.634003
vt 0.977877 0.822798
vt 0.918652 0.467610
vt 0.997568 0.656042
vt 0.375190 0.633331
vt 0.976927 0.822798
vt 0.919324 0.468282
vt 0.997568 0.655092
vt 0.374715 0.632508
vt 0.975976 0.822798
vt 0.920147 0.468757
vt 0.997568 0.654142
vt 0.975026 0.822798
vt 0.374469 0.631590
vt 0.997568 0.653192
vt 0.921065 0.469003
vt 0.974076 0.822798
vt 0.996880 0.822798
vt 0.374469 0.630640
vt 0.997568 0.652241
vt 0.997568 0.675046
vt 0.922015 0.469003
vt 0.995930 0.822798
vt 0.374715 0.629722
vt 0.997568 0.674096
vt 0.922933 0.468757
vt 0.994980 0.822798
vt 0.375190 0.628899
vt 0.997568 0.673145
vt 0.923755 0.468282
vt 0.994029 0.822798
vt 0.375862 0.628227
vt 0.997568 0.672195
vt 0.924427 0.467610
vt 0.993079 0.822798
vt 0.376684 0.627752
vt 0.997568 0.671245
vt 0.924902 0.466787
vt 0.992129 0.822798
vt 0.377602 0.627507
vt 0.997568 0.670295
vt 0.925148 0.465870
vt 0.991179 0.822798
vt 0.378552 0.627507
vt 0.997568 0.669345
vt 0.925148 0.464919
vt 0.990229 0.822798
vt 0.379470 0.627752
vt 0.997568 0.668394
vt 0.924902 0.464002
vt 0.989279 0.822798
vt 0.380293 0.628227
vt 0.997568 0.667444
vt 0.924427 0.463179
vt 0.988328 0.822798
vt 0.380965 0.628899
vt 0.997568 0.666494
vt 0.923755 0.462507
vt 0.374356 0.632656
vt 0.307102 0.595069
vt 0.919998 0.469115
vt 0.312667 0.595069
vt 0.307102 0.596121
vt 0.374084 0.631641
vt 0.312667 0.596121
vt 0.921014 0.469388
vt 0.307102 0.597172
vt 0.307102 0.571938
vt 0.374084 0.630589
vt 0.312667 0.597172
vt 0.312667 0.571938
vt 0.922065 0.469388
vt 0.307102 0.572990
vt 0.374356 0.629574
vt 0.312667 0.572990
vt 0.923081 0.469115
vt 0.307102 0.574041
vt 0.374882 0.628663
vt 0.312667 0.574041
vt 0.923991 0.468590
vt 0.307102 0.575093
vt 0.375626 0.627920
vt 0.312667 0.575093
vt 0.924735 0.467846
vt 0.307102 0.576144
vt 0.376536 0.627394
vt 0.312667 0.576144
vt 0.925261 0.466936
vt 0.307102 0.577196
vt 0.377552 0.627122
vt 0.312667 0.577196
vt 0.925533 0.465920
vt 0.307102 0.578247
vt 0.378603 0.627122
vt 0.312667 0.578247
vt 0.925533 0.464869
vt 0.307102 0.579298
vt 0.379619 0.627394
vt 0.312667 0.579298
vt 0.925261 0.463853
vt 0.307102 0.580350
vt 0.380529 0.627920
vt 0.312667 0.580350
vt 0.924735 0.462943
vt 0.307102 0.581401
vt 0.381273 0.628663
vt 0.312667 0.581401
vt 0.923991 0.462199
vn -0.495212 -0.193070 -0.847047
vn -0.253577 -0.207678 -0.944759
vn -0.495212 -0.193070 -0.847047
vn 0.710649 -0.129041 -0.691611
vn 0.868410 -0.081860 -0.489043
vn 0.710649 -0.129041 -0.691611
vn 0.868410 -0.081860 -0.489043
vn 0.966990 -0.029100 -0.253147
vn 0.966990 -0.029100 -0.253147
vn 0.999671 0.025642 0.000000
vn 0.999671 0.025642 -0.000000
vn 0.964226 0.078637 0.253147
vn 0.964226 0.078637 0.253147
vn 0.863071 0.126274 0.489043
vn 0.863071 0.126274 0.489043
vn 0.703099 0.165304 0.691611
vn 0.703099 0.165304 0.691611
vn 0.495212 0.193070 0.847047
vn 0.495212 0.193070 0.847047
vn 0.253577 0.207678 0.944758
vn 0.253577 0.207678 0.944759
vn -0.005338 0.208133 0.978086
vn -0.005339 0.208133 0.978086
vn -0.135777 0.203006 0.969718
vn -0.387490 0.182477 0.903633
vn -0.504459 0.167428 0.847047
vn -0.387490 0.182477 0.903634
vn -0.504459 0.167428 0.847047
vn -0.710649 0.129041 0.691611
vn -0.710649 0.129041 0.691611
vn -0.868410 0.081860 0.489043
vn -0.868410 0.081860 0.489043
vn -0.966990 0.029100 0.253147
vn -0.966990 0.029100 0.253147
vn -0.999671 -0.025642 -0.000000
vn -0.999671 -0.025642 -0.000000
vn -0.964226 -0.078637 -0.253147
vn -0.964226 -0.078637 -0.253147
vn -0.863071 -0.126274 -0.489043
vn -0.863071 -0.126274 -0.489043
vn -0.703099 -0.165304 -0.691611
vn -0.703099 -0.165304 -0.691611
vn -0.495212 -0.193070 -0.847047
vn 0.504459 -0.167428 -0.847047
vn 0.263891 -0.194405 -0.944759
vn 0.263891 -0.194405 -0.944758
vn -0.495212 -0.193070 -0.847047
vn -0.253577 -0.207678 -0.944759
vn -0.025080 0.977764 -0.208202
vn -0.025080 0.977764 -0.208202
vn -0.025080 0.977764 -0.208202
vn 0.005339 -0.208133 -0.978086
vn 0.005339 -0.208133 -0.978086
vn -0.253577 -0.207678 -0.944759
vn -0.495212 -0.193070 -0.847047
vn -0.495212 -0.193070 -0.847048
vn 0.504459 -0.167428 -0.847047
vn 0.504459 -0.167428 -0.847047
vn 0.005339 -0.208133 -0.978086
vn 0.263891 -0.194405 -0.944758
vn 0.005339 -0.208133 -0.978086
vn 0.005339 -0.208133 -0.978086
vn -0.253577 -0.207678 -0.944758
vn -0.253577 -0.207678 -0.944759
vn -0.703099 -0.165304 -0.691611
vn -0.495212 -0.193070 -0.847047
vn -0.703099 -0.165304 -0.691611
vn -0.863071 -0.126274 -0.489043
vn -0.863071 -0.126274 -0.489043
vn -0.964226 -0.078637 -0.253147
vn -0.964226 -0.078637 -0.253147
vn -0.999671 -0.025642 -0.000000
vn -0.999671 -0.025642 -0.000000
vn -0.966990 0.029100 0.253147
vn -0.966990 0.029100 0.253147
vn -0.868410 0.081860 0.489043
vn -0.868410 0.081860 0.489043
vn -0.710649 0.129041 0.691611
vn -0.710649 0.129041 0.691611
vn -0.504459 0.167428 0.847047
vn -0.504459 0.167428 0.847047
vn -0.387490 0.182477 0.903633
vn -0.387490 0.182477 0.903633
vn -0.005339 0.208133 0.978086
vn -0.135777 0.203006 0.969718
vn -0.005339 0.208133 0.978086
vn 0.253577 0.207678 0.944758
vn 0.253577 0.207678 0.944758
vn 0.495212 0.193070 0.847047
vn 0.495212 0.193070 0.847047
vn 0.703099 0.165304 0.691611
vn 0.703099 0.165304 0.691611
vn 0.863071 0.126274 0.489043
vn 0.863071 0.126274 0.489043
vn 0.964226 0.078637 0.253147
vn 0.964226 0.078637 0.253147
vn 0.999671 0.025642 0.000000
vn 0.999671 0.025642 -0.000000
vn 0.966990 -0.029100 -0.253147
vn 0.966990 -0.029100 -0.253147
vn 0.868410 -0.081860 -0.489043
vn 0.868410 -0.081860 -0.489043
vn 0.710649 -0.129041 -0.691611
vn 0.710649 -0.129041 -0.691611
vn 0.504459 -0.167428 -0.847047
vn 0.504459 -0.167428 -0.847047
vn 0.263891 -0.194405 -0.944758
vn 0.025080 -0.977764 0.208201
vn 0.025080 -0.977764 0.208202
vn 0.025080 -0.977764 0.208201
vn 0.025079 -0.977764 0.208203
vn 0.025080 -0.977764 0.208202
vn 0.025080 -0.977764 0.208202
vn -0.025081 0.977764 -0.208202
vn -0.025080 0.977764 -0.208202
vn -0.025080 0.977764 -0.208202
vn -0.025080 0.977764 -0.208202
vn -0.025080 0.977764 -0.208201
vn -0.025080 0.977764 -0.208202
vn -0.025080 0.977764 -0.208202
vn -0.025080 0.977764 -0.208205
vn -0.025080 0.977764 -0.208204
vn 0.025081 -0.977764 0.208205
vn 0.025080 -0.977764 0.208202
vn 0.025080 -0.977764 0.208202
vn 0.025080 -0.977764 0.208203
vn 0.025080 -0.977764 0.208201
vn 0.025080 -0.977765 0.208200
vn 0.025080 -0.977764 0.208202
vn 0.025080 -0.977764 0.208203
vn 0.025080 -0.977764 0.208202
vn -0.025079 0.977764 -0.208202
vn -0.025079 0.977764 -0.208202
vn -0.025080 0.977765 -0.208199
vn -0.025081 0.977764 -0.208201
vn -0.025080 0.977765 -0.208199
vn -0.025080 0.977764 -0.208202
vn -0.025080 0.977764 -0.208202
vn -0.025080 0.977764 -0.208201
vn -0.025080 0.977765 -0.208199
vn -0.025080 0.977764 -0.208201
vn 0.025080 -0.977764 0.208202
vn 0.025080 -0.977764 0.208202
vn 0.025080 -0.977764 0.208202
vn 0.025080 -0.977764 0.208203
vn 0.025080 -0.977764 0.208203
vn -0.025080 0.977764 -0.208202
vn -0.025080 0.977764 -0.208202
vn -0.025080 0.977764 -0.208202
vn -0.025080 0.977764 -0.208202
vn 0.025080 -0.977764 0.208204
vn 0.025080 -0.977764 0.208204
vn 0.025080 -0.977764 0.208201
vn 0.025080 -0.977764 0.208201
vn 0.025080 -0.977765 0.208200
vn 0.025080 -0.977765 0.208199
vn -0.025080 0.977764 -0.208202
vn -0.025080 0.977765 -0.208199
vn -0.025080 0.977764 -0.208202
vn -0.025080 0.977765 -0.208200
vn -0.025080 0.977765 -0.208199
vn -0.025080 0.977765 -0.208199
vn 0.025080 -0.977764 0.208202
vn 0.025080 -0.977764 0.208202
vn 0.025080 -0.977764 0.208201
vn 0.025080 -0.977764 0.208201
vn -0.495212 -0.193070 -0.847047
vn -0.253577 -0.207678 -0.944758
vn 0.005339 -0.208133 -0.978086
vn -0.253577 -0.207678 -0.944758
vn -0.253577 -0.207678 -0.944758
vn -0.495212 -0.193070 -0.847047
vn -0.495212 -0.193070 -0.847047
vn -0.703099 -0.165304 -0.691611
vn -0.703099 -0.165304 -0.691611
vn -0.863071 -0.126274 -0.489043
vn -0.863071 -0.126274 -0.489043
vn -0.964226 -0.078637 -0.253147
vn -0.964226 -0.078637 -0.253147
vn -0.999671 -0.025642 -0.000000
vn -0.999671 -0.025642 -0.000000
vn -0.966990 0.029100 0.253147
vn -0.966990 0.029100 0.253147
vn -0.868410 0.081860 0.489043
vn -0.868410 0.081860 0.489043
vn -0.710649 0.129041 0.691611
vn -0.710649 0.129041 0.691611
vn -0.504459 0.167428 0.847047
vn -0.504459 0.167428 0.847047
vn -0.387491 0.182477 0.903633
vn -0.387490 0.182477 0.903634
vn -0.135777 0.203006 0.969718
vn -0.005338 0.208133 0.978086
vn -0.005339 0.208133 0.978086
vn 0.253577 0.207678 0.944758
vn 0.253577 0.207678 0.944758
vn 0.495212 0.193070 0.847047
vn 0.495212 0.193070 0.847047
vn 0.703099 0.165304 0.691611
vn 0.703099 0.165304 0.691611
vn 0.863071 0.126274 0.489043
vn 0.863071 0.126273 0.489043
vn 0.964226 0.078637 0.253147
vn 0.964226 0.078637 0.253147
vn 0.999671 0.025642 -0.000000
vn 0.999671 0.025642 -0.000000
vn 0.966990 -0.029100 -0.253147
vn 0.966990 -0.029100 -0.253147
vn 0.868410 -0.081860 -0.489043
vn 0.868410 -0.081860 -0.489043
vn 0.710649 -0.129041 -0.691611
vn 0.710649 -0.129041 -0.691611
vn 0.504459 -0.167428 -0.847047
vn 0.504459 -0.167428 -0.847047
vn 0.263891 -0.194405 -0.944758
vn 0.263891 -0.194405 -0.944758
vn 0.005339 -0.208133 -0.978086
vn 0.025080 -0.977764 0.208202
vn 0.025080 -0.977764 0.208202
vn -0.025080 0.977764 -0.208202
vn -0.025080 0.977764 -0.208202
vn -0.025080 0.977764 -0.208203
vn -0.025080 0.977764 -0.208203
vn 0.025081 -0.977764 0.208204
vn 0.025080 -0.977764 0.208202
vn 0.025080 -0.977764 0.208202
vn 0.025080 -0.977764 0.208203
vn 0.025080 -0.977764 0.208203
vn -0.025080 0.977764 -0.208202
vn -0.025080 0.977764 -0.208202
vn -0.025080 0.977764 -0.208202
vn -0.025080 0.977764 -0.208202
vn -0.025080 0.977765 -0.208200
vn -0.025080 0.977764 -0.208201
vn 0.025080 -0.977764 0.208203
vn 0.025080 -0.977764 0.208203
vn 0.025080 -0.977764 0.208202
vn 0.025080 -0.977765 0.208200
vn 0.025080 -0.977764 0.208202
vn 0.025080 -0.977764 0.208202
vn -0.025080 0.977764 -0.208201
vn -0.025080 0.977764 -0.208202
vn -0.025080 0.977765 -0.208197
vn -0.025080 0.977765 -0.208197
vn 0.025080 -0.977764 0.208202
vn 0.025080 -0.977764 0.208203
vn -0.025080 0.977765 -0.208199
vn -0.025080 0.977764 -0.208203
vn -0.025080 0.977764 -0.208202
vn 0.025080 -0.977764 0.208204
vn 0.025080 -0.977765 0.208200
vn 0.025080 -0.977764 0.208202
vn -0.025080 0.977764 -0.208202
vn -0.025080 0.977764 -0.208203
vn 0.025080 -0.977764 0.208202
vn 0.025080 -0.977764 0.208202
vn 0.025080 -0.977764 0.208202
vn -0.025080 0.977764 -0.208201
vn -0.025080 0.977764 -0.208202
vn -0.025080 0.977764 -0.208201
vn 0.025080 -0.977764 0.208202
vn 0.025080 -0.977764 0.208202
vn 0.025080 -0.977764 0.208202
vn -0.025080 0.977764 -0.208201
vn -0.025080 0.977764 -0.208202
vn 0.025080 -0.977764 0.208202
vn 0.025080 -0.977764 0.208202
vn 0.025080 -0.977764 0.208202
vn 0.025080 -0.977764 0.208202
vn 0.025080 -0.977764 0.208201
vn 0.025080 -0.977764 0.208202
vn 0.025080 -0.977764 0.208202
vn 0.025080 -0.977764 0.208202
vn -0.025080 0.977764 -0.208203
vn -0.025080 0.977764 -0.208201
vn -0.025080 0.977764 -0.208202
vn -0.025080 0.977764 -0.208202
vn -0.025080 0.977764 -0.208202
vn 0.025080 -0.977764 0.208202
vn 0.025080 -0.977764 0.208202
vn -0.025080 0.977764 -0.208201
vn -0.025080 0.977764 -0.208203
vn 0.025080 -0.977764 0.208202
vn 0.025080 -0.977764 0.208201
vn 0.025080 -0.977764 0.208202
vn 0.025080 -0.977764 0.208202
vn -0.025080 0.977764 -0.208202
vn -0.025080 0.977764 -0.208202
vn -0.025080 0.977764 -0.208202
vn 0.025080 -0.977764 0.208202
vn 0.025080 -0.977764 0.208202
vn -0.025080 0.977764 -0.208202
vn -0.025080 0.977764 -0.208201
vn -0.025080 0.977764 -0.208202
vn -0.025080 0.977764 -0.208202
vn 0.025080 -0.977764 0.208202
vn 0.025080 -0.977764 0.208202
vn -0.025080 0.977764 -0.208202
vn -0.025080 0.977764 -0.208202
vn 0.025080 -0.977764 0.208202
vn 0.025080 -0.977764 0.208202
vn 0.025080 -0.977764 0.208202
vn 0.025080 -0.977764 0.208202
vn -0.025080 0.977764 -0.208202
vn -0.025080 0.977764 -0.208201
vn 0.025080 -0.977764 0.208202
vn 0.025080 -0.977764 0.208202
vn -0.025080 0.977764 -0.208202
vn -0.025080 0.977764 -0.208202
vn 0.263891 -0.194405 -0.944758
vn 0.504458 -0.167428 -0.847048
vn 0.263891 -0.194405 -0.944758
vn 0.005339 -0.208133 -0.978086
vn 0.005339 -0.208133 -0.978086
vn -0.495212 -0.193070 -0.847047
vn -0.253577 -0.207678 -0.944758
vn -0.495212 -0.193070 -0.847047
vn -0.703099 -0.165304 -0.691611
vn -0.703099 -0.165304 -0.691611
vn -0.863071 -0.126273 -0.489043
vn -0.863071 -0.126274 -0.489043
vn -0.964226 -0.078637 -0.253147
vn -0.964226 -0.078637 -0.253147
vn -0.999671 -0.025642 -0.000000
vn -0.966990 0.029100 0.253147
vn -0.966990 0.029100 0.253147
vn -0.868410 0.081860 0.489043
vn -0.868410 0.081860 0.489043
vn -0.710649 0.129041 0.691611
vn -0.710649 0.129041 0.691611
vn -0.504459 0.167428 0.847047
vn -0.504459 0.167428 0.847047
vn -0.387490 0.182477 0.903633
vn -0.387490 0.182477 0.903634
vn -0.005339 0.208133 0.978086
vn -0.135777 0.203006 0.969718
vn -0.005339 0.208133 0.978086
vn 0.253577 0.207678 0.944758
vn 0.253577 0.207678 0.944759
vn 0.495212 0.193070 0.847047
vn 0.495212 0.193070 0.847047
vn 0.703099 0.165304 0.691611
vn 0.703099 0.165304 0.691611
vn 0.863071 0.126274 0.489043
vn 0.863071 0.126274 0.489043
vn 0.964226 0.078637 0.253147
vn 0.964226 0.078637 0.253148
vn 0.999671 0.025642 -0.000000
vn 0.999671 0.025642 0.000000
vn 0.966990 -0.029100 -0.253147
vn 0.966990 -0.029100 -0.253147
vn 0.868410 -0.081860 -0.489043
vn 0.868410 -0.081860 -0.489043
vn 0.710649 -0.129041 -0.691611
vn 0.710649 -0.129041 -0.691611
vn 0.504459 -0.167428 -0.847047
vn 0.025080 -0.977764 0.208202
vn 0.025080 -0.977764 0.208202
vn 0.025080 -0.977764 0.208202
vn -0.025080 0.977764 -0.208203
vn -0.025080 0.977764 -0.208203
vn 0.025080 -0.977764 0.208202
vn 0.025080 -0.977764 0.208201
vn -0.025080 0.977764 -0.208202
vn -0.025080 0.977764 -0.208202
vn -0.025080 0.977764 -0.208202
vn -0.025080 0.977764 -0.208202
vn 0.025080 -0.977764 0.208202
vn 0.025080 -0.977764 0.208202
vn -0.025080 0.977764 -0.208202
vn 0.025080 -0.977764 0.208202
vn 0.025080 -0.977764 0.208202
vn -0.025080 0.977764 -0.208202
vn -0.025080 0.977764 -0.208201
vn -0.025081 0.977764 -0.208201
vn -0.025081 0.977765 -0.208201
vn 0.025080 -0.977764 0.208202
vn 0.025080 -0.977764 0.208202
vn -0.025080 0.977764 -0.208202
vn -0.025080 0.977764 -0.208202
vn 0.025080 -0.977764 0.208202
vn 0.025080 -0.977764 0.208202
vn -0.025080 0.977764 -0.208203
vn -0.025080 0.977764 -0.208203
vn 0.025080 -0.977764 0.208202
vn 0.025080 -0.977764 0.208202
vn -0.025080 0.977764 -0.208202
vn -0.025080 0.977764 -0.208202
vn -0.025080 0.977764 -0.208202
vn -0.025080 0.977764 -0.208202
vn 0.025080 -0.977764 0.208203
vn -0.025080 0.977764 -0.208202
vn -0.025080 0.977764 -0.208202
vn 0.025080 -0.977764 0.208202
vn -0.025080 0.977764 -0.208202
vn 0.025080 -0.977764 0.208202
vn -0.025080 0.977764 -0.208202
vn 0.025080 -0.977764 0.208202
vn 0.025080 -0.977764 0.208202
vn 0.025080 -0.977764 0.208202
vn -0.005339 0.208133 0.978086
vn 0.253577 0.207678 0.944759
vn 0.253577 0.207678 0.944758
vn 0.263891 -0.194405 -0.944758
vn 0.005339 -0.208133 -0.978086
vn 0.005339 -0.208133 -0.978086
vn -0.868410 0.081860 0.489043
vn -0.710649 0.129041 0.691611
vn -0.710649 0.129041 0.691611
vn 0.966990 -0.029100 -0.253147
vn 0.868410 -0.081860 -0.489043
vn 0.868410 -0.081860 -0.489043
vn -0.863071 -0.126274 -0.489043
vn -0.964226 -0.078637 -0.253147
vn -0.964226 -0.078637 -0.253147
vn 0.703099 0.165304 0.691611
vn 0.863071 0.126274 0.489043
vn 0.863071 0.126274 0.489043
vn -0.253577 -0.207678 -0.944759
vn -0.135777 0.203006 0.969718
vn -0.005339 0.208133 0.978086
vn 0.504459 -0.167428 -0.847047
vn 0.263890 -0.194405 -0.944759
vn -0.966990 0.029100 0.253147
vn -0.868410 0.081860 0.489043
vn 0.999671 0.025642 -0.000000
vn 0.966990 -0.029100 -0.253147
vn -0.703099 -0.165304 -0.691611
vn -0.863071 -0.126273 -0.489043
vn 0.495212 0.193070 0.847047
vn 0.703099 0.165304 0.691611
vn -0.504459 0.167428 0.847047
vn -0.387490 0.182477 0.903633
vn -0.387490 0.182477 0.903634
vn 0.710649 -0.129041 -0.691611
vn 0.504459 -0.167428 -0.847048
vn -0.999671 -0.025642 -0.000000
vn -0.966990 0.029100 0.253147
vn 0.964226 0.078637 0.253147
vn 0.999671 0.025642 0.000000
vn -0.703099 -0.165304 -0.691611
vn 0.495212 0.193070 0.847047
vn -0.504459 0.167428 0.847047
vn 0.710649 -0.129041 -0.691611
vn -0.999671 -0.025642 -0.000000
vn 0.964226 0.078637 0.253147
vn 0.263891 -0.194405 -0.944759
vn 0.504459 -0.167428 -0.847047
vn 0.263891 -0.194405 -0.944758
vn 0.005339 -0.208133 -0.978086
vn 0.005339 -0.208133 -0.978086
vn 0.263891 -0.194405 -0.944758
vn 0.263891 -0.194405 -0.944759
vn -0.703099 -0.165304 -0.691611
vn -0.703099 -0.165304 -0.691611
vn -0.863071 -0.126274 -0.489043
vn -0.863071 -0.126273 -0.489043
vn -0.964226 -0.078637 -0.253147
vn -0.964226 -0.078637 -0.253147
vn -0.999671 -0.025642 -0.000000
vn -0.999671 -0.025642 -0.000000
vn -0.966990 0.029100 0.253147
vn -0.966990 0.029100 0.253147
vn -0.868410 0.081860 0.489043
vn -0.868410 0.081860 0.489043
vn -0.710649 0.129041 0.691611
vn -0.710649 0.129041 0.691611
vn -0.504459 0.167428 0.847047
vn -0.504459 0.167428 0.847047
vn -0.387490 0.182477 0.903634
vn -0.387490 0.182477 0.903633
vn -0.005339 0.208133 0.978086
vn -0.135776 0.203006 0.969718
vn -0.005339 0.208133 0.978086
vn 0.253577 0.207678 0.944758
vn 0.253577 0.207678 0.944758
vn 0.495212 0.193070 0.847047
vn 0.495212 0.193070 0.847047
vn 0.703099 0.165304 0.691611
vn 0.703099 0.165304 0.691611
vn 0.863071 0.126274 0.489043
vn 0.863071 0.126273 0.489043
vn 0.964226 0.078637 0.253147
vn 0.964226 0.078637 0.253147
vn 0.999671 0.025642 -0.000000
vn 0.999671 0.025642 -0.000000
vn 0.966990 -0.029100 -0.253147
vn 0.966990 -0.029100 -0.253147
vn 0.868410 -0.081860 -0.489043
vn 0.868410 -0.081860 -0.489043
vn 0.710649 -0.129041 -0.691611
vn 0.710649 -0.129041 -0.691611
vn 0.504459 -0.167428 -0.847047
vn 0.025080 -0.977764 0.208202
vn 0.025080 -0.977765 0.208201
vn 0.025080 -0.977764 0.208202
vn -0.025080 0.977764 -0.208202
vn -0.025080 0.977764 -0.208202
vn -0.025080 0.977764 -0.208202
vn -0.025080 0.977764 -0.208202
vn -0.025080 0.977764 -0.208201
vn -0.025080 0.977764 -0.208201
vn -0.025080 0.977764 -0.208202
vn -0.025080 0.977764 -0.208202
vn -0.025080 0.977764 -0.208202
vn 0.025080 -0.977764 0.208202
vn 0.025080 -0.977764 0.208202
vn 0.025080 -0.977764 0.208202
vn 0.025080 -0.977764 0.208204
vn 0.025080 -0.977764 0.208202
vn 0.025080 -0.977764 0.208201
vn -0.025080 0.977764 -0.208202
vn -0.025080 0.977764 -0.208202
vn -0.025080 0.977764 -0.208202
vn -0.025080 0.977764 -0.208202
vn -0.025080 0.977764 -0.208202
vn -0.025080 0.977764 -0.208202
vn 0.025080 -0.977764 0.208202
vn 0.025080 -0.977764 0.208202
vn 0.025080 -0.977764 0.208202
vn 0.025080 -0.977764 0.208201
vn 0.025080 -0.977764 0.208201
vn 0.025080 -0.977764 0.208202
vn 0.025080 -0.977764 0.208202
vn 0.025080 -0.977764 0.208202
vn -0.025080 0.977764 -0.208202
vn -0.025080 0.977764 -0.208202
vn -0.025080 0.977764 -0.208202
vn -0.025080 0.977764 -0.208202
vn 0.025080 -0.977764 0.208202
vn 0.025080 -0.977764 0.208202
vn 0.025080 -0.977764 0.208202
vn 0.025080 -0.977764 0.208205
vn -0.025080 0.977764 -0.208202
vn -0.025081 0.977764 -0.208202
vn -0.025081 0.977764 -0.208202
vn -0.025080 0.977764 -0.208202
vn -0.025080 0.977764 -0.208201
vn -0.025080 0.977764 -0.208202
vn -0.025080 0.977764 -0.208202
vn 0.025081 -0.977764 0.208202
vn 0.025080 -0.977764 0.208202
vn 0.025080 -0.977764 0.208202
vn 0.025080 -0.977764 0.208202
vn 0.025080 -0.977764 0.208201
vn 0.025080 -0.977764 0.208202
vn 0.025080 -0.977764 0.208202
vn -0.025080 0.977764 -0.208202
vn -0.025080 0.977764 -0.208202
vn -0.025080 0.977764 -0.208202
vn -0.025080 0.977764 -0.208202
vn -0.025080 0.977764 -0.208202
vn 0.005339 -0.208133 -0.978086
vn 0.005339 -0.208133 -0.978086
vn -0.253577 -0.207678 -0.944758
vn -0.495212 -0.193070 -0.847047
vn -0.495212 -0.193070 -0.847047
vn -0.703099 -0.165304 -0.691611
vn -0.703099 -0.165304 -0.691611
vn -0.863071 -0.126274 -0.489043
vn -0.863071 -0.126274 -0.489043
vn -0.964226 -0.078637 -0.253147
vn -0.964226 -0.078637 -0.253147
vn -0.999671 -0.025642 0.000000
vn -0.999671 -0.025642 -0.000000
vn -0.966990 0.029100 0.253147
vn -0.966990 0.029100 0.253147
vn -0.868410 0.081860 0.489043
vn -0.868410 0.081860 0.489043
vn -0.710649 0.129041 0.691611
vn -0.710649 0.129041 0.691611
vn -0.504459 0.167428 0.847047
vn -0.504459 0.167428 0.847047
vn -0.387490 0.182477 0.903633
vn -0.387490 0.182477 0.903633
vn -0.135776 0.203006 0.969718
vn -0.005339 0.208133 0.978086
vn -0.005339 0.208133 0.978086
vn 0.253577 0.207678 0.944759
vn 0.253577 0.207678 0.944758
vn 0.495212 0.193070 0.847047
vn 0.495212 0.193070 0.847047
vn 0.703099 0.165304 0.691611
vn 0.703099 0.165304 0.691611
vn 0.863071 0.126274 0.489043
vn 0.863071 0.126274 0.489043
vn 0.964226 0.078637 0.253147
vn 0.964226 0.078637 0.253147
vn 0.999671 0.025642 -0.000000
vn 0.999671 0.025642 0.000000
vn 0.966990 -0.029100 -0.253147
vn 0.966990 -0.029100 -0.253147
vn 0.868410 -0.081860 -0.489043
vn 0.868410 -0.081860 -0.489043
vn 0.710649 -0.129041 -0.691611
vn 0.710649 -0.129041 -0.691611
vn 0.504459 -0.167428 -0.847047
vn -0.253577 -0.207678 -0.944759
vn 0.025080 -0.977764 0.208202
vn 0.025080 -0.977764 0.208202
vn -0.025080 0.977764 -0.208202
vn -0.025080 0.977764 -0.208202
vn -0.025080 0.977764 -0.208202
vn -0.025080 0.977764 -0.208202
vn 0.025080 -0.977764 0.208202
vn 0.025080 -0.977764 0.208202
vn 0.025080 -0.977764 0.208202
vn 0.025080 -0.977764 0.208202
vn 0.025080 -0.977764 0.208201
vn 0.025080 -0.977764 0.208201
vn -0.025080 0.977764 -0.208202
vn -0.025080 0.977764 -0.208202
vn -0.025080 0.977764 -0.208202
vn -0.025080 0.977764 -0.208202
vn -0.025080 0.977764 -0.208202
vn -0.025080 0.977764 -0.208202
vn 0.025080 -0.977764 0.208202
vn 0.025080 -0.977764 0.208202
vn 0.025080 -0.977764 0.208202
vn 0.025080 -0.977764 0.208202
vn 0.025080 -0.977764 0.208202
vn 0.025080 -0.977764 0.208202
vn 0.025081 -0.977764 0.208202
vn -0.025080 0.977764 -0.208202
vn -0.025080 0.977764 -0.208202
vn 0.025080 -0.977764 0.208202
vn 0.025080 -0.977764 0.208202
vn -0.025080 0.977764 -0.208202
vn -0.025080 0.977764 -0.208202
vn -0.025080 0.977764 -0.208202
vn -0.025080 0.977764 -0.208202
vn 0.025080 -0.977764 0.208201
vn -0.025080 0.977764 -0.208202
vn 0.025080 -0.977764 0.208202
vn 0.025080 -0.977764 0.208202
vn 0.299154 -0.191383 -0.934815
vn 0.291154 -0.497714 -0.817013
vn 0.299153 -0.191383 -0.934815
vn 0.246581 -0.770375 -0.587979
vn 0.246581 -0.770375 -0.587980
vn 0.156473 -0.959863 -0.232765
vn 0.085030 -0.996266 0.014950
vn 0.025080 -0.977765 0.208200
vn -0.045625 -0.905825 0.421188
vn -0.168591 -0.639982 0.749667
vn -0.168591 -0.639982 0.749667
vn -0.168591 -0.639982 0.749667
vn -0.214628 -0.475318 0.853234
vn -0.274910 -0.135576 0.951863
vn -0.245237 -0.330230 0.911486
vn -0.299154 0.191383 0.934815
vn -0.299154 0.191383 0.934815
vn -0.291155 0.497715 0.817012
vn -0.291155 0.497715 0.817012
vn -0.274007 0.640162 0.717713
vn -0.207596 0.880648 0.425867
vn -0.207596 0.880648 0.425867
vn -0.207596 0.880648 0.425867
vn -0.094393 0.995401 0.016346
vn 0.035905 0.918901 -0.392851
vn -0.025080 0.977764 -0.208202
vn 0.111631 0.788345 -0.605021
vn 0.214627 0.475316 -0.853235
vn 0.214628 0.475319 -0.853233
vn 0.214628 0.475317 -0.853234
vn 0.274909 0.135578 -0.951863
vn 0.274909 0.135576 -0.951864
vn 0.274910 0.135576 -0.951863
vn 0.274910 0.135576 -0.951863
vn -0.953875 -0.085727 -0.287702
vn -0.953875 -0.085728 -0.287702
vn -0.953875 -0.085728 -0.287702
vn 0.953875 0.085730 0.287702
vn 0.953875 0.085730 0.287702
vn 0.953875 0.085730 0.287702
vn 0.953875 0.085729 0.287702
vn 0.953875 0.085730 0.287703
vn 0.953875 0.085730 0.287702
vn 0.953875 0.085730 0.287703
vn 0.953875 0.085730 0.287702
vn 0.953875 0.085730 0.287702
vn 0.953875 0.085730 0.287703
vn 0.953875 0.085730 0.287702
vn 0.953875 0.085730 0.287702
vn 0.953875 0.085730 0.287702
vn 0.953876 0.085730 0.287701
vn 0.953875 0.085730 0.287702
vn 0.953875 0.085730 0.287701
vn 0.953875 0.085730 0.287702
vn 0.953875 0.085729 0.287702
vn 0.953875 0.085730 0.287703
vn 0.953875 0.085730 0.287702
vn 0.953875 0.085730 0.287702
vn 0.953875 0.085730 0.287703
vn 0.953875 0.085730 0.287702
vn 0.953875 0.085730 0.287702
vn 0.953875 0.085730 0.287702
vn 0.953875 0.085730 0.287702
vn 0.953876 0.085730 0.287701
vn 0.953875 0.085730 0.287703
vn 0.953875 0.085730 0.287702
vn 0.953875 0.085730 0.287701
vn 0.953875 0.085730 0.287702
vn 0.953875 0.085730 0.287702
vn 0.953875 0.085731 0.287702
vn 0.953875 0.085728 0.287704
vn 0.953875 0.085728 0.287703
vn -0.274910 -0.135576 0.951863
vn -0.299154 0.191383 0.934815
vn -0.299153 0.191383 0.934815
vn 0.299153 -0.191383 -0.934816
vn 0.291153 -0.497715 -0.817013
vn 0.291154 -0.497715 -0.817012
vn 0.299152 -0.191383 -0.934816
vn -0.291154 0.497714 0.817013
vn -0.291156 0.497713 0.817013
vn 0.246581 -0.770374 -0.587982
vn 0.246580 -0.770375 -0.587981
vn -0.246582 0.770374 0.587981
vn -0.246580 0.770376 0.587979
vn 0.156473 -0.959863 -0.232766
vn 0.156473 -0.959863 -0.232765
vn -0.156474 0.959863 0.232766
vn -0.156472 0.959862 0.232767
vn 0.025080 -0.977764 0.208201
vn 0.025081 -0.977764 0.208202
vn -0.025080 0.977764 -0.208203
vn -0.025081 0.977765 -0.208201
vn -0.111631 -0.788344 0.605022
vn -0.111630 -0.788343 0.605023
vn 0.111631 0.788342 -0.605025
vn 0.111630 0.788345 -0.605022
vn -0.214627 -0.475318 0.853234
vn -0.214630 -0.475319 0.853233
vn 0.214628 0.475316 -0.853235
vn -0.274911 -0.135575 0.951863
vn -0.495212 -0.193070 -0.847047
vn -0.253577 -0.207678 -0.944758
vn -0.495212 -0.193070 -0.847047
vn 0.005339 -0.208133 -0.978086
vn 0.263891 -0.194405 -0.944758
vn 0.005339 -0.208133 -0.978086
vn 0.263891 -0.194405 -0.944759
vn 0.504459 -0.167428 -0.847047
vn 0.504459 -0.167428 -0.847047
vn 0.710649 -0.129041 -0.691611
vn 0.710649 -0.129041 -0.691611
vn 0.868410 -0.081860 -0.489043
vn 0.868410 -0.081860 -0.489043
vn 0.966990 -0.029100 -0.253147
vn 0.966990 -0.029100 -0.253147
vn 0.999671 0.025642 0.000000
vn 0.999671 0.025642 -0.000000
vn 0.964226 0.078637 0.253147
vn 0.964226 0.078637 0.253147
vn 0.863071 0.126274 0.489043
vn 0.863071 0.126274 0.489043
vn 0.703099 0.165304 0.691611
vn 0.703099 0.165304 0.691611
vn 0.495212 0.193070 0.847047
vn 0.495212 0.193070 0.847047
vn 0.253577 0.207678 0.944759
vn 0.253577 0.207678 0.944758
vn -0.005339 0.208133 0.978086
vn -0.005338 0.208133 0.978086
vn -0.135777 0.203006 0.969718
vn -0.387490 0.182477 0.903634
vn -0.504459 0.167428 0.847047
vn -0.387490 0.182477 0.903633
vn -0.504459 0.167428 0.847047
vn -0.710649 0.129041 0.691611
vn -0.710649 0.129041 0.691611
vn -0.868410 0.081860 0.489043
vn -0.868410 0.081860 0.489043
vn -0.966990 0.029100 0.253147
vn -0.966990 0.029100 0.253147
vn -0.999671 -0.025642 -0.000000
vn -0.999671 -0.025642 -0.000000
vn -0.964226 -0.078637 -0.253147
vn -0.964226 -0.078637 -0.253147
vn -0.863071 -0.126274 -0.489043
vn -0.863071 -0.126273 -0.489043
vn -0.703099 -0.165304 -0.691611
vn -0.703100 -0.165304 -0.691611
vn 0.025080 -0.977765 0.208201
vn 0.025080 -0.977764 0.208201
vn 0.025080 -0.977765 0.208200
vn 0.025080 -0.977765 0.208200
vn 0.025080 -0.977765 0.208201
vn 0.025080 -0.977765 0.208200
vn -0.025080 0.977764 -0.208201
vn -0.025080 0.977764 -0.208204
vn -0.025080 0.977764 -0.208203
vn -0.025080 0.977765 -0.208200
vn -0.025080 0.977765 -0.208199
vn -0.025080 0.977765 -0.208200
vn 0.025080 -0.977765 0.208200
vn 0.025080 -0.977764 0.208204
vn 0.025080 -0.977765 0.208200
vn 0.025080 -0.977765 0.208200
vn 0.025080 -0.977764 0.208202
vn 0.025080 -0.977764 0.208202
vn -0.025080 0.977763 -0.208207
vn -0.025080 0.977764 -0.208202
vn -0.025080 0.977765 -0.208200
vn -0.025080 0.977764 -0.208202
vn -0.025080 0.977764 -0.208202
vn -0.025080 0.977764 -0.208202
vn -0.025080 0.977764 -0.208205
vn -0.025080 0.977764 -0.208203
vn -0.025080 0.977764 -0.208202
vn 0.025080 -0.977764 0.208201
vn 0.025080 -0.977764 0.208202
vn 0.025080 -0.977764 0.208201
vn 0.025080 -0.977764 0.208202
vn 0.025080 -0.977764 0.208202
vn 0.025080 -0.977767 0.208192
vn 0.025080 -0.977764 0.208202
vn -0.025080 0.977764 -0.208202
vn -0.025080 0.977764 -0.208202
vn -0.025080 0.977765 -0.208200
vn -0.025080 0.977765 -0.208200
vn 0.025080 -0.977764 0.208205
vn 0.025080 -0.977764 0.208206
vn 0.025080 -0.977764 0.208201
vn 0.025080 -0.977765 0.208200
vn -0.025080 0.977764 -0.208204
vn -0.025080 0.977764 -0.208203
vn -0.025080 0.977764 -0.208206
vn -0.025080 0.977764 -0.208205
vn -0.025080 0.977764 -0.208202
vn -0.025080 0.977765 -0.208200
vn 0.025080 -0.977764 0.208202
vn 0.025080 -0.977764 0.208202
vn 0.025080 -0.977763 0.208206
vn 0.025080 -0.977764 0.208203
vn 0.025080 -0.977764 0.208202
vn 0.025080 -0.977767 0.208190
vn -0.025080 0.977764 -0.208202
vn -0.025080 0.977764 -0.208202
vn -0.025080 0.977764 -0.208202
vn -0.025080 0.977764 -0.208204
vn -0.253577 -0.207678 -0.944758
vn 0.263890 -0.194405 -0.944759
vn 0.005339 -0.208133 -0.978086
vn 0.504459 -0.167428 -0.847047
vn 0.263891 -0.194405 -0.944758
vn 0.710649 -0.129041 -0.691611
vn 0.504459 -0.167428 -0.847047
vn 0.868410 -0.081860 -0.489043
vn 0.710649 -0.129041 -0.691611
vn 0.966990 -0.029100 -0.253147
vn 0.868410 -0.081860 -0.489043
vn 0.999671 0.025642 0.000000
vn 0.966990 -0.029100 -0.253147
vn 0.964226 0.078637 0.253148
vn 0.999671 0.025642 -0.000000
vn 0.863071 0.126274 0.489043
vn 0.964226 0.078637 0.253147
vn 0.703099 0.165304 0.691611
vn 0.863071 0.126274 0.489043
vn 0.495212 0.193070 0.847047
vn 0.703099 0.165304 0.691611
vn 0.253577 0.207678 0.944758
vn 0.495212 0.193070 0.847047
vn -0.005338 0.208133 0.978086
vn 0.253577 0.207678 0.944759
vn -0.135776 0.203006 0.969718
vn -0.005339 0.208133 0.978086
vn -0.504459 0.167428 0.847047
vn -0.387490 0.182477 0.903634
vn -0.387490 0.182477 0.903634
vn -0.710649 0.129041 0.691611
vn -0.504459 0.167428 0.847047
vn -0.868410 0.081860 0.489043
vn -0.710649 0.129041 0.691611
vn -0.966990 0.029100 0.253147
vn -0.868410 0.081860 0.489043
vn -0.999671 -0.025642 -0.000000
vn -0.966990 0.029100 0.253147
vn -0.964226 -0.078637 -0.253147
vn -0.999671 -0.025642 0.000000
vn -0.863071 -0.126274 -0.489043
vn -0.964226 -0.078637 -0.253147
vn -0.703100 -0.165304 -0.691611
vn -0.863071 -0.126274 -0.489043
vn -0.495212 -0.193070 -0.847047
vn -0.703099 -0.165304 -0.691611
vn -0.495212 -0.193070 -0.847047
vn 0.025080 -0.977764 0.208202
vn 0.025080 -0.977764 0.208202
vn -0.025080 0.977764 -0.208204
vn -0.025080 0.977764 -0.208205
vn -0.025080 0.977764 -0.208202
vn -0.025080 0.977764 -0.208202
vn -0.025080 0.977764 -0.208202
vn -0.025080 0.977763 -0.208209
vn 0.025080 -0.977764 0.208202
vn 0.025080 -0.977764 0.208202
vn 0.025080 -0.977764 0.208202
vn 0.025080 -0.977764 0.208202
vn -0.025080 0.977765 -0.208200
vn -0.025080 0.977764 -0.208204
vn -0.025080 0.977764 -0.208202
vn -0.025080 0.977765 -0.208197
vn -0.025080 0.977765 -0.208200
vn -0.025080 0.977764 -0.208204
vn -0.025080 0.977764 -0.208202
vn 0.025080 -0.977764 0.208202
vn 0.025080 -0.977764 0.208202
vn 0.025080 -0.977765 0.208200
vn 0.025080 -0.977765 0.208198
vn 0.025080 -0.977764 0.208202
vn 0.025080 -0.977764 0.208202
vn -0.025080 0.977764 -0.208203
vn -0.025080 0.977764 -0.208202
vn -0.025080 0.977764 -0.208202
vn 0.025080 -0.977764 0.208203
vn 0.025080 -0.977765 0.208200
vn 0.025080 -0.977763 0.208207
vn 0.025080 -0.977764 0.208202
vn 0.025080 -0.977764 0.208202
vn -0.025080 0.977764 -0.208204
vn -0.025080 0.977766 -0.208195
vn -0.025080 0.977764 -0.208204
vn 0.025080 -0.977764 0.208202
vn 0.025080 -0.977764 0.208205
vn -0.253577 -0.207678 -0.944758
vn -0.135777 0.203006 0.969718
vn -0.253578 -0.207678 -0.944758
vn -0.025080 0.977764 -0.208202
vn -0.025080 0.977764 -0.208202
vn -0.025080 0.977768 -0.208186
vn -0.025080 0.977764 -0.208201
vn -0.025080 0.977764 -0.208202
vn -0.025080 0.977764 -0.208202
vn -0.025080 0.977764 -0.208202
vn -0.025080 0.977764 -0.208202
vn -0.025080 0.977764 -0.208202
vn -0.025080 0.977764 -0.208202
vn -0.025080 0.977764 -0.208202
vn -0.025080 0.977764 -0.208202
vn -0.025080 0.977765 -0.208200
vn -0.025081 0.977785 -0.208105
vn -0.025080 0.977754 -0.208250
vn -0.025080 0.977764 -0.208203
vn -0.025080 0.977764 -0.208202
vn -0.025080 0.977764 -0.208202
vn -0.025080 0.977764 -0.208202
vn -0.025080 0.977764 -0.208201
vn -0.025081 0.977775 -0.208154
vn -0.135777 0.203006 0.969718
vn -0.253577 -0.207678 -0.944758
vn -0.135776 0.203006 0.969718
vn -0.253577 -0.207678 -0.944758
vn -0.999671 -0.025642 -0.000000
vn -0.135776 0.203006 0.969718
vn 0.025080 -0.977764 0.208202
vn 0.025080 -0.977764 0.208201
vn 0.025080 -0.977764 0.208202
vn 0.025080 -0.977764 0.208205
vn 0.025080 -0.977764 0.208202
vn 0.025080 -0.977766 0.208196
vn 0.025080 -0.977764 0.208204
vn 0.025080 -0.977764 0.208202
vn 0.025080 -0.977764 0.208202
vn 0.025081 -0.977771 0.208169
vn 0.025080 -0.977764 0.208202
vn 0.025080 -0.977764 0.208202
vn 0.025080 -0.977764 0.208202
vn 0.025080 -0.977757 0.208235
vn 0.025080 -0.977764 0.208202
vn 0.025080 -0.977764 0.208202
vn 0.025080 -0.977764 0.208202
vn 0.025080 -0.977764 0.208202
vn 0.025080 -0.977764 0.208202
vn 0.025080 -0.977764 0.208202
vn 0.025080 -0.977764 0.208202
vn -0.135776 0.203006 0.969718
vn -0.135777 0.203006 0.969718
vn -0.135777 0.203006 0.969718
vn 0.291155 -0.497714 -0.817013
vn 0.156474 -0.959862 -0.232767
vn -0.045625 -0.905825 0.421188
vn -0.045625 -0.905825 0.421188
vn -0.045625 -0.905825 0.421188
vn -0.168591 -0.639983 0.749666
vn -0.274911 -0.135576 0.951863
vn -0.274008 0.640163 0.717712
vn -0.207596 0.880649 0.425866
vn -0.156473 0.959862 0.232767
vn -0.158132 0.958110 0.238787
vn -0.094393 0.995401 0.016350
vn 0.111631 0.788344 -0.605022
vn -0.953875 -0.085730 -0.287702
vn -0.953875 -0.085730 -0.287702
vn -0.953875 -0.085730 -0.287702
vn -0.953875 -0.085729 -0.287703
vn -0.953875 -0.085731 -0.287702
vn -0.953875 -0.085730 -0.287702
vn -0.953875 -0.085730 -0.287702
vn -0.953875 -0.085730 -0.287702
vn -0.953875 -0.085726 -0.287703
vn -0.953875 -0.085733 -0.287701
vn -0.953875 -0.085730 -0.287702
vn -0.953875 -0.085730 -0.287703
vn -0.953876 -0.085733 -0.287700
vn 0.953875 0.085730 0.287701
vn 0.953875 0.085731 0.287703
vn 0.953875 0.085730 0.287702
vn 0.953875 0.085730 0.287702
vn 0.953875 0.085730 0.287702
vn 0.953875 0.085729 0.287702
vn 0.953876 0.085730 0.287701
vn 0.953875 0.085729 0.287702
vn 0.953876 0.085729 0.287699
vn 0.953875 0.085732 0.287703
vn 0.953875 0.085730 0.287702
vn 0.953876 0.085730 0.287701
vn 0.953875 0.085735 0.287701
vn -0.135776 0.203006 0.969718
vn -0.135777 0.203006 0.969718
s 1
g Piece4 Supermarine_Spitfire_Mk:GLTF_SceneRootNode Supermarine_Spitfire_Mk:root Supermarine_Spitfire_Mk:Sketchfab_model Supermarine_Spitfire_Mk:Meshes Supermarine_Spitfire_Mk:scene Supermarine_Spitfire_Mk:Object_116
usemtl Supermarine_Spitfire_Mk:Object_116SG
f 922/849/734 1276/1203/735 1368/1295/736
s 2
f 1289/1216/737 1039/966/738 1037/964/739
f 1293/1220/740 1041/968/741 1039/966/738
f 1297/1224/742 1043/970/743 1041/968/741
f 1301/1228/744 1045/972/745 1043/970/743
f 1305/1232/746 1047/974/747 1045/972/745
f 1309/1236/748 1049/976/749 1047/974/747
f 1313/1240/750 1051/978/751 1049/976/749
f 1317/1244/752 1053/980/753 1051/978/751
f 1321/1248/754 1055/982/755 1053/980/753
f 1324/1251/756 1056/983/757 1055/982/755
f 1329/1256/758 1059/986/759 1057/984/760
f 1334/1261/761 1061/988/762 1059/986/759
f 1338/1265/763 1063/990/764 1061/988/762
f 1342/1269/765 1065/992/766 1063/990/764
f 1346/1273/767 1067/994/768 1065/992/766
f 1350/1277/769 1069/996/770 1067/994/768
f 1354/1281/771 1071/998/772 1069/996/770
f 1358/1285/773 1073/1000/774 1071/998/772
f 1362/1289/775 1075/1002/776 1073/1000/774
s 21
f 1267/1194/777 1271/1198/778 1269/1196/779
s 2
f 1366/1293/780 1032/959/781 1075/1002/776
s 23
f 811/738/782 776/703/783 744/671/784
s 2
f 1032/959/781 1273/1200/785 1029/956/786
s 25
f 828/755/787 1220/1147/788 824/751/789
s 2
f 1287/1214/790 1037/964/739 1035/962/791
s 26
f 1615/1542/792 839/766/793 833/760/794
s 27
f 1602/1529/795 1606/1533/796 1604/1531/797
s 26
f 1700/1627/798 924/851/799 920/847/800
f 1696/1623/801 920/847/800 916/843/802
f 1692/1619/803 916/843/802 912/839/804
f 1688/1615/805 912/839/804 908/835/806
f 1684/1611/807 908/835/806 904/831/808
f 1680/1607/809 904/831/808 900/827/810
f 1676/1603/811 900/827/810 896/823/812
f 1672/1599/813 896/823/812 892/819/814
f 1668/1595/815 892/819/814 888/815/816
f 1662/1589/817 887/814/818 882/809/819
f 1659/1586/820 882/809/819 879/806/821
f 1655/1582/822 879/806/821 875/802/823
f 1651/1578/824 875/802/823 871/798/825
f 1647/1574/826 871/798/825 867/794/827
f 1643/1570/828 867/794/827 863/790/829
f 1639/1566/830 863/790/829 859/786/831
f 1635/1562/832 859/786/831 855/782/833
f 1631/1558/834 855/782/833 851/778/835
f 1627/1554/836 851/778/835 847/774/837
f 1623/1550/838 847/774/837 843/770/839
f 1619/1546/840 843/770/839 839/766/793
s 30
f 895/822/841 971/898/842 967/894/843
f 927/854/844 936/863/845 834/761/846
s 32
f 838/765/847 934/861/848 832/759/849
f 858/785/850 1010/937/851 854/781/852
f 897/824/853 973/900/854 893/820/855
s 30
f 836/763/856 1020/947/857 840/767/858
f 872/799/859 984/911/860 876/803/861
f 911/838/862 947/874/863 915/842/864
s 32
f 832/759/849 933/860/865 929/856/866
f 842/769/867 1026/953/868 838/765/847
f 878/805/869 990/917/870 874/801/871
f 913/840/872 949/876/873 953/880/874
s 30
f 856/783/875 1000/927/876 860/787/877
f 895/822/841 963/890/878 899/826/879
s 32
f 858/785/850 1002/929/880 1006/933/881
f 901/828/882 969/896/883 897/824/853
s 30
f 844/771/884 1020/947/857 1016/943/885
f 881/808/886 984/911/860 981/908/887
f 915/842/864 943/870/888 919/846/889
s 32
f 846/773/890 1022/949/891 842/769/867
f 883/810/892 986/913/893 878/805/869
f 921/848/894 949/876/873 917/844/895
s 30
f 864/791/896 1000/927/876 996/923/897
f 899/826/879 959/886/898 903/830/899
s 26
f 1704/1631/900 928/855/901 924/851/799
s 48
f 935/862/902 930/857/903 932/859/904
f 932/859/904 938/865/905 940/867/906
f 940/867/906 942/869/907 944/871/908
f 944/871/908 946/873/909 948/875/910
f 948/875/910 950/877/911 952/879/912
f 952/879/912 954/881/913 956/883/914
f 956/883/914 958/885/915 960/887/916
f 960/887/916 962/889/917 964/891/918
f 964/891/918 966/893/919 968/895/920
f 968/895/920 970/897/921 972/899/922
f 972/899/922 975/902/923 978/905/924
f 977/904/925 980/907/926 982/909/927
f 982/909/927 985/912/928 987/914/929
f 987/914/929 989/916/930 991/918/931
f 991/918/931 993/920/932 995/922/933
f 995/922/933 997/924/934 999/926/935
f 999/926/935 1001/928/936 1003/930/937
f 1003/930/937 1005/932/938 1007/934/939
f 1007/934/939 1009/936/940 1011/938/941
f 1011/938/941 1013/940/942 1015/942/943
f 1015/942/943 1017/944/944 1019/946/945
f 1019/946/945 1021/948/946 1023/950/947
f 1023/950/947 1025/952/948 1027/954/949
f 935/862/902 1025/952/948 937/864/950
s 30
f 856/783/875 1008/935/951 1004/931/952
s 32
f 909/836/953 953/880/874 957/884/954
f 870/797/955 990/917/870 994/921/956
s 30
f 834/761/846 1024/951/957 836/763/856
f 911/838/862 955/882/958 951/878/959
f 868/795/960 988/915/961 872/799/859
s 32
f 925/852/962 933/860/865 941/868/963
f 893/820/855 979/906/964 889/816/965
f 854/781/852 1014/941/966 850/777/967
s 30
f 923/850/968 931/858/969 927/854/844
f 891/818/970 976/903/971 971/898/842
f 852/779/972 1012/939/973 1008/935/951
s 32
f 909/836/953 961/888/974 905/832/975
f 870/797/955 998/925/976 866/793/977
s 30
f 907/834/978 959/886/898 955/882/958
f 868/795/960 996/923/897 992/919/979
s 32
f 925/852/962 945/872/980 921/848/894
f 883/810/892 979/906/964 983/910/981
f 850/777/967 1018/945/982 846/773/890
s 30
f 923/850/968 943/870/888 939/866/983
f 886/813/984 981/908/887 976/903/971
f 844/771/884 1012/939/973 848/775/985
s 32
f 905/832/975 965/892/986 901/828/882
f 866/793/977 1002/929/880 862/789/987
s 56
f 805/732/988 1111/1038/989 1113/1040/990
s 57
f 1054/981/991 1152/1079/992 1148/1075/993
s 56
f 770/697/994 1097/1024/995 774/701/996
s 57
f 1060/987/997 1152/1079/992 1058/985/998
s 56
f 742/669/999 1083/1010/1000 746/673/1001
f 829/756/1002 1123/1050/1003 1125/1052/1004
f 801/728/1005 1109/1036/1006 1111/1038/989
s 57
f 1062/989/1007 1154/1081/1008 1060/987/997
f 1028/955/1009 1174/1101/1010 1033/960/1011
s 56
f 766/693/1012 1095/1022/1013 770/697/994
s 57
f 1064/991/1014 1156/1083/1015 1062/989/1007
s 56
f 738/665/1016 1081/1008/1017 742/669/999
f 825/752/1018 1121/1048/1019 1123/1050/1003
s 57
f 1034/961/1020 1130/1057/1021 1128/1055/1022
s 56
f 797/724/1023 1107/1034/1024 1109/1036/1006
s 57
f 1066/993/1025 1158/1085/1026 1064/991/1014
f 1036/963/1027 1132/1059/1028 1130/1057/1021
s 56
f 762/689/1029 1093/1020/1030 766/693/1012
s 57
f 1068/995/1031 1160/1087/1032 1066/993/1025
s 56
f 734/661/1033 1079/1006/1034 738/665/1016
f 821/748/1035 1119/1046/1036 1121/1048/1019
s 57
f 1038/965/1037 1134/1061/1038 1132/1059/1028
s 56
f 793/720/1039 1105/1032/1040 1107/1034/1024
s 57
f 1070/997/1041 1162/1089/1042 1068/995/1031
s 80
f 1127/1054/1043 1082/1009/1044 1080/1007/1045
f 1172/1099/1046 1080/1007/1045 1078/1005/1047
f 1169/1096/1048 1124/1051/1049 1122/1049/1050
f 1167/1094/1051 1122/1049/1050 1120/1047/1052
f 1165/1092/1053 1120/1047/1052 1118/1045/1054
f 1163/1090/1055 1118/1045/1054 1116/1043/1056
f 1114/1041/1057 1163/1090/1055 1116/1043/1056
f 1159/1086/1058 1114/1041/1057 1112/1039/1059
f 1157/1084/1060 1112/1039/1059 1110/1037/1061
f 1155/1082/1062 1110/1037/1061 1108/1035/1063
f 1153/1080/1064 1108/1035/1063 1106/1033/1065
f 1151/1078/1066 1106/1033/1065 1104/1031/1067
f 1149/1076/1068 1103/1030/1069 1101/1028/1070
f 1147/1074/1071 1101/1028/1070 1100/1027/1072
f 1145/1072/1073 1100/1027/1072 1098/1025/1074
f 1143/1070/1075 1098/1025/1074 1096/1023/1076
f 1141/1068/1077 1096/1023/1076 1094/1021/1078
f 1139/1066/1079 1094/1021/1078 1092/1019/1080
f 1137/1064/1081 1092/1019/1080 1090/1017/1082
f 1135/1062/1083 1090/1017/1082 1088/1015/1084
f 1133/1060/1085 1088/1015/1084 1086/1013/1086
f 1131/1058/1087 1086/1013/1086 1084/1011/1088
f 1129/1056/1089 1084/1011/1088 1082/1009/1044
f 1124/1051/1049 1172/1099/1046 1078/1005/1047
s 56
f 734/661/1033 1125/1052/1004 1077/1004/1090
f 746/673/1001 1085/1012/1091 750/677/1092
s 57
f 1052/979/1093 1148/1075/993 1146/1073/1094
s 56
f 774/701/996 1099/1026/1095 778/705/1096
s 57
f 1034/961/1020 1126/1053/1097 1030/957/1098
f 1050/977/1099 1146/1073/1094 1144/1071/1100
s 56
f 809/736/1101 1113/1040/990 1115/1042/1102
s 57
f 1030/957/1098 1171/1098/1103 1028/955/1009
s 56
f 750/677/1092 1087/1014/1104 754/681/1105
s 57
f 1048/975/1106 1144/1071/1100 1142/1069/1107
f 1033/960/1011 1170/1097/1108 1076/1003/1109
s 56
f 778/705/1096 1102/1029/1110 783/710/1111
s 57
f 1046/973/1112 1142/1069/1107 1140/1067/1113
s 56
f 813/740/1114 1115/1042/1102 1117/1044/1115
s 57
f 1076/1003/1109 1168/1095/1116 1074/1001/1117
s 56
f 754/681/1105 1089/1016/1118 758/685/1119
s 57
f 1044/971/1120 1140/1067/1113 1138/1065/1121
f 1074/1001/1117 1166/1093/1122 1072/999/1123
s 56
f 783/710/1111 1105/1032/1040 788/715/1124
s 57
f 1042/969/1125 1138/1065/1121 1136/1063/1126
s 56
f 817/744/1127 1117/1044/1115 1119/1046/1036
s 57
f 1072/999/1123 1164/1091/1128 1070/997/1041
s 56
f 758/685/1119 1091/1018/1129 762/689/1029
s 57
f 1040/967/1130 1136/1063/1126 1134/1061/1038
s 84
f 1189/1116/1131 1207/1134/1132 1223/1150/1133
s 25
f 782/709/1134 1198/1125/1135 779/706/1136
f 739/666/1137 1176/1103/1138 735/662/1139
f 800/727/1140 1206/1133/1141 796/723/1142
f 755/682/1143 1184/1111/1144 751/678/1145
f 816/743/1146 1214/1141/1147 812/739/1148
f 771/698/1149 1192/1119/1150 767/694/1151
f 735/662/1139 1222/1149/1152 828/755/787
f 787/714/1153 1199/1126/1154 782/709/1134
f 743/670/1155 1178/1105/1156 739/666/1137
f 804/731/1157 1208/1135/1158 800/727/1140
f 759/686/1159 1186/1113/1160 755/682/1143
f 820/747/1161 1216/1143/1162 816/743/1146
f 775/702/1163 1194/1121/1164 771/698/1149
f 792/719/1165 1201/1128/1166 786/713/1167
f 747/674/1168 1180/1107/1169 743/670/1155
f 808/735/1170 1210/1137/1171 804/731/1157
f 763/690/1172 1188/1115/1173 759/686/1159
f 824/751/789 1218/1145/1174 820/747/1161
f 779/706/1136 1196/1123/1175 775/702/1163
f 796/723/1142 1204/1131/1176 792/719/1165
f 751/678/1145 1182/1109/1177 747/674/1168
f 808/735/1170 1214/1141/1147 1212/1139/1178
f 767/694/1151 1190/1117/1179 763/690/1172
s 1
f 837/764/1180 1285/1212/1181 1283/1210/1182
f 1276/1203/735 835/762/1183 1274/1201/1184
s 2
f 1281/1208/1185 1035/962/791 1031/958/1186
s 1
f 918/845/1187 1368/1295/736 1364/1291/1188
f 914/841/1189 1364/1291/1188 1360/1287/1190
f 910/837/1191 1360/1287/1190 1356/1283/1192
f 906/833/1193 1356/1283/1192 1352/1279/1194
f 902/829/1195 1352/1279/1194 1348/1275/1196
f 898/825/1197 1348/1275/1196 1344/1271/1198
f 894/821/1199 1344/1271/1198 1340/1267/1200
f 890/817/1201 1340/1267/1200 1336/1263/1202
f 885/812/1203 1336/1263/1202 1332/1259/1204
f 880/807/1205 1331/1258/1206 1326/1253/1207
f 877/804/1208 1326/1253/1207 1323/1250/1209
f 873/800/1210 1323/1250/1209 1319/1246/1211
f 869/796/1212 1319/1246/1211 1315/1242/1213
f 865/792/1214 1315/1242/1213 1311/1238/1215
f 861/788/1216 1311/1238/1215 1307/1234/1217
f 857/784/1218 1307/1234/1217 1303/1230/1219
f 853/780/1220 1303/1230/1219 1299/1226/1221
f 849/776/1222 1299/1226/1221 1295/1222/1223
f 845/772/1224 1295/1222/1223 1291/1218/1225
f 841/768/1226 1291/1218/1225 1285/1212/1181
s 2
f 1273/1200/785 1031/958/1186 1029/956/786
s 104
f 1353/1280/1227 1233/1160/1228 1349/1276/1229
s 105
f 1292/1219/1230 1408/1335/1231 1296/1223/1232
f 1330/1257/1233 1371/1298/1234 1335/1262/1235
f 1367/1294/1236 1253/1180/1237 1279/1206/1238
s 104
f 1298/1225/1239 1414/1341/1240 1294/1221/1241
f 1337/1264/1242 1379/1306/1243 1333/1260/1244
s 105
f 1312/1239/1245 1388/1315/1246 1316/1243/1247
f 1351/1278/1248 1243/1170/1249 1355/1282/1250
s 104
f 1277/1204/1251 1257/1184/1252 1369/1296/1253
f 1318/1245/1254 1394/1321/1255 1314/1241/1256
f 1357/1284/1257 1237/1164/1258 1353/1280/1227
s 105
f 1300/1227/1259 1408/1335/1231 1404/1331/1260
f 1339/1266/1261 1371/1298/1234 1227/1154/1262
s 104
f 1302/1229/1263 1410/1337/1264 1298/1225/1239
f 1341/1268/1265 1373/1300/1266 1337/1264/1242
s 105
f 1272/1199/1267 1270/1197/1268 1280/1207/1269
f 1316/1243/1247 1384/1311/1270 1320/1247/1271
f 1355/1282/1250 1247/1174/1272 1359/1286/1273
s 104
f 1282/1209/1274 1261/1188/1275 1275/1202/1276
f 1322/1249/1277 1390/1317/1278 1318/1245/1254
f 1357/1284/1257 1245/1172/1279 1241/1168/1280
s 105
f 1300/1227/1259 1400/1327/1281 1304/1231/1282
f 1343/1270/1283 1227/1154/1262 1231/1158/1284
f 1279/1206/1238 1262/1189/1285 1272/1199/1267
s 1
f 835/762/1183 1283/1210/1182 1274/1201/1184
s 21
f 1260/1187/1286 1271/1198/778 1263/1190/1287
f 1254/1181/1288 1258/1185/1289 1256/1183/1290
f 1256/1183/1290 1250/1177/1291 1248/1175/1292
f 1248/1175/1292 1246/1173/1293 1244/1171/1294
f 1244/1171/1294 1242/1169/1295 1240/1167/1296
f 1240/1167/1296 1238/1165/1297 1236/1163/1298
f 1236/1163/1298 1234/1161/1299 1232/1159/1300
f 1232/1159/1300 1230/1157/1301 1228/1155/1302
f 1228/1155/1302 1226/1153/1303 1224/1151/1304
f 1224/1151/1304 1370/1297/1305 1372/1299/1306
f 1372/1299/1306 1375/1302/1307 1377/1304/1308
f 1378/1305/1309 1381/1308/1310 1382/1309/1311
f 1382/1309/1311 1385/1312/1312 1387/1314/1313
f 1387/1314/1313 1389/1316/1314 1391/1318/1315
f 1391/1318/1315 1393/1320/1316 1395/1322/1317
f 1395/1322/1317 1397/1324/1318 1399/1326/1319
f 1399/1326/1319 1401/1328/1320 1403/1330/1321
f 1403/1330/1321 1405/1332/1322 1407/1334/1323
f 1407/1334/1323 1409/1336/1324 1411/1338/1325
f 1411/1338/1325 1413/1340/1326 1415/1342/1327
f 1415/1342/1327 1417/1344/1328 1419/1346/1329
f 1419/1346/1329 1265/1192/1330 1267/1194/777
f 1260/1187/1286 1252/1179/1331 1254/1181/1288
s 104
f 1314/1241/1256 1398/1325/1332 1310/1237/1333
s 105
f 1347/1274/1334 1239/1166/1335 1351/1278/1248
f 1312/1239/1245 1396/1323/1336 1392/1319/1337
s 104
f 1369/1296/1253 1249/1176/1338 1365/1292/1339
f 1327/1254/1340 1379/1306/1243 1383/1310/1341
f 1294/1221/1241 1418/1345/1342 1290/1217/1343
s 105
f 1367/1294/1236 1251/1178/1344 1259/1186/1345
f 1325/1252/1346 1376/1303/1347 1330/1257/1233
f 1292/1219/1230 1416/1343/1348 1412/1339/1349
s 104
f 1349/1276/1229 1229/1156/1350 1345/1272/1351
f 1310/1237/1333 1402/1329/1352 1306/1233/1353
f 1290/1217/1343 1266/1193/1354 1284/1211/1355
f 1284/1211/1355 1268/1195/1356 1282/1209/1274
s 105
f 1343/1270/1283 1235/1162/1357 1347/1274/1334
f 1308/1235/1358 1400/1327/1281 1396/1323/1336
s 104
f 1365/1292/1339 1245/1172/1279 1361/1288/1359
f 1327/1254/1340 1386/1313/1360 1322/1249/1277
s 105
f 1288/1215/1361 1264/1191/1362 1416/1343/1348
f 1363/1290/1363 1247/1174/1272 1251/1178/1344
f 1320/1247/1271 1380/1307/1364 1325/1252/1346
s 104
f 1277/1204/1251 1261/1188/1275 1255/1182/1365
s 105
f 1280/1207/1269 1264/1191/1362 1286/1213/1366
s 104
f 1345/1272/1351 1225/1152/1367 1341/1268/1265
f 1306/1233/1353 1406/1333/1368 1302/1229/1263
s 129
f 1492/1419/1369 1425/1352/1370 1421/1348/1371
f 1425/1352/1370 1494/1421/1372 1429/1356/1373
f 1494/1421/1372 1433/1360/1374 1429/1356/1373
f 1433/1360/1374 1499/1426/1375 1437/1364/1376
f 1499/1426/1375 1442/1369/1377 1437/1364/1376
s off
f 1503/1430/1378 1448/1375/1379 1443/1370/1380
s 132
f 1505/1432/1381 1452/1379/1382 1447/1374/1383
f 1452/1379/1382 1509/1436/1384 1456/1383/1385
f 1509/1436/1384 1460/1387/1386 1456/1383/1385
f 1511/1438/1387 1464/1391/1388 1460/1387/1386
s off
f 1515/1442/1389 1471/1398/1390 1465/1392/1391
s 129
f 1470/1397/1392 1520/1447/1393 1475/1402/1394
f 1520/1447/1393 1479/1406/1395 1475/1402/1394
f 1479/1406/1395 1524/1451/1396 1483/1410/1397
s 137
f 1484/1411/1398 1558/1485/1399 1488/1415/1400
s 129
f 1524/1451/1396 1487/1414/1401 1483/1410/1397
f 1526/1453/1402 1421/1348/1371 1487/1414/1401
s 138
f 1478/1405/1403 1482/1409/1404 1468/1395/1405
s 139
f 1427/1354/1406 1493/1420/1407 1423/1350/1408
f 1431/1358/1409 1491/1418/1410 1427/1354/1406
f 1435/1362/1411 1495/1422/1412 1431/1358/1409
f 1439/1366/1413 1497/1424/1414 1435/1362/1411
f 1439/1366/1413 1504/1431/1415 1500/1427/1416
f 1445/1372/1417 1506/1433/1418 1504/1431/1415
f 1450/1377/1419 1508/1435/1420 1506/1433/1418
f 1454/1381/1421 1510/1437/1422 1508/1435/1420
f 1462/1389/1423 1510/1437/1422 1458/1385/1424
f 1467/1394/1425 1512/1439/1426 1462/1389/1423
f 1473/1400/1427 1516/1443/1428 1467/1394/1425
f 1477/1404/1429 1518/1445/1430 1473/1400/1427
f 1477/1404/1429 1523/1450/1431 1521/1448/1432
f 1481/1408/1433 1525/1452/1434 1523/1450/1431
f 1485/1412/1435 1527/1454/1436 1525/1452/1434
f 1489/1416/1437 1493/1420/1407 1527/1454/1436
s 154
f 1533/1460/1438 1539/1466/1439 1535/1462/1440
s 137
f 1453/1380/1441 1544/1471/1442 1457/1384/1443
f 1422/1349/1444 1528/1455/1445 1426/1353/1446
f 1488/1415/1400 1530/1457/1447 1422/1349/1444
f 1461/1388/1448 1544/1471/1442 1546/1473/1449
f 1426/1353/1446 1532/1459/1450 1430/1357/1451
f 1461/1388/1448 1548/1475/1452 1466/1393/1453
f 1430/1357/1451 1534/1461/1454 1434/1361/1455
f 1466/1393/1453 1550/1477/1456 1472/1399/1457
f 1438/1365/1458 1534/1461/1454 1536/1463/1459
f 1472/1399/1457 1552/1479/1460 1476/1403/1461
f 1438/1365/1458 1538/1465/1462 1444/1371/1463
f 1476/1403/1461 1554/1481/1464 1480/1407/1465
f 1449/1376/1466 1538/1465/1462 1540/1467/1467
f 1484/1411/1398 1554/1481/1464 1556/1483/1468
f 1449/1376/1466 1542/1469/1469 1453/1380/1441
s 157
f 826/753/1470 1610/1537/1471 1702/1629/1472
f 736/663/1473 1617/1544/1474 1612/1539/1475
f 741/668/1476 1621/1548/1477 1617/1544/1474
f 745/672/1478 1625/1552/1479 1621/1548/1477
f 749/676/1480 1629/1556/1481 1625/1552/1479
f 753/680/1482 1633/1560/1483 1629/1556/1481
f 757/684/1484 1637/1564/1485 1633/1560/1483
f 761/688/1486 1641/1568/1487 1637/1564/1485
f 765/692/1488 1645/1572/1489 1641/1568/1487
f 769/696/1490 1649/1576/1491 1645/1572/1489
f 773/700/1492 1653/1580/1493 1649/1576/1491
f 777/704/1494 1657/1584/1495 1653/1580/1493
f 781/708/1496 1660/1587/1497 1657/1584/1495
f 784/711/1498 1664/1591/1499 1660/1587/1497
f 789/716/1500 1670/1597/1501 1665/1592/1502
f 794/721/1503 1674/1601/1504 1670/1597/1501
f 798/725/1505 1678/1605/1506 1674/1601/1504
f 802/729/1507 1682/1609/1508 1678/1605/1506
f 806/733/1509 1686/1613/1510 1682/1609/1508
f 810/737/1511 1690/1617/1512 1686/1613/1510
f 814/741/1513 1694/1621/1514 1690/1617/1512
f 818/745/1515 1698/1625/1516 1694/1621/1514
f 822/749/1517 1702/1629/1472 1698/1625/1516
s 26
f 928/855/901 1615/1542/792 833/760/794
s 179
f 1663/1590/1518 1708/1635/1519 1713/1640/1520
f 1622/1549/1521 1588/1515/1522 1626/1553/1523
s 181
f 1683/1610/1524 1729/1656/1525 1679/1606/1526
f 1640/1567/1527 1570/1497/1528 1574/1501/1529
s 179
f 1681/1608/1530 1727/1654/1531 1731/1658/1532
f 1638/1565/1533 1572/1499/1534 1642/1569/1535
s 181
f 1699/1626/1536 1745/1672/1537 1695/1622/1538
f 1661/1588/1539 1706/1633/1540 1656/1583/1541
f 1624/1551/1542 1594/1521/1543 1620/1547/1544
s 179
f 1693/1620/1545 1747/1674/1546 1697/1624/1547
f 1654/1581/1548 1708/1635/1519 1658/1585/1549
f 1622/1549/1521 1596/1523/1550 1592/1519/1551
s 181
f 1679/1606/1526 1725/1652/1552 1675/1602/1553
f 1636/1563/1554 1574/1501/1529 1578/1505/1555
s 179
f 1673/1600/1556 1727/1654/1531 1677/1604/1557
f 1634/1561/1558 1576/1503/1559 1638/1565/1533
s 181
f 1691/1618/1560 1745/1672/1537 1741/1668/1561
f 1652/1579/1562 1706/1633/1540 1562/1489/1563
f 1620/1547/1544 1598/1525/1564 1616/1543/1565
s 179
f 1689/1616/1566 1743/1670/1567 1693/1620/1545
f 1650/1577/1568 1560/1487/1569 1654/1581/1548
f 1614/1541/1570 1596/1523/1550 1618/1545/1571
s 181
f 1675/1602/1553 1721/1648/1572 1671/1598/1573
f 1636/1563/1554 1582/1509/1574 1632/1559/1575
s 157
f 830/757/1576 1612/1539/1475 1610/1537/1471
s 27
f 1599/1526/1577 1601/1528/1578 1602/1529/795
f 1595/1522/1579 1597/1524/1580 1599/1526/1577
f 1591/1518/1581 1593/1520/1582 1595/1522/1579
f 1587/1514/1583 1589/1516/1584 1591/1518/1581
f 1583/1510/1585 1585/1512/1586 1587/1514/1583
f 1579/1506/1587 1581/1508/1588 1583/1510/1585
f 1575/1502/1589 1577/1504/1590 1579/1506/1587
f 1571/1498/1591 1573/1500/1592 1575/1502/1589
f 1567/1494/1593 1569/1496/1594 1571/1498/1591
f 1563/1490/1595 1565/1492/1596 1567/1494/1593
f 1707/1634/1597 1561/1488/1598 1563/1490/1595
f 1710/1637/1599 1709/1636/1600 1707/1634/1597
f 1714/1641/1601 1712/1639/1602 1710/1637/1599
f 1720/1647/1603 1718/1645/1604 1715/1642/1605
f 1724/1651/1606 1722/1649/1607 1720/1647/1603
f 1728/1655/1608 1726/1653/1609 1724/1651/1606
f 1732/1659/1610 1730/1657/1611 1728/1655/1608
f 1736/1663/1612 1734/1661/1613 1732/1659/1610
f 1740/1667/1614 1738/1665/1615 1736/1663/1612
f 1744/1671/1616 1742/1669/1617 1740/1667/1614
f 1748/1675/1618 1746/1673/1619 1744/1671/1616
f 1752/1679/1620 1750/1677/1621 1748/1675/1618
f 1604/1531/797 1754/1681/1622 1752/1679/1620
s 179
f 1697/1624/1547 1751/1678/1623 1701/1628/1624
s 181
f 1628/1555/1625 1590/1517/1626 1624/1551/1542
f 1666/1593/1627 1711/1638/1628 1661/1588/1539
f 1703/1630/1629 1749/1676/1630 1699/1626/1536
s 179
f 1642/1569/1535 1568/1495/1631 1646/1573/1632
f 1681/1608/1530 1735/1662/1633 1685/1612/1634
s 181
f 1613/1540/1635 1605/1532/1636 1611/1538/1637
f 1648/1575/1638 1570/1497/1528 1644/1571/1639
f 1687/1614/1640 1733/1660/1641 1683/1610/1524
s 179
f 1630/1557/1642 1588/1515/1522 1584/1511/1643
f 1663/1590/1518 1719/1646/1644 1669/1596/1645
f 1701/1628/1624 1755/1682/1646 1705/1632/1647
s 181
f 1632/1559/1575 1586/1513/1648 1628/1555/1625
f 1671/1598/1573 1716/1643/1649 1666/1593/1627
f 1703/1630/1629 1605/1532/1636 1753/1680/1650
s 179
f 1609/1536/1651 1600/1527/1652 1614/1541/1570
f 1650/1577/1568 1568/1495/1631 1564/1491/1653
f 1685/1612/1634 1739/1666/1654 1689/1616/1566
f 1705/1632/1647 1607/1534/1655 1609/1536/1651
s 181
f 1616/1543/1565 1603/1530/1656 1613/1540/1635
f 1648/1575/1638 1562/1489/1563 1566/1493/1657
f 1687/1614/1640 1741/1668/1561 1737/1664/1658
s 179
f 1634/1561/1558 1584/1511/1643 1580/1507/1659
f 1673/1600/1556 1719/1646/1644 1723/1650/1660
s 1
f 922/849/734 926/853/1661 1276/1203/735
s 2
f 1289/1216/737 1293/1220/740 1039/966/738
f 1293/1220/740 1297/1224/742 1041/968/741
f 1297/1224/742 1301/1228/744 1043/970/743
f 1301/1228/744 1305/1232/746 1045/972/745
f 1305/1232/746 1309/1236/748 1047/974/747
f 1309/1236/748 1313/1240/750 1049/976/749
f 1313/1240/750 1317/1244/752 1051/978/751
f 1317/1244/752 1321/1248/754 1053/980/753
f 1321/1248/754 1324/1251/756 1055/982/755
f 1324/1251/756 1328/1255/1662 1056/983/757
f 1329/1256/758 1334/1261/761 1059/986/759
f 1334/1261/761 1338/1265/763 1061/988/762
f 1338/1265/763 1342/1269/765 1063/990/764
f 1342/1269/765 1346/1273/767 1065/992/766
f 1346/1273/767 1350/1277/769 1067/994/768
f 1350/1277/769 1354/1281/771 1069/996/770
f 1354/1281/771 1358/1285/773 1071/998/772
f 1358/1285/773 1362/1289/775 1073/1000/774
f 1362/1289/775 1366/1293/780 1075/1002/776
s 21
f 1267/1194/777 1265/1192/1330 1271/1198/778
s 2
f 1366/1293/780 1278/1205/1663 1032/959/781
s 23
f 744/671/784 740/667/1664 737/664/1665
f 737/664/1665 831/758/1666 744/671/784
f 831/758/1666 827/754/1667 744/671/784
f 827/754/1667 823/750/1668 819/746/1669
f 819/746/1669 815/742/1670 811/738/782
f 811/738/782 807/734/1671 803/730/1672
f 803/730/1672 799/726/1673 795/722/1674
f 795/722/1674 791/718/1675 776/703/783
f 791/718/1675 785/712/1676 776/703/783
f 785/712/1676 780/707/1677 776/703/783
f 776/703/783 772/699/1678 768/695/1679
f 768/695/1679 764/691/1680 776/703/783
f 764/691/1680 760/687/1681 776/703/783
f 760/687/1681 756/683/1682 744/671/784
f 756/683/1682 752/679/1683 744/671/784
f 752/679/1683 748/675/1684 744/671/784
f 827/754/1667 819/746/1669 744/671/784
f 819/746/1669 811/738/782 744/671/784
f 811/738/782 803/730/1672 795/722/1674
f 811/738/782 795/722/1674 776/703/783
f 776/703/783 760/687/1681 744/671/784
s 2
f 1032/959/781 1278/1205/1663 1273/1200/785
s 25
f 828/755/787 1222/1149/1152 1220/1147/788
s 2
f 1287/1214/790 1289/1216/737 1037/964/739
s 26
f 1615/1542/792 1619/1546/840 839/766/793
s 27
f 1602/1529/795 1601/1528/1578 1606/1533/796
s 26
f 1700/1627/798 1704/1631/900 924/851/799
f 1696/1623/801 1700/1627/798 920/847/800
f 1692/1619/803 1696/1623/801 916/843/802
f 1688/1615/805 1692/1619/803 912/839/804
f 1684/1611/807 1688/1615/805 908/835/806
f 1680/1607/809 1684/1611/807 904/831/808
f 1676/1603/811 1680/1607/809 900/827/810
f 1672/1599/813 1676/1603/811 896/823/812
f 1668/1595/815 1672/1599/813 892/819/814
f 1662/1589/817 1667/1594/1685 887/814/818
f 1659/1586/820 1662/1589/817 882/809/819
f 1655/1582/822 1659/1586/820 879/806/821
f 1651/1578/824 1655/1582/822 875/802/823
f 1647/1574/826 1651/1578/824 871/798/825
f 1643/1570/828 1647/1574/826 867/794/827
f 1639/1566/830 1643/1570/828 863/790/829
f 1635/1562/832 1639/1566/830 859/786/831
f 1631/1558/834 1635/1562/832 855/782/833
f 1627/1554/836 1631/1558/834 851/778/835
f 1623/1550/838 1627/1554/836 847/774/837
f 1619/1546/840 1623/1550/838 843/770/839
s 30
f 895/822/841 891/818/970 971/898/842
f 927/854/844 931/858/969 936/863/845
s 32
f 838/765/847 1026/953/868 934/861/848
f 858/785/850 1006/933/881 1010/937/851
f 897/824/853 969/896/883 973/900/854
s 30
f 836/763/856 1024/951/957 1020/947/857
f 872/799/859 988/915/961 984/911/860
f 911/838/862 951/878/959 947/874/863
s 32
f 832/759/849 934/861/848 933/860/865
f 842/769/867 1022/949/891 1026/953/868
f 878/805/869 986/913/893 990/917/870
f 913/840/872 917/844/895 949/876/873
s 30
f 856/783/875 1004/931/952 1000/927/876
f 895/822/841 967/894/843 963/890/878
s 32
f 858/785/850 862/789/987 1002/929/880
f 901/828/882 965/892/986 969/896/883
s 30
f 844/771/884 840/767/858 1020/947/857
f 881/808/886 876/803/861 984/911/860
f 915/842/864 947/874/863 943/870/888
s 32
f 846/773/890 1018/945/982 1022/949/891
f 883/810/892 983/910/981 986/913/893
f 921/848/894 945/872/980 949/876/873
s 30
f 864/791/896 860/787/877 1000/927/876
f 899/826/879 963/890/878 959/886/898
s 26
f 1704/1631/900 1608/1535/1686 928/855/901
s 48
f 935/862/902 937/864/950 930/857/903
f 932/859/904 930/857/903 938/865/905
f 940/867/906 938/865/905 942/869/907
f 944/871/908 942/869/907 946/873/909
f 948/875/910 946/873/909 950/877/911
f 952/879/912 950/877/911 954/881/913
f 956/883/914 954/881/913 958/885/915
f 960/887/916 958/885/915 962/889/917
f 964/891/918 962/889/917 966/893/919
f 968/895/920 966/893/919 970/897/921
f 972/899/922 970/897/921 975/902/923
f 977/904/925 974/901/1687 980/907/926
f 982/909/927 980/907/926 985/912/928
f 987/914/929 985/912/928 989/916/930
f 991/918/931 989/916/930 993/920/932
f 995/922/933 993/920/932 997/924/934
f 999/926/935 997/924/934 1001/928/936
f 1003/930/937 1001/928/936 1005/932/938
f 1007/934/939 1005/932/938 1009/936/940
f 1011/938/941 1009/936/940 1013/940/942
f 1015/942/943 1013/940/942 1017/944/944
f 1019/946/945 1017/944/944 1021/948/946
f 1023/950/947 1021/948/946 1025/952/948
f 935/862/902 1027/954/949 1025/952/948
s 30
f 856/783/875 852/779/972 1008/935/951
s 32
f 909/836/953 913/840/872 953/880/874
f 870/797/955 874/801/871 990/917/870
s 30
f 834/761/846 936/863/845 1024/951/957
f 911/838/862 907/834/978 955/882/958
f 868/795/960 992/919/979 988/915/961
s 32
f 925/852/962 929/856/866 933/860/865
f 893/820/855 973/900/854 979/906/964
f 854/781/852 1010/937/851 1014/941/966
s 30
f 923/850/968 939/866/983 931/858/969
f 891/818/970 886/813/984 976/903/971
f 852/779/972 848/775/985 1012/939/973
s 32
f 909/836/953 957/884/954 961/888/974
f 870/797/955 994/921/956 998/925/976
s 30
f 907/834/978 903/830/899 959/886/898
f 868/795/960 864/791/896 996/923/897
s 32
f 925/852/962 941/868/963 945/872/980
f 883/810/892 889/816/965 979/906/964
f 850/777/967 1014/941/966 1018/945/982
s 30
f 923/850/968 919/846/889 943/870/888
f 886/813/984 881/808/886 981/908/887
f 844/771/884 1016/943/885 1012/939/973
s 32
f 905/832/975 961/888/974 965/892/986
f 866/793/977 998/925/976 1002/929/880
s 56
f 805/732/988 801/728/1005 1111/1038/989
s 57
f 1054/981/991 1058/985/998 1152/1079/992
s 56
f 770/697/994 1095/1022/1013 1097/1024/995
s 57
f 1060/987/997 1154/1081/1008 1152/1079/992
s 56
f 742/669/999 1081/1008/1017 1083/1010/1000
f 829/756/1002 825/752/1018 1123/1050/1003
f 801/728/1005 797/724/1023 1109/1036/1006
s 57
f 1062/989/1007 1156/1083/1015 1154/1081/1008
f 1028/955/1009 1171/1098/1103 1174/1101/1010
s 56
f 766/693/1012 1093/1020/1030 1095/1022/1013
s 57
f 1064/991/1014 1158/1085/1026 1156/1083/1015
s 56
f 738/665/1016 1079/1006/1034 1081/1008/1017
f 825/752/1018 821/748/1035 1121/1048/1019
s 57
f 1034/961/1020 1036/963/1027 1130/1057/1021
s 56
f 797/724/1023 793/720/1039 1107/1034/1024
s 57
f 1066/993/1025 1160/1087/1032 1158/1085/1026
f 1036/963/1027 1038/965/1037 1132/1059/1028
s 56
f 762/689/1029 1091/1018/1129 1093/1020/1030
s 57
f 1068/995/1031 1162/1089/1042 1160/1087/1032
s 56
f 734/661/1033 1077/1004/1090 1079/1006/1034
f 821/748/1035 817/744/1127 1119/1046/1036
s 57
f 1038/965/1037 1040/967/1130 1134/1061/1038
s 56
f 793/720/1039 788/715/1124 1105/1032/1040
s 57
f 1070/997/1041 1164/1091/1128 1162/1089/1042
s 80
f 1127/1054/1043 1129/1056/1089 1082/1009/1044
f 1172/1099/1046 1127/1054/1043 1080/1007/1045
f 1169/1096/1048 1173/1100/1688 1124/1051/1049
f 1167/1094/1051 1169/1096/1048 1122/1049/1050
f 1165/1092/1053 1167/1094/1051 1120/1047/1052
f 1163/1090/1055 1165/1092/1053 1118/1045/1054
f 1114/1041/1057 1161/1088/1689 1163/1090/1055
f 1159/1086/1058 1161/1088/1689 1114/1041/1057
f 1157/1084/1060 1159/1086/1058 1112/1039/1059
f 1155/1082/1062 1157/1084/1060 1110/1037/1061
f 1153/1080/1064 1155/1082/1062 1108/1035/1063
f 1151/1078/1066 1153/1080/1064 1106/1033/1065
f 1149/1076/1068 1150/1077/1690 1103/1030/1069
f 1147/1074/1071 1149/1076/1068 1101/1028/1070
f 1145/1072/1073 1147/1074/1071 1100/1027/1072
f 1143/1070/1075 1145/1072/1073 1098/1025/1074
f 1141/1068/1077 1143/1070/1075 1096/1023/1076
f 1139/1066/1079 1141/1068/1077 1094/1021/1078
f 1137/1064/1081 1139/1066/1079 1092/1019/1080
f 1135/1062/1083 1137/1064/1081 1090/1017/1082
f 1133/1060/1085 1135/1062/1083 1088/1015/1084
f 1131/1058/1087 1133/1060/1085 1086/1013/1086
f 1129/1056/1089 1131/1058/1087 1084/1011/1088
f 1124/1051/1049 1173/1100/1688 1172/1099/1046
s 56
f 734/661/1033 829/756/1002 1125/1052/1004
f 746/673/1001 1083/1010/1000 1085/1012/1091
s 57
f 1052/979/1093 1054/981/991 1148/1075/993
s 56
f 774/701/996 1097/1024/995 1099/1026/1095
s 57
f 1034/961/1020 1128/1055/1022 1126/1053/1097
f 1050/977/1099 1052/979/1093 1146/1073/1094
s 56
f 809/736/1101 805/732/988 1113/1040/990
s 57
f 1030/957/1098 1126/1053/1097 1171/1098/1103
s 56
f 750/677/1092 1085/1012/1091 1087/1014/1104
s 57
f 1048/975/1106 1050/977/1099 1144/1071/1100
f 1033/960/1011 1174/1101/1010 1170/1097/1108
s 56
f 778/705/1096 1099/1026/1095 1102/1029/1110
s 57
f 1046/973/1112 1048/975/1106 1142/1069/1107
s 56
f 813/740/1114 809/736/1101 1115/1042/1102
s 57
f 1076/1003/1109 1170/1097/1108 1168/1095/1116
s 56
f 754/681/1105 1087/1014/1104 1089/1016/1118
s 57
f 1044/971/1120 1046/973/1112 1140/1067/1113
f 1074/1001/1117 1168/1095/1116 1166/1093/1122
s 56
f 783/710/1111 1102/1029/1110 1105/1032/1040
s 57
f 1042/969/1125 1044/971/1120 1138/1065/1121
s 56
f 817/744/1127 813/740/1114 1117/1044/1115
s 57
f 1072/999/1123 1166/1093/1122 1164/1091/1128
s 56
f 758/685/1119 1089/1016/1118 1091/1018/1129
s 57
f 1040/967/1130 1042/969/1125 1136/1063/1126
s 84
f 1223/1150/1133 1175/1102/1691 1177/1104/1692
f 1177/1104/1692 1179/1106/1693 1181/1108/1694
f 1181/1108/1694 1183/1110/1695 1185/1112/1696
f 1185/1112/1696 1187/1114/1697 1181/1108/1694
f 1187/1114/1697 1189/1116/1131 1181/1108/1694
f 1189/1116/1131 1191/1118/1698 1193/1120/1699
f 1193/1120/1699 1195/1122/1700 1197/1124/1701
f 1197/1124/1701 1200/1127/1702 1207/1134/1132
f 1200/1127/1702 1203/1130/1703 1207/1134/1132
f 1203/1130/1703 1205/1132/1704 1207/1134/1132
f 1207/1134/1132 1209/1136/1705 1211/1138/1706
f 1211/1138/1706 1213/1140/1707 1207/1134/1132
f 1213/1140/1707 1215/1142/1708 1207/1134/1132
f 1215/1142/1708 1217/1144/1709 1219/1146/1710
f 1219/1146/1710 1221/1148/1711 1223/1150/1133
f 1223/1150/1133 1177/1104/1692 1189/1116/1131
f 1177/1104/1692 1181/1108/1694 1189/1116/1131
f 1189/1116/1131 1193/1120/1699 1207/1134/1132
f 1193/1120/1699 1197/1124/1701 1207/1134/1132
f 1215/1142/1708 1219/1146/1710 1223/1150/1133
f 1207/1134/1132 1215/1142/1708 1223/1150/1133
s 25
f 782/709/1134 1199/1126/1154 1198/1125/1135
f 739/666/1137 1178/1105/1156 1176/1103/1138
f 800/727/1140 1208/1135/1158 1206/1133/1141
f 755/682/1143 1186/1113/1160 1184/1111/1144
f 816/743/1146 1216/1143/1162 1214/1141/1147
f 771/698/1149 1194/1121/1164 1192/1119/1150
f 735/662/1139 1176/1103/1138 1222/1149/1152
f 787/714/1153 1202/1129/1712 1199/1126/1154
f 743/670/1155 1180/1107/1169 1178/1105/1156
f 804/731/1157 1210/1137/1171 1208/1135/1158
f 759/686/1159 1188/1115/1173 1186/1113/1160
f 820/747/1161 1218/1145/1174 1216/1143/1162
f 775/702/1163 1196/1123/1175 1194/1121/1164
f 792/719/1165 1204/1131/1176 1201/1128/1166
f 747/674/1168 1182/1109/1177 1180/1107/1169
f 808/735/1170 1212/1139/1178 1210/1137/1171
f 763/690/1172 1190/1117/1179 1188/1115/1173
f 824/751/789 1220/1147/788 1218/1145/1174
f 779/706/1136 1198/1125/1135 1196/1123/1175
f 796/723/1142 1206/1133/1141 1204/1131/1176
f 751/678/1145 1184/1111/1144 1182/1109/1177
f 808/735/1170 812/739/1148 1214/1141/1147
f 767/694/1151 1192/1119/1150 1190/1117/1179
s 1
f 837/764/1180 841/768/1226 1285/1212/1181
f 1276/1203/735 926/853/1661 835/762/1183
s 2
f 1281/1208/1185 1287/1214/790 1035/962/791
s 1
f 918/845/1187 922/849/734 1368/1295/736
f 914/841/1189 918/845/1187 1364/1291/1188
f 910/837/1191 914/841/1189 1360/1287/1190
f 906/833/1193 910/837/1191 1356/1283/1192
f 902/829/1195 906/833/1193 1352/1279/1194
f 898/825/1197 902/829/1195 1348/1275/1196
f 894/821/1199 898/825/1197 1344/1271/1198
f 890/817/1201 894/821/1199 1340/1267/1200
f 885/812/1203 890/817/1201 1336/1263/1202
f 880/807/1205 884/811/1713 1331/1258/1206
f 877/804/1208 880/807/1205 1326/1253/1207
f 873/800/1210 877/804/1208 1323/1250/1209
f 869/796/1212 873/800/1210 1319/1246/1211
f 865/792/1214 869/796/1212 1315/1242/1213
f 861/788/1216 865/792/1214 1311/1238/1215
f 857/784/1218 861/788/1216 1307/1234/1217
f 853/780/1220 857/784/1218 1303/1230/1219
f 849/776/1222 853/780/1220 1299/1226/1221
f 845/772/1224 849/776/1222 1295/1222/1223
f 841/768/1226 845/772/1224 1291/1218/1225
s 2
f 1273/1200/785 1281/1208/1185 1031/958/1186
s 104
f 1353/1280/1227 1237/1164/1258 1233/1160/1228
s 105
f 1292/1219/1230 1412/1339/1349 1408/1335/1231
f 1330/1257/1233 1376/1303/1347 1371/1298/1234
f 1367/1294/1236 1259/1186/1345 1253/1180/1237
s 104
f 1298/1225/1239 1410/1337/1264 1414/1341/1240
f 1337/1264/1242 1373/1300/1266 1379/1306/1243
s 105
f 1312/1239/1245 1392/1319/1337 1388/1315/1246
f 1351/1278/1248 1239/1166/1335 1243/1170/1249
s 104
f 1277/1204/1251 1255/1182/1365 1257/1184/1252
f 1318/1245/1254 1390/1317/1278 1394/1321/1255
f 1357/1284/1257 1241/1168/1280 1237/1164/1258
s 105
f 1300/1227/1259 1296/1223/1232 1408/1335/1231
f 1339/1266/1261 1335/1262/1235 1371/1298/1234
s 104
f 1302/1229/1263 1406/1333/1368 1410/1337/1264
f 1341/1268/1265 1225/1152/1367 1373/1300/1266
s 105
f 1272/1199/1267 1262/1189/1285 1270/1197/1268
f 1316/1243/1247 1388/1315/1246 1384/1311/1270
f 1355/1282/1250 1243/1170/1249 1247/1174/1272
s 104
f 1282/1209/1274 1268/1195/1356 1261/1188/1275
f 1322/1249/1277 1386/1313/1360 1390/1317/1278
f 1357/1284/1257 1361/1288/1359 1245/1172/1279
s 105
f 1300/1227/1259 1404/1331/1260 1400/1327/1281
f 1343/1270/1283 1339/1266/1261 1227/1154/1262
f 1279/1206/1238 1253/1180/1237 1262/1189/1285
s 1
f 835/762/1183 837/764/1180 1283/1210/1182
s 21
f 1260/1187/1286 1269/1196/779 1271/1198/778
f 1254/1181/1288 1252/1179/1331 1258/1185/1289
f 1256/1183/1290 1258/1185/1289 1250/1177/1291
f 1248/1175/1292 1250/1177/1291 1246/1173/1293
f 1244/1171/1294 1246/1173/1293 1242/1169/1295
f 1240/1167/1296 1242/1169/1295 1238/1165/1297
f 1236/1163/1298 1238/1165/1297 1234/1161/1299
f 1232/1159/1300 1234/1161/1299 1230/1157/1301
f 1228/1155/1302 1230/1157/1301 1226/1153/1303
f 1224/1151/1304 1226/1153/1303 1370/1297/1305
f 1372/1299/1306 1370/1297/1305 1375/1302/1307
f 1378/1305/1309 1374/1301/1714 1381/1308/1310
f 1382/1309/1311 1381/1308/1310 1385/1312/1312
f 1387/1314/1313 1385/1312/1312 1389/1316/1314
f 1391/1318/1315 1389/1316/1314 1393/1320/1316
f 1395/1322/1317 1393/1320/1316 1397/1324/1318
f 1399/1326/1319 1397/1324/1318 1401/1328/1320
f 1403/1330/1321 1401/1328/1320 1405/1332/1322
f 1407/1334/1323 1405/1332/1322 1409/1336/1324
f 1411/1338/1325 1409/1336/1324 1413/1340/1326
f 1415/1342/1327 1413/1340/1326 1417/1344/1328
f 1419/1346/1329 1417/1344/1328 1265/1192/1330
f 1260/1187/1286 1263/1190/1287 1252/1179/1331
s 104
f 1314/1241/1256 1394/1321/1255 1398/1325/1332
s 105
f 1347/1274/1334 1235/1162/1357 1239/1166/1335
f 1312/1239/1245 1308/1235/1358 1396/1323/1336
s 104
f 1369/1296/1253 1257/1184/1252 1249/1176/1338
f 1327/1254/1340 1333/1260/1244 1379/1306/1243
f 1294/1221/1241 1414/1341/1240 1418/1345/1342
s 105
f 1367/1294/1236 1363/1290/1363 1251/1178/1344
f 1325/1252/1346 1380/1307/1364 1376/1303/1347
f 1292/1219/1230 1288/1215/1361 1416/1343/1348
s 104
f 1349/1276/1229 1233/1160/1228 1229/1156/1350
f 1310/1237/1333 1398/1325/1332 1402/1329/1352
f 1290/1217/1343 1418/1345/1342 1266/1193/1354
f 1284/1211/1355 1266/1193/1354 1268/1195/1356
s 105
f 1343/1270/1283 1231/1158/1284 1235/1162/1357
f 1308/1235/1358 1304/1231/1282 1400/1327/1281
s 104
f 1365/1292/1339 1249/1176/1338 1245/1172/1279
f 1327/1254/1340 1383/1310/1341 1386/1313/1360
s 105
f 1288/1215/1361 1286/1213/1366 1264/1191/1362
f 1363/1290/1363 1359/1286/1273 1247/1174/1272
f 1320/1247/1271 1384/1311/1270 1380/1307/1364
s 104
f 1277/1204/1251 1275/1202/1276 1261/1188/1275
s 105
f 1280/1207/1269 1270/1197/1268 1264/1191/1362
s 104
f 1345/1272/1351 1229/1156/1350 1225/1152/1367
f 1306/1233/1353 1402/1329/1352 1406/1333/1368
s 129
f 1492/1419/1369 1490/1417/1715 1425/1352/1370
f 1425/1352/1370 1490/1417/1715 1494/1421/1372
f 1494/1421/1372 1496/1423/1716 1433/1360/1374
f 1433/1360/1374 1496/1423/1716 1499/1426/1375
s off
f 1498/1425/1717 1502/1429/1718 1441/1368/1719
s 132
f 1501/1428/1720 1505/1432/1381 1447/1374/1383
f 1505/1432/1381 1507/1434/1721 1452/1379/1382
f 1452/1379/1382 1507/1434/1721 1509/1436/1384
f 1509/1436/1384 1511/1438/1387 1460/1387/1386
f 1511/1438/1387 1513/1440/1722 1464/1391/1388
s 236
f 1514/1441/1723 1517/1444/1724 1469/1396/1725
f 1469/1396/1725 1517/1444/1724 1519/1446/1726
s 129
f 1520/1447/1393 1522/1449/1727 1479/1406/1395
f 1479/1406/1395 1522/1449/1727 1524/1451/1396
s 137
f 1484/1411/1398 1556/1483/1468 1558/1485/1399
s 129
f 1524/1451/1396 1526/1453/1402 1487/1414/1401
f 1526/1453/1402 1492/1419/1369 1421/1348/1371
s 138
f 1486/1413/1728 1420/1347/1729 1455/1382/1730
f 1420/1347/1729 1424/1351/1731 1451/1378/1732
f 1424/1351/1731 1428/1355/1733 1451/1378/1732
f 1428/1355/1733 1432/1359/1734 1446/1373/1735
f 1451/1378/1732 1428/1355/1733 1446/1373/1735
f 1432/1359/1734 1436/1363/1736 1440/1367/1737
f 1440/1367/1737 1446/1373/1735 1432/1359/1734
f 1451/1378/1732 1455/1382/1730 1420/1347/1729
f 1455/1382/1730 1459/1386/1738 1486/1413/1728
f 1459/1386/1738 1463/1390/1739 1486/1413/1728
f 1463/1390/1739 1468/1395/1405 1482/1409/1404
f 1486/1413/1728 1463/1390/1739 1482/1409/1404
f 1468/1395/1405 1474/1401/1740 1478/1405/1403
s 139
f 1427/1354/1406 1491/1418/1410 1493/1420/1407
f 1431/1358/1409 1495/1422/1412 1491/1418/1410
f 1435/1362/1411 1497/1424/1414 1495/1422/1412
f 1439/1366/1413 1500/1427/1416 1497/1424/1414
f 1439/1366/1413 1445/1372/1417 1504/1431/1415
f 1445/1372/1417 1450/1377/1419 1506/1433/1418
f 1450/1377/1419 1454/1381/1421 1508/1435/1420
f 1454/1381/1421 1458/1385/1424 1510/1437/1422
f 1462/1389/1423 1512/1439/1426 1510/1437/1422
f 1467/1394/1425 1516/1443/1428 1512/1439/1426
f 1473/1400/1427 1518/1445/1430 1516/1443/1428
f 1477/1404/1429 1521/1448/1432 1518/1445/1430
f 1477/1404/1429 1481/1408/1433 1523/1450/1431
f 1481/1408/1433 1485/1412/1435 1525/1452/1434
f 1485/1412/1435 1489/1416/1437 1527/1454/1436
f 1489/1416/1437 1423/1350/1408 1493/1420/1407
s 154
f 1533/1460/1438 1529/1456/1741 1543/1470/1742
f 1529/1456/1741 1531/1458/1743 1545/1472/1744
f 1531/1458/1743 1559/1486/1745 1547/1474/1746
f 1559/1486/1745 1557/1484/1747 1549/1476/1748
f 1557/1484/1747 1555/1482/1749 1551/1478/1750
f 1555/1482/1749 1553/1480/1751 1551/1478/1750
f 1551/1478/1750 1549/1476/1748 1557/1484/1747
f 1549/1476/1748 1547/1474/1746 1559/1486/1745
f 1547/1474/1746 1545/1472/1744 1531/1458/1743
f 1545/1472/1744 1543/1470/1742 1529/1456/1741
f 1543/1470/1742 1541/1468/1752 1533/1460/1438
f 1541/1468/1752 1539/1466/1439 1533/1460/1438
f 1539/1466/1439 1537/1464/1753 1535/1462/1440
s 137
f 1453/1380/1441 1542/1469/1469 1544/1471/1442
f 1422/1349/1444 1530/1457/1447 1528/1455/1445
f 1488/1415/1400 1558/1485/1399 1530/1457/1447
f 1461/1388/1448 1457/1384/1443 1544/1471/1442
f 1426/1353/1446 1528/1455/1445 1532/1459/1450
f 1461/1388/1448 1546/1473/1449 1548/1475/1452
f 1430/1357/1451 1532/1459/1450 1534/1461/1454
f 1466/1393/1453 1548/1475/1452 1550/1477/1456
f 1438/1365/1458 1434/1361/1455 1534/1461/1454
f 1472/1399/1457 1550/1477/1456 1552/1479/1460
f 1438/1365/1458 1536/1463/1459 1538/1465/1462
f 1476/1403/1461 1552/1479/1460 1554/1481/1464
f 1449/1376/1466 1444/1371/1463 1538/1465/1462
f 1484/1411/1398 1480/1407/1465 1554/1481/1464
f 1449/1376/1466 1540/1467/1467 1542/1469/1469
s 157
f 826/753/1470 830/757/1576 1610/1537/1471
f 736/663/1473 741/668/1476 1617/1544/1474
f 741/668/1476 745/672/1478 1621/1548/1477
f 745/672/1478 749/676/1480 1625/1552/1479
f 749/676/1480 753/680/1482 1629/1556/1481
f 753/680/1482 757/684/1484 1633/1560/1483
f 757/684/1484 761/688/1486 1637/1564/1485
f 761/688/1486 765/692/1488 1641/1568/1487
f 765/692/1488 769/696/1490 1645/1572/1489
f 769/696/1490 773/700/1492 1649/1576/1491
f 773/700/1492 777/704/1494 1653/1580/1493
f 777/704/1494 781/708/1496 1657/1584/1495
f 781/708/1496 784/711/1498 1660/1587/1497
f 784/711/1498 790/717/1754 1664/1591/1499
f 789/716/1500 794/721/1503 1670/1597/1501
f 794/721/1503 798/725/1505 1674/1601/1504
f 798/725/1505 802/729/1507 1678/1605/1506
f 802/729/1507 806/733/1509 1682/1609/1508
f 806/733/1509 810/737/1511 1686/1613/1510
f 810/737/1511 814/741/1513 1690/1617/1512
f 814/741/1513 818/745/1515 1694/1621/1514
f 818/745/1515 822/749/1517 1698/1625/1516
f 822/749/1517 826/753/1470 1702/1629/1472
s 26
f 928/855/901 1608/1535/1686 1615/1542/792
s 179
f 1663/1590/1518 1658/1585/1549 1708/1635/1519
f 1622/1549/1521 1592/1519/1551 1588/1515/1522
s 181
f 1683/1610/1524 1733/1660/1641 1729/1656/1525
f 1640/1567/1527 1644/1571/1639 1570/1497/1528
s 179
f 1681/1608/1530 1677/1604/1557 1727/1654/1531
f 1638/1565/1533 1576/1503/1559 1572/1499/1534
s 181
f 1699/1626/1536 1749/1676/1630 1745/1672/1537
f 1661/1588/1539 1711/1638/1628 1706/1633/1540
f 1624/1551/1542 1590/1517/1626 1594/1521/1543
s 179
f 1693/1620/1545 1743/1670/1567 1747/1674/1546
f 1654/1581/1548 1560/1487/1569 1708/1635/1519
f 1622/1549/1521 1618/1545/1571 1596/1523/1550
s 181
f 1679/1606/1526 1729/1656/1525 1725/1652/1552
f 1636/1563/1554 1640/1567/1527 1574/1501/1529
s 179
f 1673/1600/1556 1723/1650/1660 1727/1654/1531
f 1634/1561/1558 1580/1507/1659 1576/1503/1559
s 181
f 1691/1618/1560 1695/1622/1538 1745/1672/1537
f 1652/1579/1562 1656/1583/1541 1706/1633/1540
f 1620/1547/1544 1594/1521/1543 1598/1525/1564
s 179
f 1689/1616/1566 1739/1666/1654 1743/1670/1567
f 1650/1577/1568 1564/1491/1653 1560/1487/1569
f 1614/1541/1570 1600/1527/1652 1596/1523/1550
s 181
f 1675/1602/1553 1725/1652/1552 1721/1648/1572
f 1636/1563/1554 1578/1505/1555 1582/1509/1574
s 157
f 830/757/1576 736/663/1473 1612/1539/1475
s 27
f 1599/1526/1577 1597/1524/1580 1601/1528/1578
f 1595/1522/1579 1593/1520/1582 1597/1524/1580
f 1591/1518/1581 1589/1516/1584 1593/1520/1582
f 1587/1514/1583 1585/1512/1586 1589/1516/1584
f 1583/1510/1585 1581/1508/1588 1585/1512/1586
f 1579/1506/1587 1577/1504/1590 1581/1508/1588
f 1575/1502/1589 1573/1500/1592 1577/1504/1590
f 1571/1498/1591 1569/1496/1594 1573/1500/1592
f 1567/1494/1593 1565/1492/1596 1569/1496/1594
f 1563/1490/1595 1561/1488/1598 1565/1492/1596
f 1707/1634/1597 1709/1636/1600 1561/1488/1598
f 1710/1637/1599 1712/1639/1602 1709/1636/1600
f 1714/1641/1601 1717/1644/1755 1712/1639/1602
f 1720/1647/1603 1722/1649/1607 1718/1645/1604
f 1724/1651/1606 1726/1653/1609 1722/1649/1607
f 1728/1655/1608 1730/1657/1611 1726/1653/1609
f 1732/1659/1610 1734/1661/1613 1730/1657/1611
f 1736/1663/1612 1738/1665/1615 1734/1661/1613
f 1740/1667/1614 1742/1669/1617 1738/1665/1615
f 1744/1671/1616 1746/1673/1619 1742/1669/1617
f 1748/1675/1618 1750/1677/1621 1746/1673/1619
f 1752/1679/1620 1754/1681/1622 1750/1677/1621
f 1604/1531/797 1606/1533/796 1754/1681/1622
s 179
f 1697/1624/1547 1747/1674/1546 1751/1678/1623
s 181
f 1628/1555/1625 1586/1513/1648 1590/1517/1626
f 1666/1593/1627 1716/1643/1649 1711/1638/1628
f 1703/1630/1629 1753/1680/1650 1749/1676/1630
s 179
f 1642/1569/1535 1572/1499/1534 1568/1495/1631
f 1681/1608/1530 1731/1658/1532 1735/1662/1633
s 181
f 1613/1540/1635 1603/1530/1656 1605/1532/1636
f 1648/1575/1638 1566/1493/1657 1570/1497/1528
f 1687/1614/1640 1737/1664/1658 1733/1660/1641
s 179
f 1630/1557/1642 1626/1553/1523 1588/1515/1522
f 1663/1590/1518 1713/1640/1520 1719/1646/1644
f 1701/1628/1624 1751/1678/1623 1755/1682/1646
s 181
f 1632/1559/1575 1582/1509/1574 1586/1513/1648
f 1671/1598/1573 1721/1648/1572 1716/1643/1649
f 1703/1630/1629 1611/1538/1637 1605/1532/1636
s 179
f 1609/1536/1651 1607/1534/1655 1600/1527/1652
f 1650/1577/1568 1646/1573/1632 1568/1495/1631
f 1685/1612/1634 1735/1662/1633 1739/1666/1654
f 1705/1632/1647 1755/1682/1646 1607/1534/1655
s 181
f 1616/1543/1565 1598/1525/1564 1603/1530/1656
f 1648/1575/1638 1652/1579/1562 1562/1489/1563
f 1687/1614/1640 1691/1618/1560 1741/1668/1561
s 179
f 1634/1561/1558 1630/1557/1642 1584/1511/1643
f 1673/1600/1556 1669/1596/1645 1719/1646/1644
g default
v 514.292046 -75.043385 176.396951
v 514.287418 -74.862854 177.245297
v 516.686759 -74.901563 176.774492
v 518.919835 -74.844286 176.774492
v 518.921923 -74.924625 176.396951
v 517.580847 -74.878629 176.774492
vn -0.025080 0.977764 -0.208202
vn -0.025080 0.977764 -0.208202
vn -0.025080 0.977764 -0.208201
vn -0.025080 0.977764 -0.208202
vn -0.025080 0.977764 -0.208202
vn -0.025080 0.977764 -0.208203
s 1
g Piece4 Supermarine_Spitfire_Mk:GLTF_SceneRootNode Supermarine_Spitfire_Mk:root Supermarine_Spitfire_Mk:Sketchfab_model Supermarine_Spitfire_Mk:Meshes Supermarine_Spitfire_Mk:scene polySurface153
usemtl Supermarine_Spitfire_Mk:Object_101SG
f 1756//1756 1757//1757 1758//1758
f 1759//1759 1760//1760 1761//1761
f 1760//1760 1756//1756 1758//1758
f 1761//1761 1760//1760 1758//1758
g default
v 511.567624 -134.372068 193.016718
v 511.567624 -134.372068 193.016718
v 511.567624 -134.372068 193.016718
v 510.292919 -133.441733 191.533306
v 510.292863 -133.441733 191.533306
v 510.292919 -133.441733 191.533306
v 510.292863 -133.441733 191.533306
v 511.614862 -136.213380 184.363799
v 511.614806 -136.213380 184.363799
v 511.614806 -136.213380 184.363799
v 510.326838 -134.762519 185.326501
v 510.326838 -134.762519 185.326501
v 510.326782 -134.762519 185.326501
v 510.326782 -134.762519 185.326501
v 519.377827 -142.614360 194.813289
v 519.377827 -142.614360 194.813289
v 519.377827 -142.614360 194.813289
v 519.415867 -144.097278 193.850573
v 519.415867 -144.097278 193.850573
v 519.415867 -144.097278 193.850573
v 519.136782 -133.214881 191.533306
v 519.136725 -133.214881 191.533306
v 519.136725 -133.214881 191.533306
v 519.161388 -134.177287 193.016718
v 519.161445 -134.177287 193.016718
v 519.161388 -134.177287 193.016718
v 519.449729 -145.418064 187.643767
v 519.449786 -145.418064 187.643767
v 519.449729 -145.418064 187.643767
v 519.425122 -144.455672 186.160355
v 519.425066 -144.455672 186.160355
v 519.425066 -144.455672 186.160355
v 519.208627 -136.018599 184.363799
v 519.208627 -136.018599 184.363799
v 519.208627 -136.018599 184.363799
v 519.170588 -134.535667 185.326501
v 519.170588 -134.535667 185.326501
v 519.170588 -134.535667 185.326501
v 511.697318 -139.429122 194.093551
v 511.697318 -139.429122 194.093551
v 511.697318 -139.429122 194.093551
v 510.467030 -140.227887 192.978340
v 510.466973 -140.227915 192.978340
v 510.466973 -140.227915 192.978340
v 510.466973 -140.227915 192.978340
v 515.239750 -142.720505 194.813289
v 515.239750 -142.720505 194.813289
v 515.239750 -142.720505 194.813289
v 514.760029 -144.216714 193.850573
v 514.760029 -144.216714 193.850573
v 514.760029 -144.216714 193.850573
v 514.760029 -144.216714 193.850573
v 515.286989 -144.561817 186.160355
v 515.287045 -144.561817 186.160355
v 515.286989 -144.561817 186.160355
v 514.793891 -145.537486 187.643767
v 514.793891 -145.537486 187.643767
v 514.793891 -145.537486 187.643767
v 514.793948 -145.537486 187.643767
v 511.744613 -141.270434 185.440632
v 511.744556 -141.270434 185.440632
v 511.744556 -141.270434 185.440632
v 510.500892 -141.548673 186.771535
v 510.500836 -141.548673 186.771535
v 510.500892 -141.548673 186.771535
v 510.500836 -141.548673 186.771535
vt 0.943126 0.606953
vt 0.801260 0.762893
vt 0.591397 0.769384
vt 0.699474 0.387516
vt 0.941358 0.605703
vt 0.589629 0.770634
vt 0.825965 0.550888
vt 0.035673 0.799325
vt 0.621381 0.844761
vt 0.341745 0.745423
vt 0.705819 0.387516
vt 0.033905 0.800576
vt 0.343513 0.746674
vt 0.825965 0.557233
vt 0.824265 0.544094
vt 0.809888 0.755298
vt 0.730268 0.983667
vt 0.288518 0.842404
vt 0.826033 0.544094
vt 0.729018 0.984918
vt 0.589629 0.761788
vt 0.817119 0.550888
vt 0.740146 0.984918
vt 0.801260 0.755298
vt 0.591397 0.761788
vt 0.738896 0.983667
vt 0.288518 0.848749
vt 0.581580 0.615143
vt 0.729018 0.991263
vt 0.579812 0.615143
vt 0.612753 0.837166
vt 0.730268 0.992513
vt 0.621381 0.837166
vt 0.341745 0.737828
vt 0.738896 0.992513
vt 0.343513 0.737828
vt 0.817119 0.557233
vt 0.740146 0.991263
vt 0.943126 0.612125
vt 0.863864 0.575287
vt 0.806432 0.762893
vt 0.699474 0.380577
vt 0.715309 0.341246
vt 0.941358 0.612643
vt 0.862096 0.574769
vt 0.863864 0.580175
vt 0.824265 0.548233
vt 0.809888 0.759437
vt 0.721233 0.341246
vt 0.862096 0.580693
vt 0.283861 0.842404
vt 0.826033 0.548751
vt 0.376023 0.569300
vt 0.579812 0.611004
vt 0.612753 0.841305
vt 0.721233 0.347591
vt 0.374255 0.568782
vt 0.283861 0.848749
vt 0.581580 0.610486
vt 0.035673 0.794154
vt 0.376023 0.574188
vt 0.616210 0.844761
vt 0.705819 0.380577
vt 0.715309 0.347591
vt 0.033905 0.793636
vt 0.374255 0.574706
vn -0.999671 -0.025642 0.000000
vn -0.999671 -0.025642 0.000000
vn -0.999671 -0.025642 0.000000
vn -0.689140 -0.709516 0.147221
vn -0.689140 -0.709516 0.147221
vn -0.689140 -0.709516 0.147221
vn 0.025080 -0.977764 0.208202
vn 0.025080 -0.977764 0.208202
vn 0.025080 -0.977764 0.208202
vn 0.005339 -0.208133 -0.978086
vn 0.005339 -0.208133 -0.978086
vn 0.005339 -0.208133 -0.978086
vn -0.005339 0.208133 0.978086
vn -0.005339 0.208133 0.978086
vn -0.005339 0.208133 0.978086
vn 0.999671 0.025642 -0.000000
vn 0.999671 0.025642 -0.000000
vn 0.999671 0.025642 -0.000000
vn -0.013959 0.544211 -0.838832
vn -0.013959 0.544211 -0.838832
vn -0.013959 0.544211 -0.838832
vn -0.021510 0.838556 0.544390
vn -0.021510 0.838556 0.544390
vn -0.021510 0.838556 0.544390
vn -0.483520 -0.648876 -0.587510
vn -0.483520 -0.648876 -0.587510
vn -0.483520 -0.648876 -0.587510
vn -0.491070 -0.354530 0.795712
vn -0.491071 -0.354531 0.795712
vn -0.491071 -0.354531 0.795712
vn 0.021510 -0.838556 -0.544390
vn 0.021510 -0.838556 -0.544390
vn 0.021510 -0.838556 -0.544390
vn 0.013959 -0.544211 0.838832
vn 0.013959 -0.544211 0.838832
vn 0.013959 -0.544211 0.838832
vn -0.710649 0.129041 0.691611
vn -0.710649 0.129041 0.691611
vn -0.710649 0.129041 0.691611
vn -0.703099 -0.165304 -0.691611
vn -0.703099 -0.165304 -0.691611
vn -0.703099 -0.165304 -0.691611
vn -0.025080 0.977764 -0.208202
vn -0.025080 0.977764 -0.208202
vn -0.025080 0.977764 -0.208202
vn 0.999671 0.025642 -0.000000
vn 0.999671 0.025642 -0.000000
vn 0.999671 0.025642 -0.000000
vn -0.999671 -0.025642 0.000000
vn -0.689140 -0.709516 0.147221
vn 0.025080 -0.977764 0.208202
vn 0.005339 -0.208133 -0.978086
vn 0.005339 -0.208133 -0.978086
vn -0.005339 0.208133 0.978086
vn -0.005339 0.208133 0.978086
vn 0.999671 0.025642 -0.000000
vn -0.013959 0.544211 -0.838832
vn -0.021510 0.838556 0.544390
vn -0.483520 -0.648876 -0.587510
vn -0.491070 -0.354530 0.795712
vn 0.021510 -0.838556 -0.544390
vn 0.013959 -0.544211 0.838832
vn -0.710649 0.129041 0.691611
vn -0.703099 -0.165304 -0.691611
vn -0.025080 0.977764 -0.208202
vn 0.999671 0.025642 -0.000000
s 1
g Piece4 Supermarine_Spitfire_Mk:GLTF_SceneRootNode Supermarine_Spitfire_Mk:root Supermarine_Spitfire_Mk:Sketchfab_model Supermarine_Spitfire_Mk:Meshes Supermarine_Spitfire_Mk:scene Supermarine_Spitfire_Mk:Object_117
usemtl Supermarine_Spitfire_Mk:Object_117SG
f 1765/1686/1762 1824/1745/1763 1803/1724/1764
s 2
f 1810/1731/1765 1825/1746/1766 1817/1738/1767
s 3
f 1788/1709/1768 1812/1733/1769 1819/1740/1770
s 4
f 1823/1744/1771 1770/1691/1772 1794/1715/1773
s 5
f 1785/1706/1774 1802/1723/1775 1809/1730/1776
s 6
f 1784/1705/1777 1778/1699/1778 1781/1702/1779
s 7
f 1797/1718/1780 1771/1692/1781 1774/1695/1782
s 8
f 1782/1703/1783 1764/1685/1784 1786/1707/1785
s 9
f 1822/1743/1786 1818/1739/1787 1827/1748/1788
s 10
f 1801/1722/1789 1811/1732/1790 1807/1728/1791
s 11
f 1815/1736/1792 1789/1710/1793 1820/1741/1794
s 12
f 1808/1729/1795 1780/1701/1796 1776/1697/1797
s 13
f 1762/1683/1798 1805/1726/1799 1800/1721/1800
s 14
f 1769/1690/1801 1826/1747/1802 1773/1694/1803
s 15
f 1775/1696/1804 1783/1704/1805 1798/1719/1806
s 6
f 1793/1714/1807 1799/1720/1808 1790/1711/1809
f 1790/1711/1809 1784/1705/1777 1781/1702/1779
s 1
f 1765/1686/1762 1772/1693/1810 1824/1745/1763
s 2
f 1810/1731/1765 1804/1725/1811 1825/1746/1766
s 3
f 1788/1709/1768 1779/1700/1812 1812/1733/1769
s 4
f 1792/1713/1813 1816/1737/1814 1794/1715/1773
f 1816/1737/1814 1823/1744/1771 1794/1715/1773
s 5
f 1809/1730/1776 1777/1698/1815 1785/1706/1774
f 1785/1706/1774 1763/1684/1816 1802/1723/1775
s 6
f 1784/1705/1777 1787/1708/1817 1778/1699/1778
s 7
f 1797/1718/1780 1795/1716/1818 1771/1692/1781
s 8
f 1782/1703/1783 1767/1688/1819 1764/1685/1784
s 9
f 1822/1743/1786 1814/1735/1820 1818/1739/1787
s 10
f 1801/1722/1789 1806/1727/1821 1811/1732/1790
s 11
f 1815/1736/1792 1791/1712/1822 1789/1710/1793
s 12
f 1808/1729/1795 1813/1734/1823 1780/1701/1796
s 13
f 1762/1683/1798 1766/1687/1824 1805/1726/1799
s 14
f 1769/1690/1801 1821/1742/1825 1826/1747/1802
s 15
f 1775/1696/1804 1768/1689/1826 1783/1704/1805
s 6
f 1793/1714/1807 1796/1717/1827 1799/1720/1808
f 1790/1711/1809 1799/1720/1808 1784/1705/1777
g default
v 843.402186 -49.446365 146.547624
v 843.402186 -49.446365 146.547624
v 843.402186 -49.446365 169.587559
v 843.402186 -49.446365 169.587559
v 843.771176 -49.519762 146.547638
v 843.771176 -49.519762 146.547638
v 843.771176 -49.519755 169.587559
v 843.771176 -49.519755 169.587559
v 844.083955 -49.728773 146.547624
v 844.083955 -49.728773 146.547624
v 844.083955 -49.728773 169.587559
v 844.083955 -49.728773 169.587559
v 844.293000 -50.041579 146.547624
v 844.293000 -50.041579 146.547624
v 844.293000 -50.041579 169.587559
v 844.293000 -50.041579 169.587559
v 844.366369 -50.410563 146.547624
v 844.366369 -50.410563 146.547624
v 844.366369 -50.410563 146.547624
v 844.366369 -50.410563 169.587559
v 844.366369 -50.410563 169.587559
v 844.366369 -50.410563 169.587559
v 844.293000 -50.779546 146.547638
v 844.293000 -50.779546 146.547638
v 844.293000 -50.779546 169.587559
v 844.293000 -50.779546 169.587559
v 844.083955 -51.092360 146.547638
v 844.083955 -51.092360 146.547638
v 844.083955 -51.092353 169.587559
v 844.083955 -51.092353 169.587559
v 843.771176 -51.301370 146.547624
v 843.771176 -51.301370 146.547624
v 843.771176 -51.301370 169.587559
v 843.771176 -51.301370 169.587559
v 843.402186 -51.374768 146.547624
v 843.402186 -51.374768 146.547624
v 843.402186 -51.374760 169.587559
v 843.402186 -51.374760 169.587559
v 843.033195 -51.301370 146.547624
v 843.033195 -51.301370 146.547624
v 843.033195 -51.301370 169.587559
v 843.033195 -51.301370 169.587559
v 842.720417 -51.092360 146.547638
v 842.720417 -51.092360 146.547638
v 842.720417 -51.092353 169.587559
v 842.720417 -51.092353 169.587559
v 842.511371 -50.779546 146.547638
v 842.511371 -50.779546 146.547638
v 842.511371 -50.779546 169.587559
v 842.511371 -50.779546 169.587559
v 842.438002 -50.410563 146.547624
v 842.438002 -50.410563 146.547624
v 842.438002 -50.410563 169.587559
v 842.438002 -50.410563 169.587559
v 842.511371 -50.041579 146.547624
v 842.511371 -50.041579 146.547624
v 842.511371 -50.041579 169.587559
v 842.511371 -50.041579 169.587559
v 842.720417 -49.728773 146.547624
v 842.720417 -49.728773 146.547624
v 842.720417 -49.728773 169.587559
v 842.720417 -49.728773 169.587559
v 843.033195 -49.519762 146.547638
v 843.033195 -49.519762 146.547638
v 843.033195 -49.519755 169.587559
v 843.033195 -49.519755 169.587559
vt 0.591054 0.946179
vt 0.299400 0.597168
vt 0.585525 0.930618
vt 0.299400 0.574710
vt 0.591322 0.946447
vt 0.299008 0.597167
vt 0.585175 0.930473
vt 0.299008 0.574710
vt 0.591672 0.946593
vt 0.298616 0.597167
vt 0.584907 0.930205
vt 0.298616 0.574709
vt 0.592051 0.946593
vt 0.298224 0.597166
vt 0.584762 0.929855
vt 0.298224 0.574709
vt 0.592402 0.946447
vt 0.304104 0.597173
vt 0.297832 0.597166
vt 0.584762 0.929476
vt 0.304104 0.574715
vt 0.297832 0.574709
vt 0.592670 0.946179
vt 0.303712 0.597173
vt 0.584907 0.929126
vt 0.303712 0.574715
vt 0.592815 0.945829
vt 0.303320 0.597172
vt 0.585175 0.928858
vt 0.303320 0.574715
vt 0.592815 0.945450
vt 0.302928 0.597172
vt 0.585525 0.928712
vt 0.302928 0.574714
vt 0.302536 0.597171
vt 0.592670 0.945100
vt 0.302536 0.574714
vt 0.585904 0.928712
vt 0.302144 0.597171
vt 0.592402 0.944832
vt 0.302144 0.574713
vt 0.586255 0.928858
vt 0.301752 0.597170
vt 0.592052 0.944686
vt 0.301752 0.574713
vt 0.586523 0.929126
vt 0.301360 0.597170
vt 0.591672 0.944686
vt 0.301360 0.574713
vt 0.586668 0.929476
vt 0.300968 0.597169
vt 0.591322 0.944832
vt 0.300968 0.574712
vt 0.586668 0.929855
vt 0.300576 0.597169
vt 0.591054 0.945100
vt 0.300576 0.574712
vt 0.586523 0.930205
vt 0.300184 0.597169
vt 0.590909 0.945450
vt 0.300184 0.574711
vt 0.586255 0.930474
vt 0.299792 0.597168
vt 0.590909 0.945829
vt 0.299792 0.574711
vt 0.585904 0.930619
vn -0.000000 1.000000 0.000000
vn 0.382684 0.923880 0.000000
vn 0.000000 1.000000 0.000000
vn 0.382683 0.923880 0.000000
vn 0.707107 0.707107 0.000000
vn 0.707107 0.707107 0.000000
vn 0.923880 0.382683 0.000000
vn 0.923880 0.382684 0.000000
vn 0.980785 0.195090 0.000000
vn 0.980785 -0.195090 -0.000000
vn 0.923880 -0.382684 -0.000000
vn 0.980785 -0.195090 -0.000000
vn 0.923880 -0.382684 -0.000000
vn 0.707107 -0.707107 -0.000000
vn 0.707107 -0.707107 -0.000000
vn 0.382683 -0.923880 -0.000000
vn 0.382684 -0.923880 -0.000000
vn -0.000000 -1.000000 -0.000000
vn 0.000000 -1.000000 -0.000000
vn -0.382684 -0.923880 -0.000000
vn -0.382683 -0.923880 -0.000000
vn -0.707107 -0.707107 -0.000000
vn -0.707107 -0.707107 -0.000000
vn -0.923880 -0.382683 -0.000000
vn -0.923880 -0.382684 -0.000000
vn -1.000000 0.000000 0.000000
vn -1.000000 0.000000 0.000000
vn -0.923880 0.382683 0.000000
vn -0.923880 0.382683 0.000000
vn -0.707107 0.707107 0.000000
vn 0.000000 -0.000001 1.000000
vn 0.000000 -0.000000 1.000000
vn 0.000000 -0.000001 1.000000
vn -0.707107 0.707107 0.000000
vn -0.382683 0.923880 0.000000
vn -0.382684 0.923880 0.000000
vn -0.000000 -0.000001 -1.000000
vn -0.000000 -0.000001 -1.000000
vn -0.000000 -0.000000 -1.000000
vn 0.980785 0.195090 0.000000
vn 0.000000 -0.000000 1.000000
vn 0.000000 -0.000002 1.000000
vn 0.000000 -0.000000 1.000000
vn 0.000000 -0.000000 1.000000
vn 0.000000 -0.000000 1.000000
vn 0.000000 -0.000000 1.000000
vn 0.000000 -0.000000 1.000000
vn 0.000000 0.000030 1.000000
vn 0.000000 0.000001 1.000000
vn 0.000000 -0.000000 1.000000
vn 0.000000 -0.000000 1.000000
vn 0.000000 -0.000000 1.000000
vn 0.000000 -0.000000 1.000000
vn -0.000000 -0.000030 -1.000000
vn -0.000000 -0.000001 -1.000000
vn -0.000000 -0.000005 -1.000000
vn -0.000000 0.000003 -1.000000
vn -0.000000 0.000001 -1.000000
vn -0.000000 0.000001 -1.000000
vn -0.000000 -0.000015 -1.000000
vn -0.000000 0.000000 -1.000000
vn -0.000000 0.000000 -1.000000
vn -0.000000 0.000000 -1.000000
vn -0.000000 0.000003 -1.000000
vn -0.000000 0.000001 -1.000000
vn -0.000000 -0.000015 -1.000000
s 1
g Piece4 Supermarine_Spitfire_Mk:GLTF_SceneRootNode Supermarine_Spitfire_Mk:root Supermarine_Spitfire_Mk:Sketchfab_model Supermarine_Spitfire_Mk:Meshes Supermarine_Spitfire_Mk:scene Supermarine_Spitfire_Mk:Object_89
usemtl Supermarine_Spitfire_Mk:Object_89SG
f 1831/1752/1828 1833/1754/1829 1829/1750/1830
f 1835/1756/1831 1837/1758/1832 1833/1754/1829
f 1839/1760/1833 1841/1762/1834 1837/1758/1832
f 1843/1764/1835 1846/1767/1836 1841/1762/1834
f 1848/1769/1837 1851/1772/1838 1845/1766/1839
f 1853/1774/1840 1855/1776/1841 1851/1772/1838
f 1857/1778/1842 1859/1780/1843 1855/1776/1841
f 1861/1782/1844 1862/1783/1845 1859/1780/1843
f 1864/1785/1846 1866/1787/1847 1862/1783/1845
f 1868/1789/1848 1870/1791/1849 1866/1787/1847
f 1872/1793/1850 1874/1795/1851 1870/1791/1849
f 1876/1797/1852 1878/1799/1853 1874/1795/1851
f 1880/1801/1854 1882/1803/1855 1878/1799/1853
f 1884/1805/1856 1886/1807/1857 1882/1803/1855
s 15
f 1873/1794/1858 1856/1777/1859 1838/1759/1860
s 1
f 1888/1809/1861 1890/1811/1862 1886/1807/1857
f 1892/1813/1863 1829/1750/1830 1890/1811/1862
s 17
f 1883/1804/1864 1891/1812/1865 1858/1779/1866
s 1
f 1831/1752/1828 1835/1756/1831 1833/1754/1829
f 1835/1756/1831 1839/1760/1833 1837/1758/1832
f 1839/1760/1833 1843/1764/1835 1841/1762/1834
f 1843/1764/1835 1849/1770/1867 1846/1767/1836
f 1848/1769/1837 1853/1774/1840 1851/1772/1838
f 1853/1774/1840 1857/1778/1842 1855/1776/1841
f 1857/1778/1842 1861/1782/1844 1859/1780/1843
f 1861/1782/1844 1864/1785/1846 1862/1783/1845
f 1864/1785/1846 1868/1789/1848 1866/1787/1847
f 1868/1789/1848 1872/1793/1850 1870/1791/1849
f 1872/1793/1850 1876/1797/1852 1874/1795/1851
f 1876/1797/1852 1880/1801/1854 1878/1799/1853
f 1880/1801/1854 1884/1805/1856 1882/1803/1855
f 1884/1805/1856 1888/1809/1861 1886/1807/1857
s 15
f 1838/1759/1860 1834/1755/1868 1889/1810/1869
f 1834/1755/1868 1830/1751/1870 1889/1810/1869
f 1830/1751/1870 1893/1814/1871 1889/1810/1869
f 1889/1810/1869 1885/1806/1872 1881/1802/1873
f 1881/1802/1873 1877/1798/1874 1873/1794/1858
f 1873/1794/1858 1869/1790/1875 1865/1786/1876
f 1865/1786/1876 1860/1781/1877 1873/1794/1858
f 1860/1781/1877 1856/1777/1859 1873/1794/1858
f 1856/1777/1859 1852/1773/1878 1847/1768/1879
f 1847/1768/1879 1842/1763/1880 1856/1777/1859
f 1842/1763/1880 1838/1759/1860 1856/1777/1859
f 1889/1810/1869 1881/1802/1873 1873/1794/1858
f 1838/1759/1860 1889/1810/1869 1873/1794/1858
s 1
f 1888/1809/1861 1892/1813/1863 1890/1811/1862
f 1892/1813/1863 1831/1752/1828 1829/1750/1830
s 17
f 1891/1812/1865 1828/1749/1881 1832/1753/1882
f 1832/1753/1882 1836/1757/1883 1891/1812/1865
f 1836/1757/1883 1840/1761/1884 1891/1812/1865
f 1840/1761/1884 1844/1765/1885 1850/1771/1886
f 1850/1771/1886 1854/1775/1887 1858/1779/1866
f 1858/1779/1866 1863/1784/1888 1867/1788/1889
f 1867/1788/1889 1871/1792/1890 1858/1779/1866
f 1871/1792/1890 1875/1796/1891 1858/1779/1866
f 1875/1796/1891 1879/1800/1892 1883/1804/1864
f 1883/1804/1864 1887/1808/1893 1891/1812/1865
f 1840/1761/1884 1850/1771/1886 1891/1812/1865
f 1850/1771/1886 1858/1779/1866 1891/1812/1865
f 1875/1796/1891 1883/1804/1864 1858/1779/1866
g default
v 526.890378 -142.067491 178.870692
v 526.890378 -142.067491 178.870692
v 526.066330 -149.798908 182.091273
v 526.066330 -149.798908 182.091273
v 525.747343 -152.791298 192.011645
v 525.747343 -152.791298 192.011645
v 526.444350 -146.251735 200.025251
v 526.444350 -146.251735 200.025251
v 526.662990 -144.200615 200.650977
v 526.662990 -144.200615 200.650977
v 527.117710 -139.934424 200.650977
v 527.117710 -139.934424 200.650977
v 527.859303 -132.976318 183.757544
v 527.859303 -132.976318 183.757544
v 527.336350 -137.883305 179.707693
v 527.336350 -137.883305 179.707693
v 526.636239 -144.451707 177.812285
v 526.636182 -144.451707 177.812285
v 526.890378 -142.067491 177.576135
v 526.890265 -142.067491 177.576135
v 526.391863 -146.744324 178.511677
v 526.391807 -146.744324 178.511677
v 526.166676 -148.857187 179.647431
v 526.166620 -148.857187 179.647431
v 525.969313 -150.709137 181.175894
v 525.969257 -150.709137 181.175894
v 525.807280 -152.229008 183.038328
v 525.807224 -152.229008 183.038328
v 525.686955 -153.358329 185.163170
v 525.686898 -153.358329 185.163170
v 525.612795 -154.053812 187.468739
v 525.612739 -154.053812 187.468739
v 525.587794 -154.288650 189.866472
v 525.587737 -154.288593 189.866472
v 525.612795 -154.053812 192.264204
v 525.612739 -154.053812 192.264204
v 525.686955 -153.358329 194.569774
v 525.686898 -153.358329 194.569774
v 525.807280 -152.229008 196.694615
v 525.807224 -152.229008 196.694615
v 525.969313 -150.709137 198.557049
v 525.969257 -150.709137 198.557049
v 526.166676 -148.857187 200.085512
v 526.166620 -148.857187 200.085512
v 526.391863 -146.744324 201.221267
v 526.391807 -146.744324 201.221267
v 526.636239 -144.451707 201.920658
v 526.636182 -144.451707 201.920658
v 526.890322 -142.067491 202.156808
v 526.890378 -142.067491 202.156808
v 527.144405 -139.683276 201.920658
v 527.144461 -139.683276 201.920658
v 527.388781 -137.390659 201.221267
v 527.388837 -137.390715 201.221267
v 527.613968 -135.277796 200.085512
v 527.614024 -135.277796 200.085512
v 527.811331 -133.425846 198.557049
v 527.811387 -133.425902 198.557049
v 527.973364 -131.906032 196.694615
v 527.973420 -131.906032 196.694615
v 528.093689 -130.776654 194.569788
v 528.093746 -130.776654 194.569788
v 528.167848 -130.081228 192.264204
v 528.167905 -130.081228 192.264204
v 528.192850 -129.846390 189.866472
v 528.192850 -129.846390 189.866472
v 528.192907 -129.846390 189.866472
v 528.167848 -130.081228 187.468739
v 528.167905 -130.081228 187.468739
v 528.093689 -130.776654 185.163156
v 528.093746 -130.776654 185.163156
v 527.973364 -131.906032 183.038328
v 527.973420 -131.906032 183.038328
v 527.811331 -133.425846 181.175894
v 527.811387 -133.425846 181.175894
v 527.613968 -135.277796 179.647431
v 527.614024 -135.277796 179.647431
v 527.388781 -137.390659 178.511677
v 527.388837 -137.390715 178.511677
v 527.144405 -139.683276 177.812285
v 527.144461 -139.683276 177.812285
v 524.645790 -143.566720 181.175781
v 526.621226 -144.196114 179.081967
v 526.621226 -144.196114 179.081967
v 524.894286 -143.802658 180.128874
v 525.617367 -144.033009 179.362491
v 525.838829 -141.955420 179.156704
v 524.469591 -145.219614 181.680025
v 526.402643 -146.247234 179.707693
v 526.402643 -146.247234 179.707693
v 524.696866 -145.654665 180.693859
v 525.404427 -146.030795 179.971935
v 526.201216 -148.137562 180.723813
v 526.201216 -148.137562 180.723813
v 524.514967 -147.361458 181.611340
v 525.208193 -147.871909 180.961628
v 525.036170 -149.485692 182.293518
v 525.036170 -149.485692 182.293518
v 525.879633 -151.154220 183.757544
v 525.879633 -151.154220 183.757544
v 524.895076 -150.810119 183.916444
v 524.895076 -150.810119 183.916444
v 525.771950 -152.164626 185.658567
v 525.771950 -152.164626 185.658567
v 524.790158 -151.794225 185.768014
v 523.907922 -150.489552 188.137781
v 525.705636 -152.786797 187.721298
v 525.705636 -152.786797 187.721298
v 524.067584 -151.559359 187.929540
v 524.725593 -152.400254 187.777101
v 523.889918 -150.658809 189.866472
v 525.683286 -152.996915 189.866472
v 525.683286 -152.996915 189.866472
v 524.047323 -151.749103 189.866472
v 524.703752 -152.604898 189.866472
v 523.907922 -150.489552 191.595162
v 524.067584 -151.559359 191.803404
v 524.725593 -152.400254 191.955842
v 525.772007 -152.164626 194.074377
v 525.772007 -152.164626 194.074377
v 524.790158 -151.794225 193.964930
v 525.879633 -151.154220 195.975400
v 525.879633 -151.154220 195.975400
v 526.024622 -149.794464 197.641670
v 526.024622 -149.794464 197.641670
v 525.036170 -149.485692 197.439425
v 526.201216 -148.137562 199.009130
v 526.201216 -148.137562 199.009130
v 524.514967 -147.361458 198.121603
v 525.208193 -147.871909 198.771315
v 524.469591 -145.219614 198.052918
v 524.696923 -145.654665 199.039085
v 525.404427 -146.030795 199.761009
v 524.645790 -143.566720 198.557162
v 524.894286 -143.802658 199.604069
v 525.617367 -144.033009 200.370453
v 526.848614 -142.063047 200.862252
v 526.848614 -142.063047 200.862252
v 525.838829 -141.955420 200.576239
v 526.060234 -139.877831 200.370453
v 526.060234 -139.877831 200.370453
v 527.294586 -137.878860 200.025251
v 527.294586 -137.878860 200.025251
v 526.273174 -137.880045 199.761009
v 526.273174 -137.880045 199.761009
v 527.496069 -135.988532 199.009130
v 527.496069 -135.988532 199.009130
v 526.469409 -136.038874 198.771315
v 525.493034 -135.617453 196.132114
v 527.672663 -134.331630 197.641670
v 527.672663 -134.331630 197.641670
v 525.843626 -134.895754 196.886885
v 526.641431 -134.425148 197.439425
v 525.609804 -134.521656 194.789359
v 527.817595 -132.971874 195.975400
v 527.817595 -132.971874 195.975400
v 525.974449 -133.668006 195.382380
v 526.782526 -133.100721 195.816499
v 525.696549 -133.707428 193.257411
v 527.925279 -131.961468 194.074377
v 527.925279 -131.961468 194.074377
v 526.071691 -132.755689 193.665894
v 526.887500 -132.116615 193.964930
v 527.991593 -131.339297 192.011645
v 527.991593 -131.339297 192.011645
v 526.952065 -131.510586 191.955842
v 528.013999 -131.129179 189.866472
v 528.013999 -131.129179 189.866472
v 527.991593 -131.339297 187.721298
v 527.991593 -131.339297 187.721298
v 526.952065 -131.510586 187.777101
v 525.696549 -133.707428 186.475532
v 527.925279 -131.961468 185.658567
v 527.925279 -131.961468 185.658567
v 526.071691 -132.755689 186.067050
v 526.887500 -132.116615 185.768014
v 525.609804 -134.521656 184.943598
v 525.974449 -133.668006 184.350564
v 526.782526 -133.100721 183.916444
v 525.493034 -135.617453 183.600830
v 527.672663 -134.331630 182.091273
v 527.672663 -134.331630 182.091273
v 525.843626 -134.895754 182.846059
v 526.641431 -134.425148 182.293518
v 527.496069 -135.988532 180.723813
v 527.496069 -135.988532 180.723813
v 526.469409 -136.038874 180.961628
v 526.273174 -137.880045 179.971935
v 526.273174 -137.880045 179.971935
v 527.076002 -139.929980 179.081967
v 527.076002 -139.929980 179.081967
v 526.060234 -139.877831 179.362491
v 526.060234 -139.877831 179.362491
v 522.591002 -141.609259 177.576135
v 522.336862 -143.993474 177.812285
v 522.092543 -146.286091 178.511677
v 521.867300 -148.398954 179.647431
v 521.669937 -150.250905 181.175894
v 521.507960 -151.770775 183.038328
v 521.387578 -152.900096 185.163170
v 521.313475 -153.595579 187.468739
v 521.288473 -153.830360 189.866472
v 521.313475 -153.595579 192.264204
v 521.387578 -152.900096 194.569774
v 521.507960 -151.770775 196.694615
v 521.669937 -150.250905 198.557049
v 521.867300 -148.398954 200.085512
v 522.092543 -146.286091 201.221267
v 522.336862 -143.993474 201.920658
v 522.591002 -141.609259 202.156808
v 522.845141 -139.225043 201.920658
v 523.089461 -136.932426 201.221267
v 523.314704 -134.819563 200.085512
v 523.512067 -132.967613 198.557049
v 523.674044 -131.447799 196.694615
v 523.794425 -130.318422 194.569788
v 523.868528 -129.622995 192.264204
v 523.893530 -129.388157 189.866472
v 523.893530 -129.388157 189.866472
v 523.868528 -129.622995 187.468739
v 523.794425 -130.318422 185.163156
v 523.674044 -131.447799 183.038328
v 523.512067 -132.967613 181.175894
v 523.314704 -134.819563 179.647431
v 523.089461 -136.932426 178.511677
v 522.845141 -139.225043 177.812285
v 524.785135 -142.259225 181.046271
v 524.785135 -142.259225 181.046271
v 525.413231 -136.366101 182.982920
v 525.413231 -136.366101 182.982920
v 525.705241 -133.626158 186.744995
v 525.705241 -133.626158 186.744995
v 525.705241 -133.626158 192.988005
v 525.705241 -133.626158 192.988005
v 525.413231 -136.366157 196.750037
v 525.413231 -136.366157 196.750037
v 524.785135 -142.259225 198.686673
v 524.785135 -142.259225 198.686673
v 524.313428 -146.684684 197.265385
v 524.313428 -146.684684 197.265385
v 523.927280 -150.308274 192.195971
v 523.927280 -150.308274 192.195971
v 523.927224 -150.308330 187.537029
v 523.927224 -150.308330 187.537029
v 524.313484 -146.684740 182.467573
v 524.313484 -146.684740 182.467573
v 525.363115 -136.836284 189.866500
v 525.363115 -136.836284 189.866500
v 525.363115 -136.836284 189.866500
v 525.399178 -136.498052 192.065148
v 525.399178 -136.498052 192.065148
v 525.354988 -136.912927 190.605793
v 525.354988 -136.912927 190.605793
v 525.341950 -137.035058 191.093825
v 525.341950 -137.035058 191.093825
v 525.341950 -137.035058 188.639189
v 525.341950 -137.035058 188.639189
v 525.226817 -138.115391 194.303811
v 525.226817 -138.115391 194.303811
v 525.350529 -136.954465 191.684545
v 525.350529 -136.954465 191.684545
v 525.354988 -136.912927 189.127221
v 525.354988 -136.912927 189.127221
v 525.399178 -136.498052 187.667866
v 525.399178 -136.498052 187.667866
v 525.350529 -136.954465 188.048469
v 525.350529 -136.954465 188.048469
v 525.226817 -138.115391 185.429203
v 525.226817 -138.115391 185.429203
v 525.173427 -138.616333 185.748105
v 525.173427 -138.616333 185.748105
v 525.111176 -139.199900 194.090320
v 525.111176 -139.199900 194.090320
v 525.173427 -138.616333 193.984909
v 525.173427 -138.616333 193.984909
v 525.111176 -139.199900 185.642694
v 525.111176 -139.199900 185.642694
v 524.917030 -141.021995 184.918145
v 524.917030 -141.021995 184.918145
v 524.994068 -140.299139 185.073278
v 524.994068 -140.299139 185.073278
v 524.994068 -140.299139 185.073278
v 524.783555 -142.273899 184.070364
v 524.783555 -142.273899 184.070364
v 524.806920 -142.054976 184.624499
v 524.806920 -142.054976 184.624499
v 524.863753 -141.521244 184.884169
v 524.863753 -141.521244 184.884169
v 525.066026 -139.623692 194.357963
v 525.066026 -139.623692 194.357963
v 525.066026 -139.623692 185.375037
v 525.066026 -139.623692 185.375037
v 524.994068 -140.299139 194.659722
v 524.994068 -140.299139 194.659722
v 524.994068 -140.299139 194.659722
v 524.863753 -141.521244 194.848845
v 524.863753 -141.521244 194.848845
v 524.783611 -142.273899 195.662636
v 524.783611 -142.273899 195.662636
v 524.806920 -142.054976 195.108515
v 524.806920 -142.054976 195.108515
v 524.917030 -141.021995 194.814869
v 524.917030 -141.021995 194.814869
v 524.520272 -144.744013 185.503151
v 524.520272 -144.744013 185.503151
v 524.490473 -145.024001 193.704286
v 524.490473 -145.024001 193.704286
v 524.504695 -144.890751 194.807546
v 524.504695 -144.890751 194.807546
v 524.520272 -144.744013 194.229849
v 524.520272 -144.744013 194.229849
v 524.490473 -145.024001 186.028728
v 524.490473 -145.024001 186.028728
v 524.504695 -144.890751 184.925454
v 524.504695 -144.890751 184.925454
v 524.396843 -145.902173 186.904135
v 524.396843 -145.902173 186.904135
v 524.396843 -145.902173 186.904135
v 524.449556 -145.408060 186.351341
v 524.449556 -145.408060 186.351341
v 524.357449 -146.272236 192.185473
v 524.357449 -146.272236 192.185473
v 524.357449 -146.272236 187.547526
v 524.357449 -146.272236 187.547526
v 524.396843 -145.902173 192.828879
v 524.396843 -145.902173 192.828879
v 524.396843 -145.902173 192.828879
v 524.337527 -146.458650 188.014563
v 524.337527 -146.458650 188.014563
v 524.337527 -146.458650 191.718436
v 524.337527 -146.458650 191.718436
v 524.293787 -146.869179 188.444803
v 524.293787 -146.869179 188.444803
v 524.293787 -146.869179 191.288211
v 524.293787 -146.869179 191.288211
v 524.230690 -147.460873 191.250073
v 524.230690 -147.460873 191.250073
v 524.230690 -147.460873 188.482941
v 524.230690 -147.460873 188.482941
v 524.449556 -145.408060 193.381659
v 524.449556 -145.408060 193.381659
v 525.081151 -142.044465 179.956598
v 525.081151 -142.044465 179.956598
v 524.932607 -148.363017 181.686713
v 524.932607 -148.363017 181.686713
v 524.496907 -147.531053 181.751320
v 524.496907 -147.531053 181.751320
v 524.753755 -151.549849 185.458396
v 524.753755 -151.549849 185.458396
v 524.565422 -151.653116 186.243164
v 524.565422 -151.653116 186.243164
v 524.097948 -151.274122 186.983783
v 524.097948 -151.274122 186.983783
v 524.097948 -151.274066 192.749217
v 524.097948 -151.274066 192.749217
v 524.625698 -151.596509 193.890714
v 524.625698 -151.596509 193.890714
v 524.940226 -150.550124 196.144981
v 524.940226 -150.550124 196.144981
v 524.932663 -148.363031 198.046301
v 524.932663 -148.363031 198.046301
v 525.020932 -149.084942 197.687159
v 525.020932 -149.084942 197.687159
v 524.496907 -147.531053 197.981666
v 524.496907 -147.531053 197.981666
v 525.081208 -142.044451 199.776416
v 525.081208 -142.044451 199.776416
v 525.648408 -141.508334 200.285641
v 525.648408 -141.508334 200.285641
v 526.171981 -136.172575 198.525246
v 526.171981 -136.172575 198.525246
v 525.730638 -135.956052 197.761996
v 525.730638 -135.956052 197.761996
v 526.681671 -131.948035 192.682550
v 526.681671 -131.948035 192.682550
v 526.854315 -131.602326 191.975567
v 526.854315 -131.602326 191.975567
v 526.115826 -132.559172 193.089410
v 526.115826 -132.559172 193.089410
v 526.944220 -131.331170 189.866500
v 526.944220 -131.331170 189.866500
v 526.851944 -131.593945 187.795698
v 526.851944 -131.593945 187.795698
v 526.681671 -131.948064 187.050464
v 526.681671 -131.948064 187.050464
v 526.090259 -132.581747 186.643675
v 526.090259 -132.581747 186.643675
v 525.752366 -135.950916 181.948457
v 525.752366 -135.950916 181.948457
v 526.171925 -136.172533 181.207711
v 526.171925 -136.172533 181.207711
v 525.648351 -141.508334 179.447373
v 525.648351 -141.508334 179.447373
v 523.467312 -133.387623 186.744995
v 523.467312 -133.387680 192.988005
v 523.125186 -136.597750 189.866500
v 523.125186 -136.597750 189.866500
v 523.161250 -136.259518 192.065148
v 523.117059 -136.674392 190.605793
v 523.104022 -136.796580 191.093825
v 523.104022 -136.796580 188.639189
v 523.112600 -136.715931 191.684545
v 523.117059 -136.674392 189.127221
v 523.161250 -136.259518 187.667866
v 523.112600 -136.715931 188.048469
v 523.655137 -131.625465 192.682550
v 523.693571 -131.265448 191.975567
v 523.584364 -132.289343 193.089410
v 523.723088 -130.987831 189.866500
v 523.694418 -131.257434 187.795698
v 523.655137 -131.625465 187.050464
v 523.581768 -132.314402 186.643675
v 523.025404 -137.533884 179.971935
v 522.812464 -139.531670 179.362491
v 522.547206 -142.020690 181.046271
v 523.175303 -136.127623 182.982920
v 522.988888 -137.876856 185.429203
v 522.935498 -138.377799 185.748105
v 522.873247 -138.961366 185.642694
v 522.679101 -140.783461 184.918145
v 522.756139 -140.060605 185.073278
v 522.756139 -140.060605 185.073278
v 522.545626 -142.035364 184.070364
v 522.568991 -141.816442 184.624499
v 522.625824 -141.282710 184.884169
v 522.828097 -139.385157 185.375037
v 522.573167 -141.777161 179.956598
v 523.222823 -135.681369 181.948457
v 523.204199 -135.856270 181.207711
v 522.636039 -141.187217 179.447373
v 522.812464 -139.531670 200.370453
v 523.025404 -137.533884 199.761009
v 523.175303 -136.127623 196.750037
v 522.547206 -142.020690 198.686673
v 522.988888 -137.876856 194.303811
v 522.873247 -138.961366 194.090320
v 522.935498 -138.377799 193.984909
v 522.828097 -139.385157 194.357963
v 522.756139 -140.060605 194.659722
v 522.756139 -140.060605 194.659722
v 522.625824 -141.282710 194.848845
v 522.545682 -142.035364 195.662636
v 522.568991 -141.816442 195.108515
v 522.679101 -140.783461 194.814869
v 522.573111 -141.777161 199.776416
v 522.636039 -141.187217 200.285641
v 523.204199 -135.856270 198.525246
v 523.222089 -135.688706 197.761996
v 522.075555 -146.446206 197.265385
v 521.689351 -150.069796 192.195971
v 522.252544 -144.785466 193.704286
v 522.266767 -144.652217 194.807546
v 522.282343 -144.505478 194.229849
v 522.119520 -146.033758 192.185473
v 522.158914 -145.663639 192.828879
v 522.158914 -145.663639 192.828879
v 522.099598 -146.220172 191.718436
v 522.055858 -146.630644 191.288211
v 521.992817 -147.222338 191.250073
v 522.211627 -145.169526 193.381659
v 521.589456 -151.006720 192.749217
v 521.561407 -151.269946 193.890714
v 521.675242 -150.202142 196.144981
v 521.905564 -148.040405 198.046301
v 521.830502 -148.744918 197.687159
v 521.988415 -147.263651 197.981666
v 521.788456 -149.139588 182.293518
v 521.647305 -150.463957 183.916444
v 521.689295 -150.069796 187.537029
v 522.075555 -146.446206 182.467573
v 522.282343 -144.505478 185.503151
v 522.252544 -144.785466 186.028728
v 522.266767 -144.652217 184.925454
v 522.158914 -145.663639 186.904135
v 522.158914 -145.663639 186.904135
v 522.211627 -145.169526 186.351341
v 522.119520 -146.033758 187.547526
v 522.099598 -146.220172 188.014563
v 522.055858 -146.630644 188.444803
v 521.992817 -147.222338 188.482941
v 521.905564 -148.040405 181.686713
v 521.988359 -147.263707 181.751320
v 521.567728 -151.210291 185.458396
v 521.554747 -151.332197 186.243164
v 521.589456 -151.006720 186.983783
v 518.291738 -141.151026 178.870692
v 518.291738 -141.151026 178.870692
v 517.467746 -148.882443 182.091273
v 517.467746 -148.882443 182.091273
v 517.148759 -151.874776 192.011645
v 517.148759 -151.874776 192.011645
v 517.845766 -145.335213 200.025251
v 517.845766 -145.335213 200.025251
v 518.064407 -143.284093 200.650977
v 518.064407 -143.284093 200.650977
v 518.519126 -139.017959 200.650977
v 518.519126 -139.017959 200.650977
v 519.260719 -132.059853 183.757544
v 519.260719 -132.059853 183.757544
v 518.737766 -136.966839 179.707693
v 518.737766 -136.966839 179.707693
v 518.037655 -143.535242 177.812285
v 518.037542 -143.535242 177.812285
v 518.291738 -141.151026 177.576135
v 518.291682 -141.151026 177.576135
v 517.793279 -145.827859 178.511677
v 517.793223 -145.827859 178.511677
v 517.568092 -147.940721 179.647431
v 517.568036 -147.940721 179.647431
v 517.370729 -149.792672 181.175894
v 517.370673 -149.792672 181.175894
v 517.208696 -151.312486 183.038328
v 517.208640 -151.312486 183.038328
v 517.088371 -152.441863 185.163170
v 517.088315 -152.441863 185.163170
v 517.014212 -153.137290 187.468739
v 517.014155 -153.137290 187.468739
v 516.989210 -153.372128 189.866472
v 516.989153 -153.372128 189.866472
v 517.014212 -153.137290 192.264204
v 517.014155 -153.137290 192.264204
v 517.088371 -152.441863 194.569774
v 517.088315 -152.441863 194.569774
v 517.208696 -151.312486 196.694615
v 517.208640 -151.312486 196.694615
v 517.370729 -149.792672 198.557049
v 517.370673 -149.792672 198.557049
v 517.568092 -147.940721 200.085512
v 517.568036 -147.940721 200.085512
v 517.793279 -145.827859 201.221267
v 517.793223 -145.827859 201.221267
v 518.037655 -143.535242 201.920658
v 518.037542 -143.535242 201.920658
v 518.291682 -141.151026 202.156808
v 518.291795 -141.151026 202.156808
v 518.545821 -138.766810 201.920658
v 518.545878 -138.766810 201.920658
v 518.790197 -136.474193 201.221267
v 518.790253 -136.474193 201.221267
v 519.015384 -134.361331 200.085512
v 519.015440 -134.361331 200.085512
v 519.212747 -132.509380 198.557049
v 519.212803 -132.509380 198.557049
v 519.374780 -130.989510 196.694615
v 519.374836 -130.989510 196.694615
v 519.495105 -129.860189 194.569788
v 519.495162 -129.860189 194.569788
v 519.569265 -129.164706 192.264204
v 519.569321 -129.164706 192.264204
v 519.594267 -128.929924 189.866472
v 519.594267 -128.929924 189.866472
v 519.594323 -128.929924 189.866472
v 519.569265 -129.164706 187.468739
v 519.569321 -129.164706 187.468739
v 519.495105 -129.860189 185.163156
v 519.495162 -129.860189 185.163156
v 519.374780 -130.989510 183.038328
v 519.374836 -130.989510 183.038328
v 519.212747 -132.509380 181.175894
v 519.212803 -132.509380 181.175894
v 519.015384 -134.361331 179.647431
v 519.015440 -134.361331 179.647431
v 518.790197 -136.474193 178.511677
v 518.790253 -136.474193 178.511677
v 518.545821 -138.766810 177.812285
v 518.545878 -138.766810 177.812285
v 520.169932 -143.089707 181.175781
v 518.106114 -143.288594 179.081967
v 518.106114 -143.288594 179.081967
v 519.877302 -143.267910 180.128874
v 519.121882 -143.340743 179.362491
v 519.343288 -141.263097 179.156704
v 519.993790 -144.742602 181.680025
v 517.887530 -145.339714 179.707693
v 517.887530 -145.339714 179.707693
v 519.679826 -145.119917 180.693859
v 518.908942 -145.338472 179.971935
v 517.686047 -147.229986 180.723813
v 517.686047 -147.229986 180.723813
v 519.497927 -146.826766 181.611340
v 518.712708 -147.179643 180.961628
v 518.540685 -148.793426 182.293518
v 518.540685 -148.793426 182.293518
v 517.364521 -150.246644 183.757544
v 517.364521 -150.246644 183.757544
v 518.399591 -150.117796 183.916444
v 518.399591 -150.117796 183.916444
v 517.256838 -151.257050 185.658567
v 517.256838 -151.257050 185.658567
v 518.294616 -151.101902 185.768014
v 519.432064 -150.012483 188.137781
v 517.190523 -151.879220 187.721298
v 517.190523 -151.879220 187.721298
v 519.050545 -151.024667 187.929540
v 518.230052 -151.707932 187.777101
v 519.414061 -150.181796 189.866472
v 517.168118 -152.089338 189.866472
v 517.168118 -152.089338 189.866472
v 519.030340 -151.214355 189.866472
v 518.208267 -151.912575 189.866472
v 519.432064 -150.012483 191.595162
v 519.050545 -151.024667 191.803404
v 518.230052 -151.707932 191.955842
v 517.256894 -151.257050 194.074377
v 517.256894 -151.257050 194.074377
v 518.294616 -151.101902 193.964930
v 517.364521 -150.246644 195.975400
v 517.364521 -150.246644 195.975400
v 517.509454 -148.886887 197.641670
v 517.509454 -148.886887 197.641670
v 518.540685 -148.793426 197.439425
v 517.686047 -147.229986 199.009130
v 517.686047 -147.229986 199.009130
v 519.497927 -146.826766 198.121603
v 518.712708 -147.179643 198.771315
v 519.993790 -144.742602 198.052918
v 519.679883 -145.119917 199.039085
v 518.908942 -145.338472 199.761009
v 520.169932 -143.089707 198.557162
v 519.877302 -143.267910 199.604069
v 519.121882 -143.340743 200.370453
v 518.333502 -141.155470 200.862252
v 518.333502 -141.155470 200.862252
v 519.343288 -141.263097 200.576239
v 519.564750 -139.185508 200.370453
v 519.564750 -139.185508 200.370453
v 518.779474 -136.971283 200.025251
v 518.779474 -136.971283 200.025251
v 519.777689 -137.187723 199.761009
v 519.777689 -137.187723 199.761009
v 518.980900 -135.080955 199.009130
v 518.980900 -135.080955 199.009130
v 519.973924 -135.346608 198.771315
v 521.017177 -135.140384 196.132114
v 519.157494 -133.424110 197.641670
v 519.157494 -133.424110 197.641670
v 520.826586 -134.361006 196.886885
v 520.145946 -133.732825 197.439425
v 521.133947 -134.044644 194.789359
v 519.302483 -132.064297 195.975400
v 519.302483 -132.064297 195.975400
v 520.957409 -133.133258 195.382380
v 520.287041 -132.408399 195.816499
v 521.220748 -133.230416 193.257411
v 519.410166 -131.053891 194.074377
v 519.410166 -131.053891 194.074377
v 521.054708 -132.220941 193.665894
v 520.391959 -131.424292 193.964930
v 519.476481 -130.431721 192.011645
v 519.476481 -130.431721 192.011645
v 520.456524 -130.818263 191.955842
v 519.498830 -130.221603 189.866472
v 519.498830 -130.221603 189.866472
v 519.476481 -130.431721 187.721298
v 519.476481 -130.431721 187.721298
v 520.456524 -130.818263 187.777101
v 521.220748 -133.230416 186.475532
v 519.410166 -131.053891 185.658567
v 519.410166 -131.053891 185.658567
v 521.054708 -132.220941 186.067050
v 520.391959 -131.424292 185.768014
v 521.133947 -134.044644 184.943598
v 520.957409 -133.133258 184.350564
v 520.287041 -132.408399 183.916444
v 521.017177 -135.140384 183.600830
v 519.157494 -133.424054 182.091273
v 519.157494 -133.424054 182.091273
v 520.826586 -134.361006 182.846059
v 520.145946 -133.732825 182.293518
v 518.980900 -135.080955 180.723813
v 518.980900 -135.080955 180.723813
v 519.973924 -135.346608 180.961628
v 519.777689 -137.187723 179.971935
v 519.777689 -137.187723 179.971935
v 518.560890 -139.022403 179.081967
v 518.560890 -139.022403 179.081967
v 519.564750 -139.185508 179.362491
v 519.564750 -139.185508 179.362491
v 520.309277 -141.782156 181.046271
v 520.309277 -141.782156 181.046271
v 520.937374 -135.889088 182.982920
v 520.937374 -135.889088 182.982920
v 521.229383 -133.149145 186.744995
v 521.229383 -133.149145 186.744995
v 521.229383 -133.149145 192.988005
v 521.229383 -133.149145 192.988005
v 520.937374 -135.889088 196.750037
v 520.937374 -135.889088 196.750037
v 520.309277 -141.782156 198.686673
v 520.309277 -141.782156 198.686673
v 519.837626 -146.207671 197.265385
v 519.837626 -146.207671 197.265385
v 519.451422 -149.831261 192.195971
v 519.451422 -149.831261 192.195971
v 519.451422 -149.831261 187.537029
v 519.451422 -149.831261 187.537029
v 519.837626 -146.207671 182.467573
v 519.837626 -146.207671 182.467573
v 520.887257 -136.359215 189.866500
v 520.887257 -136.359215 189.866500
v 520.887257 -136.359215 189.866500
v 520.923321 -136.020983 192.065148
v 520.923321 -136.020983 192.065148
v 520.879130 -136.435858 190.605793
v 520.879130 -136.435858 190.605793
v 520.866093 -136.558046 191.093825
v 520.866093 -136.558046 191.093825
v 520.866093 -136.558046 188.639189
v 520.866093 -136.558046 188.639189
v 520.750960 -137.638322 194.303811
v 520.750960 -137.638322 194.303811
v 520.874728 -136.477396 191.684545
v 520.874728 -136.477396 191.684545
v 520.879130 -136.435858 189.127221
v 520.879130 -136.435858 189.127221
v 520.923321 -136.020983 187.667866
v 520.923321 -136.020983 187.667866
v 520.874728 -136.477396 188.048469
v 520.874728 -136.477396 188.048469
v 520.750960 -137.638322 185.429203
v 520.750960 -137.638322 185.429203
v 520.697569 -138.139321 185.748105
v 520.697569 -138.139321 185.748105
v 520.635319 -138.722831 194.090320
v 520.635319 -138.722831 194.090320
v 520.697569 -138.139321 193.984909
v 520.697569 -138.139321 193.984909
v 520.635319 -138.722831 185.642694
v 520.635319 -138.722831 185.642694
v 520.441172 -140.544926 184.918145
v 520.441172 -140.544926 184.918145
v 520.518210 -139.822071 185.073278
v 520.518210 -139.822071 185.073278
v 520.518210 -139.822071 185.073278
v 520.307697 -141.796830 184.070364
v 520.307697 -141.796830 184.070364
v 520.331062 -141.577908 184.624499
v 520.331062 -141.577908 184.624499
v 520.387895 -141.044232 184.884169
v 520.387895 -141.044232 184.884169
v 520.590168 -139.146623 194.357963
v 520.590168 -139.146623 194.357963
v 520.590225 -139.146623 185.375037
v 520.590225 -139.146623 185.375037
v 520.518210 -139.822071 194.659722
v 520.518210 -139.822071 194.659722
v 520.518210 -139.822071 194.659722
v 520.387895 -141.044232 194.848845
v 520.387895 -141.044232 194.848845
v 520.307753 -141.796830 195.662636
v 520.307753 -141.796830 195.662636
v 520.331062 -141.577908 195.108515
v 520.331062 -141.577908 195.108515
v 520.441172 -140.544926 194.814869
v 520.441172 -140.544926 194.814869
v 520.044415 -144.266944 185.503151
v 520.044415 -144.266944 185.503151
v 520.014615 -144.546932 193.704286
v 520.014615 -144.546932 193.704286
v 520.028838 -144.413739 194.807546
v 520.028838 -144.413739 194.807546
v 520.044415 -144.266944 194.229849
v 520.044415 -144.266944 194.229849
v 520.014615 -144.546932 186.028728
v 520.014615 -144.546932 186.028728
v 520.028838 -144.413739 184.925454
v 520.028838 -144.413739 184.925454
v 519.920985 -145.425161 186.904135
v 519.920985 -145.425161 186.904135
v 519.920985 -145.425161 186.904135
v 519.973698 -144.931048 186.351341
v 519.973698 -144.931048 186.351341
v 519.881591 -145.795223 192.185473
v 519.881591 -145.795223 192.185473
v 519.881591 -145.795223 187.547526
v 519.881591 -145.795223 187.547526
v 519.920985 -145.425161 192.828879
v 519.920985 -145.425161 192.828879
v 519.920985 -145.425161 192.828879
v 519.861669 -145.981638 188.014563
v 519.861669 -145.981638 188.014563
v 519.861669 -145.981638 191.718436
v 519.861669 -145.981638 191.718436
v 519.817930 -146.392110 188.444803
v 519.817930 -146.392110 188.444803
v 519.817930 -146.392110 191.288211
v 519.817930 -146.392110 191.288211
v 519.754889 -146.983804 191.250073
v 519.754889 -146.983804 191.250073
v 519.754889 -146.983804 188.482941
v 519.754889 -146.983804 188.482941
v 519.973698 -144.931048 193.381659
v 519.973698 -144.931048 193.381659
v 520.065127 -141.509858 179.956598
v 520.065127 -141.509858 179.956598
v 518.878579 -147.717792 181.686713
v 518.878579 -147.717792 181.686713
v 519.479867 -146.996361 181.751320
v 519.479867 -146.996361 181.751320
v 518.381756 -150.870733 185.458396
v 518.381756 -150.870733 185.458396
v 518.544128 -151.011334 186.243164
v 518.544128 -151.011334 186.243164
v 519.080908 -150.739374 186.983783
v 519.080908 -150.739374 186.983783
v 519.080965 -150.739374 192.749217
v 519.080965 -150.739374 192.749217
v 518.497115 -150.943326 193.890714
v 518.497115 -150.943326 193.890714
v 518.410201 -149.854217 196.144981
v 518.410201 -149.854217 196.144981
v 518.878522 -147.717778 198.046301
v 518.878522 -147.717778 198.046301
v 518.640072 -148.404838 197.687159
v 518.640072 -148.404838 197.687159
v 519.479923 -146.996305 197.981666
v 519.479923 -146.996305 197.981666
v 520.065071 -141.509815 199.776416
v 520.065071 -141.509815 199.776416
v 519.623671 -140.866156 200.285641
v 519.623671 -140.866156 200.285641
v 520.236472 -135.539964 198.525246
v 520.236472 -135.539964 198.525246
v 520.713598 -135.421360 197.761996
v 520.713598 -135.421360 197.761996
v 520.628602 -131.302895 192.682550
v 520.628602 -131.302895 192.682550
v 520.532771 -130.928571 191.975567
v 520.532771 -130.928571 191.975567
v 521.052902 -132.019514 193.089410
v 521.052902 -132.019514 193.089410
v 520.502012 -130.644548 189.866500
v 520.502012 -130.644548 189.866500
v 520.536835 -130.920867 187.795698
v 520.536835 -130.920867 187.795698
v 520.628659 -131.302923 187.050464
v 520.628659 -131.302923 187.050464
v 521.073220 -132.046999 186.643675
v 521.073220 -132.046999 186.643675
v 520.693393 -135.411765 181.948457
v 520.693393 -135.411765 181.948457
v 520.236472 -135.539950 181.207711
v 520.236472 -135.539950 181.207711
v 519.623727 -140.866156 179.447373
v 519.623727 -140.866156 179.447373
v 524.828931 -141.847793 188.542582
v 524.828987 -141.847793 188.542582
v 525.986414 -141.971138 188.542582
v 525.986414 -141.971138 188.542582
v 524.758778 -142.506027 188.719952
v 524.758835 -142.506027 188.719952
v 525.916262 -142.629372 188.719952
v 525.916262 -142.629372 188.719952
v 524.707420 -142.987894 189.204541
v 524.707476 -142.987894 189.204541
v 525.864903 -143.111238 189.204541
v 525.864903 -143.111238 189.204541
v 524.688626 -143.164262 189.866486
v 524.688683 -143.164262 189.866486
v 525.846109 -143.287607 189.866486
v 525.846109 -143.287607 189.866486
v 524.707420 -142.987894 190.528445
v 524.707476 -142.987894 190.528445
v 525.864903 -143.111238 190.528445
v 525.864903 -143.111238 190.528445
v 524.758778 -142.506027 191.013020
v 524.758835 -142.506027 191.013020
v 525.916262 -142.629372 191.013020
v 525.916262 -142.629372 191.013020
v 524.828987 -141.847793 191.190390
v 524.828931 -141.847793 191.190390
v 525.986414 -141.971138 191.190390
v 525.986414 -141.971138 191.190390
v 524.899139 -141.189559 191.013020
v 524.899083 -141.189559 191.013020
v 526.056566 -141.312960 191.013020
v 526.056566 -141.312960 191.013020
v 524.950498 -140.707693 190.528445
v 524.950441 -140.707693 190.528445
v 526.107924 -140.831094 190.528445
v 526.107924 -140.831094 190.528445
v 524.969291 -140.531325 189.866486
v 524.969291 -140.531325 189.866486
v 524.969235 -140.531325 189.866486
v 526.126718 -140.654726 189.866486
v 526.126718 -140.654726 189.866486
v 526.126718 -140.654726 189.866486
v 524.950498 -140.707693 189.204541
v 524.950441 -140.707693 189.204541
v 526.107924 -140.831094 189.204541
v 526.107924 -140.831094 189.204541
v 524.899139 -141.189559 188.719952
v 524.899083 -141.189559 188.719952
v 526.056566 -141.312960 188.719952
v 526.056566 -141.312960 188.719952
v 520.353073 -141.370724 185.903126
v 520.353129 -141.370724 185.903126
v 516.396330 -140.949021 185.903126
v 516.396387 -140.949021 185.903126
v 520.143068 -143.341251 186.434121
v 520.143124 -143.341251 186.434121
v 516.186325 -142.919547 186.434121
v 516.186382 -142.919547 186.434121
v 519.989275 -144.783801 187.884827
v 519.989331 -144.783801 187.884827
v 516.032532 -144.362098 187.884827
v 516.032645 -144.362098 187.884827
v 519.933063 -145.311777 189.866528
v 519.933119 -145.311777 189.866528
v 515.976320 -144.890074 189.866528
v 515.976377 -144.890074 189.866528
v 519.989275 -144.783801 191.848229
v 519.989331 -144.783801 191.848229
v 516.032532 -144.362098 191.848229
v 516.032645 -144.362098 191.848229
v 520.143068 -143.341251 193.298921
v 520.143124 -143.341251 193.298921
v 516.186325 -142.919547 193.298921
v 516.186382 -142.919547 193.298921
v 520.353129 -141.370724 193.829916
v 520.353073 -141.370724 193.829916
v 516.396387 -140.949021 193.829916
v 516.396330 -140.949021 193.829916
v 520.563191 -139.400198 193.298921
v 520.563135 -139.400198 193.298921
v 516.606448 -138.978494 193.298921
v 516.606392 -138.978494 193.298921
v 520.716871 -137.957647 191.848215
v 520.716815 -137.957647 191.848215
v 516.760129 -137.535944 191.848215
v 516.760072 -137.535944 191.848215
v 520.773196 -137.429671 189.866528
v 520.773196 -137.429671 189.866528
v 520.773140 -137.429671 189.866528
v 516.816454 -137.007912 189.866528
v 516.816454 -137.007912 189.866528
v 516.816397 -137.007912 189.866528
v 520.716871 -137.957647 187.884827
v 520.716815 -137.957647 187.884827
v 516.760129 -137.535944 187.884827
v 516.760072 -137.535944 187.884827
v 520.563191 -139.400198 186.434121
v 520.563135 -139.400198 186.434121
v 516.606448 -138.978494 186.434121
v 516.606392 -138.978494 186.434121
v 525.168517 -138.662005 189.406828
v 525.168461 -138.662005 189.406828
v 525.555793 -138.703275 189.406828
v 525.555680 -138.703275 189.406828
v 525.144136 -138.890522 189.468402
v 525.144192 -138.890522 189.468402
v 525.531412 -138.931792 189.468402
v 525.531469 -138.931792 189.468402
v 525.126301 -139.057860 189.636657
v 525.126358 -139.057860 189.636657
v 525.513521 -139.099130 189.636657
v 525.513634 -139.099130 189.636657
v 525.119755 -139.119095 189.866486
v 525.119811 -139.119095 189.866486
v 525.507031 -139.160365 189.866486
v 525.507087 -139.160365 189.866486
v 525.126301 -139.057860 190.096329
v 525.126358 -139.057860 190.096329
v 525.513521 -139.099130 190.096329
v 525.513634 -139.099130 190.096329
v 525.144136 -138.890522 190.264570
v 525.144192 -138.890522 190.264570
v 525.531412 -138.931792 190.264570
v 525.531469 -138.931792 190.264570
v 525.168517 -138.662005 190.326158
v 525.168461 -138.662005 190.326158
v 525.555680 -138.703275 190.326158
v 525.555793 -138.703275 190.326158
v 525.192898 -138.433489 190.264570
v 525.192842 -138.433489 190.264570
v 525.580174 -138.474702 190.264570
v 525.580062 -138.474702 190.264570
v 525.210732 -138.266150 190.096329
v 525.210676 -138.266150 190.096329
v 525.598009 -138.307421 190.096329
v 525.597952 -138.307421 190.096329
v 525.217279 -138.204915 189.866486
v 525.217279 -138.204915 189.866486
v 525.217223 -138.204915 189.866486
v 525.604499 -138.246186 189.866486
v 525.604499 -138.246186 189.866486
v 525.604443 -138.246186 189.866486
v 525.210732 -138.266150 189.636657
v 525.210676 -138.266150 189.636657
v 525.598009 -138.307421 189.636657
v 525.597952 -138.307421 189.636657
v 525.192898 -138.433489 189.468402
v 525.192842 -138.433489 189.468402
v 525.580174 -138.474702 189.468402
v 525.580062 -138.474702 189.468402
v 524.980240 -140.428622 192.771481
v 524.980184 -140.428622 192.771481
v 525.367517 -140.469892 192.771481
v 525.367460 -140.469892 192.771481
v 524.966526 -140.557469 192.571917
v 524.966470 -140.557469 192.571917
v 525.353746 -140.598740 192.571917
v 525.353689 -140.598740 192.571917
v 524.944007 -140.768321 192.463895
v 524.943951 -140.768321 192.463895
v 525.331284 -140.809591 192.463895
v 525.331227 -140.809535 192.463895
v 524.918836 -141.004570 192.476354
v 524.918892 -141.004570 192.476354
v 525.306056 -141.045840 192.476354
v 525.306112 -141.045840 192.476354
v 524.897615 -141.203005 192.605949
v 524.897672 -141.203005 192.605949
v 525.284892 -141.244275 192.605949
v 525.284948 -141.244275 192.605949
v 524.886159 -141.310406 192.817944
v 524.886215 -141.310406 192.817944
v 525.273435 -141.351677 192.817944
v 525.273491 -141.351677 192.817944
v 524.887513 -141.298046 193.055561
v 524.887569 -141.298046 193.055561
v 525.274789 -141.339317 193.055561
v 525.274846 -141.339317 193.055561
v 524.901284 -141.169199 193.255125
v 524.901340 -141.169199 193.255125
v 525.288504 -141.210413 193.255125
v 525.288560 -141.210413 193.255125
v 524.923690 -140.958347 193.363147
v 524.923746 -140.958347 193.363147
v 525.310966 -140.999617 193.363147
v 525.311022 -140.999617 193.363147
v 524.948974 -140.722099 193.350689
v 524.948917 -140.722099 193.350689
v 525.336250 -140.763369 193.350689
v 525.336137 -140.763369 193.350689
v 524.970082 -140.523663 193.221093
v 524.970025 -140.523663 193.221093
v 525.357358 -140.564933 193.221093
v 525.357301 -140.564933 193.221093
v 524.981538 -140.416262 193.009085
v 524.981538 -140.416262 193.009085
v 524.981482 -140.416262 193.009085
v 525.368815 -140.457532 193.009085
v 525.368815 -140.457532 193.009085
v 525.368758 -140.457532 193.009085
v 524.582918 -144.156509 192.121544
v 524.582862 -144.156509 192.121544
v 524.970194 -144.197779 192.121544
v 524.970138 -144.197779 192.121544
v 524.598777 -144.007626 191.936625
v 524.598721 -144.007626 191.936625
v 524.985997 -144.048840 191.936625
v 524.985941 -144.048840 191.936625
v 524.602728 -143.970603 191.701604
v 524.602728 -143.970603 191.701604
v 524.602671 -143.970603 191.701604
v 524.990004 -144.011873 191.701604
v 524.990004 -144.011873 191.701604
v 524.989948 -144.011817 191.701604
v 524.593698 -144.055373 191.479479
v 524.593641 -144.055373 191.479479
v 524.980974 -144.096643 191.479479
v 524.980918 -144.096643 191.479479
v 524.574114 -144.239247 191.329735
v 524.574001 -144.239247 191.329735
v 524.961334 -144.280517 191.329735
v 524.961277 -144.280517 191.329735
v 524.549112 -144.472956 191.292514
v 524.549168 -144.472956 191.292514
v 524.936388 -144.514170 191.292514
v 524.936445 -144.514226 191.292514
v 524.525577 -144.693797 191.377778
v 524.525634 -144.693854 191.377778
v 524.912854 -144.735067 191.377778
v 524.912910 -144.735067 191.377778
v 524.509718 -144.842737 191.562696
v 524.509775 -144.842737 191.562696
v 524.896938 -144.884007 191.562696
v 524.896995 -144.884007 191.562696
v 524.505768 -144.879760 191.797703
v 524.505824 -144.879760 191.797703
v 524.893044 -144.920973 191.797703
v 524.893100 -144.920973 191.797703
v 524.514798 -144.794934 192.019843
v 524.514854 -144.794934 192.019843
v 524.902074 -144.836204 192.019843
v 524.902130 -144.836204 192.019843
v 524.534438 -144.611059 192.169586
v 524.534495 -144.611059 192.169586
v 524.921658 -144.652329 192.169586
v 524.921771 -144.652329 192.169586
v 524.559384 -144.377407 192.206807
v 524.559327 -144.377407 192.206807
v 524.946660 -144.418620 192.206807
v 524.946603 -144.418620 192.206807
v 524.525577 -144.693797 188.355194
v 524.525634 -144.693854 188.355194
v 524.912854 -144.735067 188.355194
v 524.912910 -144.735067 188.355194
v 524.549112 -144.472956 188.440471
v 524.549168 -144.472956 188.440471
v 524.936388 -144.514170 188.440471
v 524.936445 -144.514226 188.440471
v 524.574114 -144.239247 188.403251
v 524.574001 -144.239247 188.403251
v 524.961334 -144.280517 188.403251
v 524.961277 -144.280517 188.403251
v 524.593698 -144.055373 188.253507
v 524.593641 -144.055373 188.253507
v 524.980974 -144.096643 188.253507
v 524.980918 -144.096643 188.253507
v 524.602728 -143.970603 188.031368
v 524.602728 -143.970603 188.031368
v 524.602671 -143.970603 188.031368
v 524.990004 -144.011873 188.031368
v 524.990004 -144.011873 188.031368
v 524.989948 -144.011817 188.031368
v 524.598777 -144.007626 187.796361
v 524.598721 -144.007626 187.796361
v 524.985997 -144.048840 187.796361
v 524.985941 -144.048840 187.796361
v 524.582918 -144.156509 187.611442
v 524.582862 -144.156509 187.611442
v 524.970194 -144.197779 187.611442
v 524.970138 -144.197779 187.611442
v 524.559384 -144.377407 187.526165
v 524.559327 -144.377407 187.526165
v 524.946660 -144.418620 187.526165
v 524.946603 -144.418620 187.526165
v 524.534438 -144.611059 187.563400
v 524.534495 -144.611059 187.563400
v 524.921658 -144.652329 187.563400
v 524.921771 -144.652329 187.563400
v 524.514798 -144.794934 187.713129
v 524.514854 -144.794934 187.713129
v 524.902074 -144.836204 187.713129
v 524.902130 -144.836204 187.713129
v 524.505768 -144.879760 187.935268
v 524.505824 -144.879760 187.935268
v 524.893044 -144.920973 187.935268
v 524.893100 -144.920973 187.935268
v 524.509718 -144.842737 188.170290
v 524.509775 -144.842737 188.170290
v 524.896938 -144.884007 188.170290
v 524.896995 -144.884007 188.170290
v 524.887513 -141.298046 186.677410
v 524.887513 -141.298046 186.677410
v 525.274846 -141.339317 186.677410
v 525.274789 -141.339317 186.677410
v 524.886159 -141.310406 186.915028
v 524.886159 -141.310406 186.915028
v 525.273491 -141.351677 186.915028
v 525.273435 -141.351677 186.915028
v 524.897615 -141.203005 187.127036
v 524.897615 -141.203005 187.127036
v 525.284948 -141.244275 187.127036
v 525.284892 -141.244275 187.127036
v 524.918836 -141.004570 187.256632
v 524.918836 -141.004570 187.256632
v 525.306112 -141.045840 187.256632
v 525.306056 -141.045840 187.256632
v 524.943951 -140.768321 187.269076
v 524.943951 -140.768321 187.269076
v 525.331227 -140.809535 187.269076
v 525.331284 -140.809535 187.269076
v 524.966470 -140.557469 187.161054
v 524.966470 -140.557469 187.161054
v 525.353689 -140.598740 187.161054
v 525.353746 -140.598740 187.161054
v 524.980184 -140.428622 186.961504
v 524.980184 -140.428622 186.961504
v 524.980184 -140.428622 186.961504
v 525.367460 -140.469892 186.961504
v 525.367460 -140.469892 186.961504
v 525.367517 -140.469892 186.961504
v 524.981482 -140.416262 186.723887
v 524.981482 -140.416262 186.723887
v 525.368758 -140.457476 186.723887
v 525.368815 -140.457476 186.723887
v 524.970025 -140.523663 186.511878
v 524.970025 -140.523663 186.511878
v 525.357301 -140.564933 186.511878
v 525.357358 -140.564933 186.511878
v 524.948917 -140.722099 186.382283
v 524.948917 -140.722099 186.382283
v 525.336137 -140.763369 186.382283
v 525.336250 -140.763369 186.382283
v 524.923690 -140.958347 186.369838
v 524.923690 -140.958347 186.369838
v 525.311022 -140.999617 186.369838
v 525.310966 -140.999617 186.369838
v 524.901284 -141.169199 186.477860
v 524.901284 -141.169199 186.477860
v 525.288560 -141.210413 186.477860
v 525.288504 -141.210413 186.477860
vt 0.974138 0.523681
vt 0.660705 0.984693
vt 0.979345 0.517186
vt 0.659959 0.992192
vt 0.989428 0.517057
vt 0.652241 0.997347
vt 0.995262 0.525424
vt 0.643667 0.993794
vt 0.995240 0.527564
vt 0.642596 0.992189
vt 0.641483 0.988512
vt 0.993904 0.531581
vt 0.654141 0.978130
vt 0.976255 0.533635
vt 0.658892 0.981307
vt 0.973873 0.527864
vt 0.662231 0.986474
vt 0.989138 0.745232
vt 0.661813 0.984358
vt 0.989138 0.743075
vt 0.662229 0.988631
vt 0.989138 0.747389
vt 0.661807 0.990746
vt 0.989138 0.749546
vt 0.660981 0.992739
vt 0.989138 0.751702
vt 0.659782 0.994532
vt 0.989138 0.753859
vt 0.658257 0.996057
vt 0.989138 0.756016
vt 0.656463 0.997255
vt 0.989138 0.758173
vt 0.654470 0.998080
vt 0.989138 0.760329
vt 0.652355 0.998500
vt 0.989138 0.762486
vt 0.650198 0.998500
vt 0.989138 0.764643
vt 0.648082 0.998079
vt 0.989138 0.766800
vt 0.646090 0.997253
vt 0.989138 0.768957
vt 0.644297 0.996054
vt 0.989138 0.771113
vt 0.642771 0.994529
vt 0.989138 0.773270
vt 0.641574 0.992735
vt 0.989138 0.775427
vt 0.989138 0.777584
vt 0.640750 0.990741
vt 0.989138 0.779741
vt 0.640330 0.988625
vt 0.989138 0.781897
vt 0.640331 0.986468
vt 0.989138 0.784054
vt 0.640752 0.984353
vt 0.989138 0.786211
vt 0.641578 0.982360
vt 0.989138 0.788368
vt 0.642777 0.980567
vt 0.989138 0.790525
vt 0.644302 0.979042
vt 0.989138 0.792681
vt 0.646096 0.977844
vt 0.989138 0.794838
vt 0.989138 0.725821
vt 0.648089 0.977019
vt 0.989138 0.727978
vt 0.650205 0.976599
vt 0.989138 0.730134
vt 0.652362 0.976600
vt 0.989138 0.732291
vt 0.654477 0.977021
vt 0.989138 0.734448
vt 0.656470 0.977847
vt 0.989138 0.736605
vt 0.658263 0.979046
vt 0.989138 0.738762
vt 0.659788 0.980571
vt 0.989138 0.740918
vt 0.660987 0.982365
vt 0.977548 0.522963
vt 0.974870 0.521650
vt 0.661076 0.986587
vt 0.976688 0.522531
vt 0.975807 0.522107
vt 0.975150 0.523930
vt 0.978377 0.521689
vt 0.976055 0.519821
vt 0.661075 0.988517
vt 0.977617 0.521084
vt 0.976847 0.520469
vt 0.977590 0.518318
vt 0.660698 0.990409
vt 0.978802 0.519861
vt 0.978208 0.519106
vt 0.979816 0.518095
vt 0.061236 0.992652
vt 0.981277 0.516410
vt 0.658886 0.993796
vt 0.063115 0.992652
vt 0.981577 0.517373
vt 0.983317 0.515982
vt 0.657522 0.995161
vt 0.983431 0.516972
vt 0.985173 0.518834
vt 0.985401 0.515920
vt 0.655917 0.996232
vt 0.985255 0.517875
vt 0.985320 0.516912
vt 0.986662 0.519110
vt 0.987474 0.516297
vt 0.654134 0.996970
vt 0.986930 0.518182
vt 0.987192 0.517252
vt 0.988068 0.519669
vt 0.988507 0.518813
vt 0.988956 0.517956
vt 0.991152 0.518234
vt 0.650311 0.997346
vt 0.990533 0.519008
vt 0.992635 0.519694
vt 0.648419 0.996969
vt 0.993851 0.521386
vt 0.646637 0.996230
vt 0.992984 0.521900
vt 0.994780 0.523314
vt 0.645033 0.995158
vt 0.992896 0.523963
vt 0.993798 0.523646
vt 0.992273 0.525728
vt 0.993237 0.525630
vt 0.994209 0.525525
vt 0.992284 0.527240
vt 0.993236 0.527338
vt 0.994212 0.527448
vt 0.641860 0.990405
vt 0.994746 0.529648
vt 0.993773 0.529326
vt 0.595515 0.563372
vt 0.992997 0.531087
vt 0.641485 0.986582
vt 0.992744 0.533311
vt 0.991941 0.532686
vt 0.597394 0.563372
vt 0.641861 0.984690
vt 0.991311 0.534855
vt 0.990656 0.534099
vt 0.988186 0.533521
vt 0.642600 0.982907
vt 0.989589 0.536069
vt 0.988639 0.534360
vt 0.989110 0.535195
vt 0.986800 0.534101
vt 0.643673 0.981303
vt 0.987655 0.536881
vt 0.987083 0.535019
vt 0.987371 0.535933
vt 0.985330 0.534405
vt 0.645038 0.979939
vt 0.985616 0.537272
vt 0.985436 0.535353
vt 0.985523 0.536308
vt 0.646642 0.978867
vt 0.983558 0.537272
vt 0.983644 0.536289
vt 0.648425 0.978129
vt 0.981515 0.536906
vt 0.650318 0.977753
vt 0.979572 0.536145
vt 0.980019 0.535252
vt 0.979588 0.532775
vt 0.652248 0.977754
vt 0.977792 0.535054
vt 0.978983 0.533513
vt 0.978400 0.534274
vt 0.978502 0.531722
vt 0.977766 0.532348
vt 0.977027 0.532972
vt 0.977639 0.530486
vt 0.655924 0.978870
vt 0.975079 0.531894
vt 0.976803 0.530954
vt 0.975954 0.531409
vt 0.657528 0.979942
vt 0.974259 0.529931
vt 0.975237 0.529646
vt 0.974899 0.527765
vt 0.513335 0.591198
vt 0.659964 0.982912
vt 0.973867 0.525778
vt 0.513335 0.593078
vt 0.974883 0.525846
vt 0.993009 0.743075
vt 0.993009 0.745232
vt 0.993009 0.747389
vt 0.993009 0.749546
vt 0.993009 0.751702
vt 0.993009 0.753859
vt 0.993009 0.756016
vt 0.993009 0.758173
vt 0.993009 0.760329
vt 0.993009 0.762486
vt 0.993009 0.764643
vt 0.993009 0.766800
vt 0.993009 0.768957
vt 0.993009 0.771113
vt 0.993009 0.773270
vt 0.993009 0.775427
vt 0.993009 0.777584
vt 0.993009 0.779741
vt 0.993009 0.781897
vt 0.993009 0.784054
vt 0.993009 0.786211
vt 0.993009 0.788368
vt 0.993009 0.790525
vt 0.993009 0.792681
vt 0.993009 0.794838
vt 0.993009 0.725821
vt 0.993009 0.727978
vt 0.993009 0.730134
vt 0.993009 0.732291
vt 0.993009 0.734448
vt 0.993009 0.736605
vt 0.993009 0.738762
vt 0.993009 0.740918
vt 0.512426 0.596270
vt 0.977128 0.524013
vt 0.977296 0.529718
vt 0.512426 0.587635
vt 0.870003 0.621595
vt 0.979795 0.532912
vt 0.870003 0.630207
vt 0.985085 0.534409
vt 0.988883 0.533058
vt 0.600954 0.564281
vt 0.592323 0.564281
vt 0.992074 0.528345
vt 0.991977 0.524287
vt 0.987361 0.543803
vt 0.987361 0.552359
vt 0.988532 0.519966
vt 0.067064 0.993561
vt 0.984624 0.518839
vt 0.979400 0.520634
vt 0.058429 0.993561
vt 0.870003 0.635105
vt 0.870003 0.616697
vt 0.983230 0.530934
vt 0.870003 0.632921
vt 0.985011 0.531762
vt 0.870003 0.634439
vt 0.983876 0.531048
vt 0.870003 0.633989
vt 0.984319 0.531062
vt 0.870003 0.617813
vt 0.982235 0.530467
vt 0.987328 0.530944
vt 0.603652 0.564281
vt 0.870003 0.633455
vt 0.984802 0.531278
vt 0.870003 0.617362
vt 0.982620 0.530690
vt 0.870003 0.618880
vt 0.981276 0.530692
vt 0.870003 0.618347
vt 0.981711 0.530393
vt 0.979749 0.528764
vt 0.512426 0.584938
vt 0.980145 0.528404
vt 0.512426 0.584404
vt 0.604719 0.564281
vt 0.987426 0.529951
vt 0.987186 0.530429
vt 0.604185 0.564281
vt 0.512426 0.583870
vt 0.980196 0.527872
vt 0.512426 0.600495
vt 0.980038 0.526109
vt 0.512426 0.601160
vt 0.512426 0.582754
vt 0.979987 0.526777
vt 0.512426 0.598977
vt 0.979638 0.524802
vt 0.512426 0.599511
vt 0.980054 0.525134
vt 0.512426 0.600044
vt 0.980137 0.525663
vt 0.605170 0.564281
vt 0.987764 0.529650
vt 0.512426 0.583420
vt 0.980074 0.527438
vt 0.587432 0.564281
vt 0.605835 0.564281
vt 0.988194 0.529141
vt 0.588548 0.564281
vt 0.988666 0.528124
vt 0.589616 0.564281
vt 0.989546 0.527667
vt 0.589082 0.564281
vt 0.989018 0.527724
vt 0.588098 0.564281
vt 0.988511 0.528551
vt 0.981490 0.523052
vt 0.055166 0.993561
vt 0.988540 0.524840
vt 0.987361 0.540006
vt 0.989447 0.525221
vt 0.987361 0.541074
vt 0.988920 0.525207
vt 0.987361 0.540540
vt 0.982009 0.522945
vt 0.054632 0.993561
vt 0.981036 0.522781
vt 0.055700 0.993561
vt 0.982975 0.522415
vt 0.053516 0.993561
vt 0.071947 0.993561
vt 0.982380 0.522699
vt 0.054182 0.993561
vt 0.987550 0.523404
vt 0.987361 0.556576
vt 0.983614 0.522261
vt 0.071282 0.993561
vt 0.988008 0.523876
vt 0.987361 0.557242
vt 0.987361 0.538890
vt 0.984057 0.522219
vt 0.070832 0.993561
vt 0.987198 0.523132
vt 0.987361 0.556126
vt 0.984526 0.521976
vt 0.070298 0.993561
vt 0.986933 0.522675
vt 0.987361 0.555592
vt 0.987361 0.555058
vt 0.987045 0.522161
vt 0.069764 0.993561
vt 0.984706 0.521482
vt 0.988359 0.524433
vt 0.987361 0.539556
vt 0.512669 0.595270
vt 0.976145 0.523971
vt 0.979022 0.518935
vt 0.060107 0.992851
vt 0.978961 0.519750
vt 0.059405 0.993318
vt 0.064650 0.992708
vt 0.983106 0.517127
vt 0.065361 0.992866
vt 0.983825 0.517267
vt 0.066086 0.993318
vt 0.984395 0.517883
vt 0.987117 0.551381
vt 0.989238 0.519274
vt 0.986617 0.550332
vt 0.990380 0.519197
vt 0.986436 0.548096
vt 0.992127 0.520634
vt 0.993203 0.523061
vt 0.986651 0.545481
vt 0.986503 0.546192
vt 0.993094 0.522319
vt 0.992823 0.523785
vt 0.987117 0.544779
vt 0.593323 0.564037
vt 0.992920 0.528833
vt 0.594022 0.563583
vt 0.993308 0.529581
vt 0.990408 0.533824
vt 0.599266 0.563624
vt 0.989622 0.533695
vt 0.599966 0.564037
vt 0.984386 0.536009
vt 0.869293 0.628514
vt 0.983690 0.536175
vt 0.869172 0.627803
vt 0.869739 0.629214
vt 0.984907 0.535390
vt 0.981800 0.535906
vt 0.869118 0.625899
vt 0.980072 0.535143
vt 0.869175 0.624029
vt 0.979521 0.534616
vt 0.869293 0.623284
vt 0.869760 0.622565
vt 0.979413 0.533799
vt 0.976303 0.529861
vt 0.512688 0.588645
vt 0.975593 0.529546
vt 0.513083 0.589326
vt 0.513123 0.594570
vt 0.975412 0.524397
vt 0.872018 0.621595
vt 0.872018 0.630207
vt 0.872018 0.635105
vt 0.872018 0.616697
vt 0.872018 0.632921
vt 0.872018 0.634439
vt 0.872018 0.633989
vt 0.872018 0.617813
vt 0.872018 0.633455
vt 0.872018 0.617362
vt 0.872018 0.618880
vt 0.872018 0.618347
vt 0.872018 0.628514
vt 0.872018 0.627803
vt 0.872018 0.629214
vt 0.872018 0.625899
vt 0.872018 0.624029
vt 0.872018 0.623284
vt 0.872018 0.622565
vt 0.510411 0.591198
vt 0.510411 0.593078
vt 0.510411 0.596270
vt 0.510411 0.587635
vt 0.510411 0.584938
vt 0.510411 0.584404
vt 0.510411 0.583870
vt 0.510411 0.600495
vt 0.510411 0.601160
vt 0.510411 0.582754
vt 0.510411 0.598977
vt 0.510411 0.599511
vt 0.510411 0.600044
vt 0.510411 0.583420
vt 0.510411 0.595270
vt 0.510411 0.588645
vt 0.510411 0.589326
vt 0.510411 0.594570
vt 0.595515 0.566295
vt 0.597394 0.566295
vt 0.600954 0.566295
vt 0.592323 0.566295
vt 0.603652 0.566295
vt 0.604719 0.566295
vt 0.604185 0.566295
vt 0.605170 0.566295
vt 0.587432 0.566295
vt 0.605835 0.566295
vt 0.588548 0.566295
vt 0.589616 0.566295
vt 0.589082 0.566295
vt 0.588098 0.566295
vt 0.593323 0.566295
vt 0.594022 0.566295
vt 0.599266 0.566295
vt 0.599966 0.566295
vt 0.989376 0.543803
vt 0.989376 0.552359
vt 0.989376 0.540006
vt 0.989376 0.541074
vt 0.989376 0.540540
vt 0.989376 0.556576
vt 0.989376 0.557242
vt 0.989376 0.538890
vt 0.989376 0.556126
vt 0.989376 0.555592
vt 0.989376 0.555058
vt 0.989376 0.539556
vt 0.989376 0.551381
vt 0.989376 0.550332
vt 0.989376 0.548096
vt 0.989376 0.545481
vt 0.989376 0.546192
vt 0.989376 0.544779
vt 0.061236 0.995576
vt 0.063115 0.995576
vt 0.067064 0.995576
vt 0.058429 0.995576
vt 0.055166 0.995576
vt 0.054632 0.995576
vt 0.055700 0.995576
vt 0.053516 0.995576
vt 0.071947 0.995576
vt 0.054182 0.995576
vt 0.071282 0.995576
vt 0.070832 0.995576
vt 0.070298 0.995576
vt 0.069764 0.995576
vt 0.060107 0.995576
vt 0.059405 0.995576
vt 0.064650 0.995576
vt 0.065361 0.995576
vt 0.066086 0.995576
vt 0.860062 0.502186
vt 0.742246 0.993805
vt 0.853552 0.507357
vt 0.744430 0.986592
vt 0.853388 0.517447
vt 0.739275 0.978874
vt 0.861746 0.523299
vt 0.729994 0.978872
vt 0.863881 0.523282
vt 0.728390 0.979944
vt 0.725954 0.982914
vt 0.867889 0.521963
vt 0.733669 0.997353
vt 0.869997 0.504325
vt 0.739275 0.996239
vt 0.864238 0.501935
vt 0.744338 0.992744
vt 0.996879 0.745232
vt 0.743142 0.994539
vt 0.996879 0.743075
vt 0.745163 0.990751
vt 0.996879 0.747389
vt 0.745583 0.988636
vt 0.996879 0.749546
vt 0.745583 0.986479
vt 0.996879 0.751702
vt 0.745163 0.984363
vt 0.996879 0.753859
vt 0.744338 0.982370
vt 0.996879 0.756016
vt 0.743140 0.980576
vt 0.996879 0.758173
vt 0.741615 0.979051
vt 0.996879 0.760329
vt 0.739822 0.977852
vt 0.996879 0.762486
vt 0.737829 0.977026
vt 0.996879 0.764643
vt 0.735714 0.976605
vt 0.996879 0.766800
vt 0.733557 0.976605
vt 0.996879 0.768957
vt 0.731441 0.977025
vt 0.996879 0.771113
vt 0.729448 0.977850
vt 0.996879 0.773270
vt 0.727655 0.979048
vt 0.996879 0.775427
vt 0.996879 0.777584
vt 0.726130 0.980574
vt 0.996879 0.779741
vt 0.724932 0.982368
vt 0.996879 0.781897
vt 0.724106 0.984360
vt 0.996879 0.784054
vt 0.723685 0.986476
vt 0.996879 0.786211
vt 0.723684 0.988633
vt 0.996879 0.788368
vt 0.724105 0.990749
vt 0.996879 0.790525
vt 0.724930 0.992742
vt 0.996879 0.792681
vt 0.726128 0.994535
vt 0.996879 0.725821
vt 0.996879 0.794838
vt 0.727653 0.996061
vt 0.996879 0.727978
vt 0.729447 0.997259
vt 0.996879 0.730134
vt 0.731440 0.998085
vt 0.996879 0.732291
vt 0.733555 0.998506
vt 0.996879 0.734448
vt 0.735712 0.998506
vt 0.996879 0.736605
vt 0.737828 0.998086
vt 0.996879 0.738762
vt 0.739821 0.997261
vt 0.996879 0.740918
vt 0.741615 0.996063
vt 0.859332 0.505587
vt 0.858031 0.502909
vt 0.743315 0.992198
vt 0.858902 0.504727
vt 0.858484 0.503846
vt 0.860306 0.503196
vt 0.858055 0.506407
vt 0.856202 0.504081
vt 0.744053 0.990415
vt 0.857450 0.505645
vt 0.856845 0.504875
vt 0.854696 0.505605
vt 0.744429 0.988522
vt 0.856231 0.506829
vt 0.855481 0.506227
vt 0.854460 0.507833
vt 0.061236 0.998500
vt 0.852768 0.509287
vt 0.744053 0.984699
vt 0.063115 0.998500
vt 0.853730 0.509591
vt 0.852331 0.511327
vt 0.743315 0.982916
vt 0.853322 0.511444
vt 0.855179 0.513192
vt 0.852262 0.513415
vt 0.742244 0.981312
vt 0.854222 0.513271
vt 0.853255 0.513337
vt 0.855448 0.514683
vt 0.852631 0.515492
vt 0.740880 0.979947
vt 0.854515 0.514948
vt 0.853588 0.515212
vt 0.856004 0.516092
vt 0.855146 0.516529
vt 0.854288 0.516976
vt 0.854561 0.519174
vt 0.737492 0.978135
vt 0.855337 0.518557
vt 0.856019 0.520662
vt 0.735600 0.977759
vt 0.857712 0.521882
vt 0.733671 0.977758
vt 0.858226 0.521014
vt 0.859642 0.522814
vt 0.731778 0.978135
vt 0.860291 0.520927
vt 0.859977 0.521832
vt 0.862055 0.520315
vt 0.861952 0.521281
vt 0.861849 0.522249
vt 0.863565 0.520331
vt 0.863660 0.521282
vt 0.863768 0.522256
vt 0.727027 0.981309
vt 0.865961 0.522795
vt 0.865643 0.521824
vt 0.595515 0.569219
vt 0.867403 0.521059
vt 0.725216 0.984697
vt 0.869608 0.520825
vt 0.869004 0.520026
vt 0.597394 0.569219
vt 0.724839 0.986590
vt 0.871186 0.519428
vt 0.870425 0.518746
vt 0.869862 0.516265
vt 0.724838 0.988519
vt 0.872421 0.517688
vt 0.870703 0.516724
vt 0.871541 0.517201
vt 0.870450 0.514878
vt 0.725215 0.990412
vt 0.873240 0.515742
vt 0.871370 0.515164
vt 0.872288 0.515455
vt 0.870759 0.513406
vt 0.725953 0.992195
vt 0.873632 0.513695
vt 0.871708 0.513513
vt 0.872665 0.513601
vt 0.727025 0.993800
vt 0.873632 0.511633
vt 0.872647 0.511719
vt 0.728389 0.995164
vt 0.873267 0.509587
vt 0.729993 0.996237
vt 0.872505 0.507642
vt 0.871612 0.508089
vt 0.869134 0.507656
vt 0.731776 0.996975
vt 0.871415 0.505862
vt 0.869873 0.507052
vt 0.870635 0.506469
vt 0.868082 0.506569
vt 0.868710 0.505834
vt 0.869334 0.505096
vt 0.866847 0.505704
vt 0.735599 0.997353
vt 0.868259 0.503148
vt 0.867317 0.504869
vt 0.867774 0.504022
vt 0.737491 0.996976
vt 0.866300 0.502326
vt 0.866014 0.503302
vt 0.864137 0.502959
vt 0.507487 0.591198
vt 0.740880 0.995166
vt 0.862156 0.501922
vt 0.507487 0.593078
vt 0.862221 0.502937
vt 0.508396 0.596270
vt 0.860382 0.505172
vt 0.866081 0.505359
vt 0.508396 0.587635
vt 0.874033 0.621595
vt 0.869271 0.507863
vt 0.874033 0.630207
vt 0.870763 0.513160
vt 0.869394 0.516962
vt 0.600954 0.568310
vt 0.592323 0.568310
vt 0.864670 0.520124
vt 0.860616 0.520011
vt 0.991390 0.543803
vt 0.991390 0.552359
vt 0.856299 0.516557
vt 0.067064 0.997591
vt 0.855185 0.512643
vt 0.857000 0.507429
vt 0.058429 0.997591
vt 0.874033 0.635105
vt 0.874033 0.616697
vt 0.867290 0.511297
vt 0.874033 0.632921
vt 0.868116 0.513082
vt 0.874033 0.634439
vt 0.867404 0.511943
vt 0.874033 0.633989
vt 0.867418 0.512388
vt 0.874033 0.617813
vt 0.866822 0.510304
vt 0.867288 0.515395
vt 0.603652 0.568310
vt 0.874033 0.633455
vt 0.867633 0.512871
vt 0.874033 0.617362
vt 0.867044 0.510688
vt 0.874033 0.618880
vt 0.867048 0.509344
vt 0.874033 0.618347
vt 0.866748 0.509779
vt 0.865118 0.507814
vt 0.508396 0.584938
vt 0.864757 0.508209
vt 0.508396 0.584404
vt 0.604719 0.568310
vt 0.866296 0.515489
vt 0.866774 0.515250
vt 0.604185 0.568310
vt 0.508396 0.583870
vt 0.864224 0.508260
vt 0.508396 0.600495
vt 0.862462 0.508087
vt 0.508396 0.601160
vt 0.508396 0.582754
vt 0.863129 0.508042
vt 0.508396 0.598977
vt 0.861159 0.507681
vt 0.508396 0.599511
vt 0.861488 0.508098
vt 0.508396 0.600044
vt 0.862015 0.508183
vt 0.605170 0.568310
vt 0.865994 0.515824
vt 0.508396 0.583420
vt 0.863789 0.508134
vt 0.587432 0.568310
vt 0.605835 0.568310
vt 0.865482 0.516250
vt 0.588548 0.568310
vt 0.864463 0.516717
vt 0.589616 0.568310
vt 0.864002 0.517594
vt 0.589082 0.568310
vt 0.864062 0.517067
vt 0.588098 0.568310
vt 0.864892 0.516563
vt 0.859407 0.509524
vt 0.055166 0.997591
vt 0.861178 0.516578
vt 0.991390 0.540006
vt 0.861556 0.517487
vt 0.991390 0.541074
vt 0.861544 0.516960
vt 0.991390 0.540540
vt 0.859299 0.510042
vt 0.054632 0.997591
vt 0.859137 0.509069
vt 0.055700 0.997591
vt 0.858766 0.511004
vt 0.071947 0.997591
vt 0.053516 0.997591
vt 0.859051 0.510411
vt 0.054182 0.997591
vt 0.859744 0.515583
vt 0.991390 0.556576
vt 0.858610 0.511643
vt 0.071282 0.997591
vt 0.860215 0.516043
vt 0.991390 0.557242
vt 0.991390 0.538890
vt 0.858567 0.512086
vt 0.070832 0.997591
vt 0.859473 0.515230
vt 0.991390 0.556126
vt 0.858322 0.512553
vt 0.070298 0.997591
vt 0.859016 0.514963
vt 0.991390 0.555592
vt 0.991390 0.555058
vt 0.858501 0.515074
vt 0.069764 0.997591
vt 0.857828 0.512733
vt 0.860771 0.516396
vt 0.991390 0.539556
vt 0.508153 0.595270
vt 0.860343 0.504190
vt 0.855305 0.507043
vt 0.060107 0.998301
vt 0.856119 0.506987
vt 0.059405 0.997834
vt 0.064650 0.998444
vt 0.853478 0.511120
vt 0.065361 0.998286
vt 0.853615 0.511840
vt 0.066086 0.997834
vt 0.854230 0.512411
vt 0.991634 0.551381
vt 0.855606 0.517262
vt 0.992134 0.550332
vt 0.855526 0.518404
vt 0.992315 0.548096
vt 0.856961 0.520155
vt 0.859389 0.521234
vt 0.992101 0.545481
vt 0.992248 0.546192
vt 0.858647 0.521125
vt 0.860113 0.520854
vt 0.991634 0.544779
vt 0.593323 0.568553
vt 0.865154 0.520971
vt 0.594022 0.569007
vt 0.865899 0.521361
vt 0.870152 0.518497
vt 0.599266 0.568967
vt 0.870028 0.517707
vt 0.599966 0.568554
vt 0.872366 0.512462
vt 0.874742 0.628514
vt 0.872534 0.511764
vt 0.874863 0.627803
vt 0.874297 0.629214
vt 0.871746 0.512984
vt 0.872265 0.509872
vt 0.874918 0.625899
vt 0.871503 0.508142
vt 0.874861 0.624029
vt 0.870975 0.507591
vt 0.874742 0.623284
vt 0.874276 0.622565
vt 0.870159 0.507482
vt 0.866226 0.504367
vt 0.508134 0.588645
vt 0.865913 0.503657
vt 0.507739 0.589326
vt 0.507699 0.594570
vt 0.860772 0.503460
vt 0.636244 0.980539
vt 0.952979 0.635581
vt 0.951937 0.635581
vt 0.756877 0.910656
vt 0.635935 0.981068
vt 0.952979 0.636195
vt 0.757182 0.911189
vt 0.951937 0.636195
vt 0.635931 0.981681
vt 0.952979 0.636809
vt 0.757179 0.911802
vt 0.951937 0.636809
vt 0.636235 0.982214
vt 0.952979 0.637422
vt 0.756871 0.912332
vt 0.951937 0.637422
vt 0.636765 0.982524
vt 0.952979 0.638035
vt 0.756338 0.912637
vt 0.951937 0.638035
vt 0.637378 0.982528
vt 0.952979 0.638649
vt 0.755725 0.912634
vt 0.951937 0.638649
vt 0.952979 0.639262
vt 0.637911 0.982224
vt 0.951937 0.639262
vt 0.755195 0.912325
vt 0.952979 0.639876
vt 0.638221 0.981694
vt 0.951937 0.639876
vt 0.754890 0.911793
vt 0.952979 0.640489
vt 0.638224 0.981081
vt 0.951937 0.640489
vt 0.754893 0.911179
vt 0.952979 0.641103
vt 0.952979 0.633741
vt 0.637920 0.980548
vt 0.951937 0.633741
vt 0.951937 0.641103
vt 0.755202 0.910649
vt 0.952979 0.634355
vt 0.637391 0.980238
vt 0.951937 0.634355
vt 0.755734 0.910345
vt 0.952979 0.634968
vt 0.636777 0.980235
vt 0.951937 0.634968
vt 0.756347 0.910347
vt 0.791166 0.862375
vt 0.312636 0.721441
vt 0.314492 0.930259
vt 0.309073 0.721441
vt 0.792085 0.860785
vt 0.312636 0.719605
vt 0.313574 0.928669
vt 0.309073 0.719605
vt 0.793675 0.859866
vt 0.312636 0.717768
vt 0.311983 0.927751
vt 0.309073 0.717768
vt 0.795512 0.859866
vt 0.312636 0.715932
vt 0.310147 0.927751
vt 0.309073 0.715932
vt 0.797102 0.860785
vt 0.312636 0.714095
vt 0.308556 0.928669
vt 0.309073 0.714095
vt 0.798021 0.862375
vt 0.312636 0.712258
vt 0.307638 0.930259
vt 0.309073 0.712258
vt 0.312636 0.710422
vt 0.798021 0.864212
vt 0.309073 0.710422
vt 0.307638 0.932096
vt 0.312636 0.708585
vt 0.797102 0.865802
vt 0.309073 0.708585
vt 0.308556 0.933686
vt 0.312636 0.706749
vt 0.795512 0.866720
vt 0.309073 0.706749
vt 0.310147 0.934605
vt 0.312636 0.704912
vt 0.312636 0.726951
vt 0.793675 0.866720
vt 0.309073 0.704912
vt 0.309073 0.726951
vt 0.311983 0.934605
vt 0.312636 0.725115
vt 0.792085 0.865802
vt 0.309073 0.725115
vt 0.313574 0.933686
vt 0.312636 0.723278
vt 0.791166 0.864212
vt 0.309073 0.723278
vt 0.314492 0.932096
vt 0.063127 0.921986
vt 0.785819 0.998399
vt 0.063475 0.921986
vt 0.757257 0.998505
vt 0.786003 0.998506
vt 0.063127 0.921773
vt 0.757072 0.998398
vt 0.063475 0.921773
vt 0.786216 0.998506
vt 0.063127 0.921560
vt 0.756966 0.998214
vt 0.063475 0.921560
vt 0.786401 0.998399
vt 0.063127 0.921347
vt 0.756966 0.998001
vt 0.063475 0.921347
vt 0.786507 0.998215
vt 0.063127 0.921134
vt 0.757072 0.997816
vt 0.063475 0.921134
vt 0.786507 0.998002
vt 0.063127 0.920921
vt 0.757257 0.997710
vt 0.063475 0.920921
vt 0.063127 0.920708
vt 0.786401 0.997817
vt 0.757470 0.997710
vt 0.063475 0.920708
vt 0.063127 0.920495
vt 0.786216 0.997711
vt 0.063475 0.920495
vt 0.757654 0.997816
vt 0.063127 0.920282
vt 0.786003 0.997711
vt 0.063475 0.920282
vt 0.757761 0.998001
vt 0.063127 0.920069
vt 0.063127 0.922625
vt 0.785819 0.997817
vt 0.063475 0.922625
vt 0.063475 0.920069
vt 0.757761 0.998214
vt 0.063127 0.922412
vt 0.785712 0.998002
vt 0.063475 0.922412
vt 0.757654 0.998398
vt 0.063127 0.922199
vt 0.785712 0.998215
vt 0.063475 0.922199
vt 0.757470 0.998505
vt 0.439029 0.924276
vt 0.631945 0.997817
vt 0.439029 0.924625
vt 0.037349 0.997814
vt 0.439242 0.924276
vt 0.631839 0.998002
vt 0.439242 0.924625
vt 0.037534 0.997707
vt 0.439455 0.924276
vt 0.631839 0.998215
vt 0.439455 0.924625
vt 0.037747 0.997707
vt 0.631945 0.998399
vt 0.439668 0.924276
vt 0.037931 0.997814
vt 0.439668 0.924625
vt 0.632130 0.998506
vt 0.439881 0.924276
vt 0.038038 0.997998
vt 0.439881 0.924625
vt 0.632343 0.998506
vt 0.440094 0.924276
vt 0.038038 0.998211
vt 0.440094 0.924625
vt 0.632527 0.998399
vt 0.440307 0.924276
vt 0.037931 0.998396
vt 0.440307 0.924625
vt 0.632634 0.998215
vt 0.440520 0.924276
vt 0.037747 0.998502
vt 0.440520 0.924625
vt 0.632634 0.998002
vt 0.440733 0.924276
vt 0.037534 0.998502
vt 0.440733 0.924625
vt 0.440946 0.924276
vt 0.632527 0.997817
vt 0.440946 0.924625
vt 0.037349 0.998396
vt 0.441159 0.924276
vt 0.632343 0.997711
vt 0.441159 0.924625
vt 0.037243 0.998211
vt 0.441372 0.924276
vt 0.438816 0.924276
vt 0.632130 0.997711
vt 0.438816 0.924625
vt 0.441372 0.924625
vt 0.037243 0.997998
vt 0.564251 0.924626
vt 0.641075 0.997817
vt 0.564251 0.924277
vt 0.616267 0.998502
vt 0.564038 0.924626
vt 0.640969 0.998002
vt 0.564038 0.924277
vt 0.616054 0.998502
vt 0.563825 0.924626
vt 0.566381 0.924626
vt 0.640969 0.998215
vt 0.563825 0.924277
vt 0.566381 0.924277
vt 0.615870 0.998395
vt 0.566168 0.924626
vt 0.641075 0.998399
vt 0.566168 0.924277
vt 0.615763 0.998211
vt 0.565955 0.924626
vt 0.641260 0.998506
vt 0.565955 0.924277
vt 0.615763 0.997998
vt 0.641473 0.998506
vt 0.565742 0.924626
vt 0.615870 0.997814
vt 0.565742 0.924277
vt 0.641657 0.998399
vt 0.565529 0.924626
vt 0.616054 0.997707
vt 0.565529 0.924277
vt 0.641763 0.998215
vt 0.565316 0.924626
vt 0.616267 0.997707
vt 0.565316 0.924277
vt 0.641763 0.998002
vt 0.565103 0.924626
vt 0.616452 0.997814
vt 0.565103 0.924277
vt 0.641657 0.997817
vt 0.564890 0.924626
vt 0.616558 0.997998
vt 0.564890 0.924277
vt 0.641473 0.997711
vt 0.564677 0.924626
vt 0.616558 0.998211
vt 0.564677 0.924277
vt 0.564464 0.924626
vt 0.641260 0.997711
vt 0.564464 0.924277
vt 0.616452 0.998395
vt 0.205892 0.978433
vt 0.346184 0.922625
vt 0.929720 0.997818
vt 0.346184 0.922276
vt 0.205999 0.978249
vt 0.345971 0.922625
vt 0.929904 0.997711
vt 0.345971 0.922276
vt 0.345758 0.922625
vt 0.205999 0.978036
vt 0.345758 0.922276
vt 0.930117 0.997711
vt 0.345545 0.922625
vt 0.205892 0.977851
vt 0.345545 0.922276
vt 0.930302 0.997818
vt 0.347888 0.922625
vt 0.345332 0.922625
vt 0.205708 0.977745
vt 0.347888 0.922276
vt 0.345332 0.922276
vt 0.930408 0.998002
vt 0.347675 0.922625
vt 0.205495 0.977745
vt 0.347675 0.922276
vt 0.930408 0.998215
vt 0.347462 0.922625
vt 0.205310 0.977851
vt 0.347462 0.922276
vt 0.930302 0.998399
vt 0.347249 0.922625
vt 0.205204 0.978036
vt 0.347249 0.922276
vt 0.930117 0.998506
vt 0.205204 0.978249
vt 0.347036 0.922625
vt 0.929904 0.998506
vt 0.347036 0.922276
vt 0.205310 0.978433
vt 0.346823 0.922625
vt 0.929720 0.998399
vt 0.346823 0.922276
vt 0.205495 0.978540
vt 0.346610 0.922625
vt 0.929613 0.998215
vt 0.346610 0.922276
vt 0.205708 0.978540
vt 0.346397 0.922625
vt 0.929613 0.998002
vt 0.346397 0.922276
vt 0.724355 0.998392
vt 0.986086 0.931331
vt 0.701109 0.997818
vt 0.985738 0.931331
vt 0.724539 0.998499
vt 0.986086 0.931544
vt 0.701294 0.997711
vt 0.985738 0.931544
vt 0.724752 0.998499
vt 0.986086 0.931757
vt 0.701507 0.997711
vt 0.985738 0.931757
vt 0.724936 0.998392
vt 0.986086 0.931970
vt 0.701691 0.997818
vt 0.985738 0.931970
vt 0.986086 0.932183
vt 0.725043 0.998208
vt 0.985738 0.932183
vt 0.701798 0.998002
vt 0.986086 0.932396
vt 0.725043 0.997995
vt 0.985738 0.932396
vt 0.701798 0.998215
vt 0.986086 0.932609
vt 0.986086 0.930053
vt 0.724936 0.997810
vt 0.985738 0.932609
vt 0.985738 0.930053
vt 0.701691 0.998400
vt 0.986086 0.930266
vt 0.724752 0.997704
vt 0.985738 0.930266
vt 0.701507 0.998506
vt 0.986086 0.930479
vt 0.724539 0.997704
vt 0.985738 0.930479
vt 0.701294 0.998506
vt 0.986086 0.930692
vt 0.724355 0.997810
vt 0.985738 0.930692
vt 0.701109 0.998400
vt 0.724248 0.997995
vt 0.986086 0.930905
vt 0.701003 0.998215
vt 0.985738 0.930905
vt 0.724248 0.998208
vt 0.986086 0.931118
vt 0.701003 0.998002
vt 0.985738 0.931118
vn -0.000000 -0.000000 -1.000000
vn -0.020676 -0.193991 -0.980785
vn -0.000000 -0.000000 -1.000000
vn -0.020676 -0.193992 -0.980785
vn -0.040558 -0.380528 -0.923880
vn -0.040558 -0.380528 -0.923880
vn -0.058881 -0.552441 -0.831470
vn -0.058881 -0.552441 -0.831470
vn -0.074941 -0.703125 -0.707107
vn -0.074941 -0.703124 -0.707107
vn -0.088121 -0.826787 -0.555570
vn -0.088121 -0.826787 -0.555570
vn -0.097915 -0.918676 -0.382683
vn -0.097915 -0.918676 -0.382683
vn -0.103946 -0.975262 -0.195090
vn -0.103946 -0.975262 -0.195090
vn -0.105982 -0.994368 0.000000
vn -0.105982 -0.994368 -0.000000
vn -0.103946 -0.975262 0.195090
vn -0.103946 -0.975262 0.195090
vn -0.097915 -0.918676 0.382683
vn -0.097915 -0.918676 0.382683
vn -0.088121 -0.826787 0.555570
vn -0.088121 -0.826787 0.555570
vn -0.074941 -0.703124 0.707107
vn -0.074941 -0.703125 0.707107
vn -0.058881 -0.552441 0.831470
vn -0.058881 -0.552441 0.831470
vn -0.040558 -0.380528 0.923880
vn -0.040558 -0.380528 0.923879
vn -0.020676 -0.193991 0.980785
vn -0.020676 -0.193992 0.980785
vn 0.000000 0.000000 1.000000
vn -0.000000 -0.000000 1.000000
vn 0.020676 0.193992 0.980785
vn 0.020676 0.193991 0.980785
vn 0.040558 0.380529 0.923879
vn 0.040558 0.380528 0.923880
vn 0.058881 0.552441 0.831469
vn 0.058881 0.552441 0.831470
vn 0.074941 0.703124 0.707107
vn 0.074941 0.703124 0.707107
vn 0.088121 0.826787 0.555570
vn 0.088121 0.826787 0.555570
vn 0.097915 0.918676 0.382683
vn 0.097915 0.918676 0.382684
vn 0.103946 0.975262 0.195090
vn 0.103946 0.975262 0.195090
vn 0.105472 0.989580 0.098017
vn 0.105472 0.989580 -0.098017
vn 0.103946 0.975262 -0.195090
vn 0.105472 0.989580 -0.098017
vn 0.103946 0.975262 -0.195090
vn 0.097915 0.918676 -0.382684
vn 0.097915 0.918676 -0.382683
vn 0.088121 0.826787 -0.555570
vn 0.088121 0.826787 -0.555570
vn 0.074941 0.703124 -0.707107
vn 0.074941 0.703125 -0.707107
vn 0.058881 0.552441 -0.831470
vn 0.058881 0.552441 -0.831469
vn 0.040558 0.380528 -0.923880
vn 0.040558 0.380528 -0.923879
vn 0.020676 0.193991 -0.980785
vn 0.020676 0.193992 -0.980785
vn 0.994315 -0.105976 0.010316
vn 0.994012 -0.105873 0.027047
vn 0.994368 -0.105982 -0.000000
vn 0.993511 -0.108672 0.033571
vn 0.995171 -0.093498 0.029879
vn 0.995172 -0.093488 0.029874
vn 0.996044 -0.086840 0.018824
vn 0.995088 -0.098723 0.007294
vn 0.996567 -0.079953 0.021500
vn 0.996036 -0.086877 0.019075
vn 0.994368 -0.105982 0.000000
vn 0.996112 -0.084263 0.025694
vn 0.997018 -0.076173 0.012394
vn 0.997210 -0.074365 0.006441
vn 0.997018 -0.076173 0.012394
vn 0.997236 -0.073719 -0.009262
vn 0.997211 -0.074363 0.006430
vn 0.995387 -0.095916 -0.002013
vn 0.996817 -0.079552 -0.005208
vn 0.996814 -0.079579 -0.005346
vn 0.994368 -0.105982 -0.000000
vn 0.997351 -0.072646 -0.003836
vn 0.996700 -0.079149 -0.017993
vn 0.996283 -0.083067 -0.022813
vn 0.996700 -0.079149 -0.017993
vn 0.994895 -0.095689 -0.032074
vn 0.996282 -0.083075 -0.022821
vn 0.994337 -0.106114 -0.005858
vn 0.995108 -0.095587 -0.024961
vn 0.994696 -0.102759 -0.004615
vn 0.994368 -0.105982 0.000000
vn 0.994164 -0.105960 -0.020263
vn 0.994368 -0.105982 -0.000000
vn 0.994102 -0.107978 -0.010118
vn 0.993846 -0.105927 -0.032387
vn 0.993481 -0.110894 -0.026433
vn 0.994368 -0.105982 0.000000
vn 0.991950 -0.123715 -0.026998
vn 0.993442 -0.109270 -0.033659
vn 0.991429 -0.128611 -0.022989
vn 0.991949 -0.123725 -0.026992
vn 0.991000 -0.132635 -0.018097
vn 0.991428 -0.128619 -0.022981
vn 0.990680 -0.135632 -0.012509
vn 0.990999 -0.132641 -0.018088
vn 0.990482 -0.137488 -0.006441
vn 0.990680 -0.135637 -0.012499
vn 0.990414 -0.138131 -0.000000
vn 0.990482 -0.137490 -0.006430
vn 0.990482 -0.137490 0.006430
vn 0.990414 -0.138131 0.000000
vn 0.990482 -0.137488 0.006441
vn 0.991654 -0.128029 0.015171
vn 0.993406 -0.114505 0.005731
vn 0.991024 -0.131956 0.021419
vn 0.991625 -0.128266 0.015085
vn 0.994368 -0.105982 -0.000000
vn 0.990683 -0.135206 0.016351
vn 0.992944 -0.115926 0.024954
vn 0.993897 -0.109902 0.009531
vn 0.992753 -0.115735 0.032355
vn 0.993745 -0.109891 0.019874
vn 0.994368 -0.105982 0.000000
vn 0.993177 -0.112209 0.031765
vn 0.994932 -0.081839 0.058419
vn 0.993387 -0.090460 0.070710
vn 0.994368 -0.105982 -0.000000
vn 0.287697 0.156297 0.944882
vn 0.441400 -0.033581 0.896682
vn 0.520593 0.115467 0.845962
vn 0.840847 -0.041464 0.539682
vn 0.991197 -0.096685 0.090452
vn 0.869206 0.010373 0.494342
vn 0.536435 0.274704 0.797982
vn 0.308517 0.336745 0.889618
vn 0.879909 0.099607 0.464584
vn 0.509467 0.429186 0.745817
vn 0.324810 0.504358 0.800076
vn 0.885122 0.153098 0.439455
vn 0.995114 -0.066675 0.072814
vn 0.345526 0.645741 0.680903
vn 0.331955 0.651067 0.682581
vn 0.765219 0.359308 0.534171
vn 0.838234 0.291183 0.461060
vn 0.352737 0.766522 0.536676
vn 0.355056 0.766916 0.534580
vn 0.423179 0.831629 0.359600
vn 0.363776 0.855212 0.369160
vn 0.795565 0.517561 0.314971
vn 0.566333 0.807958 0.162697
vn 0.369600 0.909841 0.188642
vn 0.790546 0.578038 0.202263
vn 0.999421 -0.022799 0.025253
vn 0.909628 0.407280 0.081847
vn 0.879744 0.446631 0.163005
vn 0.595791 0.803139 -0.000374
vn 0.370069 0.929004 -0.001121
vn 0.915681 0.401904 -0.000997
vn 0.999235 -0.039096 0.000000
vn 0.571487 0.803391 -0.167231
vn 0.359954 0.913766 -0.188324
vn 0.911546 0.402920 -0.082093
vn 0.999283 -0.036349 -0.010557
vn 0.362347 0.856539 -0.367485
vn 0.507861 0.787595 -0.348958
vn 0.859622 0.480863 -0.172683
vn 0.999421 -0.022800 -0.025253
vn 0.385048 0.762896 -0.519354
vn 0.384282 0.741009 -0.550667
vn 0.785968 0.542593 -0.296389
vn 0.341117 0.642681 -0.686003
vn 0.424386 0.614248 -0.665279
vn 0.790584 0.343457 -0.506966
vn 0.324520 0.501779 -0.801813
vn 0.508160 0.429544 -0.746502
vn 0.765219 0.359307 -0.534170
vn 0.995114 -0.066674 -0.072816
vn 0.885121 0.153097 -0.439457
vn 0.838230 0.291188 -0.461064
vn 0.531637 0.275200 -0.801016
vn 0.298540 0.337566 -0.892705
vn 0.878161 0.100007 -0.467795
vn 0.507556 0.118806 -0.853389
vn 0.279895 0.162634 -0.946155
vn 0.870885 0.008558 -0.491413
vn 0.993387 -0.090460 -0.070711
vn 0.266463 -0.028400 -0.963427
vn 0.450906 -0.034205 -0.891916
vn 0.840844 -0.041461 -0.539688
vn 0.991196 -0.096685 -0.090454
vn 0.252318 -0.214288 -0.943619
vn 0.239655 -0.214934 -0.946768
vn 0.716896 -0.138786 -0.683226
vn 0.229134 -0.393171 -0.890457
vn 0.241763 -0.396408 -0.885670
vn 0.384845 -0.548256 -0.742502
vn 0.212966 -0.559763 -0.800819
vn 0.681824 -0.436702 -0.586863
vn 0.429951 -0.664668 -0.611031
vn 0.197495 -0.704911 -0.681246
vn 0.780081 -0.445623 -0.439196
vn 0.984484 -0.161520 -0.068568
vn 0.817286 -0.455804 -0.352543
vn 0.428499 -0.766464 -0.478457
vn 0.184794 -0.824075 -0.535492
vn 0.819214 -0.503189 -0.275115
vn 0.986215 -0.161213 -0.037274
vn 0.373197 -0.859262 -0.349847
vn 0.175316 -0.913006 -0.368353
vn 0.812468 -0.542746 -0.212889
vn 0.984953 -0.169790 -0.032219
vn 0.169492 -0.967642 -0.186928
vn 0.225880 -0.957291 -0.180478
vn 0.754988 -0.636159 -0.159044
vn 0.648676 -0.734154 -0.200594
vn 0.981002 -0.192770 -0.021791
vn 0.180179 -0.983634 0.000002
vn 0.187915 -0.982185 0.000003
vn 0.667814 -0.735706 -0.112966
vn 0.221401 -0.958117 0.181642
vn 0.169493 -0.967642 0.186928
vn 0.648018 -0.753749 0.109253
vn 0.375288 -0.858800 0.348745
vn 0.173763 -0.912817 0.369557
vn 0.648676 -0.734154 0.200594
vn 0.981624 -0.189115 0.025486
vn 0.811526 -0.542824 0.216260
vn 0.758212 -0.630568 0.165827
vn 0.420432 -0.769610 0.480559
vn 0.174547 -0.825781 0.536301
vn 0.819215 -0.503189 0.275115
vn 0.986216 -0.161213 0.037273
vn 0.195758 -0.706457 0.680145
vn 0.429079 -0.665078 0.611198
vn 0.817864 -0.454339 0.353092
vn 0.986536 -0.156305 0.048126
vn 0.211470 -0.558906 0.801813
vn 0.383425 -0.548629 0.742962
vn 0.779440 -0.443652 0.442320
vn 0.984151 -0.161703 0.072796
vn 0.234146 -0.396379 0.887727
vn 0.220463 -0.395000 0.891836
vn 0.681859 -0.436265 0.587146
vn 0.716904 -0.138778 0.683220
vn 0.246542 -0.215297 0.944915
vn 0.259615 -0.027670 0.965316
vn 0.259873 -0.214606 0.941494
vn 0.994368 -0.105982 0.000000
vn 0.994368 -0.105982 -0.000000
vn 0.994368 -0.105982 -0.000000
vn 0.994368 -0.105982 0.000000
vn 0.994368 -0.105982 0.000000
vn 0.994368 -0.105982 0.000000
vn 0.994368 -0.105982 -0.000000
vn 0.994368 -0.105982 0.000000
vn 0.994368 -0.105982 -0.000000
vn 0.994368 -0.105982 -0.000000
vn 0.994368 -0.105982 0.000000
vn 0.994368 -0.105982 0.000000
vn 0.994368 -0.105982 0.000000
vn 0.994368 -0.105982 0.000000
vn 0.994368 -0.105982 0.000000
vn 0.994368 -0.105982 0.000000
vn 0.994368 -0.105982 -0.000000
vn 0.994368 -0.105982 -0.000000
vn 0.994932 -0.081839 -0.058419
vn 0.092627 0.869061 -0.485957
vn 0.038459 0.360840 -0.931834
vn 0.038459 0.360840 -0.931834
vn -0.028910 -0.271248 -0.962075
vn -0.079247 -0.743526 -0.663994
vn -0.083332 -0.781857 -0.617863
vn 0.025435 0.238646 0.970774
vn -0.019327 -0.181336 0.983231
vn 0.026490 0.248544 0.968258
vn 0.026335 0.247090 -0.968635
vn 0.025189 0.236335 -0.971345
vn 0.105411 0.989006 0.103707
vn 0.104603 0.981431 0.160785
vn 0.104603 0.981431 0.160785
vn -0.019442 -0.182417 -0.983029
vn -0.083669 -0.785012 0.613804
vn -0.103392 -0.970067 0.219729
vn -0.079450 -0.745436 0.661825
vn 0.104603 0.981431 -0.160785
vn 0.105411 0.989006 -0.103707
vn 0.105411 0.989006 -0.103707
vn 0.105903 0.993624 0.038672
vn 0.105903 0.993624 0.038672
vn -0.103545 -0.971499 0.213231
vn -0.105982 -0.994366 -0.001979
vn 0.105903 0.993624 -0.038672
vn 0.104603 0.981431 -0.160785
vn 0.038459 0.360840 0.931835
vn 0.038459 0.360840 0.931834
vn 0.092627 0.869061 0.485956
vn 0.105903 0.993624 -0.038672
vn 0.092627 0.869061 0.485957
vn -0.028659 -0.268890 0.962745
vn 0.092627 0.869061 -0.485957
vn -0.103394 -0.970085 -0.219647
vn -0.103554 -0.971582 -0.212850
vn -0.105982 -0.994366 -0.002020
vn 0.036624 0.343620 -0.938394
vn -0.020359 -0.191014 -0.981376
vn -0.020359 -0.191015 -0.981376
vn 0.019127 0.179461 0.983579
vn -0.015435 -0.144813 0.989339
vn 0.024844 0.233099 0.972135
vn 0.028828 0.270473 -0.962296
vn 0.016118 0.151225 -0.988368
vn 0.016118 0.151225 -0.988368
vn -0.105833 -0.992967 -0.053066
vn -0.075850 -0.711652 0.698426
vn -0.072191 -0.677329 0.732130
vn 0.105698 0.991702 0.073173
vn 0.105808 0.992734 -0.057306
vn 0.105808 0.992734 -0.057306
vn 0.043027 0.403694 -0.913882
vn 0.048530 0.455333 -0.888998
vn 0.048530 0.455332 -0.888998
vn -0.082018 -0.769524 -0.633329
vn -0.089495 -0.839683 -0.535652
vn -0.090107 -0.845423 -0.526442
vn 0.077605 0.728124 -0.681038
vn 0.028828 0.270474 -0.962296
vn 0.093231 0.874731 0.475557
vn 0.105772 0.992393 0.062997
vn 0.088222 0.827739 0.554134
vn -0.104961 -0.984790 -0.138461
vn 0.036624 0.343620 -0.938394
vn 0.022121 0.207547 -0.977975
vn 0.022121 0.207547 -0.977975
vn -0.046617 -0.437380 0.898068
vn -0.015824 -0.148464 0.988791
vn -0.046900 -0.440035 0.896755
vn 0.077605 0.728124 -0.681038
vn -0.082018 -0.769524 -0.633329
vn -0.072516 -0.680372 -0.729270
vn -0.046900 -0.440031 -0.896757
vn -0.076310 -0.715970 -0.693948
vn 0.077605 0.728123 0.681039
vn 0.105808 0.992734 0.057308
vn 0.105808 0.992734 0.057308
vn -0.082018 -0.769523 0.633330
vn -0.020359 -0.191015 0.981376
vn -0.020359 -0.191015 0.981376
vn 0.019124 0.179430 -0.983585
vn -0.015436 -0.144828 -0.989336
vn -0.015825 -0.148478 -0.988789
vn -0.089983 -0.844258 0.528329
vn -0.082018 -0.769523 0.633330
vn 0.036624 0.343620 0.938394
vn 0.036624 0.343620 0.938394
vn -0.104946 -0.984649 0.139477
vn -0.089415 -0.838924 0.536853
vn 0.088223 0.827745 -0.554125
vn 0.024841 0.233071 -0.972142
vn 0.022121 0.207545 0.977975
vn 0.016118 0.151225 0.988368
vn 0.016118 0.151226 0.988368
vn 0.105698 0.991702 -0.073172
vn 0.093232 0.874738 -0.475544
vn 0.105772 0.992393 -0.062997
vn 0.048531 0.455333 0.888997
vn 0.048530 0.455332 0.888998
vn -0.105822 -0.992863 0.055003
vn 0.028828 0.270475 0.962295
vn 0.077605 0.728123 0.681039
vn -0.046617 -0.437376 -0.898070
vn 0.043027 0.403695 0.913881
vn 0.043027 0.403694 0.913882
vn 0.028828 0.270475 0.962295
vn -0.091739 -0.860737 0.500716
vn -0.094642 -0.887969 0.450060
vn -0.094642 -0.887969 0.450061
vn 0.070679 0.663139 -0.745151
vn 0.087995 0.825601 -0.557351
vn 0.070005 0.656815 -0.750795
vn -0.074610 -0.700020 0.710215
vn -0.078819 -0.739510 0.668515
vn -0.078819 -0.739510 0.668515
vn 0.029470 0.276502 -0.960561
vn 0.022738 0.213338 -0.976714
vn -0.036098 -0.338684 -0.940207
vn -0.045184 -0.423930 -0.904567
vn -0.083268 -0.781255 0.618633
vn -0.074610 -0.700020 0.710215
vn -0.088086 -0.826462 0.556059
vn -0.088086 -0.826462 0.556059
vn -0.080944 -0.759449 -0.645512
vn -0.081656 -0.766130 -0.637477
vn -0.044664 -0.419056 0.906861
vn -0.044664 -0.419056 0.906861
vn -0.089146 -0.836403 -0.540816
vn -0.105209 -0.987114 0.120567
vn -0.105209 -0.987114 0.120567
vn 0.101522 0.952518 -0.287059
vn 0.087952 0.825206 -0.557943
vn 0.039835 0.373749 0.926674
vn 0.087367 0.819714 0.566070
vn 0.093009 0.872651 0.479405
vn -0.089146 -0.836403 -0.540817
vn 0.026905 0.252437 0.967239
vn 0.026905 0.252437 0.967239
vn -0.083268 -0.781256 0.618632
vn 0.102573 0.962382 -0.251596
vn 0.038842 0.364436 0.930418
vn -0.080944 -0.759446 0.645515
vn -0.045182 -0.423917 0.904573
vn -0.036096 -0.338671 0.940212
vn 0.037300 0.349966 0.936019
vn 0.071903 0.674628 0.734648
vn 0.072350 0.678822 0.730730
vn -0.074610 -0.700020 -0.710215
vn -0.083268 -0.781255 -0.618633
vn -0.083268 -0.781255 -0.618633
vn -0.088086 -0.826462 -0.556058
vn -0.094642 -0.887969 -0.450060
vn -0.094642 -0.887969 -0.450060
vn 0.039835 0.373751 -0.926673
vn 0.076580 0.718503 -0.691295
vn 0.038843 0.364437 -0.930418
vn 0.105872 0.993339 -0.045475
vn 0.099112 0.929908 0.354187
vn 0.105314 0.988101 -0.112098
vn 0.088491 0.830258 0.550310
vn 0.088456 0.829935 0.550803
vn -0.105209 -0.987114 -0.120568
vn -0.105209 -0.987114 -0.120568
vn -0.078819 -0.739509 -0.668516
vn -0.074610 -0.700020 -0.710215
vn -0.089146 -0.836403 0.540817
vn -0.089146 -0.836403 0.540817
vn -0.044664 -0.419055 -0.906861
vn -0.088086 -0.826462 -0.556058
vn -0.091739 -0.860736 -0.500716
vn -0.091739 -0.860736 -0.500716
vn 0.082726 0.776172 -0.625071
vn 0.098786 0.926854 0.362193
vn 0.026905 0.252437 -0.967239
vn -0.044664 -0.419056 -0.906861
vn -0.081656 -0.766128 0.637479
vn 0.031374 0.294366 0.955178
vn 0.026905 0.252437 -0.967239
vn -0.000000 -0.000000 -1.000000
vn -0.020676 -0.193992 -0.980785
vn -0.040558 -0.380528 -0.923880
vn -0.058881 -0.552441 -0.831470
vn -0.074941 -0.703124 -0.707107
vn -0.088121 -0.826787 -0.555570
vn -0.097915 -0.918676 -0.382683
vn -0.103946 -0.975262 -0.195090
vn -0.105982 -0.994368 -0.000000
vn -0.103946 -0.975262 0.195090
vn -0.097915 -0.918676 0.382683
vn -0.088121 -0.826787 0.555570
vn -0.074941 -0.703125 0.707107
vn -0.058881 -0.552441 0.831470
vn -0.040558 -0.380528 0.923879
vn -0.020676 -0.193992 0.980785
vn -0.000000 -0.000000 1.000000
vn 0.020676 0.193991 0.980785
vn 0.040558 0.380528 0.923880
vn 0.058881 0.552441 0.831470
vn 0.074941 0.703124 0.707107
vn 0.088121 0.826787 0.555570
vn 0.097915 0.918676 0.382684
vn 0.103946 0.975262 0.195090
vn 0.105472 0.989580 -0.098017
vn 0.103946 0.975262 -0.195090
vn 0.097915 0.918676 -0.382683
vn 0.088121 0.826787 -0.555570
vn 0.074941 0.703125 -0.707107
vn 0.058881 0.552441 -0.831469
vn 0.040558 0.380528 -0.923879
vn 0.020676 0.193992 -0.980785
vn -0.994315 0.105976 0.010316
vn -0.993997 0.106013 0.027047
vn -0.994097 0.103172 0.033571
vn -0.992522 0.118355 0.029879
vn -0.992521 0.118365 0.029874
vn -0.991972 0.125048 0.018824
vn -0.991031 0.131890 0.021500
vn -0.993542 0.113230 0.007295
vn -0.991972 0.125010 0.019075
vn -0.991495 0.127581 0.025694
vn -0.990675 0.135680 0.012394
vn -0.990675 0.135680 0.012394
vn -0.990482 0.137488 0.006441
vn -0.990482 0.137490 0.006430
vn -0.990371 0.138125 -0.009262
vn -0.991191 0.132335 -0.005208
vn -0.993243 0.116037 -0.002013
vn -0.991194 0.132307 -0.005346
vn -0.990257 0.139198 -0.003836
vn -0.990992 0.132704 -0.017993
vn -0.990992 0.132704 -0.017993
vn -0.991410 0.128786 -0.022813
vn -0.991411 0.128778 -0.022821
vn -0.992713 0.116155 -0.032074
vn -0.992900 0.116300 -0.024961
vn -0.994365 0.105846 -0.005858
vn -0.994368 0.105982 0.000000
vn -0.994009 0.109202 -0.004615
vn -0.994164 0.105960 -0.020263
vn -0.993846 0.105927 -0.032387
vn -0.994528 0.103975 -0.010118
vn -0.994536 0.100994 -0.026433
vn -0.994156 0.102573 -0.033659
vn -0.995742 0.088138 -0.026998
vn -0.995743 0.088128 -0.026992
vn -0.996264 0.083242 -0.022989
vn -0.996265 0.083234 -0.022981
vn -0.996693 0.079218 -0.018097
vn -0.996694 0.079212 -0.018088
vn -0.997012 0.076221 -0.012509
vn -0.997013 0.076216 -0.012499
vn -0.997210 0.074365 -0.006441
vn -0.997211 0.074363 -0.006430
vn -0.997279 0.073722 0.000000
vn -0.997211 0.074363 0.006430
vn -0.997210 0.074365 0.006441
vn -0.996362 0.083858 0.015171
vn -0.996574 0.079887 0.021419
vn -0.995224 0.097448 0.005731
vn -0.996383 0.083620 0.015085
vn -0.996925 0.076638 0.016351
vn -0.995072 0.095961 0.024954
vn -0.994845 0.096108 0.032355
vn -0.994734 0.102051 0.009531
vn -0.994583 0.102030 0.019874
vn -0.994516 0.099644 0.031765
vn -0.989652 0.130195 0.060316
vn -0.986813 0.144564 0.072814
vn -0.994368 0.105982 -0.000000
vn -0.248291 0.213424 0.944882
vn -0.438563 0.060207 0.896682
vn -0.259615 0.027670 0.965316
vn -0.830698 0.136693 0.539682
vn -0.484561 0.222599 0.845961
vn -0.844895 0.193551 0.498688
vn -0.989308 0.114402 0.090452
vn -0.990381 0.120222 0.068502
vn -0.469472 0.382034 0.796019
vn -0.230611 0.394207 0.889618
vn -0.839724 0.283059 0.463402
vn -0.403029 0.528388 0.747244
vn -0.211210 0.561488 0.800076
vn -0.836373 0.334209 0.434494
vn -0.201661 0.704062 0.680903
vn -0.187272 0.706408 0.682581
vn -0.672297 0.512522 0.534171
vn -0.758031 0.461317 0.461060
vn -0.183252 0.823649 0.536676
vn -0.185437 0.824523 0.534580
vn -0.238390 0.902141 0.359600
vn -0.175351 0.912674 0.369160
vn -0.668608 0.673614 0.314970
vn -0.379283 0.910642 0.163937
vn -0.169529 0.967302 0.188642
vn -0.650954 0.731676 0.202263
vn -0.981775 0.188361 0.025253
vn -0.806145 0.585996 0.082092
vn -0.984496 0.175088 0.010557
vn -0.416236 0.909257 0.000475
vn -0.165949 0.986134 -0.001121
vn -0.808376 0.588667 -0.000000
vn -0.985028 0.172392 0.000000
vn -0.389318 0.905795 -0.167231
vn -0.159273 0.969106 -0.188324
vn -0.806145 0.585996 -0.082093
vn -0.173674 0.913670 -0.367485
vn -0.738960 0.651244 -0.172683
vn -0.981775 0.188361 -0.025253
vn -0.215602 0.826914 -0.519354
vn -0.330450 0.876944 -0.348958
vn -0.219467 0.805357 -0.550667
vn -0.653949 0.696063 -0.296388
vn -0.197996 0.700141 -0.686003
vn -0.700433 0.502373 -0.506966
vn -0.285387 0.689897 -0.665279
vn -0.211469 0.558906 -0.801813
vn -0.672298 0.512521 -0.534170
vn -0.401589 0.528481 -0.747953
vn -0.986813 0.144565 -0.072816
vn -0.758025 0.461321 -0.461065
vn -0.836372 0.334208 -0.434496
vn -0.464663 0.381510 -0.799086
vn -0.220685 0.392906 -0.892705
vn -0.835406 0.284742 -0.470126
vn -0.989831 0.129702 -0.058419
vn -0.471113 0.223115 -0.853389
vn -0.239329 0.217974 -0.946155
vn -0.990137 0.120949 -0.070711
vn -0.849517 0.191922 -0.491413
vn -0.266463 0.028400 -0.963427
vn -0.830693 0.136695 -0.539688
vn -0.447986 0.061601 -0.891916
vn -0.989308 0.114402 -0.090454
vn -0.291815 -0.156293 -0.943619
vn -0.279573 -0.159594 -0.946768
vn -0.730044 0.015432 -0.683226
vn -0.306956 -0.336851 -0.890118
vn -0.326240 -0.503024 -0.800334
vn -0.319864 -0.337359 -0.885368
vn -0.758551 -0.283184 -0.586863
vn -0.492819 -0.454969 -0.741709
vn -0.560384 -0.559116 -0.611031
vn -0.341633 -0.647450 -0.681246
vn -0.856481 -0.271195 -0.439196
vn -0.996412 0.049609 -0.068568
vn -0.894996 -0.273305 -0.352543
vn -0.997318 0.055138 -0.048126
vn -0.580421 -0.658931 -0.478457
vn -0.354333 -0.766613 -0.535492
vn -0.998040 0.050273 -0.037274
vn -0.906869 -0.319219 -0.275115
vn -0.545921 -0.761300 -0.349846
vn -0.363812 -0.855545 -0.368353
vn -0.908612 -0.359309 -0.212889
vn -0.369635 -0.910180 -0.186928
vn -0.422575 -0.888177 -0.180478
vn -0.788842 -0.580940 -0.200594
vn -0.999595 0.018327 -0.021791
vn -0.872111 -0.462739 -0.159044
vn -0.383452 -0.923561 0.000002
vn -0.390710 -0.920514 0.000002
vn -0.807877 -0.578423 -0.112966
vn -0.418370 -0.889929 0.181642
vn -0.369635 -0.910180 0.186928
vn -0.792329 -0.600232 0.109253
vn -0.547867 -0.760408 0.348745
vn -0.362254 -0.855687 0.369557
vn -0.788842 -0.580939 0.200594
vn -0.999432 0.022030 0.025486
vn -0.907707 -0.359584 0.216260
vn -0.998614 0.041624 0.032218
vn -0.573198 -0.663707 0.480559
vn -0.344676 -0.770441 0.536301
vn -0.906869 -0.319219 0.275115
vn -0.998040 0.050274 0.037273
vn -0.340261 -0.649326 0.680145
vn -0.895253 -0.271751 0.353092
vn -0.559618 -0.559700 0.611198
vn -0.324520 -0.501779 0.801813
vn -0.855439 -0.269402 0.442320
vn -0.996125 0.049359 0.072796
vn -0.312431 -0.338124 0.887727
vn -0.298765 -0.339660 0.891836
vn -0.758494 -0.282748 0.587146
vn -0.490446 -0.455489 0.742962
vn -0.730050 0.015441 0.683220
vn -0.286382 -0.158497 0.944915
vn -0.299268 -0.155011 0.941494
vn -0.984496 0.175087 -0.010557
vn -0.994368 0.105982 0.000000
vn -0.994368 0.105982 -0.000000
vn -0.997318 0.055139 0.048125
vn -0.994368 0.105982 0.000000
vn -0.998614 0.041624 -0.032219
vn -0.994368 0.105982 -0.000000
vn -0.994368 0.105982 0.000000
vn -0.994368 0.105982 0.000000
vn -0.994368 0.105982 0.000000
vn -0.994368 0.105982 0.000000
vn -0.994368 0.105982 -0.000000
vn -0.994368 0.105982 0.000000
vn -0.994368 0.105982 0.000000
vn -0.994368 0.105982 0.000000
vn -0.994368 0.105982 0.000000
vn -0.994368 0.105982 -0.000000
vn -0.994368 0.105982 0.000000
vn -0.994368 0.105982 0.000001
vn -0.994368 0.105982 -0.000000
vn -0.994368 0.105982 0.000000
vn -0.994368 0.105982 -0.000000
vn -0.994368 0.105982 0.000000
vn 0.092627 0.869061 -0.485957
vn 0.038459 0.360840 -0.931834
vn -0.028910 -0.271248 -0.962075
vn -0.083332 -0.781857 -0.617863
vn 0.025435 0.238646 0.970774
vn -0.028659 -0.268890 0.962745
vn 0.025189 0.236335 -0.971345
vn 0.105411 0.989006 0.103707
vn 0.104603 0.981431 0.160785
vn -0.083669 -0.785012 0.613804
vn -0.103545 -0.971499 0.213231
vn 0.104603 0.981431 -0.160785
vn 0.105411 0.989006 -0.103707
vn 0.105903 0.993624 0.038672
vn -0.105982 -0.994366 -0.002020
vn 0.105903 0.993624 -0.038672
vn 0.038459 0.360840 0.931834
vn 0.092627 0.869061 0.485956
vn -0.103554 -0.971582 -0.212850
vn 0.036624 0.343620 -0.938394
vn -0.020359 -0.191015 -0.981376
vn 0.019127 0.179461 0.983579
vn -0.015824 -0.148464 0.988791
vn 0.028828 0.270473 -0.962296
vn 0.016118 0.151225 -0.988368
vn -0.105833 -0.992967 -0.053066
vn -0.072191 -0.677329 0.732130
vn 0.105698 0.991702 0.073173
vn 0.105808 0.992734 -0.057306
vn 0.043027 0.403694 -0.913882
vn 0.048530 0.455332 -0.888998
vn -0.082018 -0.769524 -0.633329
vn -0.090107 -0.845423 -0.526442
vn 0.077605 0.728124 -0.681038
vn 0.088222 0.827739 0.554134
vn 0.022121 0.207547 -0.977975
vn -0.046617 -0.437380 0.898068
vn -0.072516 -0.680372 -0.729270
vn -0.046617 -0.437376 -0.898069
vn 0.077605 0.728123 0.681039
vn 0.105808 0.992734 0.057308
vn -0.082018 -0.769523 0.633330
vn -0.020359 -0.191015 0.981376
vn 0.019124 0.179430 -0.983585
vn -0.015825 -0.148478 -0.988789
vn -0.089983 -0.844258 0.528329
vn 0.036624 0.343620 0.938394
vn -0.105822 -0.992863 0.055003
vn 0.088223 0.827745 -0.554126
vn 0.022121 0.207545 0.977975
vn 0.016118 0.151225 0.988368
vn 0.105698 0.991702 -0.073172
vn 0.048530 0.455332 0.888998
vn 0.028828 0.270474 0.962296
vn 0.043027 0.403694 0.913882
vn -0.091739 -0.860737 0.500716
vn -0.094642 -0.887969 0.450061
vn 0.070679 0.663139 -0.745151
vn 0.087952 0.825206 -0.557943
vn -0.074610 -0.700020 0.710215
vn -0.078819 -0.739510 0.668515
vn 0.029470 0.276502 -0.960561
vn -0.036098 -0.338684 -0.940207
vn -0.083268 -0.781255 0.618633
vn -0.088086 -0.826462 0.556059
vn -0.080944 -0.759449 -0.645512
vn -0.044664 -0.419056 0.906861
vn -0.089146 -0.836403 -0.540816
vn -0.105209 -0.987114 0.120567
vn 0.101522 0.952518 -0.287059
vn 0.039835 0.373749 0.926674
vn 0.093009 0.872651 0.479405
vn 0.026905 0.252437 0.967239
vn -0.080944 -0.759446 0.645515
vn -0.036096 -0.338671 0.940212
vn 0.037300 0.349966 0.936019
vn 0.072350 0.678822 0.730730
vn -0.074610 -0.700020 -0.710215
vn -0.083268 -0.781255 -0.618633
vn -0.088086 -0.826462 -0.556058
vn -0.094642 -0.887969 -0.450060
vn 0.039835 0.373751 -0.926673
vn 0.082726 0.776172 -0.625071
vn 0.105872 0.993339 -0.045475
vn 0.098786 0.926854 0.362193
vn 0.088456 0.829935 0.550803
vn -0.105209 -0.987114 -0.120568
vn -0.078819 -0.739509 -0.668516
vn -0.089146 -0.836403 0.540817
vn -0.044664 -0.419055 -0.906861
vn -0.091739 -0.860736 -0.500716
vn 0.026905 0.252437 -0.967239
vn 0.000000 0.000000 -1.000000
vn -0.052991 -0.497184 -0.866025
vn 0.000000 -0.000000 -1.000000
vn -0.052991 -0.497184 -0.866025
vn -0.091783 -0.861148 -0.500000
vn -0.105982 -0.994368 0.000000
vn -0.105982 -0.994368 0.000000
vn -0.091783 -0.861148 0.500000
vn -0.091783 -0.861148 0.500000
vn -0.052991 -0.497184 0.866026
vn -0.052991 -0.497184 0.866025
vn 0.000000 0.000000 1.000000
vn -0.000000 -0.000000 1.000000
vn 0.052991 0.497184 0.866025
vn 0.052991 0.497184 0.866025
vn 0.091783 0.861148 0.500000
vn 0.091783 0.861148 0.500000
vn 0.102371 0.960486 0.258819
vn 0.102371 0.960486 -0.258819
vn 0.091783 0.861148 -0.500000
vn 0.102371 0.960486 -0.258819
vn 0.994368 -0.105982 -0.000000
vn 0.994368 -0.105982 -0.000000
vn 0.994368 -0.105982 0.000000
vn 0.091783 0.861148 -0.500000
vn 0.052991 0.497184 -0.866025
vn 0.052991 0.497184 -0.866025
vn -0.994368 0.105982 -0.000000
vn -0.994368 0.105982 0.000000
vn -0.994368 0.105982 -0.000000
vn 0.000000 -0.000000 -1.000000
vn -0.052991 -0.497184 -0.866025
vn -0.000000 0.000000 -1.000000
vn -0.052991 -0.497184 -0.866025
vn -0.091783 -0.861148 -0.500000
vn -0.105982 -0.994368 0.000000
vn -0.091783 -0.861148 -0.500000
vn -0.091783 -0.861148 0.500000
vn -0.105982 -0.994368 -0.000000
vn -0.052991 -0.497184 0.866025
vn -0.091783 -0.861148 0.500000
vn -0.000000 -0.000000 1.000000
vn -0.052991 -0.497184 0.866026
vn 0.052991 0.497184 0.866025
vn 0.000000 0.000000 1.000000
vn 0.091783 0.861148 0.500000
vn 0.052991 0.497184 0.866025
vn 0.102371 0.960486 0.258819
vn 0.091784 0.861148 0.500000
vn 0.091783 0.861148 -0.500000
vn 0.102371 0.960486 -0.258819
vn 0.102371 0.960486 -0.258819
vn -0.994368 0.105982 -0.000000
vn -0.994368 0.105982 0.000000
vn -0.994368 0.105982 -0.000000
vn 0.052991 0.497184 -0.866025
vn 0.091784 0.861148 -0.500000
vn 0.052991 0.497184 -0.866025
vn 0.994368 -0.105982 -0.000000
vn 0.994368 -0.105982 -0.000000
vn 0.994368 -0.105982 -0.000000
vn -0.000000 -0.000000 -1.000000
vn -0.052991 -0.497184 -0.866025
vn 0.000000 0.000000 -1.000000
vn -0.052991 -0.497184 -0.866025
vn -0.091783 -0.861148 -0.500001
vn -0.091783 -0.861148 -0.500001
vn -0.105981 -0.994368 0.000000
vn -0.105981 -0.994368 0.000000
vn -0.091783 -0.861148 0.500000
vn -0.091783 -0.861148 0.500000
vn -0.052991 -0.497184 0.866025
vn -0.052991 -0.497184 0.866025
vn 0.000000 0.000000 1.000000
vn 0.000000 0.000000 1.000000
vn 0.052991 0.497185 0.866025
vn 0.052991 0.497184 0.866025
vn 0.091782 0.861148 0.500000
vn 0.091782 0.861148 0.500000
vn 0.102370 0.960486 0.258819
vn 0.102370 0.960486 -0.258819
vn 0.091783 0.861148 -0.500000
vn 0.102371 0.960486 -0.258819
vn 0.994368 -0.105982 -0.000000
vn 0.994368 -0.105982 0.000000
vn 0.994368 -0.105982 -0.000000
vn 0.052991 0.497184 -0.866025
vn 0.052991 0.497184 -0.866025
vn -0.994368 0.105982 0.000000
vn -0.994368 0.105982 -0.000000
vn -0.994368 0.105982 0.000000
vn 0.100795 0.945700 -0.309017
vn 0.070916 0.665362 -0.743145
vn 0.100795 0.945700 -0.309017
vn 0.070916 0.665362 -0.743145
vn 0.022035 0.206741 -0.978147
vn 0.022035 0.206740 -0.978148
vn -0.032750 -0.307276 -0.951057
vn -0.032750 -0.307277 -0.951056
vn -0.078760 -0.738959 -0.669131
vn -0.078760 -0.738959 -0.669131
vn -0.103666 -0.972639 -0.207912
vn -0.103666 -0.972639 -0.207911
vn -0.100795 -0.945700 0.309017
vn -0.100795 -0.945700 0.309017
vn -0.070916 -0.665362 0.743145
vn -0.070916 -0.665362 0.743145
vn -0.022035 -0.206741 0.978148
vn -0.022035 -0.206741 0.978148
vn 0.032750 0.307276 0.951057
vn 0.032750 0.307277 0.951057
vn 0.078760 0.738959 0.669131
vn 0.994368 -0.105982 -0.000000
vn 0.994368 -0.105982 -0.000001
vn 0.994368 -0.105982 -0.000000
vn 0.094431 0.885988 0.453991
vn 0.094431 0.885988 0.453992
vn 0.105837 0.993005 -0.052336
vn 0.105837 0.993005 -0.052336
vn -0.994368 0.105982 0.000000
vn -0.994368 0.105982 0.000000
vn -0.994368 0.105982 0.000000
vn 0.062295 0.584475 0.809017
vn 0.096820 0.908401 0.406736
vn 0.062295 0.584475 0.809017
vn 0.096820 0.908401 0.406736
vn 0.104677 0.982126 0.156435
vn 0.098943 0.928322 -0.358368
vn 0.085741 0.804461 -0.587785
vn 0.098943 0.928322 -0.358368
vn 0.085741 0.804461 -0.587786
vn 0.043107 0.404446 -0.913545
vn 0.043107 0.404446 -0.913545
vn -0.011078 -0.103939 -0.994522
vn -0.062295 -0.584475 -0.809017
vn -0.062295 -0.584475 -0.809017
vn -0.096820 -0.908401 -0.406736
vn -0.096820 -0.908401 -0.406736
vn -0.105402 -0.988921 0.104528
vn -0.105402 -0.988921 0.104528
vn -0.085741 -0.804460 0.587786
vn -0.085741 -0.804460 0.587786
vn -0.043107 -0.404446 0.913545
vn 0.994368 -0.105982 0.000000
vn 0.994368 -0.105982 -0.000000
vn 0.994368 -0.105982 0.000000
vn 0.011078 0.103939 0.994522
vn 0.011078 0.103939 0.994522
vn -0.994368 0.105982 0.000000
vn -0.994368 0.105982 0.000000
vn -0.994368 0.105982 0.000000
vn -0.062294 -0.584475 0.809017
vn -0.011078 -0.103939 0.994522
vn -0.062295 -0.584474 0.809018
vn -0.011078 -0.103938 0.994522
vn 0.043107 0.404445 0.913546
vn 0.043107 0.404446 0.913546
vn 0.085741 0.804462 0.587784
vn 0.085741 0.804462 0.587784
vn 0.098943 0.928324 0.358365
vn 0.104677 0.982126 -0.156433
vn 0.096820 0.908401 -0.406735
vn 0.104677 0.982126 -0.156433
vn 0.062295 0.584475 -0.809017
vn 0.062295 0.584475 -0.809017
vn 0.011078 0.103939 -0.994522
vn 0.011078 0.103940 -0.994522
vn -0.043107 -0.404446 -0.913546
vn -0.043107 -0.404447 -0.913545
vn -0.085741 -0.804461 -0.587785
vn -0.085741 -0.804461 -0.587784
vn -0.105401 -0.988921 -0.104529
vn 0.994368 -0.105982 -0.000001
vn 0.994368 -0.105982 0.000000
vn 0.994368 -0.105982 -0.000000
vn -0.096819 -0.908401 0.406736
vn -0.096819 -0.908401 0.406736
vn -0.994368 0.105982 0.000000
vn -0.994368 0.105982 0.000000
vn -0.994368 0.105982 0.000000
vn -0.100795 -0.945700 -0.309017
vn -0.103666 -0.972638 0.207913
vn -0.100795 -0.945701 -0.309016
vn -0.103666 -0.972638 0.207913
vn -0.078760 -0.738960 0.669130
vn -0.078760 -0.738960 0.669130
vn -0.032750 -0.307274 0.951057
vn -0.032750 -0.307276 0.951057
vn 0.022035 0.206741 0.978148
vn 0.022035 0.206741 0.978148
vn 0.070916 0.665360 0.743147
vn 0.070916 0.665361 0.743146
vn 0.088884 0.833946 0.544642
vn 0.105837 0.993005 0.052334
vn 0.103666 0.972639 -0.207912
vn 0.103666 0.972638 -0.207913
vn 0.078760 0.738959 -0.669131
vn 0.032750 0.307276 -0.951057
vn 0.032750 0.307276 -0.951057
vn -0.022035 -0.206739 -0.978148
vn 0.994368 -0.105982 -0.000001
vn 0.994368 -0.105982 -0.000001
vn 0.994368 -0.105982 -0.000000
vn -0.070915 -0.665361 -0.743146
vn -0.070916 -0.665362 -0.743145
vn -0.994368 0.105982 -0.000000
vn -0.994368 0.105982 0.000000
vn -0.994368 0.105982 0.000000
vn 0.105472 0.989580 0.098017
vn 0.994368 -0.105982 -0.000000
vn 0.999283 -0.036348 0.010557
vn 0.986536 -0.156305 -0.048126
vn 0.984954 -0.169789 0.032218
vn 0.994368 -0.105982 -0.000000
vn 0.994368 -0.105982 0.000000
vn 0.994368 -0.105982 -0.000000
vn 0.994368 -0.105982 -0.000000
vn 0.994368 -0.105982 0.000000
vn 0.994368 -0.105982 -0.000000
vn 0.994368 -0.105982 0.000001
vn 0.994368 -0.105982 -0.000000
vn 0.994368 -0.105982 -0.000000
vn 0.994368 -0.105982 -0.000000
vn 0.994368 -0.105982 -0.000000
vn 0.994368 -0.105982 -0.000000
vn 0.994368 -0.105982 0.000000
vn 0.994368 -0.105982 0.000002
vn 0.994368 -0.105982 0.000000
vn 0.994368 -0.105982 0.000000
vn 0.994368 -0.105982 -0.000000
vn 0.994368 -0.105982 0.000000
vn 0.994368 -0.105982 0.000002
vn 0.994368 -0.105982 -0.000001
vn 0.994368 -0.105982 -0.000000
vn 0.994368 -0.105982 -0.000000
vn 0.994368 -0.105982 -0.000000
vn 0.994368 -0.105982 0.000001
vn 0.994368 -0.105982 -0.000000
vn 0.105411 0.989006 0.103707
vn 0.043027 0.403694 -0.913882
vn 0.022121 0.207545 0.977975
vn -0.091739 -0.860737 0.500716
vn -0.078819 -0.739509 -0.668516
vn 0.105472 0.989580 0.098017
vn -0.994368 0.105982 -0.000000
vn -0.994368 0.105982 0.000000
vn -0.994368 0.105982 0.000000
vn -0.994368 0.105982 0.000000
vn -0.994368 0.105982 0.000000
vn -0.997279 0.073722 -0.000000
vn -0.994368 0.105982 -0.000000
vn -0.994368 0.105982 0.000000
vn -0.765844 0.622022 0.163005
vn -0.874084 -0.456594 0.165827
vn -0.994368 0.105982 0.000000
vn -0.994368 0.105982 0.000000
vn -0.994368 0.105982 0.000000
vn -0.994368 0.105982 0.000000
vn -0.994368 0.105982 0.000000
vn -0.994368 0.105982 0.000000
vn -0.994368 0.105982 -0.000000
vn -0.994368 0.105982 0.000000
vn -0.994368 0.105982 -0.000000
vn -0.994368 0.105982 0.000000
vn -0.994368 0.105982 -0.000002
vn -0.994368 0.105982 0.000000
vn -0.994368 0.105982 0.000000
vn -0.994368 0.105982 0.000000
vn -0.994368 0.105982 0.000000
vn -0.994368 0.105982 0.000000
vn -0.994368 0.105982 -0.000000
vn -0.994368 0.105982 -0.000001
vn -0.994368 0.105982 0.000002
vn -0.994368 0.105982 -0.000001
vn -0.994368 0.105982 -0.000000
vn -0.994368 0.105982 0.000001
vn -0.994368 0.105982 0.000000
vn -0.994368 0.105982 -0.000000
vn -0.091783 -0.861148 -0.500000
vn 0.102371 0.960486 0.258819
vn 0.994368 -0.105982 -0.000000
vn 0.994368 -0.105982 -0.000000
vn 0.994368 -0.105982 0.000001
vn 0.994368 -0.105982 0.000000
vn 0.994368 -0.105982 -0.000000
vn 0.994368 -0.105982 -0.000000
vn 0.994368 -0.105982 -0.000000
vn 0.994368 -0.105982 -0.000000
vn 0.994368 -0.105982 -0.000000
vn -0.994368 0.105982 0.000000
vn -0.994368 0.105982 0.000000
vn -0.994368 0.105982 -0.000000
vn -0.994368 0.105982 0.000000
vn -0.994368 0.105982 0.000000
vn -0.994368 0.105982 -0.000002
vn -0.994368 0.105982 0.000001
vn -0.994368 0.105982 -0.000000
vn -0.994368 0.105982 -0.000000
vn 0.102371 0.960486 0.258819
vn -0.994368 0.105982 0.000000
vn -0.994368 0.105982 -0.000000
vn -0.994368 0.105982 -0.000000
vn -0.994368 0.105982 0.000000
vn -0.994368 0.105982 -0.000000
vn -0.994368 0.105982 -0.000001
vn -0.994368 0.105982 0.000000
vn -0.994368 0.105982 0.000000
vn -0.994368 0.105982 0.000000
vn 0.994368 -0.105982 -0.000001
vn 0.994368 -0.105982 0.000000
vn 0.994368 -0.105982 -0.000000
vn 0.994368 -0.105982 -0.000000
vn 0.994368 -0.105982 -0.000000
vn 0.994368 -0.105982 -0.000000
vn 0.994368 -0.105982 -0.000000
vn 0.994368 -0.105982 -0.000000
vn 0.994368 -0.105982 -0.000000
vn 0.102371 0.960486 0.258819
vn 0.091783 0.861148 -0.500000
vn 0.994368 -0.105982 -0.000000
vn 0.994368 -0.105982 -0.000000
vn 0.994368 -0.105982 -0.000001
vn 0.994368 -0.105982 -0.000000
vn 0.994368 -0.105982 0.000000
vn 0.994368 -0.105982 0.000007
vn 0.994368 -0.105982 -0.000000
vn 0.994368 -0.105982 -0.000000
vn 0.994368 -0.105982 -0.000000
vn -0.994368 0.105982 0.000000
vn -0.994368 0.105982 -0.000003
vn -0.994368 0.105982 0.000001
vn -0.994368 0.105982 -0.000001
vn -0.994368 0.105982 0.000003
vn -0.994368 0.105982 0.000000
vn -0.994368 0.105982 -0.000004
vn -0.994368 0.105982 0.000001
vn -0.994368 0.105982 0.000000
vn 0.078760 0.738960 0.669130
vn 0.994368 -0.105982 -0.000000
vn 0.994368 -0.105982 0.000001
vn 0.994368 -0.105982 -0.000000
vn 0.994368 -0.105982 -0.000000
vn 0.994368 -0.105982 -0.000000
vn 0.994368 -0.105982 -0.000000
vn 0.994368 -0.105982 -0.000000
vn 0.994368 -0.105982 -0.000002
vn 0.994368 -0.105982 0.000007
vn -0.994368 0.105982 0.000000
vn -0.994368 0.105982 0.000000
vn -0.994368 0.105982 0.000000
vn -0.994368 0.105982 0.000000
vn -0.994368 0.105982 0.000000
vn -0.994368 0.105982 0.000000
vn -0.994368 0.105982 0.000000
vn -0.994368 0.105982 0.000003
vn -0.994368 0.105982 0.000000
vn 0.104677 0.982126 0.156434
vn -0.011078 -0.103939 -0.994522
vn -0.043107 -0.404447 0.913545
vn 0.994368 -0.105982 0.000000
vn 0.994368 -0.105982 0.000003
vn 0.994368 -0.105982 0.000007
vn 0.994368 -0.105982 -0.000000
vn 0.994368 -0.105982 -0.000001
vn 0.994368 -0.105982 -0.000000
vn 0.994368 -0.105983 0.000000
vn 0.994368 -0.105982 -0.000000
vn 0.994368 -0.105982 -0.000004
vn -0.994368 0.105982 0.000001
vn -0.994368 0.105982 0.000000
vn -0.994368 0.105982 0.000001
vn -0.994368 0.105982 -0.000000
vn -0.994368 0.105982 -0.000003
vn -0.994368 0.105981 -0.000004
vn -0.994368 0.105982 0.000000
vn -0.994368 0.105983 0.000000
vn -0.994368 0.105982 0.000001
vn 0.098943 0.928324 0.358365
vn 0.096820 0.908401 -0.406736
vn -0.105402 -0.988921 -0.104529
vn 0.994368 -0.105983 0.000001
vn 0.994368 -0.105982 -0.000000
vn 0.994368 -0.105982 -0.000004
vn 0.994368 -0.105982 -0.000000
vn 0.994368 -0.105982 -0.000000
vn 0.994368 -0.105982 -0.000001
vn 0.994368 -0.105982 -0.000001
vn 0.994368 -0.105984 -0.000000
vn 0.994368 -0.105982 -0.000000
vn -0.994368 0.105982 0.000000
vn -0.994368 0.105984 -0.000007
vn -0.994368 0.105982 0.000000
vn -0.994368 0.105983 0.000000
vn -0.994368 0.105983 -0.000000
vn -0.994368 0.105984 -0.000004
vn -0.994368 0.105982 0.000000
vn -0.994368 0.105983 0.000000
vn -0.994368 0.105982 0.000000
vn 0.088884 0.833947 0.544640
vn 0.105837 0.993005 0.052334
vn 0.078760 0.738959 -0.669131
vn -0.022035 -0.206739 -0.978148
vn 0.994368 -0.105983 -0.000001
vn 0.994368 -0.105982 -0.000000
vn 0.994368 -0.105982 -0.000000
vn 0.994368 -0.105982 -0.000000
vn 0.994368 -0.105983 -0.000000
vn 0.994368 -0.105983 -0.000000
vn 0.994368 -0.105982 -0.000000
vn 0.994368 -0.105982 -0.000000
vn 0.994368 -0.105982 -0.000000
vn -0.994368 0.105982 0.000002
vn -0.994368 0.105982 0.000000
vn -0.994368 0.105982 0.000000
vn -0.994368 0.105982 0.000001
vn -0.994368 0.105982 -0.000000
vn -0.994368 0.105982 0.000000
vn -0.994368 0.105986 0.000000
vn -0.994368 0.105982 0.000000
vn -0.994368 0.105982 0.000000
s 1
g Piece4 Supermarine_Spitfire_Mk:GLTF_SceneRootNode Supermarine_Spitfire_Mk:root Supermarine_Spitfire_Mk:Sketchfab_model Supermarine_Spitfire_Mk:Meshes Supermarine_Spitfire_Mk:scene Supermarine_Spitfire_Mk:Object_118
usemtl Supermarine_Spitfire_Mk:Object_118SG
f 1913/1834/1894 2088/2009/1895 2087/2008/1896
f 1911/1832/1897 2089/2010/1898 2088/2009/1895
f 1915/1836/1899 2090/2011/1900 2089/2010/1898
f 1917/1838/1901 2091/2012/1902 2090/2011/1900
f 1919/1840/1903 2092/2013/1904 2091/2012/1902
f 1921/1842/1905 2093/2014/1906 2092/2013/1904
f 1923/1844/1907 2094/2015/1908 2093/2014/1906
f 1925/1846/1909 2095/2016/1910 2094/2015/1908
f 1927/1848/1911 2096/2017/1912 2095/2016/1910
f 1929/1850/1913 2097/2018/1914 2096/2017/1912
f 1931/1852/1915 2098/2019/1916 2097/2018/1914
f 1933/1854/1917 2099/2020/1918 2098/2019/1916
f 1935/1856/1919 2100/2021/1920 2099/2020/1918
f 1937/1858/1921 2101/2022/1922 2100/2021/1920
f 1939/1860/1923 2102/2023/1924 2101/2022/1922
f 1941/1862/1925 2103/2024/1926 2102/2023/1924
f 1942/1863/1927 2104/2025/1928 2103/2024/1926
f 1944/1865/1929 2105/2026/1930 2104/2025/1928
f 1946/1867/1931 2106/2027/1932 2105/2026/1930
f 1948/1869/1933 2107/2028/1934 2106/2027/1932
f 1950/1871/1935 2108/2029/1936 2107/2028/1934
f 1952/1873/1937 2109/2030/1938 2108/2029/1936
f 1954/1875/1939 2110/2031/1940 2109/2030/1938
f 1956/1877/1941 2111/2032/1942 2110/2031/1940
f 1959/1880/1943 2113/2034/1944 2112/2033/1945
f 1961/1882/1946 2114/2035/1947 2113/2034/1944
f 1963/1884/1948 2115/2036/1949 2114/2035/1947
f 1965/1886/1950 2116/2037/1951 2115/2036/1949
f 1967/1888/1952 2117/2038/1953 2116/2037/1951
f 1969/1890/1954 2118/2039/1955 2117/2038/1953
f 1971/1892/1956 2119/2040/1957 2118/2039/1955
f 1973/1894/1958 2087/2008/1896 2119/2040/1957
s 32
f 1895/1816/1959 1910/1831/1960 1912/1833/1961
f 1977/1898/1962 1914/1835/1963 1910/1831/1960
f 1983/1904/1964 1916/1837/1965 1914/1835/1963
f 1897/1818/1966 1916/1837/1965 1987/1908/1967
f 1897/1818/1966 1920/1841/1968 1918/1839/1969
f 1993/1914/1970 1922/1843/1971 1920/1841/1968
f 2001/1922/1972 1922/1843/1971 1997/1918/1973
f 2006/1927/1974 1924/1845/1975 2001/1922/1972
f 1899/1820/1976 1926/1847/1977 2006/1927/1974
f 1899/1820/1976 1930/1851/1978 1928/1849/1979
f 2013/1934/1980 1932/1853/1981 1930/1851/1978
f 2018/1939/1982 1932/1853/1981 2016/1937/1983
f 2021/1942/1984 1934/1855/1985 2018/1939/1982
f 1901/1822/1986 1936/1857/1987 2021/1942/1984
f 1903/1824/1988 1938/1859/1989 1901/1822/1986
f 1903/1824/1988 1943/1864/1990 1940/1861/1991
f 1904/1825/1992 1943/1864/1990 2030/1951/1993
f 1904/1825/1992 1947/1868/1994 1945/1866/1995
f 2039/1960/1996 1947/1868/1994 2035/1956/1997
f 2043/1964/1998 1949/1870/1999 2039/1960/1996
f 2048/1969/2000 1951/1872/2001 2043/1964/1998
f 2053/1974/2002 1953/1874/2003 2048/1969/2000
f 2057/1978/2004 1955/1876/2005 2053/1974/2002
f 2060/1981/2006 1957/1878/2007 2057/1978/2004
f 2060/1981/2006 1962/1883/2008 1960/1881/2009
f 2062/1983/2010 1964/1885/2011 1962/1883/2008
f 1906/1827/2012 1964/1885/2011 2066/1987/2013
f 1906/1827/2012 1968/1889/2014 1966/1887/2015
f 2074/1995/2016 1970/1891/2017 1968/1889/2014
f 1908/1829/2018 1970/1891/2017 2078/1999/2019
f 1908/1829/2018 1974/1895/2020 1972/1893/2021
f 1895/1816/1959 1974/1895/2020 2083/2004/2022
s 63
f 1981/1902/2023 1975/1896/2024 2177/2098/2025
f 1976/1897/2026 1980/1901/2027 1979/1900/2028
f 2236/2157/2029 1979/1900/2028 1980/1901/2027
f 2121/2042/2030 1978/1899/2031 2236/2157/2029
f 1976/1897/2026 1985/1906/2032 1982/1903/2033
f 1985/1906/2032 1978/1899/2031 1984/1905/2034
f 1984/1905/2034 1975/1896/2024 1981/1902/2023
f 1982/1903/2033 1989/1910/2035 1986/1907/2036
f 1985/1906/2032 1988/1909/2037 1989/1910/2035
f 2138/2059/2038 1984/1905/2034 1981/1902/2023
f 1986/1907/2036 1990/1911/2039 1896/1817/2040
f 2237/2158/2041 1989/1910/2035 2239/2160/2042
f 2239/2160/2042 1988/1909/2037 2138/2059/2038
f 1992/1913/2043 1990/1911/2039 1995/1916/2044
f 1992/1913/2043 1998/1919/2045 1996/1917/2046
f 2242/2163/2047 1998/1919/2045 1995/1916/2044
f 1996/1917/2046 2003/1924/2048 2000/1921/2049
f 1998/1919/2045 2242/2163/2047 2244/2165/2050
f 2137/2058/2051 2002/1923/2052 2246/2167/2053
f 2000/1921/2049 2008/1929/2054 2005/1926/2055
f 2008/1929/2054 2002/1923/2052 2007/1928/2056
f 2002/1923/2052 2004/1925/2057 2007/1928/2056
f 2005/1926/2055 2011/1932/2058 1898/1819/2059
f 2011/1932/2058 2007/1928/2056 2010/1931/2060
f 2010/1931/2060 2004/1925/2057 2009/1930/2061
f 2012/1933/2062 2011/1932/2058 2014/1935/2063
f 2011/1932/2058 2010/1931/2060 2248/2169/2064
f 2010/1931/2060 2135/2056/2065 2248/2169/2064
f 2015/1936/2066 2014/1935/2063 2252/2173/2067
f 2252/2173/2067 2014/1935/2063 2250/2171/2068
f 2017/1938/2069 2252/2173/2067 2019/1940/2070
f 2256/2177/2071 2019/1940/2070 2252/2173/2067
f 2020/1941/2072 2019/1940/2070 2023/1944/2073
f 2023/1944/2073 2256/2177/2071 2253/2174/2074
f 2132/2053/2075 2022/1943/2076 2257/2178/2077
f 2020/1941/2072 2026/1947/2078 1900/1821/2079
f 2026/1947/2078 2022/1943/2076 2025/1946/2080
f 2132/2053/2075 2025/1946/2080 2022/1943/2076
f 1900/1821/2079 2029/1950/2081 1902/1823/2082
f 2029/1950/2081 2025/1946/2080 2028/1949/2083
f 2025/1946/2080 2027/1948/2084 2028/1949/2083
f 2031/1952/2085 2029/1950/2081 2032/1953/2086
f 2260/2181/2087 2029/1950/2081 2028/1949/2083
f 2028/1949/2083 2131/2052/2088 2260/2181/2087
f 2031/1952/2085 2034/1955/2089 1905/1826/2090
f 2032/1953/2086 2260/2181/2087 2262/2183/2091
f 2036/1957/2092 2034/1955/2089 2037/1958/2093
f 2036/1957/2092 2041/1962/2094 2040/1961/2095
f 2263/2184/2096 2041/1962/2094 2037/1958/2093
f 2040/1961/2095 2046/1967/2097 2044/1965/2098
f 2041/1962/2094 2263/2184/2096 2265/2186/2099
f 2128/2049/2100 2045/1966/2101 2265/2186/2099
f 2044/1965/2098 2051/1972/2102 2049/1970/2103
f 2051/1972/2102 2045/1966/2101 2050/1971/2104
f 2045/1966/2101 2047/1968/2105 2050/1971/2104
f 2049/1970/2103 2056/1977/2106 2054/1975/2107
f 2056/1977/2106 2050/1971/2104 2055/1976/2108
f 2055/1976/2108 2047/1968/2105 2052/1973/2109
f 2058/1979/2110 2056/1977/2106 2059/1980/2111
f 2056/1977/2106 2272/2193/2112 2267/2188/2113
f 2055/1976/2108 2127/2048/2114 2272/2193/2112
f 2061/1982/2115 2059/1980/2111 2273/2194/2116
f 2273/2194/2116 2059/1980/2111 2269/2190/2117
f 2061/1982/2115 2064/1985/2118 2063/1984/2119
f 2064/1985/2118 2273/2194/2116 2275/2196/2120
f 2063/1984/2119 2069/1990/2121 2067/1988/2122
f 2064/1985/2118 2275/2196/2120 2277/2198/2123
f 2125/2046/2124 2068/1989/2125 2280/2201/2126
f 2067/1988/2122 2072/1993/2127 1907/1828/2128
f 2069/1990/2121 2071/1992/2129 2072/1993/2127
f 2068/1989/2125 2070/1991/2130 2071/1992/2129
f 2075/1996/2131 2072/1993/2127 2077/1998/2132
f 2072/1993/2127 2076/1997/2133 2077/1998/2132
f 2076/1997/2133 2070/1991/2130 2073/1994/2134
f 2079/2000/2135 2077/1998/2132 2080/2001/2136
f 2077/1998/2132 2076/1997/2133 2281/2202/2137
f 2076/1997/2133 2122/2043/2138 2281/2202/2137
f 2079/2000/2135 2081/2002/2139 1909/1830/2140
f 2081/2002/2139 2080/2001/2136 2283/2204/2141
f 2236/2157/2029 1980/1901/2027 2286/2207/2142
f 2084/2005/2143 1980/1901/2027 1894/1815/2144
f 1980/1901/2027 2086/2007/2145 2286/2207/2142
f 2009/1930/2061 2004/1925/2057 2230/2151/2146
f 2192/2113/2147 2131/2052/2088 2027/1948/2084
f 2073/1994/2134 2070/1991/2130 2161/2082/2148
f 2151/2072/2149 2144/2065/2150 2047/1968/2105
f 2163/2084/2151 2158/2079/2152 2160/2081/2153
f 2203/2124/2154 2192/2113/2147 2201/2122/2155
f 2151/2072/2149 2154/2075/2156 2144/2065/2150
f 2225/2146/2157 2230/2151/2146 2232/2153/2158
f 2197/2118/2159 2177/2098/2025 2179/2100/2160
f 2181/2102/2161 2221/2142/2162 2205/2126/2163
f 2192/2113/2147 2024/1945/2164 2201/2122/2155
f 2132/2053/2075 2201/2122/2155 2024/1945/2164
f 2084/2005/2143 2081/2002/2139 2086/2007/2145
s 86
f 2153/2074/2165 2291/2212/2166 2143/2064/2167
f 2271/2192/2168 2299/2220/2169 2268/2189/2170
f 2124/2045/2171 2305/2226/2172 2287/2208/2173
f 2143/2064/2167 2288/2209/2174 2126/2047/2175
f 2140/2061/2176 2292/2213/2177 2145/2066/2178
f 2126/2047/2175 2301/2222/2179 2271/2192/2168
f 2278/2199/2180 2303/2224/2181 2304/2225/2182
f 2155/2076/2183 2290/2211/2184 2141/2062/2185
f 2145/2066/2178 2293/2214/2186 2147/2068/2187
f 2276/2197/2188 2302/2223/2189 2303/2224/2181
f 2149/2070/2190 2296/2217/2191 2155/2076/2183
f 2124/2045/2171 2297/2218/2192 2157/2078/2193
f 2159/2080/2194 2294/2215/2195 2149/2070/2190
f 2157/2078/2193 2298/2219/2196 2159/2080/2194
f 2279/2200/2197 2304/2225/2182 2305/2226/2172
f 2147/2068/2187 2295/2216/2198 2153/2074/2165
f 2268/2189/2170 2300/2221/2199 2270/2191/2200
f 2270/2191/2200 2302/2223/2189 2274/2195/2201
s 95
f 2169/2090/2202 2311/2232/2203 2164/2085/2204
f 2285/2206/2205 2307/2228/2206 2323/2244/2207
f 2180/2101/2208 2313/2234/2209 2171/2092/2210
f 2282/2203/2211 2322/2243/2212 2284/2205/2213
f 2120/2041/2214 2316/2237/2215 2176/2097/2216
f 2174/2095/2217 2319/2240/2218 2184/2105/2219
f 2162/2083/2220 2309/2230/2221 2123/2044/2222
f 2178/2099/2223 2318/2239/2224 2180/2101/2208
f 2120/2041/2214 2320/2241/2225 2308/2229/2226
f 2235/2156/2227 2323/2244/2207 2320/2241/2225
f 2123/2044/2222 2321/2242/2228 2282/2203/2211
f 2184/2105/2219 2312/2233/2229 2169/2090/2202
f 2171/2092/2210 2314/2235/2230 2173/2094/2231
f 2082/2003/2232 2307/2228/2206 2085/2006/2233
f 2284/2205/2213 2306/2227/2234 2082/2003/2232
f 2176/2097/2216 2317/2238/2235 2178/2099/2223
f 2164/2085/2204 2310/2231/2236 2162/2083/2220
s 105
f 2264/2185/2237 2325/2246/2238 2340/2261/2239
f 2193/2114/2240 2335/2256/2241 2191/2112/2242
f 2152/2073/2243 2330/2251/2244 2168/2089/2245
f 2261/2182/2246 2324/2245/2247 2033/1954/2248
f 2129/2050/2249 2328/2249/2250 2152/2073/2243
f 2168/2089/2245 2329/2250/2251 2165/2086/2252
f 2129/2050/2249 2341/2262/2253 2326/2247/2254
f 2259/2180/2255 2339/2260/2256 2261/2182/2246
f 2186/2107/2257 2337/2258/2258 2195/2116/2259
f 2130/2051/2260 2338/2259/2261 2259/2180/2255
f 2191/2112/2242 2327/2248/2262 2130/2051/2260
f 2165/2086/2252 2331/2252/2263 2182/2103/2264
f 2266/2187/2265 2340/2261/2239 2341/2262/2253
f 2189/2110/2266 2336/2257/2267 2193/2114/2240
f 2033/1954/2248 2325/2246/2238 2038/1959/2268
f 2182/2103/2264 2333/2254/2269 2187/2108/2270
f 2195/2116/2259 2334/2255/2271 2189/2110/2266
s 115
f 2219/2140/2272 2347/2268/2273 2215/2136/2274
f 2255/2176/2275 2356/2277/2276 2358/2279/2277
f 2234/2155/2278 2349/2270/2279 2220/2141/2280
f 2254/2175/2281 2358/2279/2277 2357/2278/2282
f 2258/2179/2283 2357/2278/2282 2359/2280/2284
f 2200/2121/2285 2353/2274/2286 2234/2155/2278
f 2215/2136/2274 2350/2271/2287 2224/2145/2288
f 2133/2054/2289 2359/2280/2284 2342/2263/2290
f 2224/2145/2288 2351/2272/2291 2228/2149/2292
f 2202/2123/2293 2346/2267/2294 2204/2125/2295
f 2249/2170/2296 2356/2277/2276 2251/2172/2297
f 2134/2055/2298 2354/2275/2299 2247/2168/2300
f 2133/2054/2289 2345/2266/2301 2202/2123/2293
f 2228/2149/2292 2352/2273/2302 2229/2150/2303
f 2204/2125/2295 2344/2265/2304 2200/2121/2285
f 2247/2168/2300 2355/2276/2305 2249/2170/2296
f 2229/2150/2303 2343/2264/2306 2134/2055/2298
s 122
f 2139/2060/2307 2375/2296/2308 2240/2161/2309
f 2238/2159/2310 2360/2281/2311 1991/1912/2312
f 2213/2134/2313 2365/2286/2314 2206/2127/2315
f 2222/2143/2316 2370/2291/2317 2217/2138/2318
f 2136/2057/2319 2378/2299/2320 2362/2283/2321
f 2243/2164/2322 2376/2297/2323 2377/2298/2324
f 1991/1912/2312 2361/2282/2325 1994/1915/2326
f 2206/2127/2315 2364/2285/2327 2198/2119/2328
f 2210/2131/2329 2369/2290/2330 2213/2134/2313
f 2198/2119/2328 2366/2287/2331 2208/2129/2332
f 2226/2147/2333 2371/2292/2334 2222/2143/2316
f 2217/2138/2318 2368/2289/2335 2211/2132/2336
f 2245/2166/2337 2377/2298/2324 2378/2299/2320
f 2241/2162/2338 2361/2282/2325 2376/2297/2323
f 2231/2152/2339 2372/2293/2340 2226/2147/2333
f 2208/2129/2332 2363/2284/2341 2139/2060/2307
f 2240/2161/2309 2374/2295/2342 2238/2159/2310
f 2136/2057/2319 2373/2294/2343 2231/2152/2339
s 63
f 2034/1955/2089 2032/1953/2086 2262/2183/2091
s 1
f 2088/2009/1895 2398/2319/2344 2087/2008/1896
f 2089/2010/1898 2396/2317/2345 2088/2009/1895
f 2090/2011/1900 2400/2321/2346 2089/2010/1898
f 2091/2012/1902 2402/2323/2347 2090/2011/1900
f 2092/2013/1904 2404/2325/2348 2091/2012/1902
f 2093/2014/1906 2406/2327/2349 2092/2013/1904
f 2094/2015/1908 2408/2329/2350 2093/2014/1906
f 2095/2016/1910 2410/2331/2351 2094/2015/1908
f 2096/2017/1912 2412/2333/2352 2095/2016/1910
f 2097/2018/1914 2414/2335/2353 2096/2017/1912
f 2098/2019/1916 2416/2337/2354 2097/2018/1914
f 2099/2020/1918 2418/2339/2355 2098/2019/1916
f 2100/2021/1920 2420/2341/2356 2099/2020/1918
f 2101/2022/1922 2422/2343/2357 2100/2021/1920
f 2102/2023/1924 2424/2345/2358 2101/2022/1922
f 2103/2024/1926 2426/2347/2359 2102/2023/1924
f 2104/2025/1928 2427/2348/2360 2103/2024/1926
f 2105/2026/1930 2429/2350/2361 2104/2025/1928
f 2106/2027/1932 2431/2352/2362 2105/2026/1930
f 2107/2028/1934 2433/2354/2363 2106/2027/1932
f 2108/2029/1936 2435/2356/2364 2107/2028/1934
f 2109/2030/1938 2437/2358/2365 2108/2029/1936
f 2110/2031/1940 2439/2360/2366 2109/2030/1938
f 2111/2032/1942 2441/2362/2367 2110/2031/1940
f 2113/2034/1944 2443/2364/2368 2112/2033/1945
f 2114/2035/1947 2446/2367/2369 2113/2034/1944
f 2115/2036/1949 2448/2369/2370 2114/2035/1947
f 2116/2037/1951 2450/2371/2371 2115/2036/1949
f 2117/2038/1953 2452/2373/2372 2116/2037/1951
f 2118/2039/1955 2454/2375/2373 2117/2038/1953
f 2119/2040/1957 2456/2377/2374 2118/2039/1955
f 2087/2008/1896 2458/2379/2375 2119/2040/1957
s 131
f 2380/2301/2376 2395/2316/2377 2462/2383/2378
f 2462/2383/2378 2399/2320/2379 2468/2389/2380
f 2468/2389/2380 2401/2322/2381 2472/2393/2382
f 2401/2322/2381 2382/2303/2383 2472/2393/2382
f 2382/2303/2383 2405/2326/2384 2478/2399/2385
f 2478/2399/2385 2407/2328/2386 2482/2403/2387
f 2407/2328/2386 2486/2407/2388 2482/2403/2387
f 2409/2330/2389 2491/2412/2390 2486/2407/2388
f 2411/2332/2391 2384/2305/2392 2491/2412/2390
f 2384/2305/2392 2415/2336/2393 2498/2419/2394
f 2498/2419/2394 2417/2338/2395 2501/2422/2396
f 2417/2338/2395 2503/2424/2397 2501/2422/2396
f 2419/2340/2398 2506/2427/2399 2503/2424/2397
f 2421/2342/2400 2386/2307/2401 2506/2427/2399
f 2423/2344/2402 2388/2309/2403 2386/2307/2401
f 2388/2309/2403 2428/2349/2404 2515/2436/2405
f 2428/2349/2404 2389/2310/2406 2515/2436/2405
f 2389/2310/2406 2432/2353/2407 2520/2441/2408
f 2432/2353/2407 2524/2445/2409 2520/2441/2408
f 2434/2355/2410 2528/2449/2411 2524/2445/2409
f 2436/2357/2412 2533/2454/2413 2528/2449/2411
f 2438/2359/2414 2538/2459/2415 2533/2454/2413
f 2440/2361/2416 2542/2463/2417 2538/2459/2415
f 2442/2363/2418 2545/2466/2419 2542/2463/2417
f 2545/2466/2419 2447/2368/2420 2547/2468/2421
f 2547/2468/2421 2449/2370/2422 2551/2472/2423
f 2449/2370/2422 2391/2312/2424 2551/2472/2423
f 2391/2312/2424 2453/2374/2425 2559/2480/2426
f 2559/2480/2426 2455/2376/2427 2563/2484/2428
f 2455/2376/2427 2393/2314/2429 2563/2484/2428
f 2393/2314/2429 2459/2380/2430 2568/2489/2431
f 2459/2380/2430 2380/2301/2376 2568/2489/2431
s 149
f 2466/2387/2432 2590/2511/2433 2659/2580/2434
f 2461/2382/2435 2465/2386/2436 2379/2300/2437
f 2688/2609/2438 2464/2385/2439 2463/2384/2440
f 2573/2494/2441 2463/2384/2440 2460/2381/2442
f 2470/2391/2443 2461/2382/2435 2467/2388/2444
f 2470/2391/2443 2463/2384/2440 2464/2385/2439
f 2466/2387/2432 2463/2384/2440 2469/2390/2445
f 2474/2395/2446 2467/2388/2444 2471/2392/2447
f 2474/2395/2446 2469/2390/2445 2470/2391/2443
f 2590/2511/2433 2469/2390/2445 2473/2394/2448
f 2475/2396/2449 2471/2392/2447 2381/2302/2450
f 2474/2395/2446 2475/2396/2449 2689/2610/2451
f 2691/2612/2452 2590/2511/2433 2473/2394/2448
f 2475/2396/2449 2477/2398/2453 2480/2401/2454
f 2483/2404/2455 2477/2398/2453 2481/2402/2456
f 2694/2615/2457 2480/2401/2454 2483/2404/2455
f 2488/2409/2458 2481/2402/2456 2485/2406/2459
f 2483/2404/2455 2488/2409/2458 2696/2617/2460
f 2589/2510/2461 2487/2408/2462 2484/2405/2463
f 2493/2414/2464 2485/2406/2459 2490/2411/2465
f 2492/2413/2466 2488/2409/2458 2493/2414/2464
f 2489/2410/2467 2487/2408/2462 2492/2413/2466
f 2496/2417/2468 2490/2411/2465 2383/2304/2469
f 2496/2417/2468 2492/2413/2466 2493/2414/2464
f 2495/2416/2470 2489/2410/2467 2492/2413/2466
f 2497/2418/2471 2496/2417/2468 2383/2304/2469
f 2700/2621/2472 2495/2416/2470 2496/2417/2468
f 2587/2508/2473 2495/2416/2470 2700/2621/2472
f 2500/2421/2474 2499/2420/2475 2497/2418/2471
f 2704/2625/2476 2702/2623/2477 2499/2420/2475
f 2502/2423/2478 2704/2625/2476 2500/2421/2474
f 2708/2629/2479 2704/2625/2476 2504/2425/2480
f 2505/2426/2481 2504/2425/2480 2502/2423/2478
f 2705/2626/2482 2708/2629/2479 2508/2429/2483
f 2584/2505/2484 2709/2630/2485 2507/2428/2486
f 2511/2432/2487 2505/2426/2481 2385/2306/2488
f 2510/2431/2489 2508/2429/2483 2511/2432/2487
f 2584/2505/2484 2510/2431/2489 2509/2430/2490
f 2514/2435/2491 2385/2306/2488 2387/2308/2492
f 2514/2435/2491 2510/2431/2489 2511/2432/2487
f 2512/2433/2493 2510/2431/2489 2513/2434/2494
f 2516/2437/2495 2514/2435/2491 2387/2308/2492
f 2712/2633/2496 2514/2435/2491 2517/2438/2497
f 2583/2504/2498 2513/2434/2494 2712/2633/2496
f 2519/2440/2499 2516/2437/2495 2390/2311/2500
f 2517/2438/2497 2714/2635/2501 2712/2633/2496
f 2521/2442/2502 2519/2440/2499 2390/2311/2500
f 2525/2446/2503 2522/2443/2504 2521/2442/2502
f 2715/2636/2505 2522/2443/2504 2526/2447/2506
f 2531/2452/2507 2525/2446/2503 2529/2450/2508
f 2717/2638/2509 2526/2447/2506 2531/2452/2507
f 2580/2501/2510 2530/2451/2511 2527/2448/2512
f 2536/2457/2513 2529/2450/2508 2534/2455/2514
f 2536/2457/2513 2530/2451/2511 2531/2452/2507
f 2532/2453/2515 2530/2451/2511 2535/2456/2516
f 2541/2462/2517 2534/2455/2514 2539/2460/2518
f 2541/2462/2517 2535/2456/2516 2536/2457/2513
f 2540/2461/2519 2532/2453/2515 2535/2456/2516
f 2543/2464/2520 2541/2462/2517 2539/2460/2518
f 2541/2462/2517 2544/2465/2521 2719/2640/2522
f 2579/2500/2523 2540/2461/2519 2724/2645/2524
f 2546/2467/2525 2544/2465/2521 2543/2464/2520
f 2725/2646/2526 2721/2642/2527 2544/2465/2521
f 2549/2470/2528 2546/2467/2525 2548/2469/2529
f 2549/2470/2528 2727/2648/2530 2725/2646/2526
f 2554/2475/2531 2548/2469/2529 2552/2473/2532
f 2729/2650/2533 2549/2470/2528 2554/2475/2531
f 2577/2498/2534 2553/2474/2535 2550/2471/2536
f 2557/2478/2537 2552/2473/2532 2392/2313/2538
f 2556/2477/2539 2554/2475/2531 2557/2478/2537
f 2555/2476/2540 2553/2474/2535 2556/2477/2539
f 2560/2481/2541 2557/2478/2537 2392/2313/2538
f 2561/2482/2542 2557/2478/2537 2562/2483/2543
f 2561/2482/2542 2555/2476/2540 2556/2477/2539
f 2564/2485/2544 2562/2483/2543 2560/2481/2541
f 2733/2654/2545 2561/2482/2542 2562/2483/2543
f 2574/2495/2546 2561/2482/2542 2733/2654/2545
f 2566/2487/2547 2564/2485/2544 2394/2315/2548
f 2566/2487/2547 2735/2656/2549 2565/2486/2550
f 2688/2609/2438 2738/2659/2551 2465/2386/2436
f 2465/2386/2436 2569/2490/2552 2379/2300/2437
f 2465/2386/2436 2738/2659/2551 2571/2492/2553
f 2494/2415/2554 2587/2508/2473 2682/2603/2555
f 2644/2565/2556 2512/2433/2493 2583/2504/2498
f 2558/2479/2557 2574/2495/2546 2613/2534/2558
f 2532/2453/2515 2537/2458/2559 2596/2517/2560
f 2610/2531/2561 2615/2536/2562 2612/2533/2563
f 2655/2576/2564 2644/2565/2556 2646/2567/2565
f 2596/2517/2560 2619/2540/2566 2603/2524/2567
f 2677/2598/2568 2682/2603/2555 2679/2600/2569
f 2629/2550/2570 2649/2570/2571 2631/2552/2572
f 2673/2594/2573 2675/2596/2574 2633/2554/2575
f 2509/2430/2490 2644/2565/2556 2653/2574/2576
f 2584/2505/2484 2509/2430/2490 2653/2574/2576
f 2566/2487/2547 2569/2490/2552 2571/2492/2553
s 86
f 2291/2212/2166 2605/2526/2577 2595/2516/2578
f 2299/2220/2169 2723/2644/2579 2720/2641/2580
f 2576/2497/2581 2305/2226/2172 2731/2652/2582
f 2288/2209/2174 2595/2516/2578 2578/2499/2583
f 2292/2213/2177 2592/2513/2584 2597/2518/2585
f 2301/2222/2179 2578/2499/2583 2723/2644/2579
f 2730/2651/2586 2303/2224/2181 2728/2649/2587
f 2290/2211/2184 2607/2528/2588 2593/2514/2589
f 2293/2214/2186 2597/2518/2585 2599/2520/2590
f 2728/2649/2587 2302/2223/2189 2726/2647/2591
f 2296/2217/2191 2601/2522/2592 2607/2528/2588
f 2297/2218/2192 2576/2497/2581 2609/2530/2593
f 2294/2215/2195 2611/2532/2594 2601/2522/2592
f 2298/2219/2196 2609/2530/2593 2611/2532/2594
f 2731/2652/2582 2304/2225/2182 2730/2651/2586
f 2295/2216/2198 2599/2520/2590 2605/2526/2577
f 2300/2221/2199 2720/2641/2580 2722/2643/2595
f 2302/2223/2189 2722/2643/2595 2726/2647/2591
s 95
f 2311/2232/2203 2621/2542/2596 2616/2537/2597
f 2737/2658/2598 2307/2228/2206 2570/2491/2599
f 2313/2234/2209 2632/2553/2600 2623/2544/2601
f 2322/2243/2212 2734/2655/2602 2736/2657/2603
f 2316/2237/2215 2572/2493/2604 2628/2549/2605
f 2319/2240/2218 2626/2547/2606 2636/2557/2607
f 2309/2230/2221 2614/2535/2608 2575/2496/2609
f 2318/2239/2224 2630/2551/2610 2632/2553/2600
f 2572/2493/2604 2320/2241/2225 2687/2608/2611
f 2687/2608/2611 2323/2244/2207 2737/2658/2598
f 2321/2242/2228 2575/2496/2609 2734/2655/2602
f 2312/2233/2229 2636/2557/2607 2621/2542/2596
f 2314/2235/2230 2623/2544/2601 2625/2546/2612
f 2307/2228/2206 2567/2488/2613 2570/2491/2599
f 2306/2227/2234 2736/2657/2603 2567/2488/2613
f 2317/2238/2235 2628/2549/2605 2630/2551/2610
f 2310/2231/2236 2616/2537/2597 2614/2535/2608
s 105
f 2716/2637/2614 2325/2246/2238 2523/2444/2615
f 2335/2256/2241 2645/2566/2616 2643/2564/2617
f 2330/2251/2244 2604/2525/2618 2620/2541/2619
f 2324/2245/2247 2713/2634/2620 2518/2439/2621
f 2328/2249/2250 2581/2502/2622 2604/2525/2618
f 2329/2250/2251 2620/2541/2619 2617/2538/2623
f 2581/2502/2622 2341/2262/2253 2718/2639/2624
f 2339/2260/2256 2711/2632/2625 2713/2634/2620
f 2337/2258/2258 2638/2559/2626 2647/2568/2627
f 2338/2259/2261 2582/2503/2628 2711/2632/2625
f 2327/2248/2262 2643/2564/2617 2582/2503/2628
f 2331/2252/2263 2617/2538/2623 2634/2555/2629
f 2718/2639/2624 2340/2261/2239 2716/2637/2614
f 2336/2257/2267 2641/2562/2630 2645/2566/2616
f 2325/2246/2238 2518/2439/2621 2523/2444/2615
f 2333/2254/2269 2634/2555/2629 2639/2560/2631
f 2641/2562/2630 2337/2258/2258 2647/2568/2627
s 115
f 2347/2268/2273 2671/2592/2632 2667/2588/2633
f 2707/2628/2634 2356/2277/2276 2703/2624/2635
f 2349/2270/2279 2686/2607/2636 2672/2593/2637
f 2706/2627/2638 2358/2279/2277 2707/2628/2634
f 2710/2631/2639 2357/2278/2282 2706/2627/2638
f 2353/2274/2286 2652/2573/2640 2686/2607/2636
f 2350/2271/2287 2667/2588/2633 2676/2597/2641
f 2585/2506/2642 2359/2280/2284 2710/2631/2639
f 2351/2272/2291 2676/2597/2641 2680/2601/2643
f 2346/2267/2294 2654/2575/2644 2656/2577/2645
f 2356/2277/2276 2701/2622/2646 2703/2624/2635
f 2354/2275/2299 2586/2507/2647 2699/2620/2648
f 2345/2266/2301 2585/2506/2642 2654/2575/2644
f 2352/2273/2302 2680/2601/2643 2681/2602/2649
f 2344/2265/2304 2656/2577/2645 2652/2573/2640
f 2355/2276/2305 2699/2620/2648 2701/2622/2646
f 2343/2264/2306 2681/2602/2649 2586/2507/2647
s 122
f 2375/2296/2308 2591/2512/2650 2692/2613/2651
f 2360/2281/2311 2690/2611/2652 2476/2397/2653
f 2365/2286/2314 2665/2586/2654 2658/2579/2655
f 2370/2291/2317 2674/2595/2656 2669/2590/2657
f 2588/2509/2658 2378/2299/2320 2697/2618/2659
f 2695/2616/2660 2376/2297/2323 2693/2614/2661
f 2361/2282/2325 2476/2397/2653 2479/2400/2662
f 2364/2285/2327 2658/2579/2655 2650/2571/2663
f 2369/2290/2330 2663/2584/2664 2665/2586/2654
f 2366/2287/2331 2650/2571/2663 2660/2581/2665
f 2371/2292/2334 2678/2599/2666 2674/2595/2656
f 2368/2289/2335 2669/2590/2657 2662/2583/2667
f 2697/2618/2659 2377/2298/2324 2695/2616/2660
f 2693/2614/2661 2361/2282/2325 2479/2400/2662
f 2372/2293/2340 2683/2604/2668 2678/2599/2666
f 2363/2284/2341 2660/2581/2665 2591/2512/2650
f 2374/2295/2342 2692/2613/2651 2690/2611/2652
f 2373/2294/2343 2588/2509/2658 2683/2604/2668
s 149
f 2519/2440/2499 2714/2635/2501 2517/2438/2497
s 224
f 2741/2662/2669 2744/2665/2670 2740/2661/2671
f 2746/2667/2672 2748/2669/2673 2744/2665/2670
f 2748/2669/2673 2754/2675/2674 2752/2673/2675
f 2754/2675/2674 2756/2677/2676 2752/2673/2675
f 2758/2679/2677 2760/2681/2678 2756/2677/2676
f 2762/2683/2679 2763/2684/2680 2760/2681/2678
f 2765/2686/2681 2767/2688/2682 2763/2684/2680
f 2769/2690/2683 2771/2692/2684 2767/2688/2682
f 2773/2694/2685 2775/2696/2686 2771/2692/2684
f 2778/2699/2687 2781/2702/2688 2776/2697/2689
s 233
f 2774/2695/2690 2766/2687/2691 2749/2670/2692
s 224
f 2783/2704/2693 2785/2706/2694 2781/2702/2688
f 2787/2708/2695 2740/2661/2671 2785/2706/2694
s 235
f 2751/2672/2696 2759/2680/2697 2768/2689/2698
s 236
f 2790/2711/2699 2796/2717/2700 2792/2713/2701
f 2794/2715/2702 2800/2721/2703 2796/2717/2700
f 2802/2723/2704 2800/2721/2703 2798/2719/2705
f 2806/2727/2706 2804/2725/2707 2802/2723/2704
f 2810/2731/2708 2808/2729/2709 2806/2727/2706
f 2813/2734/2710 2812/2733/2711 2810/2731/2708
f 2817/2738/2712 2815/2736/2713 2813/2734/2710
f 2821/2742/2714 2819/2740/2715 2817/2738/2712
f 2825/2746/2716 2823/2744/2717 2821/2742/2714
f 2831/2752/2718 2829/2750/2719 2826/2747/2720
s 246
f 2824/2745/2721 2834/2755/2722 2791/2712/2723
s 236
f 2835/2756/2724 2833/2754/2725 2831/2752/2718
f 2835/2756/2724 2792/2713/2701 2837/2758/2726
s 248
f 2801/2722/2727 2793/2714/2728 2827/2748/2729
s 249
f 2841/2762/2730 2844/2765/2731 2839/2760/2732
f 2846/2767/2733 2848/2769/2734 2844/2765/2731
f 2850/2771/2735 2852/2773/2736 2848/2769/2734
f 2854/2775/2737 2856/2777/2738 2852/2773/2736
f 2858/2779/2739 2860/2781/2740 2856/2777/2738
f 2862/2783/2741 2863/2784/2742 2860/2781/2740
f 2866/2787/2743 2867/2788/2744 2863/2784/2742
f 2869/2790/2745 2871/2792/2746 2867/2788/2744
f 2873/2794/2747 2875/2796/2748 2871/2792/2746
f 2878/2799/2749 2881/2802/2750 2876/2797/2751
s 259
f 2884/2805/2752 2865/2786/2753 2849/2770/2754
s 249
f 2881/2802/2750 2887/2808/2755 2885/2806/2756
f 2887/2808/2755 2839/2760/2732 2885/2806/2756
s 261
f 2851/2772/2757 2868/2789/2758 2886/2807/2759
s 262
f 2891/2812/2760 2893/2814/2761 2889/2810/2762
f 2895/2816/2763 2897/2818/2764 2893/2814/2761
f 2899/2820/2765 2902/2823/2766 2897/2818/2764
f 2904/2825/2767 2906/2827/2768 2902/2823/2766
f 2908/2829/2769 2910/2831/2770 2906/2827/2768
f 2912/2833/2771 2914/2835/2772 2910/2831/2770
f 2916/2837/2773 2918/2839/2774 2914/2835/2772
f 2920/2841/2775 2922/2843/2776 2918/2839/2774
f 2924/2845/2777 2925/2846/2778 2922/2843/2776
f 2927/2848/2779 2929/2850/2780 2925/2846/2778
s 272
f 2907/2828/2781 2900/2821/2782 2932/2853/2783
s 262
f 2929/2850/2780 2937/2858/2784 2933/2854/2785
f 2936/2857/2786 2889/2810/2762 2934/2855/2787
s 274
f 2901/2822/2788 2917/2838/2789 2935/2856/2790
s 275
f 2941/2862/2791 2943/2864/2792 2939/2860/2793
f 2945/2866/2794 2947/2868/2795 2943/2864/2792
f 2951/2872/2796 2953/2874/2797 2948/2869/2798
f 2955/2876/2799 2957/2878/2800 2953/2874/2797
f 2959/2880/2801 2962/2883/2802 2957/2878/2800
f 2962/2883/2802 2968/2889/2803 2966/2887/2804
f 2966/2887/2804 2972/2893/2805 2970/2891/2806
f 2972/2893/2805 2974/2895/2807 2970/2891/2806
f 2976/2897/2808 2978/2899/2809 2974/2895/2807
f 2980/2901/2810 2982/2903/2811 2978/2899/2809
s 283
f 2960/2881/2812 2952/2873/2813 2983/2904/2814
s 275
f 2982/2903/2811 2987/2908/2815 2985/2906/2816
f 2985/2906/2816 2941/2862/2791 2939/2860/2793
s 285
f 2944/2865/2817 2954/2875/2818 2969/2890/2819
s 286
f 2992/2913/2820 2994/2915/2821 2990/2911/2822
f 2996/2917/2823 2997/2918/2824 2994/2915/2821
f 2999/2920/2825 3001/2922/2826 2997/2918/2824
f 3003/2924/2827 3006/2927/2828 3001/2922/2826
f 3008/2929/2829 3011/2932/2830 3005/2926/2831
f 3011/2932/2830 3017/2938/2832 3015/2936/2833
f 3015/2936/2833 3021/2942/2834 3019/2940/2835
f 3021/2942/2834 3024/2945/2836 3019/2940/2835
f 3026/2947/2837 3028/2949/2838 3024/2945/2836
f 3030/2951/2839 3032/2953/2840 3028/2949/2838
s 294
f 3010/2931/2841 3000/2921/2842 3033/2954/2843
s 286
f 3032/2953/2840 3038/2959/2844 3036/2957/2845
f 3036/2957/2845 2992/2913/2820 2990/2911/2822
s 296
f 2993/2914/2846 3002/2923/2847 3020/2941/2848
s 297
f 3042/2963/2849 3044/2965/2850 3040/2961/2851
f 3046/2967/2852 3048/2969/2853 3044/2965/2850
f 3050/2971/2854 3052/2973/2855 3048/2969/2853
f 3054/2975/2856 3055/2976/2857 3052/2973/2855
f 3057/2978/2858 3059/2980/2859 3055/2976/2857
f 3061/2982/2860 3063/2984/2861 3059/2980/2859
f 3064/2985/2862 3071/2992/2863 3069/2990/2864
f 3071/2992/2863 3073/2994/2865 3069/2990/2864
f 3073/2994/2865 3079/3000/2866 3077/2998/2867
f 3079/3000/2866 3082/3003/2868 3077/2998/2867
s 305
f 3058/2979/2869 3049/2970/2870 3083/3004/2871
s 297
f 3082/3003/2868 3088/3009/2872 3086/3007/2873
f 3086/3007/2873 3042/2963/2849 3040/2961/2851
s 307
f 3078/2999/2874 3085/3006/2875 3051/2972/2876
s 1
f 1913/1834/1894 1911/1832/1897 2088/2009/1895
f 1911/1832/1897 1915/1836/1899 2089/2010/1898
f 1915/1836/1899 1917/1838/1901 2090/2011/1900
f 1917/1838/1901 1919/1840/1903 2091/2012/1902
f 1919/1840/1903 1921/1842/1905 2092/2013/1904
f 1921/1842/1905 1923/1844/1907 2093/2014/1906
f 1923/1844/1907 1925/1846/1909 2094/2015/1908
f 1925/1846/1909 1927/1848/1911 2095/2016/1910
f 1927/1848/1911 1929/1850/1913 2096/2017/1912
f 1929/1850/1913 1931/1852/1915 2097/2018/1914
f 1931/1852/1915 1933/1854/1917 2098/2019/1916
f 1933/1854/1917 1935/1856/1919 2099/2020/1918
f 1935/1856/1919 1937/1858/1921 2100/2021/1920
f 1937/1858/1921 1939/1860/1923 2101/2022/1922
f 1939/1860/1923 1941/1862/1925 2102/2023/1924
f 1941/1862/1925 1942/1863/1927 2103/2024/1926
f 1942/1863/1927 1944/1865/1929 2104/2025/1928
f 1944/1865/1929 1946/1867/1931 2105/2026/1930
f 1946/1867/1931 1948/1869/1933 2106/2027/1932
f 1948/1869/1933 1950/1871/1935 2107/2028/1934
f 1950/1871/1935 1952/1873/1937 2108/2029/1936
f 1952/1873/1937 1954/1875/1939 2109/2030/1938
f 1954/1875/1939 1956/1877/1941 2110/2031/1940
f 1956/1877/1941 1958/1879/2877 2111/2032/1942
f 1959/1880/1943 1961/1882/1946 2113/2034/1944
f 1961/1882/1946 1963/1884/1948 2114/2035/1947
f 1963/1884/1948 1965/1886/1950 2115/2036/1949
f 1965/1886/1950 1967/1888/1952 2116/2037/1951
f 1967/1888/1952 1969/1890/1954 2117/2038/1953
f 1969/1890/1954 1971/1892/1956 2118/2039/1955
f 1971/1892/1956 1973/1894/1958 2119/2040/1957
f 1973/1894/1958 1913/1834/1894 2087/2008/1896
s 32
f 1895/1816/1959 1977/1898/1962 1910/1831/1960
f 1977/1898/1962 1983/1904/1964 1914/1835/1963
f 1983/1904/1964 1987/1908/1967 1916/1837/1965
f 1897/1818/1966 1918/1839/1969 1916/1837/1965
f 1897/1818/1966 1993/1914/1970 1920/1841/1968
f 1993/1914/1970 1997/1918/1973 1922/1843/1971
f 2001/1922/1972 1924/1845/1975 1922/1843/1971
f 2006/1927/1974 1926/1847/1977 1924/1845/1975
f 1899/1820/1976 1928/1849/1979 1926/1847/1977
f 1899/1820/1976 2013/1934/1980 1930/1851/1978
f 2013/1934/1980 2016/1937/1983 1932/1853/1981
f 2018/1939/1982 1934/1855/1985 1932/1853/1981
f 2021/1942/1984 1936/1857/1987 1934/1855/1985
f 1901/1822/1986 1938/1859/1989 1936/1857/1987
f 1903/1824/1988 1940/1861/1991 1938/1859/1989
f 1903/1824/1988 2030/1951/1993 1943/1864/1990
f 1904/1825/1992 1945/1866/1995 1943/1864/1990
f 1904/1825/1992 2035/1956/1997 1947/1868/1994
f 2039/1960/1996 1949/1870/1999 1947/1868/1994
f 2043/1964/1998 1951/1872/2001 1949/1870/1999
f 2048/1969/2000 1953/1874/2003 1951/1872/2001
f 2053/1974/2002 1955/1876/2005 1953/1874/2003
f 2057/1978/2004 1957/1878/2007 1955/1876/2005
f 2060/1981/2006 1960/1881/2009 1957/1878/2007
f 2060/1981/2006 2062/1983/2010 1962/1883/2008
f 2062/1983/2010 2066/1987/2013 1964/1885/2011
f 1906/1827/2012 1966/1887/2015 1964/1885/2011
f 1906/1827/2012 2074/1995/2016 1968/1889/2014
f 2074/1995/2016 2078/1999/2019 1970/1891/2017
f 1908/1829/2018 1972/1893/2021 1970/1891/2017
f 1908/1829/2018 2083/2004/2022 1974/1895/2020
f 1895/1816/1959 1912/1833/1961 1974/1895/2020
s 63
f 2121/2042/2030 2177/2098/2025 1975/1896/2024
f 2177/2098/2025 2207/2128/2878 1981/1902/2023
f 2207/2128/2878 2138/2059/2038 1981/1902/2023
f 1976/1897/2026 1894/1815/2144 1980/1901/2027
f 2236/2157/2029 1978/1899/2031 1979/1900/2028
f 2121/2042/2030 1975/1896/2024 1978/1899/2031
f 1976/1897/2026 1979/1900/2028 1985/1906/2032
f 1985/1906/2032 1979/1900/2028 1978/1899/2031
f 1984/1905/2034 1978/1899/2031 1975/1896/2024
f 1982/1903/2033 1985/1906/2032 1989/1910/2035
f 1985/1906/2032 1984/1905/2034 1988/1909/2037
f 2138/2059/2038 1988/1909/2037 1984/1905/2034
f 1986/1907/2036 1989/1910/2035 1990/1911/2039
f 2237/2158/2041 1990/1911/2039 1989/1910/2035
f 1989/1910/2035 1988/1909/2037 2239/2160/2042
f 1992/1913/2043 1896/1817/2040 1990/1911/2039
f 1992/1913/2043 1995/1916/2044 1998/1919/2045
f 1996/1917/2046 1998/1919/2045 2003/1924/2048
f 2244/2165/2050 2246/2167/2053 2003/1924/2048
f 2246/2167/2053 2002/1923/2052 2003/1924/2048
f 2003/1924/2048 1998/1919/2045 2244/2165/2050
f 2137/2058/2051 1999/1920/2879 2002/1923/2052
f 2000/1921/2049 2003/1924/2048 2008/1929/2054
f 2008/1929/2054 2003/1924/2048 2002/1923/2052
f 2002/1923/2052 1999/1920/2879 2004/1925/2057
f 2005/1926/2055 2008/1929/2054 2011/1932/2058
f 2011/1932/2058 2008/1929/2054 2007/1928/2056
f 2010/1931/2060 2007/1928/2056 2004/1925/2057
f 2012/1933/2062 1898/1819/2059 2011/1932/2058
f 2250/2171/2068 2014/1935/2063 2248/2169/2064
f 2014/1935/2063 2011/1932/2058 2248/2169/2064
f 2010/1931/2060 2009/1930/2061 2135/2056/2065
f 2015/1936/2066 2012/1933/2062 2014/1935/2063
f 2017/1938/2069 2015/1936/2066 2252/2173/2067
f 2020/1941/2072 2017/1938/2069 2019/1940/2070
f 2253/2174/2074 2257/2178/2077 2023/1944/2073
f 2257/2178/2077 2022/1943/2076 2023/1944/2073
f 2023/1944/2073 2019/1940/2070 2256/2177/2071
f 2020/1941/2072 2023/1944/2073 2026/1947/2078
f 2026/1947/2078 2023/1944/2073 2022/1943/2076
f 2132/2053/2075 2024/1945/2164 2025/1946/2080
f 1900/1821/2079 2026/1947/2078 2029/1950/2081
f 2029/1950/2081 2026/1947/2078 2025/1946/2080
f 2025/1946/2080 2024/1945/2164 2027/1948/2084
f 2031/1952/2085 1902/1823/2082 2029/1950/2081
f 2260/2181/2087 2032/1953/2086 2029/1950/2081
f 2028/1949/2083 2027/1948/2084 2131/2052/2088
f 2031/1952/2085 2032/1953/2086 2034/1955/2089
f 2036/1957/2092 1905/1826/2090 2034/1955/2089
f 2036/1957/2092 2037/1958/2093 2041/1962/2094
f 2040/1961/2095 2041/1962/2094 2046/1967/2097
f 2265/2186/2099 2045/1966/2101 2046/1967/2097
f 2046/1967/2097 2041/1962/2094 2265/2186/2099
f 2128/2049/2100 2042/1963/2880 2045/1966/2101
f 2044/1965/2098 2046/1967/2097 2051/1972/2102
f 2051/1972/2102 2046/1967/2097 2045/1966/2101
f 2045/1966/2101 2042/1963/2880 2047/1968/2105
f 2049/1970/2103 2051/1972/2102 2056/1977/2106
f 2056/1977/2106 2051/1972/2102 2050/1971/2104
f 2055/1976/2108 2050/1971/2104 2047/1968/2105
f 2058/1979/2110 2054/1975/2107 2056/1977/2106
f 2267/2188/2113 2269/2190/2117 2059/1980/2111
f 2056/1977/2106 2055/1976/2108 2272/2193/2112
f 2267/2188/2113 2059/1980/2111 2056/1977/2106
f 2055/1976/2108 2052/1973/2109 2127/2048/2114
f 2061/1982/2115 2058/1979/2110 2059/1980/2111
f 2061/1982/2115 2273/2194/2116 2064/1985/2118
f 2063/1984/2119 2064/1985/2118 2069/1990/2121
f 2277/2198/2123 2280/2201/2126 2069/1990/2121
f 2280/2201/2126 2068/1989/2125 2069/1990/2121
f 2069/1990/2121 2064/1985/2118 2277/2198/2123
f 2125/2046/2124 2065/1986/2881 2068/1989/2125
f 2067/1988/2122 2069/1990/2121 2072/1993/2127
f 2069/1990/2121 2068/1989/2125 2071/1992/2129
f 2068/1989/2125 2065/1986/2881 2070/1991/2130
f 2075/1996/2131 1907/1828/2128 2072/1993/2127
f 2072/1993/2127 2071/1992/2129 2076/1997/2133
f 2076/1997/2133 2071/1992/2129 2070/1991/2130
f 2079/2000/2135 2075/1996/2131 2077/1998/2132
f 2283/2204/2141 2080/2001/2136 2281/2202/2137
f 2080/2001/2136 2077/1998/2132 2281/2202/2137
f 2076/1997/2133 2073/1994/2134 2122/2043/2138
f 2079/2000/2135 2080/2001/2136 2081/2002/2139
f 2084/2005/2143 2086/2007/2145 1980/1901/2027
f 2137/2058/2051 2232/2153/2158 1999/1920/2879
f 2232/2153/2158 2230/2151/2146 2004/1925/2057
f 1999/1920/2879 2232/2153/2158 2004/1925/2057
f 2230/2151/2146 2135/2056/2065 2009/1930/2061
f 2125/2046/2124 2158/2079/2152 2065/1986/2881
f 2158/2079/2152 2161/2082/2148 2070/1991/2130
f 2065/1986/2881 2158/2079/2152 2070/1991/2130
f 2161/2082/2148 2122/2043/2138 2073/1994/2134
f 2144/2065/2150 2127/2048/2114 2052/1973/2109
f 2052/1973/2109 2047/1968/2105 2144/2065/2150
f 2047/1968/2105 2042/1963/2880 2151/2072/2149
f 2042/1963/2880 2128/2049/2100 2151/2072/2149
f 2163/2084/2151 2161/2082/2148 2158/2079/2152
f 2203/2124/2154 2194/2115/2882 2192/2113/2147
f 2151/2072/2149 2167/2088/2883 2154/2075/2156
f 2225/2146/2157 2227/2148/2884 2230/2151/2146
f 2197/2118/2159 2207/2128/2878 2177/2098/2025
f 2148/2069/2885 2154/2075/2156 2167/2088/2883
f 2166/2087/2886 2183/2104/2887 2196/2117/2888
f 2183/2104/2887 2188/2109/2889 2196/2117/2888
f 2148/2069/2885 2167/2088/2883 2166/2087/2886
f 2142/2063/2890 2146/2067/2891 2156/2077/2892
f 2146/2067/2891 2148/2069/2885 2150/2071/2893
f 2150/2071/2893 2156/2077/2892 2146/2067/2891
f 2163/2084/2151 2160/2081/2153 2170/2091/2894
f 2160/2081/2153 2150/2071/2893 2170/2091/2894
f 2175/2096/2895 2185/2106/2896 2172/2093/2897
f 2185/2106/2896 2170/2091/2894 2172/2093/2897
f 2148/2069/2885 2166/2087/2886 2190/2111/2898
f 2190/2111/2898 2166/2087/2886 2196/2117/2888
f 2190/2111/2898 2194/2115/2882 2199/2120/2899
f 2194/2115/2882 2203/2124/2154 2199/2120/2899
f 2199/2120/2899 2233/2154/2900 2214/2135/2901
f 2233/2154/2900 2218/2139/2902 2214/2135/2901
f 2170/2091/2894 2150/2071/2893 2148/2069/2885
f 2197/2118/2159 2179/2100/2160 2181/2102/2161
f 2181/2102/2161 2172/2093/2897 2170/2091/2894
f 2170/2091/2894 2148/2069/2885 2190/2111/2898
f 2190/2111/2898 2199/2120/2899 2223/2144/2903
f 2223/2144/2903 2199/2120/2899 2214/2135/2901
f 2223/2144/2903 2227/2148/2884 2225/2146/2157
f 2221/2142/2162 2216/2137/2904 2212/2133/2905
f 2216/2137/2904 2209/2130/2906 2212/2133/2905
f 2223/2144/2903 2225/2146/2157 2221/2142/2162
f 2181/2102/2161 2170/2091/2894 2223/2144/2903
f 2170/2091/2894 2190/2111/2898 2223/2144/2903
f 2205/2126/2163 2197/2118/2159 2181/2102/2161
f 2212/2133/2905 2205/2126/2163 2221/2142/2162
f 2223/2144/2903 2221/2142/2162 2181/2102/2161
f 2192/2113/2147 2027/1948/2084 2024/1945/2164
f 2084/2005/2143 1909/1830/2140 2081/2002/2139
s 86
f 2153/2074/2165 2295/2216/2198 2291/2212/2166
f 2271/2192/2168 2301/2222/2179 2299/2220/2169
f 2124/2045/2171 2279/2200/2197 2305/2226/2172
f 2143/2064/2167 2291/2212/2166 2288/2209/2174
f 2140/2061/2176 2289/2210/2907 2292/2213/2177
f 2126/2047/2175 2288/2209/2174 2301/2222/2179
f 2278/2199/2180 2276/2197/2188 2303/2224/2181
f 2155/2076/2183 2296/2217/2191 2290/2211/2184
f 2145/2066/2178 2292/2213/2177 2293/2214/2186
f 2276/2197/2188 2274/2195/2201 2302/2223/2189
f 2149/2070/2190 2294/2215/2195 2296/2217/2191
f 2124/2045/2171 2287/2208/2173 2297/2218/2192
f 2159/2080/2194 2298/2219/2196 2294/2215/2195
f 2157/2078/2193 2297/2218/2192 2298/2219/2196
f 2279/2200/2197 2278/2199/2180 2304/2225/2182
f 2147/2068/2187 2293/2214/2186 2295/2216/2198
f 2268/2189/2170 2299/2220/2169 2300/2221/2199
f 2270/2191/2200 2300/2221/2199 2302/2223/2189
s 95
f 2169/2090/2202 2312/2233/2229 2311/2232/2203
f 2285/2206/2205 2085/2006/2233 2307/2228/2206
f 2180/2101/2208 2318/2239/2224 2313/2234/2209
f 2282/2203/2211 2321/2242/2228 2322/2243/2212
f 2120/2041/2214 2308/2229/2226 2316/2237/2215
f 2174/2095/2217 2315/2236/2908 2319/2240/2218
f 2162/2083/2220 2310/2231/2236 2309/2230/2221
f 2178/2099/2223 2317/2238/2235 2318/2239/2224
f 2120/2041/2214 2235/2156/2227 2320/2241/2225
f 2235/2156/2227 2285/2206/2205 2323/2244/2207
f 2123/2044/2222 2309/2230/2221 2321/2242/2228
f 2184/2105/2219 2319/2240/2218 2312/2233/2229
f 2171/2092/2210 2313/2234/2209 2314/2235/2230
f 2082/2003/2232 2306/2227/2234 2307/2228/2206
f 2284/2205/2213 2322/2243/2212 2306/2227/2234
f 2176/2097/2216 2316/2237/2215 2317/2238/2235
f 2164/2085/2204 2311/2232/2203 2310/2231/2236
s 105
f 2264/2185/2237 2038/1959/2268 2325/2246/2238
f 2193/2114/2240 2336/2257/2267 2335/2256/2241
f 2152/2073/2243 2328/2249/2250 2330/2251/2244
f 2261/2182/2246 2339/2260/2256 2324/2245/2247
f 2129/2050/2249 2326/2247/2254 2328/2249/2250
f 2168/2089/2245 2330/2251/2244 2329/2250/2251
f 2129/2050/2249 2266/2187/2265 2341/2262/2253
f 2259/2180/2255 2338/2259/2261 2339/2260/2256
f 2186/2107/2257 2332/2253/2909 2337/2258/2258
f 2130/2051/2260 2327/2248/2262 2338/2259/2261
f 2191/2112/2242 2335/2256/2241 2327/2248/2262
f 2165/2086/2252 2329/2250/2251 2331/2252/2263
f 2266/2187/2265 2264/2185/2237 2340/2261/2239
f 2189/2110/2266 2334/2255/2271 2336/2257/2267
f 2033/1954/2248 2324/2245/2247 2325/2246/2238
f 2182/2103/2264 2331/2252/2263 2333/2254/2269
f 2195/2116/2259 2337/2258/2258 2334/2255/2271
s 115
f 2219/2140/2272 2348/2269/2910 2347/2268/2273
f 2255/2176/2275 2251/2172/2297 2356/2277/2276
f 2234/2155/2278 2353/2274/2286 2349/2270/2279
f 2254/2175/2281 2255/2176/2275 2358/2279/2277
f 2258/2179/2283 2254/2175/2281 2357/2278/2282
f 2200/2121/2285 2344/2265/2304 2353/2274/2286
f 2215/2136/2274 2347/2268/2273 2350/2271/2287
f 2133/2054/2289 2258/2179/2283 2359/2280/2284
f 2224/2145/2288 2350/2271/2287 2351/2272/2291
f 2202/2123/2293 2345/2266/2301 2346/2267/2294
f 2249/2170/2296 2355/2276/2305 2356/2277/2276
f 2134/2055/2298 2343/2264/2306 2354/2275/2299
f 2133/2054/2289 2342/2263/2290 2345/2266/2301
f 2228/2149/2292 2351/2272/2291 2352/2273/2302
f 2204/2125/2295 2346/2267/2294 2344/2265/2304
f 2247/2168/2300 2354/2275/2299 2355/2276/2305
f 2229/2150/2303 2352/2273/2302 2343/2264/2306
s 122
f 2139/2060/2307 2363/2284/2341 2375/2296/2308
f 2238/2159/2310 2374/2295/2342 2360/2281/2311
f 2213/2134/2313 2369/2290/2330 2365/2286/2314
f 2222/2143/2316 2371/2292/2334 2370/2291/2317
f 2136/2057/2319 2245/2166/2337 2378/2299/2320
f 2243/2164/2322 2241/2162/2338 2376/2297/2323
f 1991/1912/2312 2360/2281/2311 2361/2282/2325
f 2206/2127/2315 2365/2286/2314 2364/2285/2327
f 2210/2131/2329 2367/2288/2911 2369/2290/2330
f 2198/2119/2328 2364/2285/2327 2366/2287/2331
f 2226/2147/2333 2372/2293/2340 2371/2292/2334
f 2217/2138/2318 2370/2291/2317 2368/2289/2335
f 2245/2166/2337 2243/2164/2322 2377/2298/2324
f 2241/2162/2338 1994/1915/2326 2361/2282/2325
f 2231/2152/2339 2373/2294/2343 2372/2293/2340
f 2208/2129/2332 2366/2287/2331 2363/2284/2341
f 2240/2161/2309 2375/2296/2308 2374/2295/2342
f 2136/2057/2319 2362/2283/2321 2373/2294/2343
s 1
f 2088/2009/1895 2396/2317/2345 2398/2319/2344
f 2089/2010/1898 2400/2321/2346 2396/2317/2345
f 2090/2011/1900 2402/2323/2347 2400/2321/2346
f 2091/2012/1902 2404/2325/2348 2402/2323/2347
f 2092/2013/1904 2406/2327/2349 2404/2325/2348
f 2093/2014/1906 2408/2329/2350 2406/2327/2349
f 2094/2015/1908 2410/2331/2351 2408/2329/2350
f 2095/2016/1910 2412/2333/2352 2410/2331/2351
f 2096/2017/1912 2414/2335/2353 2412/2333/2352
f 2097/2018/1914 2416/2337/2354 2414/2335/2353
f 2098/2019/1916 2418/2339/2355 2416/2337/2354
f 2099/2020/1918 2420/2341/2356 2418/2339/2355
f 2100/2021/1920 2422/2343/2357 2420/2341/2356
f 2101/2022/1922 2424/2345/2358 2422/2343/2357
f 2102/2023/1924 2426/2347/2359 2424/2345/2358
f 2103/2024/1926 2427/2348/2360 2426/2347/2359
f 2104/2025/1928 2429/2350/2361 2427/2348/2360
f 2105/2026/1930 2431/2352/2362 2429/2350/2361
f 2106/2027/1932 2433/2354/2363 2431/2352/2362
f 2107/2028/1934 2435/2356/2364 2433/2354/2363
f 2108/2029/1936 2437/2358/2365 2435/2356/2364
f 2109/2030/1938 2439/2360/2366 2437/2358/2365
f 2110/2031/1940 2441/2362/2367 2439/2360/2366
f 2111/2032/1942 2444/2365/2912 2441/2362/2367
f 2113/2034/1944 2446/2367/2369 2443/2364/2368
f 2114/2035/1947 2448/2369/2370 2446/2367/2369
f 2115/2036/1949 2450/2371/2371 2448/2369/2370
f 2116/2037/1951 2452/2373/2372 2450/2371/2371
f 2117/2038/1953 2454/2375/2373 2452/2373/2372
f 2118/2039/1955 2456/2377/2374 2454/2375/2373
f 2119/2040/1957 2458/2379/2375 2456/2377/2374
f 2087/2008/1896 2398/2319/2344 2458/2379/2375
s 131
f 2380/2301/2376 2397/2318/2913 2395/2316/2377
f 2462/2383/2378 2395/2316/2377 2399/2320/2379
f 2468/2389/2380 2399/2320/2379 2401/2322/2381
f 2401/2322/2381 2403/2324/2914 2382/2303/2383
f 2382/2303/2383 2403/2324/2914 2405/2326/2384
f 2478/2399/2385 2405/2326/2384 2407/2328/2386
f 2407/2328/2386 2409/2330/2389 2486/2407/2388
f 2409/2330/2389 2411/2332/2391 2491/2412/2390
f 2411/2332/2391 2413/2334/2915 2384/2305/2392
f 2384/2305/2392 2413/2334/2915 2415/2336/2393
f 2498/2419/2394 2415/2336/2393 2417/2338/2395
f 2417/2338/2395 2419/2340/2398 2503/2424/2397
f 2419/2340/2398 2421/2342/2400 2506/2427/2399
f 2421/2342/2400 2423/2344/2402 2386/2307/2401
f 2423/2344/2402 2425/2346/2916 2388/2309/2403
f 2388/2309/2403 2425/2346/2916 2428/2349/2404
f 2428/2349/2404 2430/2351/2917 2389/2310/2406
f 2389/2310/2406 2430/2351/2917 2432/2353/2407
f 2432/2353/2407 2434/2355/2410 2524/2445/2409
f 2434/2355/2410 2436/2357/2412 2528/2449/2411
f 2436/2357/2412 2438/2359/2414 2533/2454/2413
f 2438/2359/2414 2440/2361/2416 2538/2459/2415
f 2440/2361/2416 2442/2363/2418 2542/2463/2417
f 2442/2363/2418 2445/2366/2918 2545/2466/2419
f 2545/2466/2419 2445/2366/2918 2447/2368/2420
f 2547/2468/2421 2447/2368/2420 2449/2370/2422
f 2449/2370/2422 2451/2372/2919 2391/2312/2424
f 2391/2312/2424 2451/2372/2919 2453/2374/2425
f 2559/2480/2426 2453/2374/2425 2455/2376/2427
f 2455/2376/2427 2457/2378/2920 2393/2314/2429
f 2393/2314/2429 2457/2378/2920 2459/2380/2430
f 2459/2380/2430 2397/2318/2913 2380/2301/2376
s 149
f 2659/2580/2434 2629/2550/2570 2466/2387/2432
f 2629/2550/2570 2573/2494/2441 2460/2381/2442
f 2466/2387/2432 2629/2550/2570 2460/2381/2442
f 2461/2382/2435 2464/2385/2439 2465/2386/2436
f 2688/2609/2438 2465/2386/2436 2464/2385/2439
f 2573/2494/2441 2688/2609/2438 2463/2384/2440
f 2470/2391/2443 2464/2385/2439 2461/2382/2435
f 2470/2391/2443 2469/2390/2445 2463/2384/2440
f 2466/2387/2432 2460/2381/2442 2463/2384/2440
f 2474/2395/2446 2470/2391/2443 2467/2388/2444
f 2474/2395/2446 2473/2394/2448 2469/2390/2445
f 2590/2511/2433 2466/2387/2432 2469/2390/2445
f 2475/2396/2449 2474/2395/2446 2471/2392/2447
f 2689/2610/2451 2691/2612/2452 2474/2395/2446
f 2691/2612/2452 2473/2394/2448 2474/2395/2446
f 2475/2396/2449 2381/2302/2450 2477/2398/2453
f 2483/2404/2455 2480/2401/2454 2477/2398/2453
f 2488/2409/2458 2483/2404/2455 2481/2402/2456
f 2487/2408/2462 2698/2619/2921 2488/2409/2458
f 2698/2619/2921 2696/2617/2460 2488/2409/2458
f 2696/2617/2460 2694/2615/2457 2483/2404/2455
f 2589/2510/2461 2698/2619/2921 2487/2408/2462
f 2493/2414/2464 2488/2409/2458 2485/2406/2459
f 2492/2413/2466 2487/2408/2462 2488/2409/2458
f 2489/2410/2467 2484/2405/2463 2487/2408/2462
f 2496/2417/2468 2493/2414/2464 2490/2411/2465
f 2496/2417/2468 2495/2416/2470 2492/2413/2466
f 2495/2416/2470 2494/2415/2554 2489/2410/2467
f 2497/2418/2471 2499/2420/2475 2496/2417/2468
f 2496/2417/2468 2499/2420/2475 2700/2621/2472
f 2499/2420/2475 2702/2623/2477 2700/2621/2472
f 2587/2508/2473 2494/2415/2554 2495/2416/2470
f 2500/2421/2474 2704/2625/2476 2499/2420/2475
f 2502/2423/2478 2504/2425/2480 2704/2625/2476
f 2505/2426/2481 2508/2429/2483 2504/2425/2480
f 2507/2428/2486 2709/2630/2485 2508/2429/2483
f 2709/2630/2485 2705/2626/2482 2508/2429/2483
f 2708/2629/2479 2504/2425/2480 2508/2429/2483
f 2511/2432/2487 2508/2429/2483 2505/2426/2481
f 2510/2431/2489 2507/2428/2486 2508/2429/2483
f 2584/2505/2484 2507/2428/2486 2510/2431/2489
f 2514/2435/2491 2511/2432/2487 2385/2306/2488
f 2514/2435/2491 2513/2434/2494 2510/2431/2489
f 2512/2433/2493 2509/2430/2490 2510/2431/2489
f 2516/2437/2495 2517/2438/2497 2514/2435/2491
f 2712/2633/2496 2513/2434/2494 2514/2435/2491
f 2583/2504/2498 2512/2433/2493 2513/2434/2494
f 2519/2440/2499 2517/2438/2497 2516/2437/2495
f 2521/2442/2502 2522/2443/2504 2519/2440/2499
f 2525/2446/2503 2526/2447/2506 2522/2443/2504
f 2531/2452/2507 2526/2447/2506 2525/2446/2503
f 2531/2452/2507 2530/2451/2511 2717/2638/2509
f 2717/2638/2509 2715/2636/2505 2526/2447/2506
f 2580/2501/2510 2717/2638/2509 2530/2451/2511
f 2536/2457/2513 2531/2452/2507 2529/2450/2508
f 2536/2457/2513 2535/2456/2516 2530/2451/2511
f 2532/2453/2515 2527/2448/2512 2530/2451/2511
f 2541/2462/2517 2536/2457/2513 2534/2455/2514
f 2541/2462/2517 2540/2461/2519 2535/2456/2516
f 2540/2461/2519 2537/2458/2559 2532/2453/2515
f 2543/2464/2520 2544/2465/2521 2541/2462/2517
f 2544/2465/2521 2721/2642/2527 2719/2640/2522
f 2719/2640/2522 2724/2645/2524 2541/2462/2517
f 2724/2645/2524 2540/2461/2519 2541/2462/2517
f 2579/2500/2523 2537/2458/2559 2540/2461/2519
f 2546/2467/2525 2725/2646/2526 2544/2465/2521
f 2549/2470/2528 2725/2646/2526 2546/2467/2525
f 2554/2475/2531 2549/2470/2528 2548/2469/2529
f 2553/2474/2535 2732/2653/2922 2554/2475/2531
f 2732/2653/2922 2729/2650/2533 2554/2475/2531
f 2729/2650/2533 2727/2648/2530 2549/2470/2528
f 2577/2498/2534 2732/2653/2922 2553/2474/2535
f 2557/2478/2537 2554/2475/2531 2552/2473/2532
f 2556/2477/2539 2553/2474/2535 2554/2475/2531
f 2555/2476/2540 2550/2471/2536 2553/2474/2535
f 2560/2481/2541 2562/2483/2543 2557/2478/2537
f 2561/2482/2542 2556/2477/2539 2557/2478/2537
f 2561/2482/2542 2558/2479/2557 2555/2476/2540
f 2564/2485/2544 2565/2486/2550 2562/2483/2543
f 2562/2483/2543 2565/2486/2550 2733/2654/2545
f 2565/2486/2550 2735/2656/2549 2733/2654/2545
f 2574/2495/2546 2558/2479/2557 2561/2482/2542
f 2566/2487/2547 2565/2486/2550 2564/2485/2544
f 2465/2386/2436 2571/2492/2553 2569/2490/2552
f 2682/2603/2555 2684/2605/2923 2489/2410/2467
f 2684/2605/2923 2589/2510/2461 2484/2405/2463
f 2489/2410/2467 2684/2605/2923 2484/2405/2463
f 2489/2410/2467 2494/2415/2554 2682/2603/2555
f 2613/2534/2558 2610/2531/2561 2555/2476/2540
f 2610/2531/2561 2577/2498/2534 2550/2471/2536
f 2555/2476/2540 2610/2531/2561 2550/2471/2536
f 2555/2476/2540 2558/2479/2557 2613/2534/2558
f 2537/2458/2559 2579/2500/2523 2596/2517/2560
f 2596/2517/2560 2603/2524/2567 2532/2453/2515
f 2603/2524/2567 2580/2501/2510 2527/2448/2512
f 2532/2453/2515 2603/2524/2567 2527/2448/2512
f 2610/2531/2561 2613/2534/2558 2615/2536/2562
f 2655/2576/2564 2653/2574/2576 2644/2565/2556
f 2596/2517/2560 2606/2527/2924 2619/2540/2566
f 2677/2598/2568 2684/2605/2923 2682/2603/2555
f 2629/2550/2570 2659/2580/2434 2649/2570/2571
f 2619/2540/2566 2606/2527/2924 2600/2521/2925
f 2600/2521/2925 2598/2519/2926 2608/2529/2927
f 2598/2519/2926 2594/2515/2928 2608/2529/2927
f 2608/2529/2927 2602/2523/2929 2600/2521/2925
f 2602/2523/2929 2612/2533/2563 2622/2543/2930
f 2612/2533/2563 2615/2536/2562 2622/2543/2930
f 2622/2543/2930 2637/2558/2931 2633/2554/2575
f 2637/2558/2931 2627/2548/2932 2624/2545/2933
f 2633/2554/2575 2637/2558/2931 2624/2545/2933
f 2618/2539/2934 2619/2540/2566 2600/2521/2925
f 2640/2561/2935 2635/2556/2936 2648/2569/2937
f 2635/2556/2936 2618/2539/2934 2648/2569/2937
f 2642/2563/2938 2648/2569/2937 2618/2539/2934
f 2655/2576/2564 2646/2567/2565 2651/2572/2939
f 2646/2567/2565 2642/2563/2938 2651/2572/2939
f 2670/2591/2940 2685/2606/2941 2666/2587/2942
f 2685/2606/2941 2651/2572/2939 2666/2587/2942
f 2618/2539/2934 2600/2521/2925 2602/2523/2929
f 2602/2523/2929 2622/2543/2930 2633/2554/2575
f 2633/2554/2575 2631/2552/2572 2649/2570/2571
f 2657/2578/2943 2664/2585/2944 2673/2594/2573
f 2664/2585/2944 2661/2582/2945 2668/2589/2946
f 2673/2594/2573 2664/2585/2944 2668/2589/2946
f 2633/2554/2575 2649/2570/2571 2657/2578/2943
f 2642/2563/2938 2618/2539/2934 2602/2523/2929
f 2651/2572/2939 2642/2563/2938 2675/2596/2574
f 2675/2596/2574 2666/2587/2942 2651/2572/2939
f 2677/2598/2568 2679/2600/2569 2675/2596/2574
f 2673/2594/2573 2677/2598/2568 2675/2596/2574
f 2642/2563/2938 2602/2523/2929 2675/2596/2574
f 2602/2523/2929 2633/2554/2575 2675/2596/2574
f 2633/2554/2575 2657/2578/2943 2673/2594/2573
f 2509/2430/2490 2512/2433/2493 2644/2565/2556
f 2566/2487/2547 2394/2315/2548 2569/2490/2552
s 86
f 2291/2212/2166 2295/2216/2198 2605/2526/2577
f 2299/2220/2169 2301/2222/2179 2723/2644/2579
f 2576/2497/2581 2287/2208/2173 2305/2226/2172
f 2288/2209/2174 2291/2212/2166 2595/2516/2578
f 2292/2213/2177 2289/2210/2907 2592/2513/2584
f 2301/2222/2179 2288/2209/2174 2578/2499/2583
f 2730/2651/2586 2304/2225/2182 2303/2224/2181
f 2290/2211/2184 2296/2217/2191 2607/2528/2588
f 2293/2214/2186 2292/2213/2177 2597/2518/2585
f 2728/2649/2587 2303/2224/2181 2302/2223/2189
f 2296/2217/2191 2294/2215/2195 2601/2522/2592
f 2297/2218/2192 2287/2208/2173 2576/2497/2581
f 2294/2215/2195 2298/2219/2196 2611/2532/2594
f 2298/2219/2196 2297/2218/2192 2609/2530/2593
f 2731/2652/2582 2305/2226/2172 2304/2225/2182
f 2295/2216/2198 2293/2214/2186 2599/2520/2590
f 2300/2221/2199 2299/2220/2169 2720/2641/2580
f 2302/2223/2189 2300/2221/2199 2722/2643/2595
s 95
f 2311/2232/2203 2312/2233/2229 2621/2542/2596
f 2737/2658/2598 2323/2244/2207 2307/2228/2206
f 2313/2234/2209 2318/2239/2224 2632/2553/2600
f 2322/2243/2212 2321/2242/2228 2734/2655/2602
f 2316/2237/2215 2308/2229/2226 2572/2493/2604
f 2319/2240/2218 2315/2236/2908 2626/2547/2606
f 2309/2230/2221 2310/2231/2236 2614/2535/2608
f 2318/2239/2224 2317/2238/2235 2630/2551/2610
f 2572/2493/2604 2308/2229/2226 2320/2241/2225
f 2687/2608/2611 2320/2241/2225 2323/2244/2207
f 2321/2242/2228 2309/2230/2221 2575/2496/2609
f 2312/2233/2229 2319/2240/2218 2636/2557/2607
f 2314/2235/2230 2313/2234/2209 2623/2544/2601
f 2307/2228/2206 2306/2227/2234 2567/2488/2613
f 2306/2227/2234 2322/2243/2212 2736/2657/2603
f 2317/2238/2235 2316/2237/2215 2628/2549/2605
f 2310/2231/2236 2311/2232/2203 2616/2537/2597
s 105
f 2716/2637/2614 2340/2261/2239 2325/2246/2238
f 2335/2256/2241 2336/2257/2267 2645/2566/2616
f 2330/2251/2244 2328/2249/2250 2604/2525/2618
f 2324/2245/2247 2339/2260/2256 2713/2634/2620
f 2328/2249/2250 2326/2247/2254 2581/2502/2622
f 2329/2250/2251 2330/2251/2244 2620/2541/2619
f 2581/2502/2622 2326/2247/2254 2341/2262/2253
f 2339/2260/2256 2338/2259/2261 2711/2632/2625
f 2337/2258/2258 2332/2253/2909 2638/2559/2626
f 2338/2259/2261 2327/2248/2262 2582/2503/2628
f 2327/2248/2262 2335/2256/2241 2643/2564/2617
f 2331/2252/2263 2329/2250/2251 2617/2538/2623
f 2718/2639/2624 2341/2262/2253 2340/2261/2239
f 2336/2257/2267 2334/2255/2271 2641/2562/2630
f 2325/2246/2238 2324/2245/2247 2518/2439/2621
f 2333/2254/2269 2331/2252/2263 2634/2555/2629
f 2641/2562/2630 2334/2255/2271 2337/2258/2258
s 115
f 2347/2268/2273 2348/2269/2910 2671/2592/2632
f 2707/2628/2634 2358/2279/2277 2356/2277/2276
f 2349/2270/2279 2353/2274/2286 2686/2607/2636
f 2706/2627/2638 2357/2278/2282 2358/2279/2277
f 2710/2631/2639 2359/2280/2284 2357/2278/2282
f 2353/2274/2286 2344/2265/2304 2652/2573/2640
f 2350/2271/2287 2347/2268/2273 2667/2588/2633
f 2585/2506/2642 2342/2263/2290 2359/2280/2284
f 2351/2272/2291 2350/2271/2287 2676/2597/2641
f 2346/2267/2294 2345/2266/2301 2654/2575/2644
f 2356/2277/2276 2355/2276/2305 2701/2622/2646
f 2354/2275/2299 2343/2264/2306 2586/2507/2647
f 2345/2266/2301 2342/2263/2290 2585/2506/2642
f 2352/2273/2302 2351/2272/2291 2680/2601/2643
f 2344/2265/2304 2346/2267/2294 2656/2577/2645
f 2355/2276/2305 2354/2275/2299 2699/2620/2648
f 2343/2264/2306 2352/2273/2302 2681/2602/2649
s 122
f 2375/2296/2308 2363/2284/2341 2591/2512/2650
f 2360/2281/2311 2374/2295/2342 2690/2611/2652
f 2365/2286/2314 2369/2290/2330 2665/2586/2654
f 2370/2291/2317 2371/2292/2334 2674/2595/2656
f 2588/2509/2658 2362/2283/2321 2378/2299/2320
f 2695/2616/2660 2377/2298/2324 2376/2297/2323
f 2361/2282/2325 2360/2281/2311 2476/2397/2653
f 2364/2285/2327 2365/2286/2314 2658/2579/2655
f 2369/2290/2330 2367/2288/2911 2663/2584/2664
f 2366/2287/2331 2364/2285/2327 2650/2571/2663
f 2371/2292/2334 2372/2293/2340 2678/2599/2666
f 2368/2289/2335 2370/2291/2317 2669/2590/2657
f 2697/2618/2659 2378/2299/2320 2377/2298/2324
f 2693/2614/2661 2376/2297/2323 2361/2282/2325
f 2372/2293/2340 2373/2294/2343 2683/2604/2668
f 2363/2284/2341 2366/2287/2331 2660/2581/2665
f 2374/2295/2342 2375/2296/2308 2692/2613/2651
f 2373/2294/2343 2362/2283/2321 2588/2509/2658
s 224
f 2741/2662/2669 2746/2667/2672 2744/2665/2670
f 2746/2667/2672 2750/2671/2947 2748/2669/2673
f 2748/2669/2673 2750/2671/2947 2754/2675/2674
f 2754/2675/2674 2758/2679/2677 2756/2677/2676
f 2758/2679/2677 2762/2683/2679 2760/2681/2678
f 2762/2683/2679 2765/2686/2681 2763/2684/2680
f 2765/2686/2681 2769/2690/2683 2767/2688/2682
f 2769/2690/2683 2773/2694/2685 2771/2692/2684
f 2773/2694/2685 2779/2700/2948 2775/2696/2686
f 2778/2699/2687 2783/2704/2693 2781/2702/2688
s 233
f 2749/2670/2692 2745/2666/2949 2742/2663/2950
f 2742/2663/2950 2788/2709/2951 2749/2670/2692
f 2788/2709/2951 2784/2705/2952 2749/2670/2692
f 2784/2705/2952 2780/2701/2953 2774/2695/2690
f 2774/2695/2690 2770/2691/2954 2766/2687/2691
f 2766/2687/2691 2761/2682/2955 2749/2670/2692
f 2761/2682/2955 2757/2678/2956 2749/2670/2692
f 2757/2678/2956 2753/2674/2957 2749/2670/2692
f 2784/2705/2952 2774/2695/2690 2749/2670/2692
s 224
f 2783/2704/2693 2787/2708/2695 2785/2706/2694
f 2787/2708/2695 2741/2662/2669 2740/2661/2671
s 235
f 2786/2707/2958 2739/2660/2959 2743/2664/2960
f 2743/2664/2960 2747/2668/2961 2751/2672/2696
f 2751/2672/2696 2755/2676/2962 2759/2680/2697
f 2759/2680/2697 2764/2685/2963 2768/2689/2698
f 2768/2689/2698 2772/2693/2964 2777/2698/2965
f 2777/2698/2965 2782/2703/2966 2768/2689/2698
f 2782/2703/2966 2786/2707/2958 2768/2689/2698
f 2786/2707/2958 2743/2664/2960 2768/2689/2698
f 2743/2664/2960 2751/2672/2696 2768/2689/2698
s 236
f 2790/2711/2699 2794/2715/2702 2796/2717/2700
f 2794/2715/2702 2798/2719/2705 2800/2721/2703
f 2802/2723/2704 2804/2725/2707 2800/2721/2703
f 2806/2727/2706 2808/2729/2709 2804/2725/2707
f 2810/2731/2708 2812/2733/2711 2808/2729/2709
f 2813/2734/2710 2815/2736/2713 2812/2733/2711
f 2817/2738/2712 2819/2740/2715 2815/2736/2713
f 2821/2742/2714 2823/2744/2717 2819/2740/2715
f 2825/2746/2716 2828/2749/2967 2823/2744/2717
f 2831/2752/2718 2833/2754/2725 2829/2750/2719
s 246
f 2791/2712/2723 2795/2716/2968 2799/2720/2969
f 2799/2720/2969 2803/2724/2970 2807/2728/2971
f 2807/2728/2971 2811/2732/2972 2824/2745/2721
f 2811/2732/2972 2816/2737/2973 2824/2745/2721
f 2816/2737/2973 2820/2741/2974 2824/2745/2721
f 2824/2745/2721 2830/2751/2975 2834/2755/2722
f 2834/2755/2722 2838/2759/2976 2791/2712/2723
f 2791/2712/2723 2799/2720/2969 2824/2745/2721
f 2799/2720/2969 2807/2728/2971 2824/2745/2721
s 236
f 2835/2756/2724 2837/2758/2726 2833/2754/2725
f 2835/2756/2724 2790/2711/2699 2792/2713/2701
s 248
f 2793/2714/2728 2789/2710/2977 2836/2757/2978
f 2836/2757/2978 2832/2753/2979 2793/2714/2728
f 2832/2753/2979 2827/2748/2729 2793/2714/2728
f 2827/2748/2729 2822/2743/2980 2818/2739/2981
f 2818/2739/2981 2814/2735/2982 2809/2730/2983
f 2809/2730/2983 2805/2726/2984 2801/2722/2727
f 2801/2722/2727 2797/2718/2985 2793/2714/2728
f 2827/2748/2729 2818/2739/2981 2809/2730/2983
f 2809/2730/2983 2801/2722/2727 2827/2748/2729
s 249
f 2841/2762/2730 2846/2767/2733 2844/2765/2731
f 2846/2767/2733 2850/2771/2735 2848/2769/2734
f 2850/2771/2735 2854/2775/2737 2852/2773/2736
f 2854/2775/2737 2858/2779/2739 2856/2777/2738
f 2858/2779/2739 2862/2783/2741 2860/2781/2740
f 2862/2783/2741 2866/2787/2743 2863/2784/2742
f 2866/2787/2743 2869/2790/2745 2867/2788/2744
f 2869/2790/2745 2873/2794/2747 2871/2792/2746
f 2873/2794/2747 2879/2800/2986 2875/2796/2748
f 2878/2799/2749 2883/2804/2987 2881/2802/2750
s 259
f 2849/2770/2754 2845/2766/2988 2842/2763/2989
f 2842/2763/2989 2888/2809/2990 2849/2770/2754
f 2888/2809/2990 2884/2805/2752 2849/2770/2754
f 2884/2805/2752 2880/2801/2991 2865/2786/2753
f 2880/2801/2991 2874/2795/2992 2865/2786/2753
f 2874/2795/2992 2870/2791/2993 2865/2786/2753
f 2865/2786/2753 2861/2782/2994 2857/2778/2995
f 2857/2778/2995 2853/2774/2996 2849/2770/2754
f 2865/2786/2753 2857/2778/2995 2849/2770/2754
s 249
f 2881/2802/2750 2883/2804/2987 2887/2808/2755
f 2887/2808/2755 2841/2762/2730 2839/2760/2732
s 261
f 2886/2807/2759 2840/2761/2997 2843/2764/2998
f 2843/2764/2998 2847/2768/2999 2886/2807/2759
f 2847/2768/2999 2851/2772/2757 2886/2807/2759
f 2851/2772/2757 2855/2776/3000 2868/2789/2758
f 2855/2776/3000 2859/2780/3001 2868/2789/2758
f 2859/2780/3001 2864/2785/3002 2868/2789/2758
f 2868/2789/2758 2872/2793/3003 2877/2798/3004
f 2877/2798/3004 2882/2803/3005 2868/2789/2758
f 2882/2803/3005 2886/2807/2759 2868/2789/2758
s 262
f 2891/2812/2760 2895/2816/2763 2893/2814/2761
f 2895/2816/2763 2899/2820/2765 2897/2818/2764
f 2899/2820/2765 2904/2825/2767 2902/2823/2766
f 2904/2825/2767 2908/2829/2769 2906/2827/2768
f 2908/2829/2769 2912/2833/2771 2910/2831/2770
f 2912/2833/2771 2916/2837/2773 2914/2835/2772
f 2916/2837/2773 2920/2841/2775 2918/2839/2774
f 2920/2841/2775 2924/2845/2777 2922/2843/2776
f 2924/2845/2777 2927/2848/2779 2925/2846/2778
f 2927/2848/2779 2931/2852/3006 2929/2850/2780
s 272
f 2900/2821/2782 2896/2817/3007 2892/2813/3008
f 2892/2813/3008 2938/2859/3009 2932/2853/2783
f 2932/2853/2783 2928/2849/3010 2923/2844/3011
f 2923/2844/3011 2919/2840/3012 2915/2836/3013
f 2915/2836/3013 2911/2832/3014 2907/2828/2781
f 2907/2828/2781 2903/2824/3015 2900/2821/2782
f 2900/2821/2782 2892/2813/3008 2932/2853/2783
f 2932/2853/2783 2923/2844/3011 2915/2836/3013
f 2915/2836/3013 2907/2828/2781 2932/2853/2783
s 262
f 2929/2850/2780 2931/2852/3006 2937/2858/2784
f 2936/2857/2786 2891/2812/2760 2889/2810/2762
s 274
f 2935/2856/2790 2890/2811/3016 2894/2815/3017
f 2894/2815/3017 2898/2819/3018 2935/2856/2790
f 2898/2819/3018 2901/2822/2788 2935/2856/2790
f 2901/2822/2788 2905/2826/3019 2917/2838/2789
f 2905/2826/3019 2909/2830/3020 2917/2838/2789
f 2909/2830/3020 2913/2834/3021 2917/2838/2789
f 2917/2838/2789 2921/2842/3022 2926/2847/3023
f 2926/2847/3023 2930/2851/3024 2917/2838/2789
f 2930/2851/3024 2935/2856/2790 2917/2838/2789
s 275
f 2941/2862/2791 2945/2866/2794 2943/2864/2792
f 2945/2866/2794 2950/2871/3025 2947/2868/2795
f 2951/2872/2796 2955/2876/2799 2953/2874/2797
f 2955/2876/2799 2959/2880/2801 2957/2878/2800
f 2959/2880/2801 2964/2885/3026 2962/2883/2802
f 2962/2883/2802 2964/2885/3026 2968/2889/2803
f 2966/2887/2804 2968/2889/2803 2972/2893/2805
f 2972/2893/2805 2976/2897/2808 2974/2895/2807
f 2976/2897/2808 2980/2901/2810 2978/2899/2809
f 2980/2901/2810 2984/2905/3027 2982/2903/2811
s 283
f 2952/2873/2813 2946/2867/3028 2983/2904/2814
f 2946/2867/3028 2942/2863/3029 2983/2904/2814
f 2942/2863/3029 2988/2909/3030 2983/2904/2814
f 2983/2904/2814 2979/2900/3031 2975/2896/3032
f 2975/2896/3032 2971/2892/3033 2983/2904/2814
f 2971/2892/3033 2967/2888/3034 2983/2904/2814
f 2967/2888/3034 2963/2884/3035 2960/2881/2812
f 2960/2881/2812 2956/2877/3036 2952/2873/2813
f 2967/2888/3034 2960/2881/2812 2983/2904/2814
s 275
f 2982/2903/2811 2984/2905/3027 2987/2908/2815
f 2985/2906/2816 2987/2908/2815 2941/2862/2791
s 285
f 2986/2907/3037 2940/2861/3038 2944/2865/2817
f 2944/2865/2817 2949/2870/3039 2954/2875/2818
f 2954/2875/2818 2958/2879/3040 2969/2890/2819
f 2958/2879/3040 2961/2882/3041 2969/2890/2819
f 2961/2882/3041 2965/2886/3042 2969/2890/2819
f 2969/2890/2819 2973/2894/3043 2977/2898/3044
f 2977/2898/3044 2981/2902/3045 2969/2890/2819
f 2981/2902/3045 2986/2907/3037 2969/2890/2819
f 2986/2907/3037 2944/2865/2817 2969/2890/2819
s 286
f 2992/2913/2820 2996/2917/2823 2994/2915/2821
f 2996/2917/2823 2999/2920/2825 2997/2918/2824
f 2999/2920/2825 3003/2924/2827 3001/2922/2826
f 3003/2924/2827 3009/2930/3046 3006/2927/2828
f 3008/2929/2829 3013/2934/3047 3011/2932/2830
f 3011/2932/2830 3013/2934/3047 3017/2938/2832
f 3015/2936/2833 3017/2938/2832 3021/2942/2834
f 3021/2942/2834 3026/2947/2837 3024/2945/2836
f 3026/2947/2837 3030/2951/2839 3028/2949/2838
f 3030/2951/2839 3034/2955/3048 3032/2953/2840
s 294
f 3000/2921/2842 2995/2916/3049 3033/2954/2843
f 2995/2916/3049 2991/2912/3050 3033/2954/2843
f 2991/2912/3050 3037/2958/3051 3033/2954/2843
f 3033/2954/2843 3029/2950/3052 3025/2946/3053
f 3025/2946/3053 3022/2943/3054 3033/2954/2843
f 3022/2943/3054 3018/2939/3055 3033/2954/2843
f 3018/2939/3055 3014/2935/3056 3010/2931/2841
f 3010/2931/2841 3004/2925/3057 3000/2921/2842
f 3018/2939/3055 3010/2931/2841 3033/2954/2843
s 286
f 3032/2953/2840 3034/2955/3048 3038/2959/2844
f 3036/2957/2845 3038/2959/2844 2992/2913/2820
s 296
f 3035/2956/3058 2989/2910/3059 2993/2914/2846
f 2993/2914/2846 2998/2919/3060 3002/2923/2847
f 3002/2923/2847 3007/2928/3061 3020/2941/2848
f 3007/2928/3061 3012/2933/3062 3020/2941/2848
f 3012/2933/3062 3016/2937/3063 3020/2941/2848
f 3020/2941/2848 3023/2944/3064 3027/2948/3065
f 3027/2948/3065 3031/2952/3066 3020/2941/2848
f 3031/2952/3066 3035/2956/3058 3020/2941/2848
f 3035/2956/3058 2993/2914/2846 3020/2941/2848
s 297
f 3042/2963/2849 3046/2967/2852 3044/2965/2850
f 3046/2967/2852 3050/2971/2854 3048/2969/2853
f 3050/2971/2854 3054/2975/2856 3052/2973/2855
f 3054/2975/2856 3057/2978/2858 3055/2976/2857
f 3057/2978/2858 3061/2982/2860 3059/2980/2859
f 3061/2982/2860 3066/2987/3067 3063/2984/2861
f 3064/2985/2862 3067/2988/3068 3071/2992/2863
f 3071/2992/2863 3075/2996/3069 3073/2994/2865
f 3073/2994/2865 3075/2996/3069 3079/3000/2866
f 3079/3000/2866 3084/3005/3070 3082/3003/2868
s 305
f 3049/2970/2870 3045/2966/3071 3083/3004/2871
f 3045/2966/3071 3041/2962/3072 3083/3004/2871
f 3041/2962/3072 3087/3008/3073 3083/3004/2871
f 3083/3004/2871 3080/3001/3074 3076/2997/3075
f 3076/2997/3075 3072/2993/3076 3083/3004/2871
f 3072/2993/3076 3068/2989/3077 3083/3004/2871
f 3068/2989/3077 3062/2983/3078 3058/2979/2869
f 3058/2979/2869 3053/2974/3079 3049/2970/2870
f 3068/2989/3077 3058/2979/2869 3083/3004/2871
s 297
f 3082/3003/2868 3084/3005/3070 3088/3009/2872
f 3086/3007/2873 3088/3009/2872 3042/2963/2849
s 307
f 3085/3006/2875 3039/2960/3080 3043/2964/3081
f 3043/2964/3081 3047/2968/3082 3085/3006/2875
f 3047/2968/3082 3051/2972/2876 3085/3006/2875
f 3051/2972/2876 3056/2977/3083 3070/2991/3084
f 3056/2977/3083 3060/2981/3085 3070/2991/3084
f 3060/2981/3085 3065/2986/3086 3070/2991/3084
f 3070/2991/3084 3074/2995/3087 3078/2999/2874
f 3078/2999/2874 3081/3002/3088 3085/3006/2875
f 3070/2991/3084 3078/2999/2874 3051/2972/2876
g default
v 712.670470 -24.509592 79.195205
v 709.173131 -24.883157 78.518353
v 713.600565 -24.712045 74.362441
v 710.103226 -25.057984 73.685590
vn -0.091998 0.994122 -0.057078
vn -0.090714 0.994318 -0.055702
vn -0.088143 0.994700 -0.052946
vn -0.094563 0.993720 -0.059828
s 1
g Piece4 Supermarine_Spitfire_Mk:GLTF_SceneRootNode Supermarine_Spitfire_Mk:root Supermarine_Spitfire_Mk:Sketchfab_model Supermarine_Spitfire_Mk:Meshes Supermarine_Spitfire_Mk:scene polySurface52
usemtl Supermarine_Spitfire_Mk:Object_104SG
f 3090//3089 3091//3090 3092//3091
f 3090//3089 3089//3092 3091//3090
g default
v 861.494739 -11.401737 107.970224
v 859.406766 -11.550670 107.565431
v 861.595199 -15.157565 107.989681
v 859.501130 -15.368261 107.583745
vn -0.190317 -0.000002 0.981723
vn -0.190317 -0.000001 0.981723
vn -0.190316 -0.000003 0.981723
vn -0.190318 -0.000000 0.981723
s 1
g Piece4 Supermarine_Spitfire_Mk:GLTF_SceneRootNode Supermarine_Spitfire_Mk:root Supermarine_Spitfire_Mk:Sketchfab_model Supermarine_Spitfire_Mk:Meshes Supermarine_Spitfire_Mk:scene polySurface43
usemtl Supermarine_Spitfire_Mk:Object_104SG
f 3095//3093 3094//3094 3096//3095
f 3095//3093 3093//3096 3094//3094
g default
v 878.321449 -12.605888 93.475602
v 878.321449 -13.247519 107.000961
v 878.321449 -10.834819 107.220342
v 878.321449 -13.459905 111.334221
v 878.321449 -12.599634 107.060545
v 878.321449 -12.269113 111.334482
v 878.321449 -11.169228 109.583188
vn 1.000000 -0.000000 -0.000000
vn 1.000000 -0.000003 -0.000000
vn 1.000000 -0.000000 -0.000000
vn 1.000000 -0.000010 -0.000000
vn 1.000000 0.000008 -0.000000
vn 1.000000 0.000011 -0.000000
vn 1.000000 -0.000008 -0.000000
s 1
g Piece4 Supermarine_Spitfire_Mk:GLTF_SceneRootNode Supermarine_Spitfire_Mk:root Supermarine_Spitfire_Mk:Sketchfab_model Supermarine_Spitfire_Mk:Meshes Supermarine_Spitfire_Mk:scene polySurface40
usemtl Supermarine_Spitfire_Mk:Object_104SG
f 3097//3097 3101//3098 3098//3099
f 3101//3098 3103//3100 3102//3101
f 3100//3102 3101//3098 3102//3101
f 3097//3097 3099//3103 3101//3098
f 3101//3098 3099//3103 3103//3100
f 3100//3102 3098//3099 3101//3098
g default
v 713.600565 -24.712045 74.362441
v 710.103226 -25.057984 73.685590
v 713.698090 -30.841843 74.304600
v 710.219037 -31.198202 73.630026
vn 0.188916 0.012330 -0.981916
vn 0.189015 0.012394 -0.981896
vn 0.189112 0.012456 -0.981877
vn 0.188819 0.012268 -0.981935
s 1
g Piece4 Supermarine_Spitfire_Mk:GLTF_SceneRootNode Supermarine_Spitfire_Mk:root Supermarine_Spitfire_Mk:Sketchfab_model Supermarine_Spitfire_Mk:Meshes Supermarine_Spitfire_Mk:scene polySurface50
usemtl Supermarine_Spitfire_Mk:Object_104SG
f 3105//3104 3106//3105 3107//3106
f 3105//3104 3104//3107 3106//3105
g default
v 861.494739 -11.401737 107.970224
v 859.406766 -11.550670 107.565431
v 862.310266 -11.638935 103.763723
v 860.222179 -11.769917 103.358929
vn -0.055803 0.996275 -0.065749
vn -0.052736 0.996593 -0.063415
vn -0.050558 0.996810 -0.061757
vn -0.057976 0.996040 -0.067403
s 1
g Piece4 Supermarine_Spitfire_Mk:GLTF_SceneRootNode Supermarine_Spitfire_Mk:root Supermarine_Spitfire_Mk:Sketchfab_model Supermarine_Spitfire_Mk:Meshes Supermarine_Spitfire_Mk:scene polySurface49
usemtl Supermarine_Spitfire_Mk:Object_104SG
f 3109//3108 3110//3109 3111//3110
f 3109//3108 3108//3111 3110//3109
g default
v 518.921810 -74.924632 176.396951
v 518.026029 -75.583876 176.927001
v 518.028117 -75.664215 176.549446
v 517.627013 -76.580998 177.137006
v 517.629045 -76.661344 176.759452
v 518.078742 -77.636709 176.969457
v 519.007087 -78.249152 177.499507
v 519.009119 -78.329498 177.121966
v 518.076654 -77.556363 177.347012
v 518.919722 -74.844286 176.774492
vn 0.645403 -0.746389 0.162352
vn 0.808187 -0.575115 0.126794
vn 0.808187 -0.575115 0.126794
vn 0.999671 0.025642 -0.000000
vn 0.999671 0.025642 -0.000000
vn 0.777639 0.615793 -0.126794
vn 0.606288 0.778496 -0.162352
vn 0.606288 0.778496 -0.162352
vn 0.777639 0.615793 -0.126794
vn 0.645403 -0.746389 0.162352
s 1
g Piece4 Supermarine_Spitfire_Mk:GLTF_SceneRootNode Supermarine_Spitfire_Mk:root Supermarine_Spitfire_Mk:Sketchfab_model Supermarine_Spitfire_Mk:Meshes Supermarine_Spitfire_Mk:scene polySurface151
usemtl Supermarine_Spitfire_Mk:Object_101SG
f 3112//3112 3113//3113 3114//3114
f 3114//3114 3115//3115 3116//3116
f 3117//3117 3118//3118 3119//3119
f 3116//3116 3120//3120 3117//3117
f 3112//3112 3121//3121 3113//3113
f 3114//3114 3113//3113 3115//3115
f 3117//3117 3120//3120 3118//3118
f 3116//3116 3115//3115 3120//3120
g default
v 516.696015 -75.264318 175.069802
v 514.301867 -75.425984 174.598998
v 514.297239 -75.245453 175.447343
v 518.927115 -75.126694 175.447343
v 518.929147 -75.207040 175.069802
v 517.590103 -75.241383 175.069802
vn -0.025080 0.977764 -0.208203
vn -0.025080 0.977764 -0.208202
vn -0.025080 0.977764 -0.208202
vn -0.025080 0.977764 -0.208202
vn -0.025080 0.977764 -0.208202
vn -0.025080 0.977764 -0.208202
s 1
g Piece4 Supermarine_Spitfire_Mk:GLTF_SceneRootNode Supermarine_Spitfire_Mk:root Supermarine_Spitfire_Mk:Sketchfab_model Supermarine_Spitfire_Mk:Meshes Supermarine_Spitfire_Mk:scene polySurface165
usemtl Supermarine_Spitfire_Mk:Object_101SG
f 3122//3122 3123//3123 3124//3124
f 3124//3124 3125//3125 3122//3122
f 3125//3125 3126//3126 3127//3127
f 3125//3125 3127//3127 3122//3122
g default
v 517.677356 -78.646255 175.794816
v 519.014311 -78.531566 176.172371
v 517.228224 -78.577380 176.172371
v 514.384435 -78.650326 176.172385
v 516.783268 -78.669190 175.794816
v 519.016400 -78.611906 175.794816
v 514.389063 -78.830849 175.324012
vn 0.025080 -0.977764 0.208202
vn 0.025080 -0.977764 0.208202
vn 0.025080 -0.977764 0.208202
vn 0.025080 -0.977764 0.208202
vn 0.025080 -0.977764 0.208202
vn 0.025080 -0.977764 0.208202
vn 0.025080 -0.977764 0.208202
s 1
g Piece4 Supermarine_Spitfire_Mk:GLTF_SceneRootNode Supermarine_Spitfire_Mk:root Supermarine_Spitfire_Mk:Sketchfab_model Supermarine_Spitfire_Mk:Meshes Supermarine_Spitfire_Mk:scene polySurface160
usemtl Supermarine_Spitfire_Mk:Object_101SG
f 3128//3128 3129//3129 3130//3130
f 3131//3131 3132//3132 3130//3130
f 3128//3128 3130//3130 3132//3132
f 3128//3128 3133//3133 3129//3129
f 3131//3131 3134//3134 3132//3132
g default
v 530.642816 -60.591726 152.848201
v 528.975078 -60.978622 152.848201
v 528.975078 -60.978622 152.848201
v 527.896100 -61.601004 152.848201
v 527.178945 -62.486175 152.848201
v 526.469578 -63.767398 152.848201
v 525.687068 -65.274640 152.848201
v 525.199106 -66.710559 152.848201
v 525.225124 -67.938308 152.848201
v 525.705636 -68.981829 152.848201
v 526.736021 -69.872672 152.848201
v 528.254706 -70.537410 152.848201
v 530.024258 -70.873328 152.848201
v 531.890995 -70.835642 152.848201
v 533.712187 -70.423970 152.848201
v 535.349279 -69.672981 152.848201
v 536.663885 -68.663026 152.848201
v 537.450233 -67.550806 152.848201
v 537.666107 -66.422444 152.848201
v 537.396560 -65.224368 152.848201
v 536.578043 -63.947632 152.848201
v 535.456567 -62.672377 152.848201
v 534.460270 -61.598986 152.848201
v 533.551508 -60.911926 152.848201
v 532.354688 -60.566823 152.848201
v 528.975078 -60.978622 145.974385
v 528.975078 -60.978622 145.974385
v 530.642816 -60.591726 145.974385
v 527.896100 -61.601004 145.974385
v 527.178945 -62.486175 145.974385
v 526.469578 -63.767405 145.974385
v 525.687068 -65.274640 145.974385
v 525.199106 -66.710559 145.974385
v 525.225124 -67.938301 145.974385
v 525.705636 -68.981822 145.974385
v 526.736077 -69.872672 145.974385
v 528.254706 -70.537410 145.974385
v 530.024258 -70.873328 145.974385
v 531.890995 -70.835642 145.974385
v 533.712187 -70.423970 145.974385
v 535.349279 -69.672981 145.974385
v 536.663885 -68.663019 145.974385
v 537.450233 -67.550799 145.974385
v 537.666107 -66.422437 145.974385
v 537.396560 -65.224361 145.974385
v 536.578043 -63.947632 145.974385
v 535.456567 -62.672384 145.974385
v 534.460270 -61.598986 145.974385
v 533.551508 -60.911919 145.974385
v 532.354688 -60.566830 145.974385
vn 0.976022 0.217674 0.000000
vn 0.985292 -0.170881 0.000000
vn 0.976022 0.217674 0.000000
vn -0.440167 -0.897916 -0.000000
vn -0.678688 -0.734426 -0.000000
vn -0.440166 -0.897917 -0.000000
vn -0.710645 0.703551 -0.000000
vn -0.512340 0.858783 -0.000000
vn -0.710644 0.703551 -0.000000
vn 0.788086 0.615565 0.000000
vn -0.109422 -0.993995 -0.000000
vn 0.225983 -0.974131 0.000000
vn 0.120950 -0.992659 0.000000
vn 0.225983 -0.974131 0.000000
vn -0.912840 0.408316 -0.000000
vn 0.520912 0.853610 0.000000
vn 0.520912 0.853610 0.000000
vn 0.120950 -0.992659 -0.000000
vn 0.642899 -0.765951 0.000000
vn 0.499676 -0.866212 0.000000
vn 0.642900 -0.765950 0.000000
vn -0.999734 -0.023062 -0.000000
vn -0.999734 -0.023062 -0.000000
vn 0.291135 0.956682 0.000000
vn 0.835185 -0.549969 0.000000
vn 0.835185 -0.549969 0.000000
vn -0.915431 -0.402474 -0.000000
vn -0.915431 -0.402474 -0.000000
vn 0.081742 0.996654 0.000000
vn 0.081742 0.996654 0.000000
vn 0.881738 -0.471739 0.000000
vn -0.796082 -0.605188 -0.000000
vn -0.796082 -0.605188 -0.000000
vn -0.120951 0.992659 -0.000000
vn -0.120950 0.992659 0.000000
vn 0.918111 -0.396323 0.000000
vn 0.918111 -0.396323 0.000000
vn -0.742665 -0.669664 -0.000000
vn -0.742665 -0.669664 -0.000000
vn -0.318671 0.947865 -0.000000
vn 0.985292 -0.170881 0.000000
vn -0.678689 -0.734426 -0.000000
vn -0.512340 0.858782 -0.000000
vn 0.788086 0.615565 0.000000
vn -0.109422 -0.993995 -0.000000
vn -0.912841 0.408316 -0.000000
vn 0.499676 -0.866213 0.000000
vn 0.291136 0.956682 0.000000
vn 0.881738 -0.471739 0.000000
vn -0.318672 0.947865 -0.000000
s 1
g Piece4 Supermarine_Spitfire_Mk:GLTF_SceneRootNode Supermarine_Spitfire_Mk:root Supermarine_Spitfire_Mk:Sketchfab_model Supermarine_Spitfire_Mk:Meshes Supermarine_Spitfire_Mk:scene polySurface123
usemtl Supermarine_Spitfire_Mk:Object_112SG
f 3168//3135 3142//3136 3143//3137
f 3183//3138 3157//3139 3158//3140
f 3176//3141 3150//3142 3151//3143
f 3144//3144 3168//3135 3143//3137
f 3159//3145 3183//3138 3158//3140
f 3161//3146 3135//3147 3137//3148
f 3152//3149 3176//3141 3151//3143
f 3170//3150 3144//3144 3145//3151
f 3162//3152 3159//3145 3135//3147
f 3163//3153 3136//3154 3138//3155
f 3178//3156 3152//3149 3153//3157
f 3146//3158 3170//3150 3145//3151
f 3164//3159 3138//3155 3139//3160
f 3179//3161 3153//3157 3154//3162
f 3172//3163 3146//3158 3147//3164
f 3140//3165 3164//3159 3139//3160
f 3180//3166 3154//3162 3155//3167
f 3173//3168 3147//3164 3148//3169
f 3166//3170 3140//3165 3141//3171
f 3181//3172 3155//3167 3156//3173
f 3149//3174 3173//3168 3148//3169
f 3167//3175 3141//3171 3142//3136
f 3182//3176 3156//3173 3157//3139
f 3175//3177 3149//3174 3150//3142
f 3168//3135 3167//3175 3142//3136
f 3183//3138 3182//3176 3157//3139
f 3176//3141 3175//3177 3150//3142
f 3144//3144 3169//3178 3168//3135
f 3159//3145 3184//3179 3183//3138
f 3161//3146 3162//3152 3135//3147
f 3152//3149 3177//3180 3176//3141
f 3170//3150 3169//3178 3144//3144
f 3162//3152 3184//3179 3159//3145
f 3163//3153 3160//3181 3136//3154
f 3178//3156 3177//3180 3152//3149
f 3146//3158 3171//3182 3170//3150
f 3164//3159 3163//3153 3138//3155
f 3179//3161 3178//3156 3153//3157
f 3172//3163 3171//3182 3146//3158
f 3140//3165 3165//3183 3164//3159
f 3180//3166 3179//3161 3154//3162
f 3173//3168 3172//3163 3147//3164
f 3166//3170 3165//3183 3140//3165
f 3181//3172 3180//3166 3155//3167
f 3149//3174 3174//3184 3173//3168
f 3167//3175 3166//3170 3141//3171
f 3182//3176 3181//3172 3156//3173
f 3175//3177 3174//3184 3149//3174
g default
v 508.015822 -147.805397 162.075404
v 506.802014 -125.761802 166.402519
v 506.356325 -119.988297 171.441711
v 505.904879 -115.715447 177.804384
v 507.252332 -132.642305 163.030035
v 507.680807 -140.160895 161.554073
v 510.378479 -147.696811 162.174085
v 509.164614 -125.653243 166.501187
v 508.718925 -119.879683 171.540393
v 508.266914 -115.607284 177.916243
v 509.614988 -132.533747 163.128717
v 510.043407 -140.052309 161.652741
vn -0.012235 0.830165 -0.557383
vn -0.006556 0.750248 -0.661124
vn -0.006835 0.749866 -0.661554
vn 0.009316 0.553857 -0.832560
vn 0.024830 0.320302 -0.946990
vn 0.024820 0.320451 -0.946940
vn 0.009292 0.554190 -0.832338
vn 0.038666 0.064870 -0.997144
vn 0.038681 0.064580 -0.997163
vn 0.044668 -0.066023 -0.996818
vn 0.044668 -0.066022 -0.996818
vn -0.011630 0.830297 -0.557200
s 1
g Piece4 Supermarine_Spitfire_Mk:GLTF_SceneRootNode Supermarine_Spitfire_Mk:root Supermarine_Spitfire_Mk:Sketchfab_model Supermarine_Spitfire_Mk:Meshes Supermarine_Spitfire_Mk:scene polySurface116
usemtl Supermarine_Spitfire_Mk:Object_115SG
f 3188//3185 3193//3186 3187//3187
f 3186//3188 3195//3189 3189//3190
f 3187//3187 3192//3191 3186//3188
f 3190//3192 3195//3189 3196//3193
f 3185//3194 3196//3193 3191//3195
f 3188//3185 3194//3196 3193//3186
f 3186//3188 3192//3191 3195//3189
f 3187//3187 3193//3186 3192//3191
f 3190//3192 3189//3190 3195//3189
f 3185//3194 3190//3192 3196//3193
g default
v 505.414378 -143.854270 220.167922
v 508.015822 -147.805397 162.075404
v 507.776977 -143.745656 220.266604
v 510.378479 -147.696811 162.174085
vn 0.042900 -0.996645 0.069708
vn 0.042893 -0.996645 0.069707
vn 0.042901 -0.996644 0.069708
vn 0.042892 -0.996645 0.069707
s 1
g Piece4 Supermarine_Spitfire_Mk:GLTF_SceneRootNode Supermarine_Spitfire_Mk:root Supermarine_Spitfire_Mk:Sketchfab_model Supermarine_Spitfire_Mk:Meshes Supermarine_Spitfire_Mk:scene polySurface119
usemtl Supermarine_Spitfire_Mk:Object_115SG
f 3197//3197 3200//3198 3199//3199
f 3197//3197 3198//3200 3200//3198
g default
v 529.913752 -54.607938 59.246319
v 528.538250 -54.962301 59.246319
v 528.538250 -54.962301 59.246319
v 527.301359 -55.660588 59.246319
v 526.287340 -56.655220 59.246319
v 525.565331 -57.878401 59.246319
v 525.184432 -59.246785 59.246319
v 525.170718 -60.667106 59.246319
v 525.525091 -62.042588 59.246319
v 526.223396 -63.279479 59.246319
v 527.218000 -64.293490 59.246319
v 528.441233 -65.015527 59.246319
v 529.809568 -65.396384 59.246319
v 531.229939 -65.410091 59.246319
v 532.605385 -65.055732 59.246319
v 533.842276 -64.357434 59.246319
v 534.856351 -63.362809 59.246319
v 535.578360 -62.139625 59.246319
v 535.959202 -60.771248 59.246319
v 535.972916 -59.350920 59.246319
v 535.618543 -57.975446 59.246319
v 534.920238 -56.738551 59.246319
v 533.925635 -55.724532 59.246319
v 532.702458 -55.002499 59.246319
v 531.334066 -54.621649 59.246319
v 528.592487 -55.407504 66.261314
v 528.592487 -55.407504 66.261314
v 529.967989 -55.053138 66.261314
v 527.355652 -56.105791 66.261314
v 526.341633 -57.100416 66.261314
v 525.619568 -58.323600 66.261314
v 525.238726 -59.691981 66.261314
v 525.225011 -61.112309 66.261314
v 525.579384 -62.487783 66.261314
v 526.277689 -63.724674 66.261314
v 527.272293 -64.738693 66.261314
v 528.495470 -65.460730 66.261314
v 529.863861 -65.841586 66.261314
v 531.284175 -65.855294 66.261314
v 532.659621 -65.500928 66.261314
v 533.896569 -64.802637 66.261314
v 534.910587 -63.808012 66.261314
v 535.632596 -62.584828 66.261314
v 536.013439 -61.216451 66.261314
v 536.027153 -59.796122 66.261314
v 535.672780 -58.420645 66.261314
v 534.974531 -57.183750 66.261314
v 533.979871 -56.169735 66.261314
v 532.756695 -55.447698 66.261314
v 531.388303 -55.066848 66.261314
vn -0.138460 -0.988447 -0.061660
vn 0.120704 -0.990636 -0.063804
vn 0.120704 -0.990636 -0.063804
vn 0.490761 -0.869297 -0.058965
vn 0.598026 -0.799562 -0.055369
vn 0.490761 -0.869297 -0.058965
vn -0.921464 0.387169 0.031698
vn -0.989266 0.145148 0.016862
vn -0.990712 0.135004 0.016230
vn 0.612792 0.788943 0.045331
vn 0.393410 0.917704 0.055199
vn 0.618702 0.784337 0.044993
vn 0.602262 -0.796388 -0.055200
vn 0.784308 -0.618713 -0.045332
vn -0.993286 -0.115682 0.000340
vn -0.992003 -0.126215 -0.000338
vn 0.388534 0.919769 0.055368
vn 0.141173 0.988066 0.061615
vn 0.788938 -0.612824 -0.044994
vn 0.917853 -0.395612 -0.032206
vn -0.929308 -0.368948 -0.016228
vn -0.925469 -0.378448 -0.016861
vn 0.138460 0.988447 0.061660
vn -0.120704 0.990636 0.063803
vn 0.921464 -0.387169 -0.031698
vn 0.989266 -0.145148 -0.016862
vn -0.801535 -0.597107 -0.031696
vn -0.796003 -0.604436 -0.032204
vn -0.371760 0.926279 0.061661
vn -0.374301 0.925258 0.061616
vn 0.990712 -0.135003 -0.016230
vn 0.993286 0.115682 -0.000340
vn -0.618702 -0.784336 -0.044993
vn -0.612792 -0.788943 -0.045331
vn -0.598026 0.799562 0.055369
vn -0.602263 0.796387 0.055200
vn 0.992003 0.126215 0.000338
vn 0.929308 0.368948 0.016228
vn -0.393409 -0.917705 -0.055199
vn -0.388534 -0.919769 -0.055368
vn -0.784308 0.618714 0.045332
vn -0.788938 0.612823 0.044994
vn 0.925469 0.378449 0.016861
vn 0.801535 0.597107 0.031696
vn -0.141173 -0.988066 -0.061615
vn 0.248984 -0.966439 -0.063260
vn -0.917853 0.395612 0.032206
vn 0.796002 0.604436 0.032204
vn -0.120704 0.990636 0.063804
vn 0.248985 -0.966439 -0.063260
s 1
g Piece4 Supermarine_Spitfire_Mk:GLTF_SceneRootNode Supermarine_Spitfire_Mk:root Supermarine_Spitfire_Mk:Sketchfab_model Supermarine_Spitfire_Mk:Meshes Supermarine_Spitfire_Mk:scene polySurface124
usemtl Supermarine_Spitfire_Mk:Object_112SG
f 3225//3201 3228//3202 3201//3203
f 3226//3204 3204//3205 3203//3206
f 3218//3207 3244//3208 3219//3209
f 3236//3210 3212//3211 3211//3212
f 3229//3213 3205//3214 3204//3205
f 3219//3209 3245//3215 3220//3216
f 3237//3217 3213//3218 3212//3211
f 3230//3219 3206//3220 3205//3214
f 3220//3216 3246//3221 3221//3222
f 3238//3223 3214//3224 3213//3218
f 3231//3225 3207//3226 3206//3220
f 3221//3222 3247//3227 3222//3228
f 3214//3224 3240//3229 3215//3230
f 3232//3231 3208//3232 3207//3226
f 3222//3228 3248//3233 3223//3234
f 3215//3230 3241//3235 3216//3236
f 3233//3237 3209//3238 3208//3232
f 3223//3234 3249//3239 3224//3240
f 3216//3236 3242//3241 3217//3242
f 3234//3243 3210//3244 3209//3238
f 3224//3240 3250//3245 3225//3201
f 3228//3202 3202//3246 3201//3203
f 3217//3242 3243//3247 3218//3207
f 3235//3248 3211//3212 3210//3244
f 3225//3201 3250//3245 3228//3202
f 3226//3204 3229//3213 3204//3205
f 3218//3207 3243//3247 3244//3208
f 3236//3210 3237//3217 3212//3211
f 3229//3213 3230//3219 3205//3214
f 3219//3209 3244//3208 3245//3215
f 3237//3217 3238//3223 3213//3218
f 3230//3219 3231//3225 3206//3220
f 3220//3216 3245//3215 3246//3221
f 3238//3223 3239//3249 3214//3224
f 3231//3225 3232//3231 3207//3226
f 3221//3222 3246//3221 3247//3227
f 3214//3224 3239//3249 3240//3229
f 3232//3231 3233//3237 3208//3232
f 3222//3228 3247//3227 3248//3233
f 3215//3230 3240//3229 3241//3235
f 3233//3237 3234//3243 3209//3238
f 3223//3234 3248//3233 3249//3239
f 3216//3236 3241//3235 3242//3241
f 3234//3243 3235//3248 3210//3244
f 3224//3240 3249//3239 3250//3245
f 3228//3202 3227//3250 3202//3246
f 3217//3242 3242//3241 3243//3247
f 3235//3248 3236//3210 3211//3212
g default
v 529.913752 -54.607938 59.246319
v 528.538250 -54.962301 59.246319
v 527.301359 -55.660588 59.246319
v 526.287340 -56.655220 59.246319
v 525.565331 -57.878401 59.246319
v 525.184432 -59.246785 59.246319
v 525.170718 -60.667106 59.246319
v 525.525091 -62.042588 59.246319
v 526.223396 -63.279479 59.246319
v 527.218000 -64.293490 59.246319
v 528.441233 -65.015527 59.246319
v 529.809568 -65.396384 59.246319
v 531.229939 -65.410091 59.246319
v 532.605385 -65.055732 59.246319
v 533.842276 -64.357434 59.246319
v 534.856351 -63.362809 59.246319
v 535.578360 -62.139625 59.246319
v 535.959202 -60.771248 59.246319
v 535.972916 -59.350920 59.246319
v 535.618543 -57.975446 59.246319
v 534.920238 -56.738551 59.246319
v 533.925635 -55.724532 59.246319
v 532.702458 -55.002499 59.246319
v 531.334066 -54.621649 59.246319
v 528.211926 -54.152341 59.246319
v 529.808101 -53.741106 59.246319
v 526.776487 -54.962703 59.246319
v 525.599758 -56.116959 59.246319
v 524.761826 -57.536455 59.246319
v 524.319861 -59.124445 59.246319
v 524.303946 -60.772722 59.246319
v 524.715152 -62.368953 59.246319
v 525.525486 -63.804365 59.246319
v 526.679752 -64.981114 59.246319
v 528.099276 -65.819032 59.246319
v 529.687267 -66.261011 59.246319
v 531.335534 -66.276919 59.246319
v 532.931765 -65.865685 59.246319
v 534.367148 -65.055323 59.246319
v 535.543933 -63.901071 59.246319
v 536.381865 -62.481575 59.246319
v 536.823829 -60.893577 59.246319
v 536.839745 -59.245303 59.246319
v 536.428483 -57.649069 59.246319
v 535.618148 -56.213668 59.246319
v 534.463882 -55.036908 59.246319
v 533.044358 -54.198990 59.246319
v 531.456367 -53.757018 59.246319
vn -0.000000 0.000002 -1.000000
vn -0.000000 0.000001 -1.000000
vn -0.000000 0.000002 -1.000000
vn -0.000000 0.000000 -1.000000
vn -0.000000 0.000000 -1.000000
vn -0.000000 0.000000 -1.000000
vn -0.000000 0.000000 -1.000000
vn 0.000000 -0.000000 -1.000000
vn -0.000000 0.000000 -1.000000
vn 0.000000 -0.000000 -1.000000
vn -0.000000 0.000000 -1.000000
vn 0.000000 -0.000001 -1.000000
vn 0.000000 -0.000002 -1.000000
vn -0.000000 0.000000 -1.000000
vn 0.000000 -0.000002 -1.000000
vn -0.000000 0.000001 -1.000000
vn 0.000000 -0.000000 -1.000000
vn -0.000000 0.000003 -1.000000
vn -0.000001 0.000007 -1.000000
vn 0.000000 -0.000002 -1.000000
vn -0.000000 0.000001 -1.000000
vn 0.000000 -0.000002 -1.000000
vn -0.000000 0.000001 -1.000000
vn 0.000000 -0.000000 -1.000000
vn -0.000000 0.000003 -1.000000
vn -0.000000 0.000000 -1.000000
vn -0.000000 0.000000 -1.000000
vn -0.000000 0.000000 -1.000000
vn 0.000000 -0.000000 -1.000000
vn 0.000000 -0.000002 -1.000000
vn -0.000000 0.000000 -1.000000
vn -0.000000 0.000000 -1.000000
vn -0.000000 0.000002 -1.000000
vn 0.000000 -0.000002 -1.000000
vn 0.000000 -0.000001 -1.000000
vn 0.000000 -0.000001 -1.000000
vn -0.000000 0.000001 -1.000000
vn 0.000000 -0.000001 -1.000000
vn 0.000000 -0.000001 -1.000000
vn 0.000000 -0.000002 -1.000000
vn 0.000000 -0.000004 -1.000000
vn -0.000000 0.000000 -1.000000
vn 0.000000 -0.000001 -1.000000
vn 0.000000 -0.000003 -1.000000
vn 0.000001 -0.000005 -1.000000
vn -0.000000 0.000000 -1.000000
vn -0.000000 0.000000 -1.000000
vn -0.000000 0.000000 -1.000000
s 1
g Piece4 Supermarine_Spitfire_Mk:GLTF_SceneRootNode Supermarine_Spitfire_Mk:root Supermarine_Spitfire_Mk:Sketchfab_model Supermarine_Spitfire_Mk:Meshes Supermarine_Spitfire_Mk:scene polySurface127
usemtl Supermarine_Spitfire_Mk:Object_112SG
f 3275//3251 3251//3252 3252//3253
f 3277//3254 3252//3253 3253//3255
f 3278//3256 3253//3255 3254//3257
f 3279//3258 3254//3257 3255//3259
f 3256//3260 3279//3258 3255//3259
f 3281//3261 3256//3260 3257//3262
f 3282//3263 3257//3262 3258//3264
f 3259//3265 3282//3263 3258//3264
f 3284//3266 3259//3265 3260//3267
f 3285//3268 3260//3267 3261//3269
f 3262//3270 3285//3268 3261//3269
f 3287//3271 3262//3270 3263//3272
f 3264//3273 3287//3271 3263//3272
f 3289//3274 3264//3273 3265//3275
f 3266//3276 3289//3274 3265//3275
f 3291//3277 3266//3276 3267//3278
f 3292//3279 3267//3278 3268//3280
f 3269//3281 3292//3279 3268//3280
f 3294//3282 3269//3281 3270//3283
f 3295//3284 3270//3283 3271//3285
f 3296//3286 3271//3285 3272//3287
f 3297//3288 3272//3287 3273//3289
f 3298//3290 3273//3289 3274//3291
f 3251//3252 3298//3290 3274//3291
f 3275//3251 3276//3292 3251//3252
f 3277//3254 3275//3251 3252//3253
f 3278//3256 3277//3254 3253//3255
f 3279//3258 3278//3256 3254//3257
f 3256//3260 3280//3293 3279//3258
f 3281//3261 3280//3293 3256//3260
f 3282//3263 3281//3261 3257//3262
f 3259//3265 3283//3294 3282//3263
f 3284//3266 3283//3294 3259//3265
f 3285//3268 3284//3266 3260//3267
f 3262//3270 3286//3295 3285//3268
f 3287//3271 3286//3295 3262//3270
f 3264//3273 3288//3296 3287//3271
f 3289//3274 3288//3296 3264//3273
f 3266//3276 3290//3297 3289//3274
f 3291//3277 3290//3297 3266//3276
f 3292//3279 3291//3277 3267//3278
f 3269//3281 3293//3298 3292//3279
f 3294//3282 3293//3298 3269//3281
f 3295//3284 3294//3282 3270//3283
f 3296//3286 3295//3284 3271//3285
f 3297//3288 3296//3286 3272//3287
f 3298//3290 3297//3288 3273//3289
f 3251//3252 3276//3292 3298//3290
g default
v 528.592487 -55.407504 66.261314
v 529.967989 -55.053138 66.261314
v 527.355652 -56.105791 66.261314
v 526.341633 -57.100416 66.261314
v 525.619568 -58.323600 66.261314
v 525.238726 -59.691981 66.261314
v 525.225011 -61.112309 66.261314
v 525.579384 -62.487783 66.261314
v 526.277689 -63.724674 66.261314
v 527.272293 -64.738693 66.261314
v 528.495470 -65.460730 66.261314
v 529.863861 -65.841586 66.261314
v 531.284175 -65.855294 66.261314
v 532.659621 -65.500928 66.261314
v 533.896569 -64.802637 66.261314
v 534.910587 -63.808012 66.261314
v 535.632596 -62.584828 66.261314
v 536.013439 -61.216451 66.261314
v 536.027153 -59.796122 66.261314
v 535.672780 -58.420645 66.261314
v 534.974531 -57.183750 66.261314
v 533.979871 -56.169735 66.261314
v 532.756695 -55.447698 66.261314
v 531.388303 -55.066848 66.261314
vn 0.000000 -0.000000 -1.000000
vn -0.000000 0.000000 -1.000000
vn -0.000000 0.000000 -1.000000
vn -0.000000 0.000000 -1.000000
vn -0.000000 0.000000 -1.000000
vn 0.000001 -0.000008 -1.000000
vn -0.000001 0.000004 -1.000000
vn -0.000000 0.000000 -1.000000
vn -0.000000 0.000001 -1.000000
vn -0.000000 0.000000 -1.000000
vn -0.000000 0.000000 -1.000000
vn 0.000001 -0.000006 -1.000000
vn -0.000000 0.000000 -1.000000
vn -0.000001 0.000004 -1.000000
vn 0.000006 -0.000050 -1.000000
vn -0.000000 0.000001 -1.000000
vn -0.000006 0.000050 -1.000000
vn -0.000000 0.000000 -1.000000
vn -0.000000 0.000000 -1.000000
vn -0.000000 0.000000 -1.000000
vn -0.000000 0.000000 -1.000000
vn 0.000001 -0.000007 -1.000000
vn -0.000002 0.000017 -1.000000
vn -0.000000 0.000000 -1.000000
s 1
g Piece4 Supermarine_Spitfire_Mk:GLTF_SceneRootNode Supermarine_Spitfire_Mk:root Supermarine_Spitfire_Mk:Sketchfab_model Supermarine_Spitfire_Mk:Meshes Supermarine_Spitfire_Mk:scene polySurface128
usemtl Supermarine_Spitfire_Mk:Object_112SG
f 3305//3299 3301//3300 3317//3301
f 3301//3300 3299//3302 3300//3303
f 3300//3303 3322//3304 3301//3300
f 3322//3304 3321//3305 3301//3300
f 3321//3305 3320//3306 3319//3307
f 3319//3307 3318//3308 3317//3301
f 3317//3301 3316//3309 3315//3310
f 3315//3310 3314//3311 3313//3312
f 3313//3312 3312//3313 3311//3314
f 3311//3314 3310//3315 3309//3316
f 3309//3316 3308//3317 3305//3299
f 3308//3317 3307//3318 3305//3299
f 3307//3318 3306//3319 3305//3299
f 3305//3299 3304//3320 3301//3300
f 3304//3320 3303//3321 3301//3300
f 3303//3321 3302//3322 3301//3300
f 3321//3305 3319//3307 3301//3300
f 3319//3307 3317//3301 3301//3300
f 3317//3301 3315//3310 3313//3312
f 3313//3312 3311//3314 3317//3301
f 3311//3314 3309//3316 3317//3301
f 3309//3316 3305//3299 3317//3301
g default
v 530.642816 -60.591726 152.848201
v 528.975078 -60.978622 152.848201
v 527.896100 -61.601004 152.848201
v 527.178945 -62.486175 152.848201
v 526.469578 -63.767398 152.848201
v 525.687068 -65.274640 152.848201
v 525.199106 -66.710559 152.848201
v 525.225124 -67.938308 152.848201
v 525.705636 -68.981829 152.848201
v 526.736021 -69.872672 152.848201
v 528.254706 -70.537410 152.848201
v 530.024258 -70.873328 152.848201
v 531.890995 -70.835642 152.848201
v 533.712187 -70.423970 152.848201
v 535.349279 -69.672981 152.848201
v 536.663885 -68.663026 152.848201
v 537.450233 -67.550806 152.848201
v 537.666107 -66.422444 152.848201
v 537.396560 -65.224368 152.848201
v 536.578043 -63.947632 152.848201
v 535.456567 -62.672377 152.848201
v 534.460270 -61.598986 152.848201
v 533.551508 -60.911926 152.848201
v 532.354688 -60.566823 152.848201
v 528.630131 -60.103920 152.848201
v 530.529715 -59.663268 152.848201
v 527.282057 -60.881577 152.848201
v 526.404900 -61.964195 152.848201
v 525.649875 -63.327832 152.848201
v 524.829213 -64.908669 152.848201
v 524.265794 -66.566460 152.848201
v 524.299431 -68.151502 152.848201
v 524.945080 -69.553685 152.848201
v 526.234232 -70.668233 152.848201
v 527.978048 -71.431512 152.848201
v 529.946035 -71.805117 152.848201
v 532.004040 -71.763564 152.848201
v 534.011815 -71.309720 152.848201
v 535.832556 -70.474482 152.848201
v 537.342041 -69.314812 152.848201
v 538.325866 -67.923295 152.848201
v 538.615899 -66.407122 152.848201
v 538.267960 -64.860373 152.848201
v 537.322966 -63.386372 152.848201
v 536.146689 -62.048852 152.848201
v 535.086335 -60.906424 152.848201
v 533.974848 -60.066093 152.848201
v 532.479472 -59.634908 152.848201
vn 0.000000 -0.000001 1.000000
vn 0.000000 -0.000003 1.000000
vn -0.000000 0.000001 1.000000
vn 0.000001 -0.000005 1.000000
vn 0.000000 -0.000004 1.000000
vn 0.000000 -0.000001 1.000000
vn -0.000000 0.000003 1.000000
vn -0.000000 0.000002 1.000000
vn -0.000000 0.000002 1.000000
vn -0.000000 0.000001 1.000000
vn -0.000000 0.000001 1.000000
vn 0.000000 -0.000002 1.000000
vn -0.000000 0.000000 1.000000
vn -0.000000 0.000001 1.000000
vn -0.000000 0.000002 1.000000
vn -0.000000 0.000000 1.000000
vn -0.000000 0.000000 1.000000
vn 0.000000 -0.000000 1.000000
vn 0.000000 -0.000000 1.000000
vn 0.000000 -0.000000 1.000000
vn 0.000000 -0.000000 1.000000
vn 0.000000 -0.000000 1.000000
vn -0.000000 0.000001 1.000000
vn -0.000000 0.000001 1.000000
vn -0.000000 0.000000 1.000000
vn 0.000000 -0.000000 1.000000
vn 0.000000 -0.000000 1.000000
vn 0.000000 -0.000001 1.000000
vn 0.000000 -0.000002 1.000000
vn 0.000000 -0.000002 1.000000
vn 0.000000 -0.000000 1.000000
vn -0.000000 0.000002 1.000000
vn -0.000000 0.000002 1.000000
vn 0.000000 -0.000000 1.000000
vn 0.000000 -0.000001 1.000000
vn -0.000000 0.000001 1.000000
vn -0.000000 0.000000 1.000000
vn 0.000000 -0.000003 1.000000
vn 0.000001 -0.000004 1.000000
vn -0.000000 0.000002 1.000000
vn 0.000000 -0.000001 1.000000
vn 0.000000 -0.000004 1.000000
vn 0.000000 -0.000001 1.000000
vn 0.000000 -0.000000 1.000000
vn 0.000001 -0.000007 1.000000
vn -0.000000 0.000001 1.000000
vn 0.000000 -0.000001 1.000000
vn 0.000001 -0.000007 1.000000
s 1
g Piece4 Supermarine_Spitfire_Mk:GLTF_SceneRootNode Supermarine_Spitfire_Mk:root Supermarine_Spitfire_Mk:Sketchfab_model Supermarine_Spitfire_Mk:Meshes Supermarine_Spitfire_Mk:scene polySurface125
usemtl Supermarine_Spitfire_Mk:Object_112SG
f 3348//3323 3324//3324 3323//3325
f 3347//3326 3325//3327 3324//3324
f 3325//3327 3350//3328 3326//3329
f 3326//3329 3351//3330 3327//3331
f 3351//3330 3328//3332 3327//3331
f 3352//3333 3329//3334 3328//3332
f 3353//3335 3330//3336 3329//3334
f 3354//3337 3331//3338 3330//3336
f 3331//3338 3356//3339 3332//3340
f 3332//3340 3357//3341 3333//3342
f 3333//3342 3358//3343 3334//3344
f 3334//3344 3359//3345 3335//3346
f 3359//3345 3336//3347 3335//3346
f 3360//3348 3337//3349 3336//3347
f 3361//3350 3338//3351 3337//3349
f 3362//3352 3339//3353 3338//3351
f 3339//3353 3364//3354 3340//3355
f 3340//3355 3365//3356 3341//3357
f 3341//3357 3366//3358 3342//3359
f 3342//3359 3367//3360 3343//3361
f 3367//3360 3344//3362 3343//3361
f 3368//3363 3345//3364 3344//3362
f 3345//3364 3370//3365 3346//3366
f 3346//3366 3348//3323 3323//3325
f 3348//3323 3347//3326 3324//3324
f 3347//3326 3349//3367 3325//3327
f 3325//3327 3349//3367 3350//3328
f 3326//3329 3350//3328 3351//3330
f 3351//3330 3352//3333 3328//3332
f 3352//3333 3353//3335 3329//3334
f 3353//3335 3354//3337 3330//3336
f 3354//3337 3355//3368 3331//3338
f 3331//3338 3355//3368 3356//3339
f 3332//3340 3356//3339 3357//3341
f 3333//3342 3357//3341 3358//3343
f 3334//3344 3358//3343 3359//3345
f 3359//3345 3360//3348 3336//3347
f 3360//3348 3361//3350 3337//3349
f 3361//3350 3362//3352 3338//3351
f 3362//3352 3363//3369 3339//3353
f 3339//3353 3363//3369 3364//3354
f 3340//3355 3364//3354 3365//3356
f 3341//3357 3365//3356 3366//3358
f 3342//3359 3366//3358 3367//3360
f 3367//3360 3368//3363 3344//3362
f 3368//3363 3369//3370 3345//3364
f 3345//3364 3369//3370 3370//3365
f 3346//3366 3370//3365 3348//3323
g default
v 529.783212 -53.536798 101.666310
v 529.940391 -54.826653 121.833151
v 527.431617 -55.456044 121.840389
v 527.431617 -55.456044 121.840389
v 527.346396 -54.160037 101.668560
v 527.346396 -54.160037 101.668560
v 525.312433 -56.660783 121.849913
v 525.191713 -55.378629 101.672038
v 523.661458 -58.365477 121.855091
v 523.448292 -57.111368 101.674924
v 522.437942 -60.475267 121.871289
v 522.193962 -59.245931 101.681238
v 521.635453 -62.858058 121.909666
v 521.490126 -61.640002 101.693852
v 521.406654 -65.335706 121.948185
v 521.411000 -64.126258 101.706719
v 521.880393 -67.724599 121.971776
v 521.992366 -66.531313 101.715630
v 523.031950 -69.862661 121.985293
v 523.196749 -68.691442 101.721711
v 524.812620 -71.601595 121.993618
v 524.949990 -70.458708 101.726085
v 527.062683 -72.828024 121.999346
v 527.122451 -71.713998 101.729280
v 529.586300 -73.463775 122.002761
v 529.554526 -72.373170 101.731256
v 532.211449 -73.465616 122.003889
v 532.080569 -72.391294 101.731919
v 534.759390 -72.833463 122.002761
v 534.528278 -71.767148 101.731256
v 537.056466 -71.610343 121.999346
v 536.730989 -70.543252 101.729280
v 538.946230 -69.879487 121.993618
v 538.538410 -68.803034 101.726085
v 540.257224 -67.763851 121.985293
v 539.815993 -66.666474 101.721711
v 540.861673 -65.411827 121.971776
v 540.466383 -64.280347 101.715630
v 540.747895 -62.979074 121.948185
v 540.453289 -61.806050 101.706719
v 539.930901 -60.628863 121.909666
v 539.779478 -59.411541 101.693852
v 538.579723 -58.508483 121.871289
v 538.521310 -57.256523 101.681231
v 536.885347 -56.754219 121.855091
v 536.791152 -55.485617 101.674924
v 534.873395 -55.495829 121.849913
v 534.682691 -54.222204 101.672038
v 532.526880 -54.835214 121.840389
v 532.298419 -53.556661 101.668560
v 528.630131 -60.103920 152.848201
v 528.630131 -60.103920 152.848201
v 530.529715 -59.663268 152.848201
v 527.282057 -60.881577 152.848201
v 526.404900 -61.964195 152.848201
v 525.649875 -63.327832 152.848201
v 524.829213 -64.908669 152.848201
v 524.265794 -66.566460 152.848201
v 524.299431 -68.151502 152.848201
v 524.945080 -69.553685 152.848201
v 526.234232 -70.668233 152.848201
v 527.978048 -71.431512 152.848201
v 529.946035 -71.805117 152.848201
v 532.004040 -71.763564 152.848201
v 534.011815 -71.309720 152.848201
v 535.832556 -70.474482 152.848201
v 537.342041 -69.314812 152.848201
v 538.325866 -67.923295 152.848201
v 538.615899 -66.407122 152.848201
v 538.267960 -64.860373 152.848201
v 537.322966 -63.386372 152.848201
v 536.146689 -62.048852 152.848201
v 535.086335 -60.906424 152.848201
v 533.974848 -60.066093 152.848201
v 532.479472 -59.634908 152.848201
v 530.115010 -56.260046 131.713706
v 530.403068 -58.623881 146.729185
v 530.259039 -57.441960 139.221445
v 528.291729 -59.127296 146.744240
v 528.291729 -59.127296 146.744240
v 527.684233 -56.859874 131.725741
v 527.684233 -56.859874 131.725741
v 527.987981 -57.993583 139.234990
v 527.987981 -57.993583 139.234990
v 526.714913 -60.035757 146.761114
v 525.712690 -57.986197 131.741812
v 526.132588 -59.004794 139.262744
v 525.625042 -61.303760 146.764656
v 524.232044 -59.572593 131.750531
v 524.820070 -60.460508 139.270264
v 524.736147 -62.893959 146.792127
v 523.102611 -61.544594 131.778073
v 523.790700 -62.276988 139.299315
v 523.899851 -64.723511 146.873722
v 522.260953 -63.786170 131.843174
v 522.937925 -64.352968 139.373517
v 523.402973 -66.631645 146.960467
v 521.917529 -66.119543 131.908910
v 522.513287 -66.516004 139.449482
v 523.543108 -68.455504 147.013490
v 522.273313 -68.362523 131.950886
v 522.768612 -68.590080 139.496241
v 524.327932 -70.072560 147.040792
v 523.316002 -70.363370 131.975718
v 523.701472 -70.435265 139.522104
v 525.773925 -71.366708 147.050570
v 525.021101 -71.981746 131.990152
v 525.306959 -71.920807 139.535592
v 527.693489 -72.261304 147.053251
v 527.212525 -73.115560 131.999309
v 527.400350 -72.955482 139.543409
v 529.856299 -72.707275 147.053815
v 529.674004 -73.696066 132.004628
v 529.754936 -73.479274 139.547698
v 532.114997 -72.674090 147.053801
v 532.238031 -73.683939 132.006350
v 532.210320 -73.456600 139.549038
v 534.315563 -72.163927 147.053815
v 534.729986 -73.080026 132.004628
v 534.599389 -72.888998 139.547698
v 536.308044 -71.211659 147.053251
v 536.980106 -71.925428 131.999323
v 536.759265 -71.815141 139.543409
v 537.956593 -69.882315 147.050570
v 538.835104 -70.298580 131.990152
v 538.542982 -70.308068 139.535592
v 539.049511 -68.278811 147.040792
v 540.101681 -68.318120 131.975718
v 539.744769 -68.480471 139.522118
v 539.423130 -66.520604 147.013490
v 540.633439 -66.125447 131.950886
v 540.207220 -66.465274 139.496241
v 539.121187 -64.716470 146.960467
v 540.440196 -63.862651 131.908910
v 539.957088 -64.390570 139.449482
v 538.180651 -62.983469 146.873722
v 539.546559 -61.680017 131.843174
v 539.025469 -62.392784 139.373517
v 536.929537 -61.408255 146.792113
v 538.191205 -59.706139 131.778073
v 537.699180 -60.582308 139.299315
v 535.684801 -60.078029 146.764656
v 536.621387 -58.063023 131.750531
v 536.263741 -59.066152 139.270264
v 534.322336 -59.108826 146.761114
v 534.803073 -56.878577 131.741812
v 534.640081 -57.968200 139.262744
v 532.573497 -58.605584 146.744240
v 532.618760 -56.258628 131.725741
v 532.596129 -57.432105 139.234990
v 529.814535 -53.793932 74.243696
v 529.798676 -53.663441 94.069455
v 529.806633 -53.728683 84.156576
v 527.475413 -54.259389 94.069892
v 527.475413 -54.259389 94.069892
v 527.869800 -54.294938 74.245206
v 527.869800 -54.294938 74.245206
v 527.672607 -54.277163 84.157549
v 527.672607 -54.277163 84.157549
v 525.406967 -55.428315 94.071303
v 526.120679 -55.282254 74.249777
v 525.763823 -55.355281 84.160540
v 523.724217 -57.091594 94.073688
v 524.686425 -56.688776 74.257502
v 524.155176 -56.962926 84.161175
v 522.518705 -59.139176 94.076566
v 523.664562 -58.418930 74.268416
v 523.029693 -58.870560 84.166974
v 521.859060 -61.433200 94.078993
v 523.124791 -60.355118 74.282314
v 522.428743 -61.005909 84.173846
v 521.805049 -63.814933 94.080813
v 523.104078 -62.365680 74.298638
v 522.397646 -63.222858 84.181422
v 522.377385 -66.119959 94.082817
v 523.604061 -64.313730 74.316388
v 522.943738 -65.369752 84.189521
v 523.538311 -68.191368 94.085328
v 524.591102 -66.066477 74.334180
v 524.030166 -67.300342 84.197662
v 525.213103 -69.887614 94.088566
v 525.998153 -67.504216 74.350406
v 525.584407 -68.882795 84.205281
v 527.282057 -71.093774 94.091677
v 527.729439 -68.528549 74.363450
v 527.498834 -70.009336 84.211490
v 529.597700 -71.728361 94.093787
v 529.666893 -69.069258 74.371895
v 529.641158 -70.603224 84.215532
v 532.002177 -71.748079 94.094528
v 531.678224 -69.089174 74.374829
v 531.865203 -70.623852 84.216929
v 534.331592 -71.151567 94.093787
v 533.625893 -68.586877 74.371902
v 534.019209 -70.069781 84.215532
v 536.427072 -69.979508 94.091677
v 535.376820 -67.596760 74.363450
v 535.956267 -68.978845 84.211490
v 538.145885 -68.311827 94.088566
v 536.811470 -66.186661 74.350413
v 537.544145 -67.425556 84.205281
v 539.364378 -66.263050 94.085328
v 537.832148 -64.453131 74.334180
v 538.672958 -65.516187 84.197662
v 539.993885 -63.973488 94.082817
v 538.369379 -62.514662 74.316388
v 539.264031 -63.381222 84.189521
v 539.995973 -61.598464 94.080813
v 538.386988 -60.503535 74.298638
v 539.278536 -61.166009 84.181422
v 539.371715 -59.299378 94.078993
v 537.884127 -58.556776 74.282314
v 538.716020 -59.021383 84.173846
v 538.180482 -57.230868 94.076559
v 536.895167 -56.806851 74.268416
v 537.619941 -57.092814 84.166974
v 536.518557 -55.532676 94.073688
v 535.487777 -55.372685 74.257502
v 536.069312 -55.511254 84.161175
v 534.485667 -54.322120 94.071296
v 533.757732 -54.351725 74.249777
v 534.121700 -54.336921 84.160540
v 532.197001 -53.684090 94.069892
v 531.822761 -53.813287 74.245206
v 532.009853 -53.748690 84.157549
v 528.211926 -54.152341 59.246319
v 528.211926 -54.152341 59.246319
v 529.808101 -53.741106 59.246319
v 526.776487 -54.962703 59.246319
v 525.599758 -56.116959 59.246319
v 524.761826 -57.536455 59.246319
v 524.319861 -59.124445 59.246319
v 524.303946 -60.772722 59.246319
v 524.715152 -62.368953 59.246319
v 525.525486 -63.804365 59.246319
v 526.679752 -64.981114 59.246319
v 528.099276 -65.819032 59.246319
v 529.687267 -66.261011 59.246319
v 531.335534 -66.276919 59.246319
v 532.931765 -65.865685 59.246319
v 534.367148 -65.055323 59.246319
v 535.543933 -63.901071 59.246319
v 536.381865 -62.481575 59.246319
v 536.823829 -60.893577 59.246319
v 536.839745 -59.245303 59.246319
v 536.428483 -57.649069 59.246319
v 535.618148 -56.213668 59.246319
v 534.463882 -55.036908 59.246319
v 533.044358 -54.198990 59.246319
v 531.456367 -53.757018 59.246319
vn -0.385140 -0.917696 -0.097479
vn -0.609937 -0.790344 -0.057734
vn -0.609818 -0.787105 -0.092670
vn -0.603015 0.797504 -0.019006
vn -0.491888 0.869895 0.036462
vn -0.491931 0.870506 -0.014951
vn 0.989397 0.144239 -0.016995
vn 0.988146 -0.134282 -0.074400
vn 0.989455 0.131214 -0.061327
vn -0.136825 -0.985517 -0.100179
vn -0.383544 -0.921496 -0.061153
vn -0.609300 0.788964 0.079311
vn -0.490086 0.860181 0.141086
vn -0.492138 0.866590 0.082597
vn -0.918498 0.393804 -0.035777
vn -0.789096 0.613736 0.025626
vn -0.789104 0.613675 -0.026775
vn 0.918927 0.394422 0.001889
vn 0.922606 0.382791 -0.047638
vn 0.120331 -0.987577 -0.101058
vn -0.135231 -0.988861 -0.062178
vn -0.987530 0.150051 -0.047638
vn -0.916870 0.398862 0.016109
vn 0.794267 0.607355 0.016109
vn 0.797063 0.602836 -0.035777
vn 0.368724 -0.927457 -0.062178
vn 0.369468 -0.923828 -0.100179
vn -0.992014 -0.110217 -0.061327
vn -0.986752 0.162226 0.001889
vn 0.618635 0.785260 0.025626
vn 0.618659 0.785204 -0.026775
vn 0.593596 -0.802437 -0.061153
vn 0.594233 -0.798364 -0.097479
vn -0.926991 -0.367631 -0.074400
vn -0.995085 -0.097559 -0.016995
vn 0.392639 0.919087 0.033380
vn 0.393872 0.918969 -0.019006
vn 0.781873 -0.620759 -0.057734
vn 0.780979 -0.617644 -0.092670
vn -0.795858 -0.599474 -0.085094
vn -0.932033 -0.360624 -0.035555
vn 0.136994 0.989778 0.039641
vn 0.138884 0.990222 -0.013127
vn 0.919740 -0.389384 -0.049581
vn 0.916521 -0.390830 -0.085094
vn -0.799330 -0.598843 -0.049581
vn 0.991359 -0.126269 -0.035555
vn 0.876414 0.472857 0.091136
vn 0.981789 0.189479 0.013704
vn 0.899845 0.434516 0.038413
vn 0.120837 -0.991726 -0.043346
vn -0.111510 -0.993763 -0.000243
vn -0.122401 -0.991545 -0.043097
vn -0.977855 0.205728 0.038413
vn -0.900757 0.420020 0.110543
vn -0.910804 0.408929 0.056684
vn 0.773546 0.624025 0.110543
vn 0.785962 0.615671 0.056684
vn 0.346875 -0.937912 -0.000243
vn 0.356914 -0.933143 -0.043097
vn -0.998563 -0.051816 0.013704
vn -0.964316 0.248573 0.091136
vn 0.636825 0.761117 0.123103
vn 0.630022 0.773494 0.069136
vn 0.560107 -0.828420 -0.000294
vn 0.575579 -0.816665 -0.042051
vn -0.940670 -0.339145 -0.010995
vn -0.998017 -0.004634 0.062768
vn 0.407084 0.903245 0.135762
vn 0.402024 0.912188 0.079311
vn 0.755468 -0.655183 0.001992
vn 0.767786 -0.639542 -0.038597
vn -0.796816 -0.603522 -0.029087
vn -0.948501 -0.315027 0.033232
vn 0.129957 0.980701 0.146070
vn 0.134079 0.987128 0.087187
vn 0.917658 -0.397192 0.011935
vn 0.918423 -0.394529 -0.029087
vn -0.591753 -0.805195 -0.038597
vn -0.795434 -0.605923 0.011935
vn -0.227485 0.960526 0.160129
vn -0.119244 0.978656 0.167369
vn -0.119366 0.979658 0.161312
vn 0.996395 -0.078052 0.033232
vn 0.994585 -0.103345 -0.010995
vn -0.362637 -0.930981 -0.042051
vn -0.576039 -0.817420 0.001992
vn -0.601846 0.797914 0.033380
vn -0.797323 0.599580 0.069136
vn -0.612065 0.779067 0.135762
vn 0.969930 0.235149 0.062768
vn -0.344796 -0.938678 -0.000294
vn -0.800956 0.585931 0.123104
vn -0.120843 0.991775 0.042182
vn -0.120943 0.992597 -0.011124
vn -0.247252 0.968039 0.042030
vn -0.120457 0.988609 0.090237
vn 0.120762 0.979518 0.161125
vn -0.491577 0.870812 -0.006248
vn -0.596952 0.802226 -0.009003
vn -0.601428 0.798838 -0.011916
vn -0.624877 0.764228 0.159635
vn -0.492502 0.854618 0.164533
vn -0.489316 0.857520 0.158839
vn -0.783057 0.621489 -0.023965
vn -0.787751 0.615479 -0.025200
vn -0.812623 0.561523 0.155998
vn -0.634168 0.754908 0.167166
vn -0.916142 0.398486 -0.043504
vn -0.919731 0.390177 -0.043092
vn -0.881517 0.447767 0.149774
vn -0.821160 0.546204 0.165399
vn -0.986714 0.148331 -0.066279
vn -0.988260 0.138527 -0.064435
vn -0.908613 0.386096 0.159224
vn -0.931788 0.336281 0.136699
vn -0.989597 -0.111674 -0.090700
vn -0.988695 -0.121838 -0.087391
vn -0.975808 0.158389 0.150705
vn -0.987647 0.096128 0.123745
vn -0.924517 -0.363360 -0.115055
vn -0.921374 -0.372749 -0.110126
vn -0.965240 -0.218636 0.143214
vn -0.959232 -0.257709 0.116020
vn -0.796181 -0.589192 -0.137650
vn -0.791570 -0.596887 -0.130930
vn -0.786019 -0.601698 0.141894
vn -0.788264 -0.604613 0.114377
vn -0.613811 -0.773694 -0.156949
vn -0.608831 -0.779294 -0.148412
vn -0.540750 -0.833086 0.116438
vn -0.390240 -0.904565 -0.171681
vn -0.386031 -0.908229 -0.161554
vn -0.308549 -0.943496 0.120882
vn -0.521543 -0.840604 0.146212
vn -0.140807 -0.973368 -0.180910
vn -0.138233 -0.975753 -0.169700
vn -0.090843 -0.988026 0.124708
vn -0.289836 -0.944947 0.151888
vn 0.118884 -0.975697 -0.184069
vn 0.119138 -0.977785 -0.172461
vn 0.120715 -0.990727 -0.062346
vn 0.119985 -0.984737 0.126079
vn -0.080589 -0.984565 0.155360
vn 0.368491 -0.914011 -0.169700
vn 0.314650 -0.936407 0.155360
vn 0.325434 -0.937305 0.124708
vn 0.370416 -0.911078 -0.180910
vn 0.592825 -0.788961 -0.161554
vn 0.508261 -0.847703 0.151888
vn 0.526078 -0.841801 0.120882
vn 0.596030 -0.784394 -0.171681
vn 0.778145 -0.610298 -0.148412
vn 0.708133 -0.690775 0.146212
vn 0.724973 -0.678864 0.116438
vn 0.781635 -0.603667 -0.156949
vn 0.911738 -0.389348 -0.130930
vn 0.907504 -0.395351 0.141894
vn 0.910384 -0.397642 0.114377
vn 0.914367 -0.380771 -0.137650
vn 0.983923 -0.140599 -0.110125
vn 0.993049 -0.019834 0.116020
vn 0.984719 -0.130730 -0.115055
vn 0.989024 0.119137 -0.087391
vn 0.935668 0.330474 0.123744
vn 0.989499 0.019539 0.143213
vn 0.987459 0.129220 -0.090700
vn 0.926082 0.371780 -0.064435
vn 0.823776 0.550187 0.136699
vn 0.909225 0.388070 0.150705
vn 0.922227 0.380925 -0.066279
vn 0.799130 0.599612 -0.043092
vn 0.748206 0.646340 0.149774
vn 0.789318 0.592979 0.159224
vn 0.793652 0.606815 -0.043504
vn 0.616911 0.786629 -0.025200
vn 0.665978 0.727404 0.165399
vn 0.654013 0.740224 0.155998
vn 0.610912 0.791336 -0.023964
vn 0.392011 0.919883 -0.011916
vn 0.434341 0.885101 0.167166
vn 0.423085 0.891917 0.159635
vn 0.386852 0.922098 -0.009003
vn 0.139884 0.990162 -0.003454
vn 0.116942 0.978978 0.167112
vn 0.136882 0.990587 0.000374
vn -0.120950 0.992658 -0.000532
vn -0.241904 0.966117 0.090001
vn -0.119597 0.981549 0.149195
vn -0.248396 0.968595 -0.011101
vn -0.231958 0.960315 0.154886
vn -0.119467 0.980484 0.156137
vn -0.235961 0.960417 0.148057
vn -0.608728 0.779724 0.146564
vn -0.473420 0.868378 0.147627
vn -0.805710 0.575522 0.140019
vn -0.892194 0.431605 0.133064
vn -0.950206 0.287497 0.120228
vn -0.994155 0.039822 0.100352
vn -0.953577 -0.290391 0.079770
vn -0.792855 -0.605808 0.066158
vn -0.561082 -0.825455 0.061734
vn -0.328872 -0.942261 0.063140
vn -0.102211 -0.992608 0.065446
vn 0.120684 -0.990472 0.066339
vn 0.120950 -0.992659 -0.000096
vn 0.337570 -0.939022 0.065446
vn 0.545510 -0.835723 0.063140
vn 0.742878 -0.666574 0.061734
vn 0.915128 -0.397699 0.066158
vn 0.995408 -0.052917 0.079770
vn 0.955506 0.277378 0.100352
vn 0.853370 0.507253 0.120228
vn 0.762452 0.633215 0.133064
vn 0.643940 0.752154 0.140019
vn 0.403688 0.903081 0.146564
vn 0.118151 0.981185 0.152695
vn -0.249437 0.968391 -0.000608
vn -0.120948 0.992636 -0.006681
vn -0.248887 0.968510 -0.006639
vn -0.491769 0.870652 -0.011321
vn -0.605834 0.795439 -0.015529
vn -0.789053 0.613794 -0.025563
vn -0.919089 0.392104 -0.039115
vn -0.988142 0.143250 -0.055277
vn -0.990417 -0.117086 -0.073251
vn -0.924387 -0.370474 -0.090875
vn -0.794564 -0.597792 -0.106360
vn -0.610835 -0.782820 -0.118636
vn -0.387074 -0.913210 -0.127361
vn -0.138365 -0.981466 -0.132590
vn 0.119854 -0.983661 -0.134338
vn 0.369991 -0.919525 -0.132590
vn 0.595033 -0.793546 -0.127361
vn 0.780937 -0.613239 -0.118636
vn 0.914861 -0.389508 -0.106360
vn 0.986301 -0.137667 -0.090874
vn 0.989554 0.124163 -0.073251
vn 0.924833 0.376336 -0.055277
vn 0.798045 0.601327 -0.039115
vn 0.618580 0.785306 -0.025563
vn 0.397104 0.917642 -0.015529
vn 0.138756 0.990285 -0.009037
vn -0.249479 0.968374 0.003518
vn -0.222846 0.960607 0.166053
vn -0.491616 0.870807 -0.002935
vn -0.869641 0.465452 0.164559
vn 0.119463 -0.980450 0.156354
vn 0.732431 0.660656 0.164559
vn -0.120949 0.992652 0.003548
s 1
g Piece4 Supermarine_Spitfire_Mk:GLTF_SceneRootNode Supermarine_Spitfire_Mk:root Supermarine_Spitfire_Mk:Sketchfab_model Supermarine_Spitfire_Mk:Meshes Supermarine_Spitfire_Mk:scene polySurface122
usemtl Supermarine_Spitfire_Mk:Object_112SG
f 3554//3371 3392//3372 3551//3373
f 3530//3374 3375//3375 3524//3376
f 3410//3377 3575//3378 3578//3379
f 3557//3380 3394//3381 3554//3371
f 3377//3382 3451//3383 3373//3384
f 3536//3385 3380//3386 3533//3387
f 3412//3388 3578//3379 3581//3389
f 3560//3390 3396//3391 3557//3380
f 3539//3392 3382//3393 3536//3385
f 3414//3394 3581//3389 3584//3395
f 3400//3396 3560//3390 3563//3397
f 3542//3398 3384//3399 3539//3392
f 3416//3400 3584//3395 3587//3401
f 3402//3402 3563//3397 3566//3403
f 3545//3404 3386//3405 3542//3398
f 3418//3406 3587//3401 3590//3407
f 3404//3408 3566//3403 3569//3409
f 3548//3410 3388//3411 3545//3404
f 3420//3412 3590//3407 3593//3413
f 3406//3414 3569//3409 3572//3415
f 3551//3373 3390//3416 3548//3410
f 3408//3417 3572//3415 3575//3378
f 3507//3418 3409//3419 3411//3420
f 3397//3421 3483//3422 3395//3423
f 3383//3424 3462//3425 3381//3426
f 3510//3427 3411//3420 3413//3428
f 3489//3429 3397//3421 3399//3430
f 3385//3431 3465//3432 3383//3424
f 3513//3433 3413//3428 3415//3434
f 3492//3435 3399//3430 3401//3436
f 3387//3437 3468//3438 3385//3431
f 3516//3439 3415//3434 3417//3440
f 3495//3441 3401//3436 3403//3442
f 3389//3443 3471//3444 3387//3437
f 3519//3445 3417//3440 3419//3446
f 3498//3447 3403//3442 3405//3448
f 3391//3449 3474//3450 3389//3443
f 3450//3451 3423//3452 3447//3453
f 3501//3454 3405//3448 3407//3455
f 3393//3456 3477//3457 3391//3449
f 3533//3387 3378//3458 3530//3374
f 3379//3459 3456//3460 3377//3382
f 3504//3461 3407//3455 3409//3419
f 3395//3423 3480//3462 3393//3456
f 3381//3426 3459//3463 3379//3459
f 3371//3464 3593//3413 3522//3465
f 3376//3466 3372//3467 3371//3464
f 3423//3452 3518//3468 3447//3453
f 3526//3469 3599//3470 3531//3471
f 3378//3458 3373//3384 3375//3375
f 3455//3472 3421//3473 3449//3474
f 3531//3471 3600//3475 3534//3476
f 3380//3386 3377//3382 3378//3458
f 3458//3477 3424//3478 3455//3472
f 3534//3476 3601//3479 3537//3480
f 3382//3393 3379//3459 3380//3386
f 3461//3481 3425//3482 3458//3477
f 3537//3480 3602//3483 3540//3484
f 3384//3399 3381//3426 3382//3393
f 3427//3485 3461//3481 3464//3486
f 3540//3484 3603//3487 3543//3488
f 3386//3405 3383//3424 3384//3399
f 3428//3489 3464//3486 3467//3490
f 3543//3488 3604//3491 3546//3492
f 3388//3411 3385//3431 3386//3405
f 3429//3493 3467//3490 3470//3494
f 3546//3492 3605//3495 3549//3496
f 3390//3416 3387//3437 3388//3411
f 3430//3497 3470//3494 3473//3498
f 3549//3496 3606//3499 3552//3500
f 3392//3372 3389//3443 3390//3416
f 3476//3501 3430//3497 3473//3498
f 3552//3500 3607//3502 3555//3503
f 3394//3381 3391//3449 3392//3372
f 3479//3504 3431//3505 3476//3501
f 3555//3503 3608//3506 3558//3507
f 3396//3391 3393//3456 3394//3381
f 3482//3508 3432//3509 3479//3504
f 3558//3507 3609//3510 3561//3511
f 3398//3512 3395//3423 3396//3391
f 3485//3513 3433//3514 3482//3508
f 3609//3510 3564//3515 3561//3511
f 3399//3430 3398//3512 3400//3396
f 3435//3516 3485//3513 3488//3517
f 3610//3518 3567//3519 3564//3515
f 3401//3436 3400//3396 3402//3402
f 3436//3520 3488//3517 3491//3521
f 3611//3522 3570//3523 3567//3519
f 3403//3442 3402//3402 3404//3408
f 3437//3524 3491//3521 3494//3525
f 3612//3526 3573//3527 3570//3523
f 3405//3448 3404//3408 3406//3414
f 3438//3528 3494//3525 3497//3529
f 3613//3530 3576//3531 3573//3527
f 3407//3455 3406//3414 3408//3417
f 3500//3532 3438//3528 3497//3529
f 3614//3533 3579//3534 3576//3531
f 3409//3419 3408//3417 3410//3377
f 3503//3535 3439//3536 3500//3532
f 3615//3537 3582//3538 3579//3534
f 3411//3420 3410//3377 3412//3388
f 3506//3539 3440//3540 3503//3535
f 3616//3541 3585//3542 3582//3538
f 3413//3428 3412//3388 3414//3394
f 3509//3543 3441//3544 3506//3539
f 3617//3545 3588//3546 3585//3542
f 3415//3434 3414//3394 3416//3400
f 3443//3547 3509//3543 3512//3548
f 3618//3549 3591//3550 3588//3546
f 3417//3440 3416//3400 3418//3406
f 3444//3551 3512//3548 3515//3552
f 3619//3553 3594//3554 3591//3550
f 3419//3446 3418//3406 3420//3412
f 3445//3555 3515//3552 3518//3468
f 3620//3556 3521//3557 3594//3554
f 3372//3467 3420//3412 3371//3464
f 3374//3558 3446//3559 3372//3467
f 3525//3560 3371//3464 3522//3465
f 3447//3453 3454//3561 3450//3451
f 3448//3562 3452//3563 3454//3561
f 3449//3474 3457//3564 3455//3472
f 3453//3565 3456//3460 3457//3564
f 3455//3472 3460//3566 3458//3477
f 3457//3564 3459//3463 3460//3566
f 3458//3477 3463//3567 3461//3481
f 3460//3566 3462//3425 3463//3567
f 3461//3481 3466//3568 3464//3486
f 3463//3567 3465//3432 3466//3568
f 3464//3486 3469//3569 3467//3490
f 3466//3568 3468//3438 3469//3569
f 3467//3490 3472//3570 3470//3494
f 3469//3569 3471//3444 3472//3570
f 3470//3494 3475//3571 3473//3498
f 3472//3570 3474//3450 3475//3571
f 3473//3498 3478//3572 3476//3501
f 3475//3571 3477//3457 3478//3572
f 3476//3501 3481//3573 3479//3504
f 3478//3572 3480//3462 3481//3573
f 3479//3504 3484//3574 3482//3508
f 3481//3573 3483//3422 3484//3574
f 3482//3508 3487//3575 3485//3513
f 3484//3574 3486//3576 3487//3575
f 3487//3575 3488//3517 3485//3513
f 3486//3576 3490//3577 3487//3575
f 3490//3577 3491//3521 3488//3517
f 3489//3429 3493//3578 3490//3577
f 3493//3578 3494//3525 3491//3521
f 3492//3435 3496//3579 3493//3578
f 3496//3579 3497//3529 3494//3525
f 3495//3441 3499//3580 3496//3579
f 3499//3580 3500//3532 3497//3529
f 3498//3447 3502//3581 3499//3580
f 3502//3581 3503//3535 3500//3532
f 3501//3454 3505//3582 3502//3581
f 3505//3582 3506//3539 3503//3535
f 3504//3461 3508//3583 3505//3582
f 3508//3583 3509//3543 3506//3539
f 3507//3418 3511//3584 3508//3583
f 3511//3584 3512//3548 3509//3543
f 3510//3427 3514//3585 3511//3584
f 3514//3585 3515//3552 3512//3548
f 3513//3433 3517//3586 3514//3585
f 3517//3586 3518//3468 3515//3552
f 3516//3439 3520//3587 3517//3586
f 3520//3587 3447//3453 3518//3468
f 3519//3445 3448//3562 3520//3587
f 3446//3559 3419//3446 3372//3467
f 3527//3588 3523//3589 3521//3557
f 3529//3590 3522//3465 3523//3589
f 3531//3471 3528//3591 3526//3469
f 3532//3592 3524//3376 3528//3591
f 3534//3476 3532//3592 3531//3471
f 3535//3593 3530//3374 3532//3592
f 3537//3480 3535//3593 3534//3476
f 3538//3594 3533//3387 3535//3593
f 3540//3484 3538//3594 3537//3480
f 3541//3595 3536//3385 3538//3594
f 3543//3488 3541//3595 3540//3484
f 3544//3596 3539//3392 3541//3595
f 3546//3492 3544//3596 3543//3488
f 3547//3597 3542//3398 3544//3596
f 3549//3496 3547//3597 3546//3492
f 3550//3598 3545//3404 3547//3597
f 3552//3500 3550//3598 3549//3496
f 3553//3599 3548//3410 3550//3598
f 3555//3503 3553//3599 3552//3500
f 3556//3600 3551//3373 3553//3599
f 3558//3507 3556//3600 3555//3503
f 3559//3601 3554//3371 3556//3600
f 3561//3511 3559//3601 3558//3507
f 3562//3602 3557//3380 3559//3601
f 3565//3603 3561//3511 3564//3515
f 3563//3397 3562//3602 3565//3603
f 3568//3604 3564//3515 3567//3519
f 3566//3403 3565//3603 3568//3604
f 3571//3605 3567//3519 3570//3523
f 3569//3409 3568//3604 3571//3605
f 3574//3606 3570//3523 3573//3527
f 3572//3415 3571//3605 3574//3606
f 3577//3607 3573//3527 3576//3531
f 3575//3378 3574//3606 3577//3607
f 3580//3608 3576//3531 3579//3534
f 3578//3379 3577//3607 3580//3608
f 3583//3609 3579//3534 3582//3538
f 3581//3389 3580//3608 3583//3609
f 3586//3610 3582//3538 3585//3542
f 3584//3395 3583//3609 3586//3610
f 3589//3611 3585//3542 3588//3546
f 3587//3401 3586//3610 3589//3611
f 3592//3612 3588//3546 3591//3550
f 3590//3407 3589//3611 3592//3612
f 3595//3613 3591//3550 3594//3554
f 3593//3413 3592//3612 3595//3613
f 3523//3589 3594//3554 3521//3557
f 3522//3465 3595//3613 3523//3589
f 3521//3557 3597//3614 3527//3588
f 3554//3371 3394//3381 3392//3372
f 3530//3374 3378//3458 3375//3375
f 3410//3377 3408//3417 3575//3378
f 3557//3380 3396//3391 3394//3381
f 3377//3382 3456//3460 3451//3383
f 3536//3385 3382//3393 3380//3386
f 3412//3388 3410//3377 3578//3379
f 3560//3390 3398//3512 3396//3391
f 3539//3392 3384//3399 3382//3393
f 3414//3394 3412//3388 3581//3389
f 3400//3396 3398//3512 3560//3390
f 3542//3398 3386//3405 3384//3399
f 3416//3400 3414//3394 3584//3395
f 3402//3402 3400//3396 3563//3397
f 3545//3404 3388//3411 3386//3405
f 3418//3406 3416//3400 3587//3401
f 3404//3408 3402//3402 3566//3403
f 3548//3410 3390//3416 3388//3411
f 3420//3412 3418//3406 3590//3407
f 3406//3414 3404//3408 3569//3409
f 3551//3373 3392//3372 3390//3416
f 3408//3417 3406//3414 3572//3415
f 3507//3418 3504//3461 3409//3419
f 3397//3421 3486//3576 3483//3422
f 3383//3424 3465//3432 3462//3425
f 3510//3427 3507//3418 3411//3420
f 3489//3429 3486//3576 3397//3421
f 3385//3431 3468//3438 3465//3432
f 3513//3433 3510//3427 3413//3428
f 3492//3435 3489//3429 3399//3430
f 3387//3437 3471//3444 3468//3438
f 3516//3439 3513//3433 3415//3434
f 3495//3441 3492//3435 3401//3436
f 3389//3443 3474//3450 3471//3444
f 3519//3445 3516//3439 3417//3440
f 3498//3447 3495//3441 3403//3442
f 3391//3449 3477//3457 3474//3450
f 3450//3451 3422//3615 3423//3452
f 3501//3454 3498//3447 3405//3448
f 3393//3456 3480//3462 3477//3457
f 3533//3387 3380//3386 3378//3458
f 3379//3459 3459//3463 3456//3460
f 3504//3461 3501//3454 3407//3455
f 3395//3423 3483//3422 3480//3462
f 3381//3426 3462//3425 3459//3463
f 3371//3464 3420//3412 3593//3413
f 3376//3466 3374//3558 3372//3467
f 3423//3452 3445//3555 3518//3468
f 3526//3469 3596//3616 3599//3470
f 3378//3458 3377//3382 3373//3384
f 3455//3472 3424//3478 3421//3473
f 3531//3471 3599//3470 3600//3475
f 3380//3386 3379//3459 3377//3382
f 3458//3477 3425//3482 3424//3478
f 3534//3476 3600//3475 3601//3479
f 3382//3393 3381//3426 3379//3459
f 3461//3481 3426//3617 3425//3482
f 3537//3480 3601//3479 3602//3483
f 3384//3399 3383//3424 3381//3426
f 3427//3485 3426//3617 3461//3481
f 3540//3484 3602//3483 3603//3487
f 3386//3405 3385//3431 3383//3424
f 3428//3489 3427//3485 3464//3486
f 3543//3488 3603//3487 3604//3491
f 3388//3411 3387//3437 3385//3431
f 3429//3493 3428//3489 3467//3490
f 3546//3492 3604//3491 3605//3495
f 3390//3416 3389//3443 3387//3437
f 3430//3497 3429//3493 3470//3494
f 3549//3496 3605//3495 3606//3499
f 3392//3372 3391//3449 3389//3443
f 3476//3501 3431//3505 3430//3497
f 3552//3500 3606//3499 3607//3502
f 3394//3381 3393//3456 3391//3449
f 3479//3504 3432//3509 3431//3505
f 3555//3503 3607//3502 3608//3506
f 3396//3391 3395//3423 3393//3456
f 3482//3508 3433//3514 3432//3509
f 3558//3507 3608//3506 3609//3510
f 3398//3512 3397//3421 3395//3423
f 3485//3513 3434//3618 3433//3514
f 3609//3510 3610//3518 3564//3515
f 3399//3430 3397//3421 3398//3512
f 3435//3516 3434//3618 3485//3513
f 3610//3518 3611//3522 3567//3519
f 3401//3436 3399//3430 3400//3396
f 3436//3520 3435//3516 3488//3517
f 3611//3522 3612//3526 3570//3523
f 3403//3442 3401//3436 3402//3402
f 3437//3524 3436//3520 3491//3521
f 3612//3526 3613//3530 3573//3527
f 3405//3448 3403//3442 3404//3408
f 3438//3528 3437//3524 3494//3525
f 3613//3530 3614//3533 3576//3531
f 3407//3455 3405//3448 3406//3414
f 3500//3532 3439//3536 3438//3528
f 3614//3533 3615//3537 3579//3534
f 3409//3419 3407//3455 3408//3417
f 3503//3535 3440//3540 3439//3536
f 3615//3537 3616//3541 3582//3538
f 3411//3420 3409//3419 3410//3377
f 3506//3539 3441//3544 3440//3540
f 3616//3541 3617//3545 3585//3542
f 3413//3428 3411//3420 3412//3388
f 3509//3543 3442//3619 3441//3544
f 3617//3545 3618//3549 3588//3546
f 3415//3434 3413//3428 3414//3394
f 3443//3547 3442//3619 3509//3543
f 3618//3549 3619//3553 3591//3550
f 3417//3440 3415//3434 3416//3400
f 3444//3551 3443//3547 3512//3548
f 3619//3553 3620//3556 3594//3554
f 3419//3446 3417//3440 3418//3406
f 3445//3555 3444//3551 3515//3552
f 3620//3556 3598//3620 3521//3557
f 3372//3467 3419//3446 3420//3412
f 3374//3558 3452//3563 3446//3559
f 3525//3560 3376//3466 3371//3464
f 3447//3453 3448//3562 3454//3561
f 3448//3562 3446//3559 3452//3563
f 3449//3474 3453//3565 3457//3564
f 3453//3565 3451//3383 3456//3460
f 3455//3472 3457//3564 3460//3566
f 3457//3564 3456//3460 3459//3463
f 3458//3477 3460//3566 3463//3567
f 3460//3566 3459//3463 3462//3425
f 3461//3481 3463//3567 3466//3568
f 3463//3567 3462//3425 3465//3432
f 3464//3486 3466//3568 3469//3569
f 3466//3568 3465//3432 3468//3438
f 3467//3490 3469//3569 3472//3570
f 3469//3569 3468//3438 3471//3444
f 3470//3494 3472//3570 3475//3571
f 3472//3570 3471//3444 3474//3450
f 3473//3498 3475//3571 3478//3572
f 3475//3571 3474//3450 3477//3457
f 3476//3501 3478//3572 3481//3573
f 3478//3572 3477//3457 3480//3462
f 3479//3504 3481//3573 3484//3574
f 3481//3573 3480//3462 3483//3422
f 3482//3508 3484//3574 3487//3575
f 3484//3574 3483//3422 3486//3576
f 3487//3575 3490//3577 3488//3517
f 3486//3576 3489//3429 3490//3577
f 3490//3577 3493//3578 3491//3521
f 3489//3429 3492//3435 3493//3578
f 3493//3578 3496//3579 3494//3525
f 3492//3435 3495//3441 3496//3579
f 3496//3579 3499//3580 3497//3529
f 3495//3441 3498//3447 3499//3580
f 3499//3580 3502//3581 3500//3532
f 3498//3447 3501//3454 3502//3581
f 3502//3581 3505//3582 3503//3535
f 3501//3454 3504//3461 3505//3582
f 3505//3582 3508//3583 3506//3539
f 3504//3461 3507//3418 3508//3583
f 3508//3583 3511//3584 3509//3543
f 3507//3418 3510//3427 3511//3584
f 3511//3584 3514//3585 3512//3548
f 3510//3427 3513//3433 3514//3585
f 3514//3585 3517//3586 3515//3552
f 3513//3433 3516//3439 3517//3586
f 3517//3586 3520//3587 3518//3468
f 3516//3439 3519//3445 3520//3587
f 3520//3587 3448//3562 3447//3453
f 3519//3445 3446//3559 3448//3562
f 3446//3559 3519//3445 3419//3446
f 3527//3588 3529//3590 3523//3589
f 3529//3590 3525//3560 3522//3465
f 3531//3471 3532//3592 3528//3591
f 3532//3592 3530//3374 3524//3376
f 3534//3476 3535//3593 3532//3592
f 3535//3593 3533//3387 3530//3374
f 3537//3480 3538//3594 3535//3593
f 3538//3594 3536//3385 3533//3387
f 3540//3484 3541//3595 3538//3594
f 3541//3595 3539//3392 3536//3385
f 3543//3488 3544//3596 3541//3595
f 3544//3596 3542//3398 3539//3392
f 3546//3492 3547//3597 3544//3596
f 3547//3597 3545//3404 3542//3398
f 3549//3496 3550//3598 3547//3597
f 3550//3598 3548//3410 3545//3404
f 3552//3500 3553//3599 3550//3598
f 3553//3599 3551//3373 3548//3410
f 3555//3503 3556//3600 3553//3599
f 3556//3600 3554//3371 3551//3373
f 3558//3507 3559//3601 3556//3600
f 3559//3601 3557//3380 3554//3371
f 3561//3511 3562//3602 3559//3601
f 3562//3602 3560//3390 3557//3380
f 3565//3603 3562//3602 3561//3511
f 3563//3397 3560//3390 3562//3602
f 3568//3604 3565//3603 3564//3515
f 3566//3403 3563//3397 3565//3603
f 3571//3605 3568//3604 3567//3519
f 3569//3409 3566//3403 3568//3604
f 3574//3606 3571//3605 3570//3523
f 3572//3415 3569//3409 3571//3605
f 3577//3607 3574//3606 3573//3527
f 3575//3378 3572//3415 3574//3606
f 3580//3608 3577//3607 3576//3531
f 3578//3379 3575//3378 3577//3607
f 3583//3609 3580//3608 3579//3534
f 3581//3389 3578//3379 3580//3608
f 3586//3610 3583//3609 3582//3538
f 3584//3395 3581//3389 3583//3609
f 3589//3611 3586//3610 3585//3542
f 3587//3401 3584//3395 3586//3610
f 3592//3612 3589//3611 3588//3546
f 3590//3407 3587//3401 3589//3611
f 3595//3613 3592//3612 3591//3550
f 3593//3413 3590//3407 3592//3612
f 3523//3589 3595//3613 3594//3554
f 3522//3465 3593//3413 3595//3613
f 3521//3557 3598//3620 3597//3614
g default
v 507.090299 -117.453844 207.210152
v 507.073649 -122.491597 212.986817
v 507.201933 -128.851772 217.262278
v 507.442188 -136.101182 219.745288
v 507.776977 -143.745656 220.266604
v 510.378422 -147.696811 162.174085
v 507.510591 -112.606061 192.816759
v 507.245164 -114.081882 200.326008
v 509.164614 -125.653243 166.501201
v 508.718925 -119.879683 171.540393
v 508.266914 -115.607284 177.916243
v 509.614988 -132.533747 163.128717
v 510.043407 -140.052309 161.652755
v 506.719389 -63.247380 167.376100
v 505.623423 -63.915632 183.018081
vn 0.997977 0.045539 0.044372
vn 0.996767 0.044362 0.066995
vn 0.998070 0.046170 0.041518
vn 0.997895 0.047492 0.044158
vn 0.998050 0.046253 0.041922
vn 0.996461 0.043882 0.071694
vn 0.998004 0.047640 0.041465
vn 0.997657 0.047111 0.049603
vn 0.998045 0.046902 0.041317
vn 0.998205 0.044047 0.040586
vn 0.998264 0.042930 0.040325
vn 0.997806 0.048612 0.044941
vn 0.997493 0.052046 0.047941
vn 0.997359 0.053289 0.049352
vn 0.998172 0.046361 0.038765
s 1
g Piece4 Supermarine_Spitfire_Mk:GLTF_SceneRootNode Supermarine_Spitfire_Mk:root Supermarine_Spitfire_Mk:Sketchfab_model Supermarine_Spitfire_Mk:Meshes Supermarine_Spitfire_Mk:scene polySurface115
usemtl Supermarine_Spitfire_Mk:Object_115SG
f 3631//3621 3635//3622 3627//3623
f 3623//3624 3625//3625 3627//3623
f 3631//3621 3634//3626 3635//3622
f 3626//3627 3633//3628 3632//3629
f 3632//3629 3629//3630 3625//3625
f 3629//3630 3630//3631 3625//3625
f 3630//3631 3631//3621 3625//3625
f 3631//3621 3627//3623 3625//3625
f 3627//3623 3628//3632 3623//3624
f 3628//3632 3621//3633 3623//3624
f 3621//3633 3622//3634 3623//3624
f 3623//3624 3624//3635 3625//3625
f 3625//3625 3626//3627 3632//3629
g default
v 504.727586 -117.562402 207.111470
v 504.710937 -122.600155 212.888121
v 504.839163 -128.960387 217.163596
v 505.079419 -136.209740 219.646592
v 505.414208 -143.854270 220.167922
v 505.148386 -112.714224 192.704871
v 504.882395 -114.190469 200.227312
v 507.090186 -117.453844 207.210152
v 507.073537 -122.491597 212.986817
v 507.201820 -128.851772 217.262264
v 507.442075 -136.101125 219.745274
v 507.776865 -143.745656 220.266604
v 507.510478 -112.606061 192.816759
v 507.245051 -114.081882 200.326008
vn -0.061278 0.831715 0.551811
vn -0.061606 0.659814 0.748899
vn -0.061275 0.831891 0.551545
vn -0.057727 0.442901 0.894710
vn -0.061606 0.659876 0.748845
vn -0.049902 0.195720 0.979389
vn -0.057721 0.442654 0.894833
vn -0.056852 0.946603 0.317351
vn -0.056756 0.946737 0.316967
vn -0.044669 0.066023 0.996818
vn -0.049896 0.195549 0.979424
vn -0.053740 0.980212 0.190516
vn -0.053908 0.980214 0.190457
vn -0.044669 0.066022 0.996818
s 1
g Piece4 Supermarine_Spitfire_Mk:GLTF_SceneRootNode Supermarine_Spitfire_Mk:root Supermarine_Spitfire_Mk:Sketchfab_model Supermarine_Spitfire_Mk:Meshes Supermarine_Spitfire_Mk:scene polySurface117
usemtl Supermarine_Spitfire_Mk:Object_115SG
f 3636//3636 3644//3637 3643//3638
f 3638//3639 3644//3637 3637//3640
f 3639//3641 3645//3642 3638//3639
f 3642//3643 3643//3638 3649//3644
f 3640//3645 3646//3646 3639//3641
f 3642//3643 3648//3647 3641//3648
f 3636//3636 3637//3640 3644//3637
f 3638//3639 3645//3642 3644//3637
f 3639//3641 3646//3646 3645//3642
f 3642//3643 3636//3636 3643//3638
f 3640//3645 3647//3649 3646//3646
f 3642//3643 3649//3644 3648//3647
g default
v 839.064319 -22.456950 155.947837
v 839.064319 -22.456950 155.947837
v 838.579574 -17.367015 155.947837
v 838.579574 -17.367015 155.947837
v 838.579574 -17.367015 155.947837
v 839.064319 -22.456950 147.743161
v 839.064319 -22.456950 147.743161
v 838.579574 -17.367015 147.743161
v 838.579574 -17.367015 147.743161
v 838.579574 -17.367015 147.743161
v 842.129231 -22.165059 155.947837
v 842.129231 -22.165059 155.947837
v 841.644486 -17.075124 155.947837
v 841.644486 -17.075124 155.947837
v 841.644486 -17.075124 155.947837
v 842.129231 -22.165059 147.743161
v 842.129231 -22.165059 147.743161
v 841.644486 -17.075124 147.743161
v 841.644486 -17.075124 147.743161
v 841.644486 -17.075124 147.743161
v 842.655796 -51.021460 155.947837
v 842.655796 -51.021460 155.947837
v 842.655796 -51.021460 155.947837
v 842.655796 -51.021460 151.289770
v 842.655796 -51.021460 151.289770
v 842.655796 -51.021460 151.289770
v 843.994218 -50.893981 155.947837
v 843.994218 -50.893981 155.947837
v 843.994218 -50.893981 155.947837
v 843.994218 -50.893981 151.289770
v 843.994218 -50.893981 151.289770
v 843.994218 -50.893981 151.289770
v 841.325669 -41.008199 147.743161
v 841.325669 -41.008199 147.743161
v 841.325669 -41.008199 147.743161
v 841.103643 -38.676548 155.947837
v 841.103643 -38.676548 155.947837
v 843.188173 -38.478014 155.947837
v 843.188173 -38.478014 155.947837
v 843.410256 -40.809664 147.743161
v 843.410256 -40.809664 147.743161
v 843.410256 -40.809664 147.743161
vt 0.415433 0.867539
vt 0.681751 0.494165
vt 0.415433 0.862365
vt 0.681751 0.499339
vt 0.462348 0.658749
vt 0.407130 0.867539
vt 0.618618 0.542076
vt 0.407130 0.862365
vt 0.618618 0.547250
vt 0.462348 0.667052
vt 0.678636 0.494165
vt 0.520203 0.827608
vt 0.678636 0.499339
vt 0.459233 0.658749
vt 0.520203 0.822434
vt 0.621733 0.542076
vt 0.528505 0.827608
vt 0.621733 0.547250
vt 0.459233 0.667052
vt 0.528505 0.822434
vt 0.415433 0.896672
vt 0.268248 0.850024
vt 0.680874 0.465045
vt 0.410719 0.896673
vt 0.268248 0.854738
vt 0.021898 0.987678
vt 0.269608 0.850024
vt 0.679513 0.465045
vt 0.520203 0.856741
vt 0.269608 0.854738
vt 0.023258 0.987678
vt 0.524916 0.856741
vt 0.407129 0.886451
vt 0.021519 0.998505
vt 0.619116 0.523170
vt 0.415432 0.884082
vt 0.681253 0.477630
vt 0.679134 0.477630
vt 0.520203 0.844150
vt 0.023638 0.998505
vt 0.621235 0.523170
vt 0.528506 0.846520
vn -0.995496 -0.094809 0.000000
vn -0.993141 -0.116911 0.001879
vn -0.993058 -0.117625 0.000000
vn 0.000000 -0.000000 -1.000000
vn 0.000000 -0.000000 -1.000000
vn 0.000000 -0.000000 -1.000000
vn 0.995496 0.094809 -0.000000
vn 0.997409 0.071941 -0.000000
vn 0.997355 0.072658 0.001879
vn -0.000000 0.000000 1.000000
vn -0.000000 0.000000 1.000000
vn -0.000000 0.000000 1.000000
vn -0.992329 -0.123459 0.006349
vn -0.991963 -0.126444 0.004568
vn -0.992188 -0.124749 -0.000000
vn -0.094809 0.995496 -0.000000
vn -0.094809 0.995496 -0.000000
vn -0.094809 0.995496 -0.000000
vn 0.094809 -0.995496 0.000000
vn 0.094809 -0.995496 0.000000
vn 0.094809 -0.995496 0.000000
vn 0.997795 0.066075 0.006349
vn 0.997998 0.063074 0.004568
vn 0.997816 0.065527 0.008384
vn 0.000000 -0.000000 1.000000
vn 0.000000 -0.000000 1.000000
vn 0.000000 -0.000000 1.000000
vn 0.031428 -0.329991 -0.943461
vn 0.031428 -0.329991 -0.943461
vn 0.031428 -0.329991 -0.943461
vn 0.000000 -0.000000 -1.000000
vn 0.000000 -0.000000 -1.000000
vn -0.995496 -0.094809 0.000000
vn 0.000000 -0.000000 -1.000000
vn 0.995496 0.094809 -0.000000
vn -0.000000 0.000000 1.000000
vn -0.992247 -0.124001 0.008384
vn -0.094809 0.995496 -0.000000
vn 0.094809 -0.995496 0.000000
vn 0.997899 0.064782 0.000000
vn 0.000000 -0.000000 1.000000
vn 0.031428 -0.329991 -0.943461
s 1
g Piece4 Supermarine_Spitfire_Mk:GLTF_SceneRootNode Supermarine_Spitfire_Mk:root Supermarine_Spitfire_Mk:Sketchfab_model Supermarine_Spitfire_Mk:Meshes Supermarine_Spitfire_Mk:scene Supermarine_Spitfire_Mk:Object_88
usemtl Supermarine_Spitfire_Mk:Object_88SG
f 3652/3012/3650 3655/3015/3651 3650/3010/3652
s 2
f 3658/3018/3653 3665/3025/3654 3656/3016/3655
s 3
f 3669/3029/3656 3661/3021/3657 3666/3026/3658
s 4
f 3662/3022/3659 3651/3011/3660 3660/3020/3661
s 1
f 3685/3045/3662 3673/3033/3663 3670/3030/3664
s 6
f 3659/3019/3665 3663/3023/3666 3668/3028/3667
s 7
f 3679/3039/3668 3671/3031/3669 3674/3034/3670
s 3
f 3688/3048/3671 3681/3041/3672 3691/3051/3673
s 4
f 3686/3046/3674 3677/3037/3675 3687/3047/3676
s 10
f 3689/3049/3677 3675/3035/3678 3683/3043/3679
s 2
f 3656/3016/3655 3690/3050/3680 3684/3044/3681
s 4
f 3651/3011/3660 3687/3047/3676 3660/3020/3661
s 3
f 3666/3026/3658 3688/3048/3671 3691/3051/3673
s 1
f 3655/3015/3651 3685/3045/3662 3650/3010/3652
f 3652/3012/3650 3657/3017/3682 3655/3015/3651
s 2
f 3658/3018/3653 3667/3027/3683 3665/3025/3654
s 3
f 3669/3029/3656 3664/3024/3684 3661/3021/3657
s 4
f 3662/3022/3659 3653/3013/3685 3651/3011/3660
s 1
f 3685/3045/3662 3682/3042/3686 3673/3033/3663
s 6
f 3659/3019/3665 3654/3014/3687 3663/3023/3666
s 7
f 3679/3039/3668 3676/3036/3688 3671/3031/3669
s 3
f 3688/3048/3671 3678/3038/3689 3681/3041/3672
s 4
f 3686/3046/3674 3672/3032/3690 3677/3037/3675
s 10
f 3689/3049/3677 3680/3040/3691 3675/3035/3678
s 2
f 3656/3016/3655 3665/3025/3654 3690/3050/3680
s 4
f 3651/3011/3660 3686/3046/3674 3687/3047/3676
s 3
f 3666/3026/3658 3661/3021/3657 3688/3048/3671
s 1
f 3655/3015/3651 3682/3042/3686 3685/3045/3662
g default
v 689.039504 -35.250377 161.694688
v 689.039504 -35.250377 150.727296
v 689.526449 -38.646219 161.694688
v 689.441341 -38.053305 150.727296
vn -0.989876 -0.141932 0.000001
vn -0.989877 -0.141926 0.000000
vn -0.989876 -0.141934 0.000001
vn -0.989877 -0.141925 -0.000000
s 1
g Piece4 Supermarine_Spitfire_Mk:GLTF_SceneRootNode Supermarine_Spitfire_Mk:root Supermarine_Spitfire_Mk:Sketchfab_model Supermarine_Spitfire_Mk:Meshes Supermarine_Spitfire_Mk:scene polySurface94
usemtl Supermarine_Spitfire_Mk:Object_81SG
f 3692//3692 3695//3693 3694//3694
f 3692//3692 3693//3695 3695//3693
g default
v 563.311847 -44.813141 162.258841
v 516.851727 -50.805250 178.814790
v 564.650778 -55.194296 162.258841
v 542.400507 -58.719994 170.217321
v 518.384861 -62.692801 178.814790
vn -0.330484 -0.042623 -0.942849
vn -0.330484 -0.042623 -0.942849
vn -0.330484 -0.042623 -0.942849
vn -0.330484 -0.042624 -0.942849
vn -0.330484 -0.042623 -0.942849
s 1
g Piece4 Supermarine_Spitfire_Mk:GLTF_SceneRootNode Supermarine_Spitfire_Mk:root Supermarine_Spitfire_Mk:Sketchfab_model Supermarine_Spitfire_Mk:Meshes Supermarine_Spitfire_Mk:scene polySurface111
usemtl Supermarine_Spitfire_Mk:Object_81SG
f 3696//3696 3698//3697 3699//3698
f 3700//3699 3697//3700 3699//3698
f 3697//3700 3696//3696 3699//3698
g default
v 707.069242 -33.489626 173.712896
v 707.069242 -33.489626 156.433329
v 707.566911 -36.960760 173.712896
v 707.441393 -36.085364 156.433329
vn -0.989876 -0.141935 0.000000
vn -0.989879 -0.141915 0.000000
vn -0.989876 -0.141936 0.000000
vn -0.989879 -0.141911 -0.000000
s 1
g Piece4 Supermarine_Spitfire_Mk:GLTF_SceneRootNode Supermarine_Spitfire_Mk:root Supermarine_Spitfire_Mk:Sketchfab_model Supermarine_Spitfire_Mk:Meshes Supermarine_Spitfire_Mk:scene polySurface78
usemtl Supermarine_Spitfire_Mk:Object_81SG
f 3701//3701 3704//3702 3703//3703
f 3701//3701 3702//3704 3704//3702
g default
v 783.486838 -24.285465 164.109874
v 791.025915 -23.204540 164.109874
v 791.025915 -23.204540 153.142482
v 787.865961 -23.657598 153.142482
v 783.486838 -24.285465 146.830293
v 787.865961 -23.657598 146.830293
vn 0.141926 -0.989877 -0.000000
vn 0.141926 -0.989877 -0.000000
vn 0.141926 -0.989877 -0.000000
vn 0.141926 -0.989877 -0.000000
vn 0.141926 -0.989877 -0.000000
vn 0.141926 -0.989877 -0.000000
s 1
g Piece4 Supermarine_Spitfire_Mk:GLTF_SceneRootNode Supermarine_Spitfire_Mk:root Supermarine_Spitfire_Mk:Sketchfab_model Supermarine_Spitfire_Mk:Meshes Supermarine_Spitfire_Mk:scene polySurface88
usemtl Supermarine_Spitfire_Mk:Object_81SG
f 3705//3705 3709//3706 3708//3707
f 3706//3708 3708//3707 3707//3709
f 3709//3706 3710//3710 3708//3707
f 3706//3708 3705//3705 3708//3707
g default
v 783.486838 -24.285465 164.109874
v 783.486838 -24.285465 146.830293
v 783.806163 -26.512297 164.109874
v 783.686854 -25.680019 146.830293
vn 0.989876 0.141934 0.000000
vn 0.989875 0.141941 0.000001
vn 0.989875 0.141942 0.000001
vn 0.989876 0.141933 0.000000
s 1
g Piece4 Supermarine_Spitfire_Mk:GLTF_SceneRootNode Supermarine_Spitfire_Mk:root Supermarine_Spitfire_Mk:Sketchfab_model Supermarine_Spitfire_Mk:Meshes Supermarine_Spitfire_Mk:scene polySurface85
usemtl Supermarine_Spitfire_Mk:Object_81SG
f 3714//3711 3711//3712 3713//3713
f 3714//3711 3712//3714 3711//3712
g default
v 681.500540 -36.331302 144.415107
v 685.879663 -35.703439 144.415107
v 681.837587 -38.682149 144.415107
v 686.226869 -38.125372 144.415107
vn 0.000000 -0.000000 1.000000
vn -0.000000 -0.000000 1.000000
vn 0.000001 -0.000000 1.000000
vn -0.000001 -0.000000 1.000000
s 1
g Piece4 Supermarine_Spitfire_Mk:GLTF_SceneRootNode Supermarine_Spitfire_Mk:root Supermarine_Spitfire_Mk:Sketchfab_model Supermarine_Spitfire_Mk:Meshes Supermarine_Spitfire_Mk:scene polySurface97
usemtl Supermarine_Spitfire_Mk:Object_81SG
f 3716//3715 3717//3716 3718//3717
f 3716//3715 3715//3718 3717//3716
g default
v 699.530165 -34.570552 173.712896
v 699.530165 -34.570552 162.745518
v 699.928504 -37.348492 162.745518
v 700.007855 -37.901582 173.712896
vn 0.989878 0.141918 0.000000
vn 0.989876 0.141932 0.000000
vn 0.989876 0.141935 0.000000
vn 0.989879 0.141913 0.000000
s 1
g Piece4 Supermarine_Spitfire_Mk:GLTF_SceneRootNode Supermarine_Spitfire_Mk:root Supermarine_Spitfire_Mk:Sketchfab_model Supermarine_Spitfire_Mk:Meshes Supermarine_Spitfire_Mk:scene polySurface80
usemtl Supermarine_Spitfire_Mk:Object_81SG
f 3721//3719 3719//3720 3722//3721
f 3721//3719 3720//3722 3719//3720
g default
v 791.025915 -23.204540 153.142482
v 787.865961 -23.657598 153.142482
v 788.111014 -25.366522 153.142482
v 791.271081 -24.914380 153.142482
vn 0.000000 -0.000000 1.000000
vn 0.000000 -0.000000 1.000000
vn 0.000000 -0.000000 1.000000
vn 0.000000 -0.000000 1.000000
s 1
g Piece4 Supermarine_Spitfire_Mk:GLTF_SceneRootNode Supermarine_Spitfire_Mk:root Supermarine_Spitfire_Mk:Sketchfab_model Supermarine_Spitfire_Mk:Meshes Supermarine_Spitfire_Mk:scene polySurface86
usemtl Supermarine_Spitfire_Mk:Object_81SG
f 3723//3723 3725//3724 3726//3725
f 3723//3723 3724//3726 3725//3724
g default
v 501.430601 -47.179547 231.068139
v 512.146845 -49.716960 19.839770
v 944.047804 -5.669355 165.081832
v 944.504385 -6.591073 154.578373
v 541.544006 -43.966715 232.156288
v 574.068105 -40.556481 231.240232
v 605.473268 -36.556821 230.601285
v 636.537885 -33.337629 229.750514
v 667.545048 -29.993321 229.125098
v 698.540923 -26.859472 227.999615
v 729.531945 -23.644809 226.028609
v 760.525225 -20.464416 223.062801
v 791.517601 -17.876242 219.696032
v 822.499480 -14.987863 215.411893
v 853.333041 -12.853664 209.245808
v 881.895317 -11.002390 201.702682
v 914.047378 -8.766638 189.843064
v 915.680802 -9.286042 118.268461
v 884.560988 -12.055704 96.183983
v 667.489965 -33.871996 32.370094
v 636.465870 -37.291634 28.413627
v 605.441437 -40.781763 24.988669
v 574.415649 -44.719109 22.298307
v 543.384105 -48.555494 20.477207
v 923.091651 -8.106294 185.715922
v 930.966985 -7.595571 181.793183
v 938.418470 -6.954543 176.730301
v 938.621420 -7.152883 142.636794
v 931.192059 -7.889965 133.022724
v 923.436712 -8.563370 125.176104
v 942.843646 -6.352052 171.488385
v 942.982822 -6.715532 149.610505
v 508.040034 -42.220779 47.399908
v 503.052398 -37.951674 73.834458
v 499.286867 -36.094122 100.528947
v 495.425956 -34.672224 127.649463
v 491.645299 -35.417969 154.619037
v 493.487994 -37.225221 181.338379
v 497.432038 -39.047274 204.474470
v 540.025829 -35.813683 206.103293
v 539.836875 -33.612749 181.301370
v 540.559054 -33.328317 155.038313
v 541.134042 -34.279816 128.191929
v 541.504613 -36.505603 100.938650
v 543.598456 -39.659299 74.090538
v 543.528699 -43.365038 47.453743
v 574.346569 -32.641775 208.496426
v 573.810184 -30.285500 181.837966
v 573.645725 -30.873088 155.562042
v 573.929381 -32.282072 128.951089
v 574.325462 -34.643670 101.938827
v 574.687567 -37.359479 75.425483
v 574.428630 -40.380585 48.548898
v 605.355200 -29.426423 207.260184
v 605.101343 -27.516865 181.797670
v 604.984291 -28.376353 156.061164
v 605.007204 -29.841355 129.984606
v 605.147735 -31.824693 103.613887
v 605.341316 -34.275654 77.391896
v 605.439970 -36.557745 50.739384
v 636.453115 -26.499903 206.566225
v 636.333806 -25.079674 181.951251
v 636.250729 -25.999822 156.724068
v 636.252761 -27.347664 131.304785
v 636.339562 -29.079154 105.677155
v 636.420494 -31.234646 80.009426
v 636.464064 -33.286627 54.566009
v 667.481950 -23.816870 205.142948
v 667.419304 -22.912461 181.620173
v 667.378331 -23.649455 157.348863
v 667.380137 -24.814802 132.781171
v 667.462423 -26.280940 107.942407
v 668.060889 -28.131556 82.740734
v 667.488836 -30.080274 58.248202
v 698.507851 -21.390524 203.994410
v 698.474214 -20.783904 181.336911
v 698.451977 -21.304998 158.052304
v 698.452316 -22.272231 134.453846
v 698.480535 -23.518448 110.540099
v 698.517332 -25.157411 86.466477
v 729.530252 -18.740132 202.421911
v 729.509144 -18.438161 180.937261
v 729.490520 -18.875600 158.794193
v 729.491423 -19.688530 136.294848
v 729.512982 -20.750214 113.313453
v 729.532171 -22.096050 89.855582
v 760.544301 -16.263150 199.826928
v 760.514840 -16.014753 180.201905
v 760.485718 -16.362921 159.543391
v 760.489105 -17.038609 138.403845
v 760.525225 -17.955678 116.706706
v 760.557056 -19.137761 94.429500
v 791.531485 -13.819498 197.553938
v 791.460825 -13.569983 179.493356
v 791.401001 -13.846320 160.394262
v 791.408450 -14.389929 140.841168
v 791.484077 -15.078097 120.832932
v 791.582956 -16.085798 100.331612
v 822.420806 -11.536049 195.159126
v 822.276099 -11.282114 178.721682
v 822.161079 -11.543573 161.284117
v 822.177559 -12.112935 143.502423
v 822.324184 -12.838708 125.448162
v 822.547904 -13.727275 107.134168
v 852.959197 -9.604158 192.224416
v 852.787851 -9.170997 177.587691
v 852.611201 -9.388142 162.027206
v 852.673057 -9.988118 146.232532
v 852.872960 -10.600267 130.308559
v 853.263283 -11.432761 113.845986
v 881.842605 -8.029296 188.197436
v 882.430461 -7.334507 175.737236
v 882.363074 -7.449228 162.564677
v 882.955445 -8.142386 149.271765
v 883.785759 -8.603522 136.496472
v 884.444501 -9.339157 122.951748
v 884.572840 -10.365825 109.607464
v 914.542676 -6.190305 180.811489
v 915.317681 -5.581944 172.288377
v 915.723356 -5.508275 163.272577
v 915.793451 -6.304919 154.271619
v 915.679108 -6.879826 146.053328
v 915.680802 -7.370649 136.714661
v 915.680802 -8.177572 127.568588
v 923.337495 -5.665080 178.202369
v 923.564262 -5.136727 171.073045
v 923.627133 -5.060074 163.448042
v 923.685716 -5.804481 155.837839
v 923.507147 -6.450617 148.929018
v 923.436712 -6.880430 140.954227
v 923.436712 -7.624894 133.143882
v 931.425147 -5.229362 175.657277
v 931.686793 -4.818650 169.859477
v 931.575271 -4.887265 163.733321
v 931.529557 -5.414094 157.678150
v 931.532153 -5.975291 151.852144
v 931.446029 -6.474169 145.709720
v 931.277054 -7.137331 139.430999
v 938.052301 -5.079781 172.023303
v 937.867862 -4.895512 168.028634
v 937.648545 -5.002683 163.672904
v 937.645723 -5.348559 159.048657
v 937.850705 -5.710100 154.408382
v 938.063024 -6.107242 150.003975
v 938.344875 -6.599313 145.827689
v 941.829346 -5.277504 168.789768
v 941.745028 -5.183877 166.382427
v 941.716809 -5.261722 163.816129
v 942.229038 -5.509506 160.350763
v 942.090088 -5.697419 156.539954
v 942.303649 -5.911287 153.881719
v 942.630198 -6.210700 151.570647
v 943.807378 -5.941710 157.523171
v 502.268703 -52.777332 235.025813
v 944.941327 -6.678104 165.876223
v 541.903515 -49.825870 234.773846
v 573.967082 -46.251963 234.175916
v 605.421345 -42.079300 233.728928
v 636.517793 -38.577196 232.883476
v 667.534889 -34.981796 232.059864
v 698.536070 -31.417889 230.636841
v 729.532961 -27.898189 228.624438
v 760.531320 -24.324749 225.751697
v 791.529227 -21.432935 222.088374
v 822.517766 -18.166579 217.288691
v 853.369951 -15.493239 210.675265
v 881.947805 -13.086456 202.766407
v 914.079209 -10.285461 190.594689
v 923.133641 -9.471000 186.330925
v 931.009200 -8.796201 182.227641
v 938.589928 -8.043835 177.151652
v 942.924917 -7.306708 171.579349
v 945.283002 -6.468783 161.383180
v 499.207741 -42.388883 219.318844
v 541.895840 -38.869427 222.454684
v 574.412940 -35.381359 222.256079
v 605.515709 -31.721860 221.680978
v 636.521743 -28.734326 221.108811
v 667.525069 -25.878687 219.962079
v 698.530652 -23.152497 218.896660
v 729.533751 -20.212330 217.203568
v 760.538093 -17.483022 214.431201
v 791.534984 -14.897997 211.559307
v 822.452072 -12.395579 207.644723
v 852.950731 -10.421282 202.312393
v 881.519893 -8.773774 195.950849
v 914.191746 -6.780771 185.954569
v 923.188724 -6.174079 182.473033
v 931.148714 -5.666579 179.142200
v 938.178496 -5.539538 175.026162
v 941.501442 -5.603782 171.775908
v 899.571191 -9.787051 195.476490
v 900.167851 -10.669866 106.530248
v 900.168641 -9.267298 118.576153
v 900.168754 -8.343598 129.865988
v 900.151936 -7.703639 141.323782
v 900.198328 -7.176203 151.785477
v 900.071455 -6.373565 162.935220
v 900.012534 -6.348136 174.038881
v 899.801908 -7.022946 184.453478
v 899.613519 -11.556187 196.371664
v 899.634514 -7.681522 190.702669
v 518.646563 -37.209119 100.658881
v 519.106249 -35.498199 127.919941
v 523.522282 -49.489060 19.839770
v 518.650683 -41.643180 220.664011
v 518.300430 -52.397184 234.919569
v 518.564446 -35.120196 154.846721
v 518.500219 -36.088271 181.328107
v 518.421489 -38.365346 205.518457
v 520.467642 -43.422450 47.163081
v 518.404727 -46.649991 231.470654
v 518.557560 -39.538791 73.830656
v 694.371185 -30.994641 36.799419
v 878.050322 -12.611926 93.136517
v 878.050322 -10.838019 107.052834
v 853.284504 -11.968010 106.431143
v 878.037905 -10.515068 111.227737
v 822.588088 -14.157469 100.480347
v 792.362250 -16.589992 94.620768
v 760.559652 -19.596727 88.520192
v 729.535896 -22.679193 82.511625
v 698.727845 -25.969890 76.549357
v 694.371185 -27.460313 61.760264
v 694.196905 -26.440561 75.577689
vn 0.259198 0.959917 0.106656
vn 0.730843 0.535509 0.423201
vn 0.461724 0.884822 0.062455
vn -0.051226 0.840846 0.538845
vn -0.092377 0.949626 0.299461
vn -0.052509 0.957438 0.283821
vn -0.111557 0.945229 0.306752
vn -0.074445 0.740873 0.667507
vn -0.103009 0.939884 0.325589
vn -0.070856 0.756678 0.649936
vn -0.092823 0.951342 0.293823
vn -0.064924 0.765860 0.639721
vn -0.085340 0.955919 0.280956
vn -0.059792 0.794797 0.603923
vn -0.078432 0.965449 0.248510
vn -0.051840 0.814643 0.577641
vn -0.077414 0.971650 0.223389
vn -0.041026 0.828174 0.558967
vn -0.074443 0.976104 0.204154
vn -0.022941 0.854784 0.518476
vn -0.065146 0.981653 0.179200
vn -0.010115 0.849411 0.527635
vn -0.061449 0.981699 0.180252
vn 0.020121 0.856136 0.516358
vn -0.044711 0.984499 0.169598
vn 0.060238 0.854535 0.515889
vn -0.023275 0.982240 0.186179
vn 0.094422 0.848852 0.520129
vn -0.004485 0.978085 0.208158
vn 0.016760 0.970902 0.238888
vn 0.173715 0.795290 0.580807
vn 0.035523 0.963580 0.265050
vn 0.233231 0.746038 0.623723
vn 0.069845 0.948993 0.307463
vn 0.318614 0.666421 0.674068
vn 0.143395 0.921265 0.361538
vn 0.472573 0.610146 0.635922
vn 0.231838 0.913875 0.333293
vn 0.346581 0.892521 0.288597
vn 0.066089 0.989028 -0.132123
vn 0.209820 0.957732 -0.196785
vn 0.077978 0.985685 -0.149481
vn 0.021560 0.994866 -0.098875
vn 0.186160 0.972446 -0.140332
vn 0.012479 0.996234 -0.085801
vn 0.090149 0.991763 -0.090990
vn 0.024782 0.996804 -0.075940
vn 0.072469 0.995190 -0.065919
vn 0.034181 0.998097 -0.051320
vn 0.112358 0.992195 -0.054078
vn 0.116004 0.993240 -0.004049
vn 0.111835 0.992694 -0.045294
vn 0.037987 0.999253 0.007071
vn 0.030599 0.993409 -0.110465
vn 0.036137 0.992473 -0.117013
vn -0.002176 0.996171 -0.087402
vn -0.017182 0.995918 -0.088614
vn -0.012782 0.995719 -0.091545
vn -0.006967 0.998819 -0.048080
vn -0.011165 0.999493 0.029814
vn 0.062708 0.994065 0.088891
vn 0.011361 0.994479 -0.104322
vn 0.017653 0.992920 -0.117467
vn -0.013239 0.997174 -0.073951
vn -0.029902 0.996999 -0.071400
vn -0.037314 0.994900 -0.093708
vn -0.042228 0.998107 -0.044713
vn -0.042209 0.998395 0.037764
vn 0.000389 0.995685 0.092793
vn -0.009048 0.994947 -0.099994
vn 0.000945 0.993069 -0.117525
vn -0.028162 0.997211 -0.069116
vn -0.037576 0.997599 -0.058175
vn -0.045174 0.995881 -0.078621
vn -0.053565 0.997693 -0.041717
vn -0.048013 0.998323 0.032355
vn -0.030665 0.995659 0.087883
vn -0.013821 0.995096 -0.097942
vn -0.003284 0.992983 -0.118212
vn -0.031846 0.997150 -0.068395
vn -0.040638 0.997865 -0.051125
vn -0.047244 0.997042 -0.060620
vn -0.055056 0.997752 -0.038197
vn -0.050867 0.998328 0.027443
vn -0.036042 0.995979 0.082012
vn -0.026554 0.992697 -0.117676
vn -0.014469 0.991998 -0.125421
vn -0.025553 0.991649 -0.126406
vn -0.044285 0.996163 -0.075482
vn -0.056601 0.996726 -0.057746
vn -0.043321 0.997022 -0.063795
vn -0.059920 0.997145 -0.045951
vn -0.062213 0.997337 -0.038047
vn -0.050240 0.997595 -0.047746
vn -0.065456 0.997505 -0.026430
vn -0.054943 0.997433 -0.045932
vn -0.057886 0.998114 0.020434
vn -0.061071 0.997610 -0.032309
vn -0.063309 0.997954 0.008941
vn -0.047104 0.996765 0.065125
vn -0.063268 0.996565 -0.053445
vn -0.053134 0.996020 -0.071557
vn -0.060237 0.995974 -0.066389
vn -0.066246 0.996814 -0.044415
vn -0.069129 0.996968 -0.035732
vn -0.071497 0.997163 -0.023552
vn -0.070436 0.997515 0.001380
vn -0.054230 0.997311 0.049302
vn -0.075756 0.995315 -0.060079
vn -0.070602 0.992875 -0.095996
vn -0.075730 0.996211 -0.042774
vn -0.075928 0.996598 -0.032063
vn -0.076649 0.996826 -0.021524
vn -0.076237 0.997090 -0.000312
vn -0.064689 0.997156 0.038668
vn -0.085078 0.994617 -0.059150
vn -0.081527 0.993664 -0.077368
vn -0.085261 0.995216 -0.047707
vn -0.082901 0.995877 -0.036826
vn -0.080433 0.996466 -0.024222
vn -0.078507 0.996911 -0.002043
vn -0.073836 0.996448 0.040494
vn -0.086436 0.994187 -0.064195
vn -0.086932 0.993040 -0.079470
vn -0.083874 0.995125 -0.051886
vn -0.081263 0.995840 -0.041213
vn -0.078866 0.996501 -0.027693
vn -0.077125 0.997017 -0.002845
vn -0.076076 0.996215 0.042060
vn -0.087868 0.993456 -0.072972
vn -0.089181 0.992534 -0.083208
vn -0.083930 0.994690 -0.059564
vn -0.079479 0.995750 -0.046531
vn -0.075483 0.996636 -0.031929
vn -0.073474 0.997297 0.001054
vn -0.078496 0.995679 0.049609
vn -0.085808 0.989981 -0.112133
vn -0.079821 0.986629 -0.142101
vn -0.084697 0.985634 -0.146126
vn -0.086336 0.993167 -0.078525
vn -0.087721 0.993152 -0.077158
vn -0.083543 0.994234 -0.067232
vn -0.078713 0.995486 -0.053031
vn -0.074428 0.996474 -0.038719
vn -0.071099 0.997464 0.003303
vn -0.078308 0.994916 0.063319
vn -0.089461 0.989241 -0.115751
vn -0.088868 0.984184 -0.153247
vn -0.089359 0.992556 -0.082748
vn -0.083274 0.993660 -0.075527
vn -0.078147 0.995159 -0.059598
vn -0.075591 0.996190 -0.043499
vn -0.076519 0.997026 0.009211
vn -0.077277 0.993935 0.078245
vn -0.098948 0.987183 -0.125215
vn -0.102019 0.981617 -0.161306
vn -0.091240 0.991769 -0.089827
vn -0.083605 0.992894 -0.084682
vn -0.077560 0.994900 -0.064481
vn -0.078431 0.995997 -0.042883
vn -0.084614 0.996239 0.018684
vn -0.084749 0.991875 0.094877
vn -0.097756 0.985409 -0.139328
vn -0.104222 0.980190 -0.168421
vn -0.084193 0.991041 -0.103678
vn -0.072953 0.992741 -0.095619
vn -0.070708 0.995209 -0.067530
vn -0.079377 0.996244 -0.034598
vn -0.093461 0.995121 0.031599
vn -0.092800 0.989949 0.106717
vn -0.058504 0.984785 -0.163631
vn -0.081241 0.978823 -0.187896
vn -0.038195 0.991646 -0.123206
vn -0.056514 0.996576 -0.060355
vn -0.041492 0.994615 -0.094973
vn -0.072063 0.997302 -0.013981
vn -0.097886 0.994090 0.046948
vn -0.109211 0.985365 0.130880
vn 0.010031 0.973754 -0.227380
vn 0.028456 0.982605 -0.183513
vn -0.020214 0.977994 -0.207654
vn 0.092725 0.978102 -0.186331
vn 0.038483 0.992075 -0.119609
vn 0.090094 0.990636 -0.102586
vn 0.012592 0.997425 -0.070598
vn 0.051413 0.996998 -0.057900
vn -0.007718 0.999103 -0.041634
vn 0.021563 0.999625 -0.016853
vn -0.045481 0.998800 0.018152
vn -0.035022 0.997141 0.066965
vn -0.011450 0.998807 0.047476
vn -0.041928 0.990323 0.132297
vn -0.077546 0.995073 0.061776
vn 0.392951 0.912715 -0.111987
vn 0.351378 0.933893 -0.066163
vn 0.465732 0.884046 -0.039453
vn 0.684454 0.707302 0.176769
vn 0.838505 0.137443 0.527276
vn 0.582513 0.367532 0.724982
vn 0.449762 0.321830 0.833150
vn 0.374380 0.392281 0.840212
vn 0.136983 0.825230 0.547933
vn 0.318597 0.426249 0.846645
vn 0.223736 0.448518 0.865317
vn 0.165550 0.472888 0.865431
vn 0.101403 0.508753 0.854920
vn 0.055157 0.558107 0.827934
vn 0.030584 0.568663 0.822002
vn 0.008746 0.519784 0.854253
vn -0.010704 0.501162 0.865288
vn -0.028708 0.507309 0.861286
vn -0.033061 0.511657 0.858553
vn -0.039223 0.490486 0.870566
vn -0.086911 0.747057 0.659054
vn -0.034694 0.455076 0.889777
vn -0.030568 0.560627 0.827504
vn -0.069833 0.793547 0.604489
vn -0.039969 0.996256 0.076657
vn -0.101002 0.986862 0.126104
vn -0.081307 0.986842 0.139757
vn 0.282466 0.438641 0.853116
vn -0.017742 0.994381 -0.104360
vn -0.046375 0.414078 0.909059
vn -0.081603 0.990123 -0.114007
vn -0.031825 0.514725 0.856765
s 1
g Piece4 Supermarine_Spitfire_Mk:GLTF_SceneRootNode Supermarine_Spitfire_Mk:root Supermarine_Spitfire_Mk:Sketchfab_model Supermarine_Spitfire_Mk:Meshes Supermarine_Spitfire_Mk:scene polySurface72
usemtl Supermarine_Spitfire_Mk:Object_81SG
f 3872//3727 3757//3728 3729//3729
f 3727//3730 3932//3731 3900//3732
f 3901//3733 3732//3734 3902//3735
f 3902//3735 3733//3736 3903//3737
f 3903//3737 3734//3738 3904//3739
f 3904//3739 3735//3740 3905//3741
f 3905//3741 3736//3742 3906//3743
f 3906//3743 3737//3744 3907//3745
f 3907//3745 3738//3746 3908//3747
f 3908//3747 3739//3748 3909//3749
f 3909//3749 3740//3750 3910//3751
f 3910//3751 3741//3752 3911//3753
f 3911//3753 3742//3754 3912//3755
f 3928//3756 3743//3757 3913//3758
f 3913//3758 3751//3759 3914//3760
f 3914//3760 3752//3761 3915//3762
f 3915//3762 3753//3763 3916//3764
f 3753//3763 3917//3765 3916//3764
f 3871//3766 3758//3767 3754//3768
f 3870//3769 3878//3770 3871//3766
f 3869//3771 3877//3772 3870//3769
f 3868//3773 3876//3774 3869//3771
f 3867//3775 3875//3776 3868//3773
f 3867//3775 3873//3777 3874//3778
f 3866//3779 3872//3727 3873//3777
f 3864//3780 3754//3768 3755//3781
f 3863//3782 3871//3766 3864//3780
f 3862//3783 3870//3769 3863//3782
f 3861//3784 3869//3771 3862//3783
f 3860//3785 3868//3773 3861//3784
f 3860//3785 3866//3779 3867//3775
f 3859//3786 3865//3787 3866//3779
f 3857//3788 3755//3781 3756//3789
f 3856//3790 3864//3780 3857//3788
f 3855//3791 3863//3782 3856//3790
f 3854//3792 3862//3783 3855//3791
f 3853//3793 3861//3784 3854//3792
f 3853//3793 3859//3786 3860//3785
f 3852//3794 3858//3795 3859//3786
f 3850//3796 3756//3789 3744//3797
f 3849//3798 3857//3788 3850//3796
f 3848//3799 3856//3790 3849//3798
f 3847//3800 3855//3791 3848//3799
f 3846//3801 3854//3792 3847//3800
f 3846//3801 3852//3794 3853//3793
f 3845//3802 3851//3803 3852//3794
f 3920//3804 3744//3797 3919//3805
f 3921//3806 3850//3796 3920//3804
f 3922//3807 3849//3798 3921//3806
f 3923//3808 3848//3799 3922//3807
f 3924//3809 3847//3800 3923//3808
f 3924//3809 3845//3802 3846//3801
f 3925//3810 3844//3811 3845//3802
f 3942//3812 3745//3813 3941//3814
f 3944//3815 3836//3816 3842//3817
f 3835//3818 3842//3817 3836//3816
f 3834//3819 3841//3820 3835//3818
f 3833//3821 3840//3822 3834//3819
f 3833//3821 3838//3823 3839//3824
f 3832//3825 3837//3826 3838//3823
f 3830//3827 3943//3828 3945//3829
f 3829//3830 3836//3816 3830//3827
f 3828//3831 3835//3818 3829//3830
f 3827//3832 3834//3819 3828//3831
f 3826//3833 3833//3821 3827//3832
f 3826//3833 3831//3834 3832//3825
f 3824//3835 3945//3829 3946//3836
f 3823//3837 3830//3827 3824//3835
f 3822//3838 3829//3830 3823//3837
f 3821//3839 3828//3831 3822//3838
f 3820//3840 3827//3832 3821//3839
f 3820//3840 3825//3841 3826//3833
f 3818//3842 3946//3836 3947//3843
f 3817//3844 3824//3835 3818//3842
f 3816//3845 3823//3837 3817//3844
f 3815//3846 3822//3838 3816//3845
f 3814//3847 3821//3839 3815//3846
f 3814//3847 3819//3848 3820//3840
f 3812//3849 3947//3843 3948//3850
f 3811//3851 3818//3842 3812//3849
f 3810//3852 3817//3844 3811//3851
f 3809//3853 3816//3845 3810//3852
f 3808//3854 3815//3846 3809//3853
f 3808//3854 3813//3855 3814//3847
f 3806//3856 3948//3850 3949//3857
f 3805//3858 3812//3849 3806//3856
f 3804//3859 3811//3851 3805//3858
f 3803//3860 3810//3852 3804//3859
f 3802//3861 3809//3853 3803//3860
f 3802//3861 3807//3862 3808//3854
f 3800//3863 3940//3864 3746//3865
f 3951//3866 3800//3863 3799//3867
f 3798//3868 3806//3856 3799//3867
f 3797//3869 3805//3858 3798//3868
f 3796//3870 3804//3859 3797//3869
f 3795//3871 3803//3860 3796//3870
f 3795//3871 3801//3872 3802//3861
f 3793//3873 3746//3865 3747//3874
f 3792//3875 3800//3863 3793//3873
f 3791//3876 3799//3867 3792//3875
f 3790//3877 3798//3868 3791//3876
f 3789//3878 3797//3869 3790//3877
f 3788//3879 3796//3870 3789//3878
f 3788//3879 3794//3880 3795//3871
f 3786//3881 3747//3874 3748//3882
f 3785//3883 3793//3873 3786//3881
f 3784//3884 3792//3875 3785//3883
f 3783//3885 3791//3876 3784//3884
f 3782//3886 3790//3877 3783//3885
f 3781//3887 3789//3878 3782//3886
f 3781//3887 3787//3888 3788//3879
f 3779//3889 3748//3882 3749//3890
f 3778//3891 3786//3881 3779//3889
f 3777//3892 3785//3883 3778//3891
f 3776//3893 3784//3884 3777//3892
f 3775//3894 3783//3885 3776//3893
f 3774//3895 3782//3886 3775//3894
f 3774//3895 3780//3896 3781//3887
f 3772//3897 3749//3890 3750//3898
f 3771//3899 3779//3889 3772//3897
f 3771//3899 3777//3892 3778//3891
f 3769//3900 3777//3892 3770//3901
f 3768//3902 3776//3893 3769//3900
f 3767//3903 3775//3894 3768//3902
f 3766//3904 3774//3895 3767//3903
f 3728//3905 3937//3906 3931//3907
f 3759//3908 3939//3909 3937//3906
f 3760//3910 3929//3911 3939//3909
f 3761//3912 3930//3913 3929//3911
f 3762//3914 3934//3915 3930//3913
f 3764//3916 3934//3915 3763//3917
f 3765//3918 3935//3919 3764//3916
f 3730//3920 3879//3921 3899//3922
f 3878//3770 3730//3920 3758//3767
f 3878//3770 3877//3772 3879//3921
f 3877//3772 3876//3774 3879//3921
f 3876//3774 3875//3776 3879//3921
f 3875//3776 3874//3778 3729//3729
f 3874//3778 3873//3777 3729//3729
f 3873//3777 3872//3727 3729//3729
f 3879//3921 3875//3776 3729//3729
f 3729//3729 3881//3923 3899//3922
f 3753//3763 3898//3924 3757//3728
f 3752//3761 3897//3925 3753//3763
f 3751//3759 3896//3926 3752//3761
f 3743//3757 3895//3927 3751//3759
f 3918//3928 3894//3929 3743//3757
f 3741//3752 3893//3930 3742//3754
f 3740//3750 3892//3931 3741//3752
f 3739//3748 3891//3932 3740//3750
f 3890//3933 3738//3746 3889//3934
f 3737//3744 3889//3934 3738//3746
f 3888//3935 3736//3742 3887//3936
f 3887//3936 3735//3740 3886//3937
f 3734//3738 3886//3937 3735//3740
f 3885//3938 3733//3736 3884//3939
f 3732//3734 3884//3939 3733//3736
f 3731//3940 3883//3941 3732//3734
f 3880//3942 3938//3943 3727//3730
f 3757//3728 3881//3923 3729//3729
f 3865//3787 3917//3765 3872//3727
f 3858//3795 3916//3764 3865//3787
f 3851//3803 3915//3762 3858//3795
f 3844//3811 3914//3760 3851//3803
f 3926//3944 3913//3758 3844//3811
f 3831//3834 3912//3755 3837//3826
f 3825//3841 3911//3753 3831//3834
f 3819//3848 3910//3751 3825//3841
f 3813//3855 3909//3749 3819//3848
f 3807//3862 3908//3747 3813//3855
f 3801//3872 3907//3745 3807//3862
f 3794//3880 3906//3743 3801//3872
f 3787//3888 3905//3741 3794//3880
f 3780//3896 3904//3739 3787//3888
f 3773//3945 3903//3737 3780//3896
f 3901//3733 3773//3945 3766//3904
f 3900//3732 3936//3946 3765//3918
f 3837//3826 3928//3756 3926//3944
f 3742//3754 3927//3947 3918//3928
f 3838//3823 3926//3944 3925//3810
f 3839//3824 3925//3810 3924//3809
f 3839//3824 3923//3808 3840//3822
f 3840//3822 3922//3807 3841//3820
f 3841//3820 3921//3806 3842//3817
f 3842//3817 3920//3804 3843//3948
f 3843//3948 3919//3805 3745//3813
f 3912//3755 3918//3928 3928//3756
f 3879//3921 3729//3729 3899//3922
f 3931//3907 3772//3897 3750//3898
f 3939//3909 3770//3901 3771//3899
f 3930//3913 3768//3902 3769//3900
f 3936//3946 3767//3903 3935//3919
f 3932//3731 3766//3904 3936//3946
f 3938//3943 3882//3949 3731//3940
f 3932//3731 3731//3940 3901//3733
f 3937//3906 3771//3899 3772//3897
f 3930//3913 3770//3901 3929//3911
f 3934//3915 3767//3903 3768//3902
f 3944//3815 3843//3948 3942//3812
f 3951//3866 3806//3856 3949//3857
f 3872//3727 3917//3765 3757//3728
f 3727//3730 3938//3943 3932//3731
f 3901//3733 3731//3940 3732//3734
f 3902//3735 3732//3734 3733//3736
f 3903//3737 3733//3736 3734//3738
f 3904//3739 3734//3738 3735//3740
f 3905//3741 3735//3740 3736//3742
f 3906//3743 3736//3742 3737//3744
f 3907//3745 3737//3744 3738//3746
f 3908//3747 3738//3746 3739//3748
f 3909//3749 3739//3748 3740//3750
f 3910//3751 3740//3750 3741//3752
f 3911//3753 3741//3752 3742//3754
f 3928//3756 3918//3928 3743//3757
f 3913//3758 3743//3757 3751//3759
f 3914//3760 3751//3759 3752//3761
f 3915//3762 3752//3761 3753//3763
f 3753//3763 3757//3728 3917//3765
f 3871//3766 3878//3770 3758//3767
f 3870//3769 3877//3772 3878//3770
f 3869//3771 3876//3774 3877//3772
f 3868//3773 3875//3776 3876//3774
f 3867//3775 3874//3778 3875//3776
f 3867//3775 3866//3779 3873//3777
f 3866//3779 3865//3787 3872//3727
f 3864//3780 3871//3766 3754//3768
f 3863//3782 3870//3769 3871//3766
f 3862//3783 3869//3771 3870//3769
f 3861//3784 3868//3773 3869//3771
f 3860//3785 3867//3775 3868//3773
f 3860//3785 3859//3786 3866//3779
f 3859//3786 3858//3795 3865//3787
f 3857//3788 3864//3780 3755//3781
f 3856//3790 3863//3782 3864//3780
f 3855//3791 3862//3783 3863//3782
f 3854//3792 3861//3784 3862//3783
f 3853//3793 3860//3785 3861//3784
f 3853//3793 3852//3794 3859//3786
f 3852//3794 3851//3803 3858//3795
f 3850//3796 3857//3788 3756//3789
f 3849//3798 3856//3790 3857//3788
f 3848//3799 3855//3791 3856//3790
f 3847//3800 3854//3792 3855//3791
f 3846//3801 3853//3793 3854//3792
f 3846//3801 3845//3802 3852//3794
f 3845//3802 3844//3811 3851//3803
f 3920//3804 3850//3796 3744//3797
f 3921//3806 3849//3798 3850//3796
f 3922//3807 3848//3799 3849//3798
f 3923//3808 3847//3800 3848//3799
f 3924//3809 3846//3801 3847//3800
f 3924//3809 3925//3810 3845//3802
f 3925//3810 3926//3944 3844//3811
f 3942//3812 3843//3948 3745//3813
f 3944//3815 3943//3828 3836//3816
f 3835//3818 3841//3820 3842//3817
f 3834//3819 3840//3822 3841//3820
f 3833//3821 3839//3824 3840//3822
f 3833//3821 3832//3825 3838//3823
f 3832//3825 3831//3834 3837//3826
f 3830//3827 3836//3816 3943//3828
f 3829//3830 3835//3818 3836//3816
f 3828//3831 3834//3819 3835//3818
f 3827//3832 3833//3821 3834//3819
f 3826//3833 3832//3825 3833//3821
f 3826//3833 3825//3841 3831//3834
f 3824//3835 3830//3827 3945//3829
f 3823//3837 3829//3830 3830//3827
f 3822//3838 3828//3831 3829//3830
f 3821//3839 3827//3832 3828//3831
f 3820//3840 3826//3833 3827//3832
f 3820//3840 3819//3848 3825//3841
f 3818//3842 3824//3835 3946//3836
f 3817//3844 3823//3837 3824//3835
f 3816//3845 3822//3838 3823//3837
f 3815//3846 3821//3839 3822//3838
f 3814//3847 3820//3840 3821//3839
f 3814//3847 3813//3855 3819//3848
f 3812//3849 3818//3842 3947//3843
f 3811//3851 3817//3844 3818//3842
f 3810//3852 3816//3845 3817//3844
f 3809//3853 3815//3846 3816//3845
f 3808//3854 3814//3847 3815//3846
f 3808//3854 3807//3862 3813//3855
f 3806//3856 3812//3849 3948//3850
f 3805//3858 3811//3851 3812//3849
f 3804//3859 3810//3852 3811//3851
f 3803//3860 3809//3853 3810//3852
f 3802//3861 3808//3854 3809//3853
f 3802//3861 3801//3872 3807//3862
f 3800//3863 3950//3950 3940//3864
f 3951//3866 3950//3950 3800//3863
f 3798//3868 3805//3858 3806//3856
f 3797//3869 3804//3859 3805//3858
f 3796//3870 3803//3860 3804//3859
f 3795//3871 3802//3861 3803//3860
f 3795//3871 3794//3880 3801//3872
f 3793//3873 3800//3863 3746//3865
f 3792//3875 3799//3867 3800//3863
f 3791//3876 3798//3868 3799//3867
f 3790//3877 3797//3869 3798//3868
f 3789//3878 3796//3870 3797//3869
f 3788//3879 3795//3871 3796//3870
f 3788//3879 3787//3888 3794//3880
f 3786//3881 3793//3873 3747//3874
f 3785//3883 3792//3875 3793//3873
f 3784//3884 3791//3876 3792//3875
f 3783//3885 3790//3877 3791//3876
f 3782//3886 3789//3878 3790//3877
f 3781//3887 3788//3879 3789//3878
f 3781//3887 3780//3896 3787//3888
f 3779//3889 3786//3881 3748//3882
f 3778//3891 3785//3883 3786//3881
f 3777//3892 3784//3884 3785//3883
f 3776//3893 3783//3885 3784//3884
f 3775//3894 3782//3886 3783//3885
f 3774//3895 3781//3887 3782//3886
f 3774//3895 3773//3945 3780//3896
f 3772//3897 3779//3889 3749//3890
f 3771//3899 3778//3891 3779//3889
f 3771//3899 3770//3901 3777//3892
f 3769//3900 3776//3893 3777//3892
f 3768//3902 3775//3894 3776//3893
f 3767//3903 3774//3895 3775//3894
f 3766//3904 3773//3945 3774//3895
f 3728//3905 3759//3908 3937//3906
f 3759//3908 3760//3910 3939//3909
f 3760//3910 3761//3912 3929//3911
f 3761//3912 3762//3914 3930//3913
f 3762//3914 3763//3917 3934//3915
f 3764//3916 3935//3919 3934//3915
f 3765//3918 3936//3946 3935//3919
f 3878//3770 3879//3921 3730//3920
f 3753//3763 3897//3925 3898//3924
f 3752//3761 3896//3926 3897//3925
f 3751//3759 3895//3927 3896//3926
f 3743//3757 3894//3929 3895//3927
f 3918//3928 3927//3947 3894//3929
f 3741//3752 3892//3931 3893//3930
f 3740//3750 3891//3932 3892//3931
f 3739//3748 3890//3933 3891//3932
f 3890//3933 3739//3748 3738//3746
f 3737//3744 3888//3935 3889//3934
f 3888//3935 3737//3744 3736//3742
f 3887//3936 3736//3742 3735//3740
f 3734//3738 3885//3938 3886//3937
f 3885//3938 3734//3738 3733//3736
f 3732//3734 3883//3941 3884//3939
f 3731//3940 3882//3949 3883//3941
f 3880//3942 3933//3951 3938//3943
f 3757//3728 3898//3924 3881//3923
f 3865//3787 3916//3764 3917//3765
f 3858//3795 3915//3762 3916//3764
f 3851//3803 3914//3760 3915//3762
f 3844//3811 3913//3758 3914//3760
f 3926//3944 3928//3756 3913//3758
f 3831//3834 3911//3753 3912//3755
f 3825//3841 3910//3751 3911//3753
f 3819//3848 3909//3749 3910//3751
f 3813//3855 3908//3747 3909//3749
f 3807//3862 3907//3745 3908//3747
f 3801//3872 3906//3743 3907//3745
f 3794//3880 3905//3741 3906//3743
f 3787//3888 3904//3739 3905//3741
f 3780//3896 3903//3737 3904//3739
f 3773//3945 3902//3735 3903//3737
f 3901//3733 3902//3735 3773//3945
f 3900//3732 3932//3731 3936//3946
f 3837//3826 3912//3755 3928//3756
f 3742//3754 3893//3930 3927//3947
f 3838//3823 3837//3826 3926//3944
f 3839//3824 3838//3823 3925//3810
f 3839//3824 3924//3809 3923//3808
f 3840//3822 3923//3808 3922//3807
f 3841//3820 3922//3807 3921//3806
f 3842//3817 3921//3806 3920//3804
f 3843//3948 3920//3804 3919//3805
f 3912//3755 3742//3754 3918//3928
f 3931//3907 3937//3906 3772//3897
f 3939//3909 3929//3911 3770//3901
f 3930//3913 3934//3915 3768//3902
f 3936//3946 3766//3904 3767//3903
f 3932//3731 3901//3733 3766//3904
f 3938//3943 3933//3951 3882//3949
f 3932//3731 3938//3943 3731//3940
f 3937//3906 3939//3909 3771//3899
f 3930//3913 3769//3900 3770//3901
f 3934//3915 3935//3919 3767//3903
f 3944//3815 3842//3817 3843//3948
f 3951//3866 3799//3867 3806//3856
g default
v 707.069242 -33.489626 173.712896
v 699.530165 -34.570552 173.712896
v 700.007855 -37.901582 173.712896
v 707.566911 -36.960760 173.712896
vn 0.000001 0.000000 -1.000000
vn 0.000000 0.000000 -1.000000
vn -0.000000 0.000000 -1.000000
vn 0.000001 0.000000 -1.000000
s 1
g Piece4 Supermarine_Spitfire_Mk:GLTF_SceneRootNode Supermarine_Spitfire_Mk:root Supermarine_Spitfire_Mk:Sketchfab_model Supermarine_Spitfire_Mk:Meshes Supermarine_Spitfire_Mk:scene polySurface81
usemtl Supermarine_Spitfire_Mk:Object_81SG
f 3952//3952 3954//3953 3953//3954
f 3952//3952 3955//3955 3954//3953
g default
v 699.530165 -34.570552 162.745518
v 702.690119 -34.117494 162.745518
v 699.928504 -37.348492 162.745518
v 703.096810 -36.954157 162.745518
vn -0.000001 -0.000000 1.000000
vn -0.000001 -0.000000 1.000000
vn 0.000000 -0.000000 1.000000
vn -0.000001 -0.000000 1.000000
s 1
g Piece4 Supermarine_Spitfire_Mk:GLTF_SceneRootNode Supermarine_Spitfire_Mk:root Supermarine_Spitfire_Mk:Sketchfab_model Supermarine_Spitfire_Mk:Meshes Supermarine_Spitfire_Mk:scene polySurface79
usemtl Supermarine_Spitfire_Mk:Object_81SG
f 3957//3956 3958//3957 3959//3958
f 3957//3956 3956//3959 3958//3957
g default
v 505.904822 -115.715447 177.804370
v 504.358482 -63.354809 167.241129
v 508.266858 -115.607284 177.916243
v 506.719333 -63.247380 167.376100
vn 0.064561 -0.195109 -0.978654
vn 0.055608 -0.195860 -0.979054
vn 0.055342 -0.195882 -0.979065
vn 0.064827 -0.195086 -0.978641
s 1
g Piece4 Supermarine_Spitfire_Mk:GLTF_SceneRootNode Supermarine_Spitfire_Mk:root Supermarine_Spitfire_Mk:Sketchfab_model Supermarine_Spitfire_Mk:Meshes Supermarine_Spitfire_Mk:scene polySurface120
usemtl Supermarine_Spitfire_Mk:Object_115SG
f 3961//3960 3962//3961 3960//3962
f 3961//3960 3963//3963 3962//3961
g default
v 629.596485 -41.652725 169.953361
v 624.397320 -42.398170 169.953361
v 625.120063 -47.439309 169.953361
v 630.329612 -46.766112 169.953361
vn 0.000000 0.000000 -1.000000
vn 0.000000 0.000000 -1.000000
vn 0.000000 0.000000 -1.000000
vn -0.000000 0.000000 -1.000000
s 1
g Piece4 Supermarine_Spitfire_Mk:GLTF_SceneRootNode Supermarine_Spitfire_Mk:root Supermarine_Spitfire_Mk:Sketchfab_model Supermarine_Spitfire_Mk:Meshes Supermarine_Spitfire_Mk:scene polySurface102
usemtl Supermarine_Spitfire_Mk:Object_81SG
f 3964//3964 3966//3965 3965//3966
f 3964//3964 3967//3967 3966//3965
g default
v 504.727699 -117.562402 207.111485
v 504.711049 -122.600155 212.888121
v 504.839276 -128.960387 217.163596
v 505.079532 -136.209740 219.646592
v 505.414378 -143.854270 220.167922
v 508.015822 -147.805397 162.075404
v 505.148555 -112.714224 192.704871
v 504.882508 -114.190469 200.227312
v 506.802014 -125.761802 166.402519
v 506.356325 -119.988297 171.441711
v 505.904879 -115.715447 177.804384
v 507.252332 -132.642305 163.030035
v 507.680807 -140.160895 161.554073
v 504.358539 -63.354809 167.241129
v 503.262516 -64.023033 182.883096
vn -0.997977 -0.045537 -0.044372
vn -0.996766 -0.044368 -0.066996
vn -0.996460 -0.043891 -0.071694
vn -0.997950 -0.046938 -0.043503
vn -0.997632 -0.050307 -0.046896
vn -0.997806 -0.048593 -0.044974
vn -0.998071 -0.046165 -0.041499
vn -0.998045 -0.046901 -0.041317
vn -0.997657 -0.047110 -0.049602
vn -0.998004 -0.047640 -0.041465
vn -0.998072 -0.046034 -0.041633
vn -0.998144 -0.046536 -0.039281
vn -0.997561 -0.051158 -0.047494
vn -0.998264 -0.042928 -0.040323
vn -0.998205 -0.044047 -0.040585
s 1
g Piece4 Supermarine_Spitfire_Mk:GLTF_SceneRootNode Supermarine_Spitfire_Mk:root Supermarine_Spitfire_Mk:Sketchfab_model Supermarine_Spitfire_Mk:Meshes Supermarine_Spitfire_Mk:scene polySurface114
usemtl Supermarine_Spitfire_Mk:Object_115SG
f 3978//3968 3982//3969 3981//3970
f 3971//3971 3969//3972 3975//3973
f 3978//3968 3974//3974 3982//3969
f 3979//3975 3980//3976 3973//3977
f 3973//3977 3972//3978 3979//3975
f 3972//3978 3971//3971 3974//3974
f 3978//3968 3972//3978 3974//3974
f 3971//3971 3970//3979 3969//3972
f 3969//3972 3968//3980 3975//3973
f 3975//3973 3974//3974 3971//3971
f 3978//3968 3977//3981 3972//3978
f 3977//3981 3976//3982 3972//3978
f 3976//3982 3979//3975 3972//3978
g default
v 694.642312 -30.994641 36.799419
v 694.642312 -32.316337 61.840674
v 694.642312 -27.460313 61.760264
v 694.468032 -26.440561 75.577689
v 694.701007 -33.119715 75.449730
vn 0.999999 -0.000031 -0.001611
vn 0.999987 0.005019 0.000340
vn 0.999553 0.028897 0.007663
vn 1.000000 -0.000003 -0.000000
vn 0.999349 0.034661 0.010046
s 1
g Piece4 Supermarine_Spitfire_Mk:GLTF_SceneRootNode Supermarine_Spitfire_Mk:root Supermarine_Spitfire_Mk:Sketchfab_model Supermarine_Spitfire_Mk:Meshes Supermarine_Spitfire_Mk:scene polySurface104
usemtl Supermarine_Spitfire_Mk:Object_81SG
f 3984//3983 3985//3984 3987//3985
f 3984//3983 3983//3986 3985//3984
f 3985//3984 3986//3987 3987//3985
g default
v 629.596485 -41.652725 169.953361
v 629.596485 -41.652725 156.211754
v 624.397320 -42.398170 169.953361
v 624.397320 -42.398170 156.211754
vn 0.141926 -0.989877 -0.000000
vn 0.141927 -0.989877 -0.000000
vn 0.141927 -0.989877 -0.000000
vn 0.141926 -0.989877 -0.000000
s 1
g Piece4 Supermarine_Spitfire_Mk:GLTF_SceneRootNode Supermarine_Spitfire_Mk:root Supermarine_Spitfire_Mk:Sketchfab_model Supermarine_Spitfire_Mk:Meshes Supermarine_Spitfire_Mk:scene polySurface103
usemtl Supermarine_Spitfire_Mk:Object_81SG
f 3988//3988 3991//3989 3989//3990
f 3988//3988 3990//3991 3991//3989
g default
v 505.148499 -112.714224 192.704871
v 503.262460 -64.023033 182.883096
v 507.510535 -112.606061 192.816759
v 505.623367 -63.915632 183.018067
vn -0.055601 0.194926 0.979241
vn -0.064535 0.194905 0.978697
vn -0.064822 0.194904 0.978678
vn -0.055314 0.194926 0.979257
s 1
g Piece4 Supermarine_Spitfire_Mk:GLTF_SceneRootNode Supermarine_Spitfire_Mk:root Supermarine_Spitfire_Mk:Sketchfab_model Supermarine_Spitfire_Mk:Meshes Supermarine_Spitfire_Mk:scene polySurface118
usemtl Supermarine_Spitfire_Mk:Object_115SG
f 3992//3992 3995//3993 3993//3994
f 3992//3992 3994//3995 3995//3993
g default
v 853.555631 -11.968010 106.431143
v 878.309033 -10.515068 111.227737
v 822.859215 -14.157469 100.480347
v 792.633490 -16.589992 94.620768
v 760.830779 -19.596727 88.520192
v 729.807023 -22.679193 82.511625
v 698.998973 -25.969890 76.549357
v 694.468032 -26.440561 75.577689
v 853.633516 -15.958657 106.446240
v 878.321562 -13.461848 111.232252
v 822.849959 -19.056046 100.478548
v 791.847198 -22.170964 94.468358
v 760.831343 -25.750666 88.455613
v 729.814473 -29.243400 82.442672
v 699.168286 -32.633243 76.500390
v 694.701007 -33.119715 75.449730
vn 0.190316 -0.000017 -0.981723
vn 0.190281 -0.000615 -0.981730
vn 0.190317 0.000000 -0.981723
vn 0.190317 -0.000000 -0.981723
vn 0.190317 -0.000000 -0.981723
vn 0.189466 0.000124 -0.981887
vn 0.189225 0.000843 -0.981933
vn 0.189112 0.009809 -0.981907
vn 0.189152 0.010336 -0.981893
vn 0.189044 0.010518 -0.981912
vn 0.189038 0.010632 -0.981912
vn 0.191341 0.011912 -0.981451
vn 0.193345 0.013308 -0.981041
vn 0.215187 0.017843 -0.976410
vn 0.226123 0.026542 -0.973737
vn 0.190276 -0.000702 -0.981730
s 1
g Piece4 Supermarine_Spitfire_Mk:GLTF_SceneRootNode Supermarine_Spitfire_Mk:root Supermarine_Spitfire_Mk:Sketchfab_model Supermarine_Spitfire_Mk:Meshes Supermarine_Spitfire_Mk:scene polySurface106
usemtl Supermarine_Spitfire_Mk:Object_81SG
f 3996//3996 4005//3997 4004//3998
f 3998//3999 4004//3998 4006//4000
f 3999//4001 4006//4000 4007//4002
f 4000//4003 4007//4002 4008//4004
f 4001//4005 4008//4004 4009//4006
f 4002//4007 4009//4006 4010//4008
f 4003//4009 4010//4008 4011//4010
f 3996//3996 3997//4011 4005//3997
f 3998//3999 3996//3996 4004//3998
f 3999//4001 3998//3999 4006//4000
f 4000//4003 3999//4001 4007//4002
f 4001//4005 4000//4003 4008//4004
f 4002//4007 4001//4005 4009//4006
f 4003//4009 4002//4007 4010//4008
g default
v 501.473042 -62.600292 226.035127
v 512.146845 -49.716960 19.839770
v 943.785481 -8.179561 165.526858
v 944.504385 -6.591073 154.578373
v 944.504385 -6.591073 154.578373
v 915.680802 -9.286042 118.268461
v 884.560988 -12.055704 96.183983
v 667.489965 -33.871996 32.370094
v 636.465870 -37.291634 28.413627
v 605.441437 -40.781763 24.988669
v 574.415649 -44.719109 22.298307
v 543.384105 -48.555494 20.477207
v 541.743571 -59.947531 226.906273
v 573.980062 -55.873546 226.515766
v 605.395384 -51.716844 227.217754
v 636.468466 -47.454417 225.569614
v 667.496963 -43.486306 224.813474
v 698.517784 -39.304905 223.934032
v 729.537476 -35.412262 222.947866
v 760.556943 -31.144540 220.188310
v 791.576409 -27.613016 217.097324
v 822.590345 -23.768456 213.543124
v 853.461380 -20.111923 207.693542
v 882.025350 -16.658850 200.460513
v 914.254731 -12.698689 189.024702
v 923.272930 -11.588384 185.040403
v 931.164404 -10.643696 181.317680
v 938.701336 -9.576263 176.231744
v 938.621420 -7.152883 142.636794
v 931.192059 -7.889965 133.022724
v 923.436712 -8.563370 125.176104
v 942.792626 -8.675748 170.766969
v 942.982822 -6.715532 149.610505
v 499.779908 -63.939688 206.377609
v 500.724056 -63.817000 181.831434
v 503.355018 -62.714508 154.928824
v 504.706139 -61.776011 127.829062
v 508.945579 -60.393594 100.813097
v 512.103896 -58.887636 74.015814
v 512.058407 -55.089378 47.941479
v 943.950843 -7.410642 157.221017
v 574.423212 -46.471848 48.954354
v 574.717817 -48.357062 75.875292
v 574.707433 -50.147047 102.575961
v 574.468024 -55.031141 182.133799
v 574.341151 -56.535283 207.976380
v 605.441437 -42.448400 51.074377
v 605.425070 -44.308075 77.731426
v 605.367278 -46.038660 104.053101
v 605.405317 -50.664618 182.213165
v 605.404527 -51.945220 207.320135
v 636.465870 -38.859618 54.731477
v 636.466322 -40.542975 80.273315
v 636.469934 -42.148006 106.026844
v 636.467450 -43.704297 131.594368
v 636.456276 -45.187930 157.028198
v 636.460678 -46.675748 182.630283
v 636.459662 -47.802289 206.691912
v 667.489852 -35.332593 58.324965
v 667.487143 -36.875338 83.056920
v 667.479580 -38.367713 108.224123
v 667.474726 -39.827265 133.106563
v 667.480257 -41.223128 157.783082
v 667.487820 -42.643862 182.528582
v 667.490190 -43.765937 206.245178
v 698.513043 -33.249364 86.202573
v 698.510898 -34.632143 110.790929
v 698.508077 -35.994319 134.844297
v 698.510447 -37.285468 158.736824
v 698.513495 -38.507940 182.559862
v 698.514398 -39.707289 206.420911
v 729.537250 -29.663555 89.477025
v 729.532735 -30.993653 113.449807
v 729.524721 -32.263017 136.794351
v 729.530365 -33.474639 159.710419
v 729.537476 -34.544178 182.562571
v 729.537815 -35.785245 206.278420
v 760.559652 -26.089135 93.936481
v 760.544188 -27.366224 116.745768
v 760.525225 -28.556330 138.909400
v 760.534593 -29.649544 160.572888
v 760.556491 -30.558119 182.216015
v 760.561006 -31.475287 204.170467
v 791.573023 -22.409950 99.700369
v 791.511619 -23.265387 120.834921
v 791.547513 -26.407797 181.440475
v 791.581940 -27.716383 202.081619
v 822.567544 -19.378673 106.466727
v 822.404890 -20.418712 125.325989
v 822.301609 -21.351129 143.640230
v 822.380284 -22.209086 161.954415
v 822.517766 -22.975982 180.376834
v 822.591700 -23.776309 199.174959
v 853.277957 -16.305175 113.351231
v 852.800042 -17.149562 129.809070
v 852.553183 -17.949043 146.073420
v 852.663801 -18.679077 162.226713
v 853.080989 -19.339889 178.410907
v 853.429211 -19.975619 194.445342
v 884.571486 -12.654660 109.368033
v 884.530512 -13.255646 122.643005
v 884.225635 -13.883576 135.942944
v 883.666110 -14.542371 149.253338
v 883.275222 -15.185276 162.599132
v 883.263032 -15.774571 175.908101
v 882.217013 -16.438781 189.090903
v 915.680802 -9.731266 127.269481
v 915.680802 -10.176486 136.270509
v 915.680124 -10.621767 145.271382
v 915.663080 -11.068804 154.270406
v 915.605626 -11.520543 163.272351
v 915.172635 -12.015862 172.315270
v 914.488045 -12.517291 181.346689
v 923.436712 -8.975095 132.829707
v 923.436712 -9.386943 140.485328
v 923.484233 -9.792272 148.144462
v 923.526900 -10.197880 155.796781
v 923.494392 -10.613880 163.445474
v 923.446307 -11.031205 171.096001
v 923.327449 -11.432722 178.634767
v 931.268475 -8.252080 139.114185
v 931.454043 -8.590520 145.244320
v 931.559356 -8.937877 151.330786
v 931.539038 -9.310815 157.484370
v 931.607667 -9.680864 163.734718
v 931.666136 -10.046669 169.945940
v 931.408215 -10.436813 176.041111
v 938.396008 -7.564248 145.567511
v 938.144972 -7.911291 149.599669
v 937.937845 -8.236257 153.899356
v 937.718979 -8.584256 158.498925
v 937.849238 -8.929690 163.547852
v 938.179399 -9.214945 168.187760
v 938.464184 -9.472015 172.525740
v 544.209452 -50.543643 48.021839
v 543.539309 -52.812690 74.595939
v 543.229353 -54.615529 101.521004
v 543.655571 -56.138081 128.461914
v 542.136378 -59.414271 182.029911
v 541.651351 -60.663847 207.516299
v 942.725240 -7.219346 151.320571
v 942.413139 -7.502078 153.487839
v 942.159733 -7.730771 155.884838
v 941.946736 -7.992361 158.832910
v 941.983195 -8.393192 163.635176
v 942.235472 -8.597035 166.582062
v 942.511453 -8.719728 168.925755
v 502.268703 -52.777332 235.025813
v 503.201846 -58.159059 233.272177
v 944.941327 -6.678104 165.876223
v 944.543102 -7.772817 165.783523
v 542.191687 -55.505540 233.603298
v 541.903515 -49.825870 234.773846
v 573.958051 -51.775240 233.296558
v 573.967082 -46.251963 234.175916
v 605.400802 -47.577314 233.371762
v 605.421345 -42.079300 233.728928
v 636.491380 -43.737976 232.350124
v 636.517793 -38.577196 232.883476
v 667.514797 -39.939795 231.441221
v 667.534889 -34.981796 232.059864
v 698.526475 -35.964968 229.989147
v 698.536070 -31.417889 230.636841
v 729.535219 -32.159151 228.130381
v 729.532961 -27.898189 228.624438
v 760.544865 -28.212449 225.308378
v 760.531320 -24.324749 225.751697
v 791.554060 -24.962770 221.711243
v 791.529227 -21.432935 222.088374
v 822.555015 -21.309313 217.077063
v 822.517766 -18.166579 217.288691
v 853.424921 -18.067245 210.523856
v 853.369951 -15.493239 210.675265
v 882.016320 -15.067014 202.650414
v 881.947805 -13.086456 202.766407
v 914.161383 -11.634565 190.516932
v 914.079209 -10.285461 190.594689
v 923.203963 -10.654889 186.269111
v 923.133641 -9.471000 186.330925
v 931.082908 -9.820477 182.189743
v 931.009200 -8.796201 182.227641
v 938.697160 -8.928798 177.099645
v 938.589928 -8.043835 177.151652
v 943.101567 -8.114467 171.507532
v 942.924917 -7.306708 171.579349
v 945.283002 -6.468783 161.383180
v 945.300159 -7.117638 160.431426
v 900.167851 -10.669866 106.530248
v 899.732490 -14.493891 194.493667
v 899.806988 -14.309879 185.076933
v 899.951807 -13.811682 174.090761
v 899.999102 -13.288820 162.936080
v 900.092225 -12.758178 151.774034
v 900.157241 -12.231155 140.620115
v 900.168867 -11.709962 129.464010
v 900.168529 -11.189958 118.306401
v 899.613519 -11.556187 196.371664
v 899.681470 -13.188488 196.285794
v 519.338885 -60.302271 128.051286
v 518.293770 -57.923710 233.400347
v 518.956011 -59.305889 100.996569
v 518.378201 -58.048628 74.023857
v 523.522282 -49.489060 19.839770
v 518.293770 -63.369102 206.908026
v 522.539926 -53.614767 47.505948
v 518.300430 -52.397184 234.919569
v 518.326278 -62.819835 181.962017
v 518.335534 -61.631163 155.085128
v 518.293770 -62.324805 226.398982
v 699.657376 -37.348492 162.745518
v 699.736615 -37.901582 173.712896
v 707.295784 -36.960760 173.712896
v 702.825683 -36.954157 162.745518
v 702.779404 -36.632067 156.433329
v 707.170266 -36.085364 156.433329
v 783.534923 -26.512297 164.109874
v 791.079982 -25.473103 164.109874
v 783.415614 -25.680019 146.830293
v 787.839774 -25.366522 153.142482
v 787.794963 -25.053418 146.830293
v 790.999841 -24.914380 153.142482
v 681.700556 -39.618227 161.694688
v 689.255209 -38.646219 161.694688
v 686.088822 -39.053623 161.694688
v 681.566347 -38.682149 144.415107
v 681.615447 -39.024536 150.727296
v 686.003714 -38.460387 150.727296
v 689.170214 -38.053305 150.727296
v 685.955629 -38.125372 144.415107
v 624.848822 -47.439309 169.953361
v 630.058372 -46.766112 169.953361
v 624.736963 -46.659088 156.211754
v 629.946173 -45.984007 156.211754
v 694.371185 -30.994641 36.799419
v 694.371185 -32.316337 61.840674
v 878.050322 -12.611926 93.136517
v 878.050322 -13.250813 106.828212
v 853.362275 -15.958657 106.446240
v 878.050322 -13.461848 111.232252
v 822.578832 -19.056046 100.478548
v 791.576071 -22.170964 94.468358
v 760.560216 -25.750666 88.455613
v 729.543346 -29.243400 82.442672
v 698.897159 -32.633243 76.500390
v 694.429880 -33.119715 75.449730
v 610.485736 -48.999116 164.725822
v 614.582219 -48.095942 158.300490
v 617.228137 -46.886850 143.358986
v 615.598212 -46.670478 135.861053
v 616.881721 -47.374085 151.012660
v 606.974627 -47.041930 123.330869
v 612.101777 -46.730182 129.029833
v 574.508885 -54.361619 171.227290
v 575.900415 -54.224017 172.136164
v 583.137775 -53.364991 174.509121
v 590.719858 -52.318253 174.915007
v 598.132965 -51.179147 173.326127
v 604.872092 -50.026383 169.850799
v 585.748025 -49.501540 116.373695
v 578.331870 -50.617630 117.962561
v 600.573675 -47.643939 119.152538
v 593.334283 -48.487335 116.779568
v 564.379538 -55.194306 162.258855
v 542.129267 -58.720005 170.217321
v 569.501608 -54.842392 167.957819
v 542.193380 -57.762696 154.032648
v 561.899209 -53.828888 132.988213
v 559.600383 -54.556065 140.276042
v 559.255097 -55.052566 147.929716
v 565.989709 -52.880236 126.562866
v 571.592855 -51.770654 121.437903
v 503.595443 -63.301983 172.787527
v 509.444094 -62.637971 165.732221
v 506.730677 -62.888541 167.308149
v 504.676905 -63.121707 169.785642
v 503.703973 -63.508115 178.685011
v 518.113733 -62.692815 178.814790
v 518.332938 -61.962897 162.586011
v 790.999841 -24.308028 141.163541
vn 0.407754 -0.909140 0.084857
vn 0.787495 -0.606318 0.110590
vn 0.854612 -0.308604 0.417614
vn 0.316443 -0.940010 -0.127458
vn 0.547707 -0.824509 -0.142136
vn 0.377596 -0.919697 -0.107599
vn 0.044006 -0.986845 -0.155565
vn 0.135624 -0.983149 -0.122570
vn 0.130642 -0.977585 -0.165106
vn 0.136521 -0.987667 -0.076655
vn 0.131156 -0.989054 -0.067607
vn 0.135125 -0.988437 -0.068802
vn 0.125649 -0.990027 -0.063706
vn 0.127216 -0.989691 -0.065794
vn 0.118631 -0.991121 -0.060049
vn 0.120944 -0.990708 -0.062212
vn 0.116959 -0.991520 -0.056644
vn 0.119425 -0.991113 -0.058593
vn 0.116757 -0.991689 -0.054043
vn 0.118432 -0.991441 -0.054940
vn 0.112926 -0.992558 -0.045570
vn 0.108100 -0.993081 -0.045885
vn 0.106549 -0.993227 -0.046347
vn 0.119650 -0.991790 -0.045135
vn 0.123710 -0.991183 -0.047458
vn 0.124652 -0.990996 -0.048870
vn 0.006876 -0.678042 0.734991
vn 0.064672 -0.979198 0.192324
vn 0.036124 -0.655565 0.754274
vn 0.075969 -0.620156 0.780791
vn 0.123867 -0.975529 0.181659
vn 0.079348 -0.619865 0.780686
vn 0.139102 -0.975012 0.173214
vn 0.093926 -0.560200 0.823015
vn 0.132117 -0.979350 0.153032
vn 0.100847 -0.631675 0.768646
vn 0.132722 -0.979834 0.149369
vn 0.107496 -0.642413 0.758782
vn 0.131439 -0.979281 0.154050
vn 0.116613 -0.638331 0.760877
vn 0.138704 -0.976730 0.163584
vn 0.134564 -0.595746 0.791820
vn 0.153658 -0.619403 0.769889
vn 0.138137 -0.978797 0.151241
vn 0.169911 -0.618277 0.767375
vn 0.134781 -0.981063 0.139100
vn 0.203228 -0.542890 0.814843
vn 0.141528 -0.980061 0.139463
vn 0.250351 -0.520144 0.816563
vn 0.145617 -0.982167 0.118928
vn 0.299179 -0.513578 0.804195
vn 0.154739 -0.983464 0.094100
vn 0.383493 -0.490232 0.782691
vn 0.351109 -0.496363 0.793943
vn 0.136267 -0.989323 -0.051689
vn 0.134776 -0.989457 -0.053006
vn 0.146832 -0.987441 -0.058324
vn 0.150903 -0.986722 -0.060058
vn 0.205251 -0.973297 -0.102789
vn 0.192130 -0.977286 -0.089435
vn 0.158063 -0.983546 0.087483
vn 0.429693 -0.451350 0.782079
vn 0.166772 -0.981226 0.096866
vn 0.495543 -0.354320 0.793029
vn 0.190447 -0.975644 0.108855
vn 0.637026 -0.364111 0.679427
vn 0.364822 -0.910988 -0.192367
vn 0.250844 -0.963215 0.096410
vn 0.125221 -0.990811 -0.051116
vn 0.116006 -0.991067 -0.065797
vn 0.175532 -0.983255 -0.048970
vn 0.122600 -0.989836 -0.072064
vn 0.145209 -0.986691 -0.073176
vn 0.166010 -0.983033 -0.078015
vn 0.162967 -0.983082 -0.083614
vn 0.132167 -0.988889 -0.068046
vn 0.169429 -0.982896 -0.072181
vn 0.139984 -0.987927 -0.066375
vn 0.188420 -0.978772 -0.080642
vn 0.151724 -0.985974 -0.069535
vn 0.111204 -0.992731 -0.046027
vn 0.110716 -0.992124 -0.058577
vn 0.116743 -0.991273 -0.061228
vn 0.123678 -0.990553 -0.059232
vn 0.129836 -0.989803 -0.058581
vn 0.136817 -0.988859 -0.058633
vn 0.109451 -0.993232 -0.038879
vn 0.110648 -0.992485 -0.052260
vn 0.115656 -0.991791 -0.054546
vn 0.120717 -0.991264 -0.053139
vn 0.125376 -0.990696 -0.052935
vn 0.129815 -0.990126 -0.052903
vn 0.112238 -0.993059 -0.035176
vn 0.111414 -0.992625 -0.047783
vn 0.113999 -0.992240 -0.049636
vn 0.116639 -0.991971 -0.048881
vn 0.119280 -0.991657 -0.048875
vn 0.121956 -0.991331 -0.048879
vn 0.113188 -0.993053 -0.032146
vn 0.111869 -0.992714 -0.044778
vn 0.113469 -0.992452 -0.046526
vn 0.115022 -0.992290 -0.046162
vn 0.116600 -0.992107 -0.046125
vn 0.118253 -0.991912 -0.046109
vn 0.116808 -0.992749 -0.028382
vn 0.148838 -0.984143 0.096486
vn 0.114765 -0.992483 -0.042504
vn 0.114961 -0.992886 -0.030995
vn 0.114841 -0.992386 -0.044523
vn 0.113000 -0.992680 -0.042627
vn 0.113991 -0.992478 -0.044656
vn 0.113663 -0.992528 -0.044383
vn 0.114277 -0.992368 -0.046323
vn 0.113771 -0.992498 -0.044763
vn 0.113063 -0.992454 -0.047455
vn 0.113737 -0.992490 -0.045020
vn 0.110088 -0.992904 -0.044979
vn 0.115880 -0.992253 -0.044791
vn 0.117666 -0.992688 -0.026941
vn 0.110584 -0.992915 -0.043484
vn 0.107638 -0.993184 -0.044713
vn 0.106533 -0.993129 -0.048422
vn 0.105638 -0.993081 -0.051291
vn 0.111509 -0.992573 -0.048627
vn 0.106800 -0.992960 -0.051223
vn 0.110052 -0.992729 -0.048756
vn 0.122882 -0.991926 -0.031341
vn 0.121457 -0.990902 -0.057980
vn 0.107732 -0.992813 -0.052113
vn 0.141458 -0.988679 -0.050044
vn 0.100264 -0.993713 -0.049825
vn 0.141459 -0.988678 -0.050047
vn 0.116322 -0.992018 -0.048684
vn 0.120060 -0.991720 -0.045583
vn 0.120227 -0.991775 -0.043901
vn 0.109359 -0.992594 -0.052900
vn 0.125539 -0.991927 -0.017896
vn 0.127663 -0.990808 -0.044750
vn 0.131604 -0.990217 -0.046372
vn 0.137224 -0.989269 -0.050163
vn 0.141779 -0.988659 -0.049519
vn 0.130411 -0.990127 -0.051397
vn 0.127916 -0.990376 -0.052837
vn 0.124553 -0.990616 -0.056272
vn 0.118330 -0.991901 -0.046163
vn 0.130856 -0.991188 -0.020567
vn 0.127374 -0.990695 -0.047946
vn 0.123598 -0.991098 -0.049475
vn 0.122341 -0.991061 -0.053214
vn 0.121649 -0.991064 -0.054708
vn 0.121492 -0.991008 -0.056058
vn 0.124317 -0.990368 -0.060961
vn 0.127898 -0.991609 -0.018801
vn 0.129178 -0.990326 -0.050678
vn 0.127312 -0.990472 -0.052515
vn 0.123349 -0.991058 -0.050871
vn 0.122992 -0.991017 -0.052513
vn 0.123121 -0.990951 -0.053457
vn 0.123601 -0.990804 -0.055050
vn 0.122625 -0.990869 -0.056052
vn 0.121639 -0.990943 -0.056878
vn 0.121736 -0.990810 -0.058952
vn 0.129944 -0.991328 -0.019569
vn 0.129559 -0.990236 -0.051445
vn 0.127452 -0.990584 -0.049988
vn 0.128662 -0.990352 -0.051459
vn 0.125556 -0.990506 -0.055972
vn 0.126119 -0.990365 -0.057195
vn 0.124375 -0.990520 -0.058318
vn 0.120630 -0.990900 -0.059721
vn 0.122384 -0.990642 -0.060420
vn 0.129462 -0.991402 -0.019030
vn 0.128110 -0.990451 -0.050939
vn 0.127706 -0.990200 -0.056529
vn 0.127651 -0.990161 -0.057332
vn 0.127186 -0.990133 -0.058825
vn 0.126050 -0.990156 -0.060853
vn 0.124011 -0.990249 -0.063477
vn 0.138533 -0.990075 -0.023676
vn 0.134065 -0.989646 -0.051254
vn 0.130475 -0.989819 -0.056871
vn 0.128096 -0.990099 -0.057406
vn 0.128281 -0.990078 -0.057355
vn 0.128103 -0.990099 -0.057387
vn 0.128654 -0.990029 -0.057356
vn 0.128863 -0.989833 -0.060201
vn 0.128514 -0.989772 -0.061934
vn 0.130602 -0.989402 -0.063458
vn 0.129684 -0.989314 -0.066629
vn 0.134646 -0.990746 -0.017087
vn 0.137682 -0.988864 -0.056501
vn 0.139665 -0.988553 -0.057075
vn 0.139108 -0.988175 -0.064493
vn 0.135498 -0.988826 -0.062157
vn 0.138785 -0.987981 -0.068058
vn 0.122781 -0.992414 -0.006294
vn 0.112909 -0.975027 0.191245
vn 0.135590 -0.989416 -0.051689
vn 0.138045 -0.988709 -0.058294
vn 0.135119 -0.988989 -0.060369
vn 0.134550 -0.989090 -0.059981
vn 0.156717 -0.986042 -0.056213
vn 0.139082 -0.988686 -0.056180
vn 0.138458 -0.988824 -0.055295
vn 0.163514 -0.984750 -0.059418
vn 0.141409 -0.988065 -0.061077
vn 0.139943 -0.988424 -0.058599
vn 0.162873 -0.983725 -0.075876
vn 0.017695 -0.983855 0.178092
vn 0.079473 -0.996724 0.015017
vn 0.047255 -0.998744 -0.016663
vn 0.030056 -0.999215 0.025791
vn 0.072420 -0.996874 -0.031586
vn 0.072437 -0.996801 -0.033766
vn 0.072183 -0.996817 -0.033848
vn 0.095836 -0.994673 -0.037965
vn 0.126464 -0.991166 -0.039964
vn 0.106879 -0.993486 -0.039524
vn 0.146386 -0.988175 -0.045628
vn 0.128075 -0.987694 -0.089766
vn 0.170535 -0.984276 -0.046018
vn 0.188264 -0.977870 -0.091248
vn 0.323789 -0.944256 -0.059517
vn 0.675264 -0.732015 -0.090408
vn 0.992170 -0.104253 0.068779
vn 0.874165 0.105652 0.473998
vn 0.659629 0.035466 0.750754
vn 0.510241 0.004906 0.860017
vn 0.443445 -0.019872 0.896081
vn 0.394366 -0.028806 0.918502
vn 0.356726 -0.034211 0.933582
vn 0.241857 -0.051768 0.968930
vn 0.298986 -0.045345 0.953180
vn 0.187736 -0.063555 0.980161
vn 0.143473 -0.103025 0.984277
vn 0.115899 -0.111883 0.986940
vn 0.091782 -0.114563 0.989167
vn 0.069529 -0.139755 0.987742
vn 0.052184 -0.124597 0.990834
vn 0.040225 -0.103951 0.993769
vn 0.032318 -0.066817 0.997242
vn 0.026949 -0.152278 0.987970
vn 0.031060 -0.197633 0.979784
vn 0.012631 -0.263019 0.964708
vn 0.013601 -0.307653 0.951401
vn 0.919595 -0.349680 0.179076
vn 0.119176 -0.991890 -0.044176
vn 0.974195 0.194233 -0.114967
vn 0.111734 -0.989474 -0.091963
vn 0.100091 -0.994489 -0.031215
vn 0.156634 -0.986426 -0.049284
vn 0.122379 -0.991516 -0.043809
vn 0.121983 -0.991171 -0.051969
vn 0.039957 -0.988479 -0.145988
vn 0.125422 -0.990928 -0.048273
vn 0.123735 -0.990989 -0.051292
vn 0.123347 -0.991059 -0.050870
vn 0.120991 -0.990950 -0.058138
vn 0.129795 -0.990041 -0.054512
vn 0.126769 -0.990425 -0.054654
vn 0.127447 -0.990392 -0.053677
vn 0.127327 -0.990415 -0.053534
vn 0.126751 -0.990447 -0.054296
vn 0.128327 -0.990072 -0.057351
vn 0.127972 -0.990107 -0.057548
vn 0.128410 -0.990047 -0.057602
vn 0.128456 -0.990045 -0.057530
vn 0.129052 -0.989997 -0.057025
vn 0.134609 -0.989068 -0.060211
vn 0.137087 -0.988729 -0.060182
vn 0.138687 -0.988617 -0.058337
vn 0.139672 -0.988552 -0.057061
vn 0.134679 -0.988924 -0.062381
vn 0.135531 -0.988824 -0.062112
vn 0.136246 -0.988712 -0.062333
vn 0.136341 -0.988962 -0.058006
vn 0.058946 -0.997374 -0.042086
vn 0.070940 -0.996866 -0.035023
vn 0.072437 -0.996801 -0.033766
s 1
g Piece4 Supermarine_Spitfire_Mk:GLTF_SceneRootNode Supermarine_Spitfire_Mk:root Supermarine_Spitfire_Mk:Sketchfab_model Supermarine_Spitfire_Mk:Meshes Supermarine_Spitfire_Mk:scene polySurface75
usemtl Supermarine_Spitfire_Mk:Object_81SG
f 4043//4012 4162//4013 4195//4014
f 4152//4015 4016//4016 4052//4017
f 4013//4018 4216//4019 4051//4020
f 4146//4021 4022//4022 4053//4023
f 4053//4023 4021//4024 4058//4025
f 4058//4025 4020//4026 4063//4027
f 4063//4027 4019//4028 4070//4029
f 4070//4029 4245//4030 4246//4031
f 4018//4032 4248//4033 4247//4034
f 4207//4035 4017//4036 4118//4037
f 4160//4038 4220//4039 4211//4040
f 4163//4041 4025//4042 4165//4043
f 4165//4043 4026//4044 4167//4045
f 4167//4045 4027//4046 4169//4047
f 4169//4047 4028//4048 4171//4049
f 4171//4049 4029//4050 4173//4051
f 4173//4051 4030//4052 4175//4053
f 4030//4052 4177//4054 4175//4053
f 4031//4055 4179//4056 4177//4054
f 4032//4057 4181//4058 4179//4056
f 4033//4059 4183//4060 4181//4058
f 4034//4061 4185//4062 4183//4060
f 4200//4063 4187//4064 4209//4065
f 4118//4037 4042//4066 4125//4067
f 4125//4067 4041//4068 4132//4069
f 4132//4069 4040//4070 4139//4071
f 4036//4072 4189//4073 4187//4064
f 4037//4074 4191//4075 4189//4073
f 4038//4076 4193//4077 4191//4075
f 4139//4071 4044//4078 4152//4015
f 4039//4079 4195//4014 4193//4077
f 4145//4080 4043//4012 4039//4079
f 4144//4081 4158//4082 4145//4080
f 4143//4083 4157//4084 4144//4081
f 4143//4083 4155//4085 4156//4086
f 4142//4087 4154//4088 4155//4085
f 4141//4089 4153//4090 4154//4088
f 4140//4091 4152//4015 4153//4090
f 4138//4092 4039//4079 4038//4076
f 4137//4093 4145//4080 4138//4092
f 4136//4094 4144//4081 4137//4093
f 4136//4094 4142//4087 4143//4083
f 4135//4095 4141//4089 4142//4087
f 4134//4096 4140//4091 4141//4089
f 4133//4097 4139//4071 4140//4091
f 4131//4098 4038//4076 4037//4074
f 4130//4099 4138//4092 4131//4098
f 4129//4100 4137//4093 4130//4099
f 4129//4100 4135//4095 4136//4094
f 4128//4101 4134//4096 4135//4095
f 4127//4102 4133//4097 4134//4096
f 4126//4103 4132//4069 4133//4097
f 4124//4104 4037//4074 4036//4072
f 4123//4105 4131//4098 4124//4104
f 4122//4106 4130//4099 4123//4105
f 4122//4106 4128//4101 4129//4100
f 4121//4107 4127//4102 4128//4101
f 4120//4108 4126//4103 4127//4102
f 4119//4109 4125//4067 4126//4103
f 4201//4110 4036//4072 4200//4063
f 4202//4111 4124//4104 4201//4110
f 4203//4112 4123//4105 4202//4111
f 4203//4112 4121//4107 4122//4106
f 4204//4113 4120//4108 4121//4107
f 4205//4114 4119//4109 4120//4108
f 4206//4115 4118//4037 4119//4109
f 4110//4116 4035//4117 4034//4061
f 4109//4118 4117//4119 4110//4116
f 4108//4120 4116//4121 4109//4118
f 4108//4120 4114//4122 4115//4123
f 4107//4124 4113//4125 4114//4122
f 4106//4126 4112//4127 4113//4125
f 4250//4128 4111//4129 4112//4127
f 4104//4130 4034//4061 4033//4059
f 4103//4131 4110//4116 4104//4130
f 4102//4132 4109//4118 4103//4131
f 4102//4132 4107//4124 4108//4120
f 4101//4133 4106//4126 4107//4124
f 4100//4134 4105//4135 4106//4126
f 4099//4136 4249//4137 4105//4135
f 4098//4138 4033//4059 4032//4057
f 4097//4139 4104//4130 4098//4138
f 4228//4140 4103//4131 4097//4139
f 4231//4141 4232//4142 4230//4143
f 4290//4144 4100//4134 4101//4133
f 4096//4145 4099//4136 4100//4134
f 4095//4146 4251//4147 4099//4136
f 4094//4148 4032//4057 4031//4055
f 4093//4149 4098//4138 4094//4148
f 4093//4149 4092//4150 4227//4151
f 4229//4152 4092//4150 4091//4153
f 4091//4153 4096//4145 4290//4144
f 4090//4154 4095//4146 4096//4145
f 4089//4155 4252//4156 4095//4146
f 4088//4157 4031//4055 4030//4052
f 4087//4158 4094//4148 4088//4157
f 4087//4158 4092//4150 4093//4149
f 4086//4159 4091//4153 4092//4150
f 4085//4160 4090//4154 4091//4153
f 4084//4161 4089//4155 4090//4154
f 4083//4162 4253//4163 4089//4155
f 4082//4164 4030//4052 4029//4050
f 4081//4165 4088//4157 4082//4164
f 4081//4165 4080//4166 4222//4167
f 4226//4168 4225//4169 4079//4170
f 4079//4170 4084//4161 4085//4160
f 4078//4171 4083//4162 4084//4161
f 4077//4172 4254//4173 4083//4162
f 4076//4174 4029//4050 4028//4048
f 4075//4175 4082//4164 4076//4174
f 4235//4176 4234//4177 4081//4165
f 4236//4178 4073//4179 4079//4170
f 4073//4179 4078//4171 4079//4170
f 4072//4180 4077//4172 4078//4171
f 4256//4181 4077//4172 4071//4182
f 4069//4183 4028//4048 4027//4046
f 4068//4184 4076//4174 4069//4183
f 4068//4184 4074//4185 4075//4175
f 4067//4186 4073//4179 4074//4185
f 4066//4187 4072//4180 4073//4179
f 4065//4188 4071//4182 4072//4180
f 4064//4189 4070//4029 4071//4182
f 4062//4190 4027//4046 4026//4044
f 4061//4191 4069//4183 4062//4190
f 4061//4191 4269//4192 4241//4193
f 4243//4194 4261//4195 4259//4196
f 4065//4188 4263//4197 4262//4198
f 4060//4199 4064//4189 4065//4188
f 4059//4200 4063//4027 4064//4189
f 4057//4201 4026//4044 4025//4042
f 4056//4202 4062//4190 4057//4201
f 4061//4191 4056//4202 4267//4203
f 4055//4204 4060//4199 4270//4205
f 4055//4204 4059//4200 4060//4199
f 4054//4206 4058//4025 4059//4200
f 4151//4207 4025//4042 4024//4208
f 4150//4209 4057//4201 4151//4207
f 4275//4210 4274//4211 4276//4212
f 4149//4213 4278//4214 4279//4215
f 4148//4216 4282//4217 4281//4218
f 4148//4216 4054//4206 4055//4204
f 4147//4219 4053//4023 4054//4206
f 4012//4220 4215//4221 4220//4039
f 4046//4222 4215//4221 4045//4223
f 4047//4224 4286//4225 4283//4226
f 4048//4227 4219//4228 4047//4224
f 4049//4229 4210//4230 4048//4227
f 4050//4231 4212//4232 4049//4229
f 4051//4020 4213//4233 4050//4231
f 4043//4012 4158//4082 4014//4234
f 4158//4082 4157//4084 4014//4234
f 4157//4084 4156//4086 4014//4234
f 4156//4086 4052//4017 4014//4234
f 4155//4085 4154//4088 4052//4017
f 4154//4088 4153//4090 4052//4017
f 4153//4090 4152//4015 4052//4017
f 4198//4235 4014//4234 4052//4017
f 4197//4236 4162//4013 4198//4235
f 4193//4077 4196//4237 4194//4238
f 4191//4075 4194//4238 4192//4239
f 4190//4240 4191//4075 4192//4239
f 4188//4241 4189//4073 4190//4240
f 4208//4242 4187//4064 4188//4241
f 4184//4243 4185//4062 4186//4244
f 4182//4245 4183//4060 4184//4243
f 4180//4246 4181//4058 4182//4245
f 4178//4247 4179//4056 4180//4246
f 4176//4248 4177//4054 4178//4247
f 4174//4249 4175//4053 4176//4248
f 4172//4250 4173//4051 4174//4249
f 4170//4251 4171//4049 4172//4250
f 4168//4252 4169//4047 4170//4251
f 4166//4253 4167//4045 4168//4252
f 4164//4254 4165//4043 4166//4253
f 4160//4038 4217//4255 4159//4256
f 4196//4237 4162//4013 4161//4257
f 4186//4244 4209//4065 4208//4242
f 4112//4127 4207//4035 4206//4115
f 4113//4125 4206//4115 4205//4114
f 4114//4122 4205//4114 4204//4113
f 4115//4123 4204//4113 4203//4112
f 4115//4123 4202//4111 4116//4121
f 4116//4121 4201//4110 4117//4119
f 4117//4119 4200//4063 4035//4117
f 4035//4117 4209//4065 4185//4062
f 4111//4129 4199//4258 4207//4035
f 4015//4259 4197//4236 4198//4235
f 4052//4017 4016//4016 4198//4235
f 4216//4019 4147//4219 4213//4233
f 4217//4255 4163//4041 4164//4254
f 4216//4019 4023//4260 4146//4021
f 4218//4261 4151//4207 4215//4221
f 4210//4230 4277//4262 4219//4228
f 4212//4232 4147//4219 4148//4216
f 4211//4040 4024//4208 4163//4041
f 4220//4039 4151//4207 4024//4208
f 4277//4262 4289//4263 4219//4228
f 4150//4209 4288//4264 4275//4210
f 4210//4230 4148//4216 4149//4213
f 4229//4152 4290//4144 4231//4141
f 4250//4128 4105//4135 4249//4137
f 4256//4181 4070//4029 4246//4031
f 4232//4142 4290//4144 4101//4133
f 4043//4012 4014//4234 4162//4013
f 4152//4015 4044//4078 4016//4016
f 4013//4018 4214//4265 4216//4019
f 4146//4021 4023//4260 4022//4022
f 4053//4023 4022//4022 4021//4024
f 4058//4025 4021//4024 4020//4026
f 4063//4027 4020//4026 4019//4028
f 4070//4029 4019//4028 4245//4030
f 4018//4032 4111//4129 4248//4033
f 4207//4035 4199//4258 4017//4036
f 4160//4038 4012//4220 4220//4039
f 4163//4041 4024//4208 4025//4042
f 4165//4043 4025//4042 4026//4044
f 4167//4045 4026//4044 4027//4046
f 4169//4047 4027//4046 4028//4048
f 4171//4049 4028//4048 4029//4050
f 4173//4051 4029//4050 4030//4052
f 4030//4052 4031//4055 4177//4054
f 4031//4055 4032//4057 4179//4056
f 4032//4057 4033//4059 4181//4058
f 4033//4059 4034//4061 4183//4060
f 4034//4061 4035//4117 4185//4062
f 4200//4063 4036//4072 4187//4064
f 4118//4037 4017//4036 4042//4066
f 4125//4067 4042//4066 4041//4068
f 4132//4069 4041//4068 4040//4070
f 4036//4072 4037//4074 4189//4073
f 4037//4074 4038//4076 4191//4075
f 4038//4076 4039//4079 4193//4077
f 4139//4071 4040//4070 4044//4078
f 4039//4079 4043//4012 4195//4014
f 4145//4080 4158//4082 4043//4012
f 4144//4081 4157//4084 4158//4082
f 4143//4083 4156//4086 4157//4084
f 4143//4083 4142//4087 4155//4085
f 4142//4087 4141//4089 4154//4088
f 4141//4089 4140//4091 4153//4090
f 4140//4091 4139//4071 4152//4015
f 4138//4092 4145//4080 4039//4079
f 4137//4093 4144//4081 4145//4080
f 4136//4094 4143//4083 4144//4081
f 4136//4094 4135//4095 4142//4087
f 4135//4095 4134//4096 4141//4089
f 4134//4096 4133//4097 4140//4091
f 4133//4097 4132//4069 4139//4071
f 4131//4098 4138//4092 4038//4076
f 4130//4099 4137//4093 4138//4092
f 4129//4100 4136//4094 4137//4093
f 4129//4100 4128//4101 4135//4095
f 4128//4101 4127//4102 4134//4096
f 4127//4102 4126//4103 4133//4097
f 4126//4103 4125//4067 4132//4069
f 4124//4104 4131//4098 4037//4074
f 4123//4105 4130//4099 4131//4098
f 4122//4106 4129//4100 4130//4099
f 4122//4106 4121//4107 4128//4101
f 4121//4107 4120//4108 4127//4102
f 4120//4108 4119//4109 4126//4103
f 4119//4109 4118//4037 4125//4067
f 4201//4110 4124//4104 4036//4072
f 4202//4111 4123//4105 4124//4104
f 4203//4112 4122//4106 4123//4105
f 4203//4112 4204//4113 4121//4107
f 4204//4113 4205//4114 4120//4108
f 4205//4114 4206//4115 4119//4109
f 4206//4115 4207//4035 4118//4037
f 4110//4116 4117//4119 4035//4117
f 4109//4118 4116//4121 4117//4119
f 4108//4120 4115//4123 4116//4121
f 4108//4120 4107//4124 4114//4122
f 4107//4124 4106//4126 4113//4125
f 4106//4126 4105//4135 4112//4127
f 4250//4128 4248//4033 4111//4129
f 4104//4130 4110//4116 4034//4061
f 4103//4131 4109//4118 4110//4116
f 4102//4132 4108//4120 4109//4118
f 4102//4132 4101//4133 4107//4124
f 4101//4133 4100//4134 4106//4126
f 4100//4134 4099//4136 4105//4135
f 4099//4136 4251//4147 4249//4137
f 4098//4138 4104//4130 4033//4059
f 4097//4139 4103//4131 4104//4130
f 4228//4140 4102//4132 4103//4131
f 4231//4141 4290//4144 4232//4142
f 4290//4144 4096//4145 4100//4134
f 4096//4145 4095//4146 4099//4136
f 4095//4146 4252//4156 4251//4147
f 4094//4148 4098//4138 4032//4057
f 4093//4149 4097//4139 4098//4138
f 4227//4151 4228//4140 4097//4139
f 4097//4139 4093//4149 4227//4151
f 4229//4152 4227//4151 4092//4150
f 4091//4153 4090//4154 4096//4145
f 4090//4154 4089//4155 4095//4146
f 4089//4155 4253//4163 4252//4156
f 4088//4157 4094//4148 4031//4055
f 4087//4158 4093//4149 4094//4148
f 4087//4158 4086//4159 4092//4150
f 4086//4159 4085//4160 4091//4153
f 4085//4160 4084//4161 4090//4154
f 4084//4161 4083//4162 4089//4155
f 4083//4162 4254//4173 4253//4163
f 4082//4164 4088//4157 4030//4052
f 4081//4165 4087//4158 4088//4157
f 4223//4266 4226//4168 4086//4159
f 4086//4159 4087//4158 4223//4266
f 4087//4158 4081//4165 4223//4266
f 4080//4166 4225//4169 4224//4267
f 4080//4166 4224//4267 4221//4268
f 4080//4166 4221//4268 4222//4167
f 4222//4167 4223//4266 4081//4165
f 4225//4169 4080//4166 4079//4170
f 4079//4170 4085//4160 4226//4168
f 4085//4160 4086//4159 4226//4168
f 4079//4170 4078//4171 4084//4161
f 4078//4171 4077//4172 4083//4162
f 4077//4172 4255//4269 4254//4173
f 4076//4174 4082//4164 4029//4050
f 4075//4175 4081//4165 4082//4164
f 4234//4177 4080//4166 4081//4165
f 4081//4165 4075//4175 4233//4270
f 4075//4175 4074//4185 4233//4270
f 4233//4270 4235//4176 4081//4165
f 4236//4178 4237//4271 4074//4185
f 4237//4271 4233//4270 4074//4185
f 4074//4185 4073//4179 4236//4178
f 4079//4170 4080//4166 4239//4272
f 4080//4166 4234//4177 4239//4272
f 4239//4272 4238//4273 4240//4274
f 4079//4170 4239//4272 4240//4274
f 4240//4274 4236//4178 4079//4170
f 4073//4179 4072//4180 4078//4171
f 4072//4180 4071//4182 4077//4172
f 4256//4181 4255//4269 4077//4172
f 4069//4183 4076//4174 4028//4048
f 4068//4184 4075//4175 4076//4174
f 4068//4184 4067//4186 4074//4185
f 4067//4186 4066//4187 4073//4179
f 4066//4187 4065//4188 4072//4180
f 4065//4188 4064//4189 4071//4182
f 4064//4189 4063//4027 4070//4029
f 4062//4190 4069//4183 4027//4046
f 4061//4191 4068//4184 4069//4183
f 4258//4275 4243//4194 4241//4193
f 4242//4276 4244//4277 4067//4186
f 4257//4278 4258//4275 4241//4193
f 4242//4276 4067//4186 4068//4184
f 4269//4192 4257//4278 4241//4193
f 4241//4193 4242//4276 4068//4184
f 4068//4184 4061//4191 4241//4193
f 4260//4279 4263//4197 4066//4187
f 4066//4187 4067//4186 4244//4277
f 4243//4194 4258//4275 4261//4195
f 4066//4187 4244//4277 4259//4196
f 4244//4277 4243//4194 4259//4196
f 4259//4196 4260//4279 4066//4187
f 4262//4198 4060//4199 4065//4188
f 4065//4188 4066//4187 4263//4197
f 4060//4199 4059//4200 4064//4189
f 4059//4200 4058//4025 4063//4027
f 4057//4201 4062//4190 4026//4044
f 4056//4202 4061//4191 4062//4190
f 4056//4202 4264//4280 4265//4281
f 4056//4202 4265//4281 4266//4282
f 4268//4283 4269//4192 4061//4191
f 4056//4202 4266//4282 4267//4203
f 4267//4203 4268//4283 4061//4191
f 4060//4199 4262//4198 4272//4284
f 4060//4199 4272//4284 4273//4285
f 4271//4286 4282//4217 4055//4204
f 4060//4199 4273//4285 4270//4205
f 4270//4205 4271//4286 4055//4204
f 4055//4204 4054//4206 4059//4200
f 4054//4206 4053//4023 4058//4025
f 4151//4207 4057//4201 4025//4042
f 4150//4209 4056//4202 4057//4201
f 4276//4212 4264//4280 4056//4202
f 4056//4202 4150//4209 4276//4212
f 4150//4209 4275//4210 4276//4212
f 4280//4287 4277//4262 4279//4215
f 4277//4262 4149//4213 4279//4215
f 4278//4214 4149//4213 4281//4218
f 4149//4213 4148//4216 4281//4218
f 4148//4216 4055//4204 4282//4217
f 4148//4216 4147//4219 4054//4206
f 4147//4219 4146//4021 4053//4023
f 4012//4220 4045//4223 4215//4221
f 4046//4222 4218//4261 4215//4221
f 4287//4288 4288//4264 4218//4261
f 4047//4224 4219//4228 4284//4289
f 4219//4228 4289//4263 4284//4289
f 4287//4288 4218//4261 4046//4222
f 4283//4226 4287//4288 4046//4222
f 4047//4224 4284//4289 4285//4290
f 4047//4224 4285//4290 4286//4225
f 4283//4226 4046//4222 4047//4224
f 4048//4227 4210//4230 4219//4228
f 4049//4229 4212//4232 4210//4230
f 4050//4231 4213//4233 4212//4232
f 4051//4020 4216//4019 4213//4233
f 4156//4086 4155//4085 4052//4017
f 4198//4235 4162//4013 4014//4234
f 4197//4236 4161//4257 4162//4013
f 4193//4077 4195//4014 4196//4237
f 4191//4075 4193//4077 4194//4238
f 4190//4240 4189//4073 4191//4075
f 4188//4241 4187//4064 4189//4073
f 4208//4242 4209//4065 4187//4064
f 4184//4243 4183//4060 4185//4062
f 4182//4245 4181//4058 4183//4060
f 4180//4246 4179//4056 4181//4058
f 4178//4247 4177//4054 4179//4056
f 4176//4248 4175//4053 4177//4054
f 4174//4249 4173//4051 4175//4053
f 4172//4250 4171//4049 4173//4051
f 4170//4251 4169//4047 4171//4049
f 4168//4252 4167//4045 4169//4047
f 4166//4253 4165//4043 4167//4045
f 4164//4254 4163//4041 4165//4043
f 4160//4038 4211//4040 4217//4255
f 4196//4237 4195//4014 4162//4013
f 4186//4244 4185//4062 4209//4065
f 4112//4127 4111//4129 4207//4035
f 4113//4125 4112//4127 4206//4115
f 4114//4122 4113//4125 4205//4114
f 4115//4123 4114//4122 4204//4113
f 4115//4123 4203//4112 4202//4111
f 4116//4121 4202//4111 4201//4110
f 4117//4119 4201//4110 4200//4063
f 4035//4117 4200//4063 4209//4065
f 4111//4129 4018//4032 4199//4258
f 4216//4019 4146//4021 4147//4219
f 4217//4255 4211//4040 4163//4041
f 4216//4019 4214//4265 4023//4260
f 4218//4261 4150//4209 4151//4207
f 4210//4230 4149//4213 4277//4262
f 4212//4232 4213//4233 4147//4219
f 4211//4040 4220//4039 4024//4208
f 4220//4039 4215//4221 4151//4207
f 4150//4209 4218//4261 4288//4264
f 4210//4230 4212//4232 4148//4216
f 4229//4152 4091//4153 4290//4144
f 4250//4128 4112//4127 4105//4135
f 4256//4181 4071//4182 4070//4029
f 4101//4133 4102//4132 4232//4142
f 4102//4132 4228//4140 4232//4142
g default
v 629.596485 -41.652725 169.953361
v 629.596485 -41.652725 156.211754
v 630.329612 -46.766112 169.953361
v 630.217413 -45.984007 156.211754
vn -0.989877 -0.141926 0.000000
vn -0.989877 -0.141925 0.000000
vn -0.989877 -0.141926 0.000000
vn -0.989877 -0.141925 -0.000000
s 1
g Piece4 Supermarine_Spitfire_Mk:GLTF_SceneRootNode Supermarine_Spitfire_Mk:root Supermarine_Spitfire_Mk:Sketchfab_model Supermarine_Spitfire_Mk:Meshes Supermarine_Spitfire_Mk:scene polySurface99
usemtl Supermarine_Spitfire_Mk:Object_81SG
f 4291//4291 4294//4292 4293//4293
f 4291//4291 4292//4294 4294//4292
g default
v 585.052824 -42.009144 116.373695
v 592.643710 -41.030139 116.779568
v 599.871589 -40.097927 119.152538
v 606.244208 -39.276037 123.330869
v 611.326998 -38.620484 129.029833
v 614.773769 -38.175944 135.861053
v 616.349626 -37.972705 143.358986
v 615.947111 -38.024620 151.012660
v 613.593654 -38.328153 158.300490
v 609.449651 -38.862623 164.725822
v 603.797516 -39.591595 169.850799
v 597.022382 -40.465401 173.326127
v 589.586022 -41.424487 174.915007
v 581.995248 -42.403497 174.509121
v 574.767257 -43.335708 172.136164
v 568.394750 -44.157598 167.957819
v 563.311847 -44.813152 162.258855
v 558.289220 -45.460931 147.929716
v 558.691847 -45.409015 140.276042
v 561.045304 -45.105482 132.988213
v 565.189308 -44.571012 126.562866
v 570.841442 -43.842040 121.437903
v 577.616577 -42.968235 117.962561
v 610.756976 -48.999116 164.725822
v 614.853459 -48.095942 158.300490
v 617.499377 -46.886850 143.358986
v 615.869340 -46.670478 135.861053
v 617.152961 -47.374085 151.012660
v 607.245754 -47.041930 123.330869
v 612.373017 -46.730182 129.029833
v 574.780125 -54.361619 171.227290
v 576.171543 -54.224017 172.136164
v 583.409016 -53.364991 174.509121
v 590.991098 -52.318253 174.915007
v 598.404205 -51.179147 173.326127
v 605.143219 -50.026383 169.850799
v 586.019152 -49.501540 116.373695
v 578.603110 -50.617630 117.962561
v 600.844802 -47.643939 119.152538
v 593.605411 -48.487335 116.779568
v 564.650778 -55.194306 162.258855
v 569.772736 -54.842392 167.957819
v 562.170336 -53.828888 132.988213
v 559.871511 -54.556065 140.276042
v 559.526337 -55.052566 147.929716
v 566.260949 -52.880236 126.562866
v 571.863983 -51.770654 121.437903
vn -0.181860 -0.023455 0.983045
vn 0.077352 0.009976 0.996954
vn 0.078924 0.010179 0.996829
vn -0.427874 -0.055183 0.902152
vn -0.429906 -0.055446 0.901169
vn -0.645285 -0.083225 0.759395
vn -0.648033 -0.083579 0.757012
vn -0.818507 -0.105565 0.564714
vn -0.820867 -0.105870 0.561221
vn -0.935622 -0.120670 0.331740
vn -0.937131 -0.120865 0.327379
vn -0.988904 -0.127543 0.076165
vn -0.989257 -0.127588 0.071361
vn -0.974754 -0.125718 -0.184526
vn -0.973887 -0.125607 -0.189122
vn -0.894215 -0.115330 -0.432526
vn -0.892413 -0.115098 -0.436293
vn -0.752856 -0.097097 -0.650984
vn -0.750632 -0.096811 -0.653589
vn -0.560330 -0.072267 -0.825111
vn -0.557770 -0.071938 -0.826872
vn -0.329517 -0.042499 -0.943193
vn -0.327477 -0.042236 -0.943915
vn -0.076544 -0.009872 -0.997017
vn -0.075596 -0.009750 -0.997091
vn 0.181324 0.023386 -0.983145
vn 0.181315 0.023385 -0.983147
vn 0.349635 0.045093 -0.935800
vn 0.422694 0.054516 -0.904631
vn 0.540683 0.069733 -0.838332
vn 0.737452 0.095111 -0.668669
vn 0.646752 0.083414 -0.758126
vn 0.654528 0.084416 -0.751310
vn 0.976238 0.125909 0.176367
vn 0.990393 0.127736 0.052957
vn 0.990394 0.127735 0.052957
vn 0.897612 0.115768 0.425312
vn 0.975368 0.125797 0.181196
vn 0.757697 0.097722 0.645248
vn 0.895619 0.115510 0.429562
vn 0.565545 0.072940 0.821486
vn 0.754769 0.097344 0.648728
vn 0.333861 0.043059 0.941638
vn 0.562205 0.072509 0.823813
vn 0.331113 0.042704 0.942624
vn -0.181344 -0.023389 0.983142
vn 0.737451 0.095111 -0.668670
s 1
g Piece4 Supermarine_Spitfire_Mk:GLTF_SceneRootNode Supermarine_Spitfire_Mk:root Supermarine_Spitfire_Mk:Sketchfab_model Supermarine_Spitfire_Mk:Meshes Supermarine_Spitfire_Mk:scene polySurface107
usemtl Supermarine_Spitfire_Mk:Object_81SG
f 4334//4295 4295//4296 4331//4297
f 4297//4298 4334//4295 4333//4299
f 4298//4300 4333//4299 4323//4301
f 4299//4302 4323//4301 4324//4303
f 4300//4304 4324//4303 4321//4305
f 4301//4306 4321//4305 4320//4307
f 4302//4308 4320//4307 4322//4309
f 4303//4310 4322//4309 4319//4311
f 4304//4312 4319//4311 4318//4313
f 4305//4314 4318//4313 4330//4315
f 4306//4316 4330//4315 4329//4317
f 4307//4318 4329//4317 4328//4319
f 4308//4320 4328//4319 4327//4321
f 4308//4320 4326//4322 4309//4323
f 4309//4323 4326//4322 4325//4324
f 4335//4325 4310//4326 4336//4327
f 4338//4328 4312//4329 4339//4330
f 4337//4331 4313//4332 4338//4328
f 4340//4333 4314//4334 4337//4331
f 4341//4335 4315//4336 4340//4333
f 4332//4337 4316//4338 4341//4335
f 4331//4297 4317//4339 4332//4337
f 4334//4295 4296//4340 4295//4296
f 4297//4298 4296//4340 4334//4295
f 4298//4300 4297//4298 4333//4299
f 4299//4302 4298//4300 4323//4301
f 4300//4304 4299//4302 4324//4303
f 4301//4306 4300//4304 4321//4305
f 4302//4308 4301//4306 4320//4307
f 4303//4310 4302//4308 4322//4309
f 4304//4312 4303//4310 4319//4311
f 4305//4314 4304//4312 4318//4313
f 4306//4316 4305//4314 4330//4315
f 4307//4318 4306//4316 4329//4317
f 4308//4320 4307//4318 4328//4319
f 4308//4320 4327//4321 4326//4322
f 4336//4327 4310//4326 4325//4324
f 4310//4326 4309//4323 4325//4324
f 4335//4325 4311//4341 4310//4326
f 4338//4328 4313//4332 4312//4329
f 4337//4331 4314//4334 4313//4332
f 4340//4333 4315//4336 4314//4334
f 4341//4335 4316//4338 4315//4336
f 4332//4337 4317//4339 4316//4338
f 4331//4297 4295//4296 4317//4339
g default
v 502.574257 -52.646647 178.685011
v 516.851671 -50.805250 178.814790
v 503.975100 -63.508108 178.685011
v 518.384861 -62.692801 178.814790
vn 0.008940 0.001153 -0.999959
vn 0.008940 0.001153 -0.999959
vn 0.008940 0.001153 -0.999959
vn 0.008940 0.001153 -0.999959
s 1
g Piece4 Supermarine_Spitfire_Mk:GLTF_SceneRootNode Supermarine_Spitfire_Mk:root Supermarine_Spitfire_Mk:Sketchfab_model Supermarine_Spitfire_Mk:Meshes Supermarine_Spitfire_Mk:scene polySurface110
usemtl Supermarine_Spitfire_Mk:Object_81SG
f 4343//4342 4344//4343 4342//4344
f 4343//4342 4345//4345 4344//4343
g default
v 787.865961 -23.657598 153.142482
v 787.865961 -23.657598 146.830293
v 788.111014 -25.366522 153.142482
v 788.066090 -25.053418 146.830293
vn -0.989880 -0.141910 0.000000
vn -0.989877 -0.141930 0.000000
vn -0.989880 -0.141906 0.000001
vn -0.989876 -0.141935 -0.000000
s 1
g Piece4 Supermarine_Spitfire_Mk:GLTF_SceneRootNode Supermarine_Spitfire_Mk:root Supermarine_Spitfire_Mk:Sketchfab_model Supermarine_Spitfire_Mk:Meshes Supermarine_Spitfire_Mk:scene polySurface91
usemtl Supermarine_Spitfire_Mk:Object_81SG
f 4346//4346 4349//4347 4348//4348
f 4346//4346 4347//4349 4349//4347
g default
v 681.500540 -36.331302 161.694688
v 681.500540 -36.331302 150.727296
v 689.039504 -35.250377 161.694688
v 689.039504 -35.250377 150.727296
v 685.879663 -35.703439 150.727296
v 685.879663 -35.703439 161.694688
v 681.500540 -36.331302 144.415107
v 685.879663 -35.703439 144.415107
vn 0.141926 -0.989877 -0.000000
vn 0.141925 -0.989877 -0.000000
vn 0.141925 -0.989877 -0.000000
vn 0.141925 -0.989877 -0.000000
vn 0.141926 -0.989877 -0.000000
vn 0.141926 -0.989877 -0.000000
vn 0.141926 -0.989877 -0.000000
vn 0.141926 -0.989877 -0.000000
s 1
g Piece4 Supermarine_Spitfire_Mk:GLTF_SceneRootNode Supermarine_Spitfire_Mk:root Supermarine_Spitfire_Mk:Sketchfab_model Supermarine_Spitfire_Mk:Meshes Supermarine_Spitfire_Mk:scene polySurface96
usemtl Supermarine_Spitfire_Mk:Object_81SG
f 4351//4350 4355//4351 4350//4352
f 4352//4353 4354//4354 4353//4355
f 4356//4356 4354//4354 4351//4350
f 4351//4350 4354//4354 4355//4351
f 4352//4353 4355//4351 4354//4354
f 4356//4356 4357//4357 4354//4354
g default
v 853.436660 -14.710193 80.481655
v 822.552080 -17.363642 68.867754
v 791.532727 -20.404448 59.125860
v 760.508971 -23.501223 51.311571
v 729.485102 -26.998930 44.011029
v 698.461233 -30.525752 37.674685
v 698.460669 -27.055870 62.813740
v 729.484876 -23.780937 67.729311
v 760.508858 -20.627271 73.789322
v 791.532388 -17.719694 80.133025
v 822.548242 -15.006403 87.721082
v 853.421648 -12.616822 97.268146
v 694.318472 -30.967639 36.912055
v 877.997722 -12.605888 93.475602
v 877.997722 -10.834819 107.220342
v 694.318472 -27.459004 62.196867
v 853.358099 -12.265518 102.186779
v 694.318472 -26.727781 71.425812
v 698.455702 -26.309339 72.227377
v 729.482619 -23.014348 78.240693
v 760.507278 -19.927598 84.253994
v 791.526405 -16.949071 90.256262
v 822.533230 -14.483045 96.076687
v 694.318472 -28.166547 75.624243
v 791.523809 -18.368771 94.468442
v 760.506826 -21.406535 88.455508
v 729.482506 -24.476905 82.441120
v 853.305838 -13.716023 106.426565
v 877.997722 -12.269113 111.334482
v 822.525667 -15.944654 100.475733
v 698.455364 -27.734163 76.426203
v 853.328074 -12.609235 104.624914
v 760.506939 -20.287639 86.667741
v 698.455477 -26.638296 74.639586
v 877.997722 -11.169228 109.583188
v 822.528941 -14.833132 98.641045
v 791.524938 -17.275077 92.682644
v 694.318472 -27.064747 73.837781
v 729.482506 -23.364978 80.653826
vn -0.034309 0.993198 -0.111269
vn -0.019937 0.991787 -0.126336
vn -0.032837 0.991767 -0.123777
vn -0.034246 0.996734 -0.073137
vn -0.065085 0.997879 -0.000819
vn -0.051506 0.993073 -0.105606
vn -0.049831 0.990962 -0.124545
vn -0.071641 0.997306 -0.015735
vn -0.065923 0.991802 -0.109465
vn -0.063062 0.989956 -0.126532
vn -0.081963 0.996058 -0.033918
vn -0.074848 0.991369 -0.107631
vn -0.073103 0.989035 -0.128319
vn -0.090809 0.995504 -0.026925
vn -0.083182 0.989926 -0.114571
vn -0.082020 0.987504 -0.134568
vn -0.096617 0.994822 -0.031547
vn -0.085081 0.988917 -0.121673
vn -0.083688 0.987120 -0.136349
vn -0.098515 0.994303 -0.040700
vn -0.078268 0.989295 -0.123168
vn -0.080093 0.987327 -0.137006
vn -0.092406 0.994831 -0.042112
vn -0.125102 0.938700 0.321235
vn -0.162462 0.843994 0.511155
vn -0.156880 0.842238 0.515774
vn -0.131419 0.940855 0.312283
vn -0.172855 0.840046 0.514241
vn -0.143359 0.937965 0.315706
vn -0.182776 0.833506 0.521403
vn -0.154624 0.932022 0.327759
vn -0.185631 0.834307 0.519108
vn -0.158230 0.932547 0.324529
vn -0.187799 0.837145 0.513732
vn -0.158234 0.939327 0.304346
vn -0.186431 0.836579 0.515150
vn -0.154822 0.940471 0.302563
vn -0.123613 0.929483 0.347536
vn -0.153496 0.836803 0.525546
s 1
g Piece4 Supermarine_Spitfire_Mk:GLTF_SceneRootNode Supermarine_Spitfire_Mk:root Supermarine_Spitfire_Mk:Sketchfab_model Supermarine_Spitfire_Mk:Meshes Supermarine_Spitfire_Mk:scene polySurface39
usemtl Supermarine_Spitfire_Mk:Object_104SG
f 4369//4358 4371//4359 4358//4360
f 4372//4361 4369//4358 4374//4362
f 4368//4363 4358//4360 4359//4364
f 4369//4358 4380//4365 4374//4362
f 4367//4366 4359//4364 4360//4367
f 4368//4363 4379//4368 4380//4365
f 4366//4369 4360//4367 4361//4370
f 4367//4366 4378//4371 4379//4368
f 4365//4372 4361//4370 4362//4373
f 4366//4369 4377//4374 4378//4371
f 4364//4375 4362//4373 4363//4376
f 4365//4372 4376//4377 4377//4374
f 4373//4378 4363//4376 4370//4379
f 4364//4375 4375//4380 4376//4377
f 4389//4381 4372//4361 4374//4362
f 4389//4381 4387//4382 4385//4383
f 4393//4384 4382//4385 4387//4382
f 4394//4386 4383//4387 4382//4385
f 4390//4388 4384//4389 4383//4387
f 4396//4390 4388//4391 4384//4389
f 4391//4392 4381//4393 4388//4391
f 4376//4377 4395//4394 4391//4392
f 4377//4374 4391//4392 4396//4390
f 4378//4371 4396//4390 4390//4388
f 4379//4368 4390//4388 4394//4386
f 4380//4365 4394//4386 4393//4384
f 4374//4362 4393//4384 4389//4381
f 4385//4383 4392//4395 4389//4381
f 4369//4358 4372//4361 4371//4359
f 4368//4363 4369//4358 4358//4360
f 4369//4358 4368//4363 4380//4365
f 4367//4366 4368//4363 4359//4364
f 4368//4363 4367//4366 4379//4368
f 4366//4369 4367//4366 4360//4367
f 4367//4366 4366//4369 4378//4371
f 4365//4372 4366//4369 4361//4370
f 4366//4369 4365//4372 4377//4374
f 4364//4375 4365//4372 4362//4373
f 4365//4372 4364//4375 4376//4377
f 4373//4378 4364//4375 4363//4376
f 4364//4375 4373//4378 4375//4380
f 4389//4381 4392//4395 4372//4361
f 4389//4381 4393//4384 4387//4382
f 4393//4384 4394//4386 4382//4385
f 4394//4386 4390//4388 4383//4387
f 4390//4388 4396//4390 4384//4389
f 4396//4390 4391//4392 4388//4391
f 4391//4392 4395//4394 4381//4393
f 4376//4377 4375//4380 4395//4394
f 4377//4374 4376//4377 4391//4392
f 4378//4371 4377//4374 4396//4390
f 4379//4368 4378//4371 4390//4388
f 4380//4365 4379//4368 4394//4386
f 4374//4362 4380//4365 4393//4384
f 4385//4383 4386//4396 4392//4395
g default
v 862.310266 -11.638935 103.763723
v 860.222179 -11.769917 103.358929
v 862.410612 -14.942046 103.783187
v 860.316656 -15.127346 103.377251
vn 0.190317 0.000001 -0.981723
vn 0.190317 0.000001 -0.981723
vn 0.190316 0.000001 -0.981723
vn 0.190318 0.000000 -0.981723
s 1
g Piece4 Supermarine_Spitfire_Mk:GLTF_SceneRootNode Supermarine_Spitfire_Mk:root Supermarine_Spitfire_Mk:Sketchfab_model Supermarine_Spitfire_Mk:Meshes Supermarine_Spitfire_Mk:scene polySurface45
usemtl Supermarine_Spitfire_Mk:Object_104SG
f 4398//4397 4399//4398 4400//4399
f 4398//4397 4397//4400 4399//4398
g default
v 709.173131 -24.883157 78.518353
v 709.289054 -31.513763 78.462790
v 710.103226 -25.057984 73.685590
v 710.219037 -31.198202 73.630026
vn -0.981828 -0.016258 -0.189074
vn -0.981782 -0.016053 -0.189330
vn -0.981673 -0.015567 -0.189937
vn -0.981955 -0.016826 -0.188365
s 1
g Piece4 Supermarine_Spitfire_Mk:GLTF_SceneRootNode Supermarine_Spitfire_Mk:root Supermarine_Spitfire_Mk:Sketchfab_model Supermarine_Spitfire_Mk:Meshes Supermarine_Spitfire_Mk:scene polySurface54
usemtl Supermarine_Spitfire_Mk:Object_104SG
f 4401//4401 4404//4402 4402//4403
f 4401//4401 4403//4404 4404//4402
g default
v 861.494739 -11.401737 107.970224
v 861.595199 -15.157565 107.989681
v 862.310266 -11.638935 103.763723
v 862.410612 -14.942046 103.783187
vn 0.981380 0.028666 0.189927
vn 0.981295 0.029123 0.190294
vn 0.981645 0.027219 0.188767
vn 0.980955 0.030943 0.191753
s 1
g Piece4 Supermarine_Spitfire_Mk:GLTF_SceneRootNode Supermarine_Spitfire_Mk:root Supermarine_Spitfire_Mk:Sketchfab_model Supermarine_Spitfire_Mk:Meshes Supermarine_Spitfire_Mk:scene polySurface47
usemtl Supermarine_Spitfire_Mk:Object_104SG
f 4406//4405 4407//4406 4405//4407
f 4406//4405 4408//4408 4407//4406
g default
v 712.670470 -24.509592 79.195205
v 709.173131 -24.883157 78.518353
v 712.767994 -31.128942 79.137363
v 709.289054 -31.513763 78.462790
vn -0.188911 -0.011415 0.981928
vn -0.189022 -0.011482 0.981906
vn -0.188821 -0.011362 0.981946
vn -0.189112 -0.011535 0.981888
s 1
g Piece4 Supermarine_Spitfire_Mk:GLTF_SceneRootNode Supermarine_Spitfire_Mk:root Supermarine_Spitfire_Mk:Sketchfab_model Supermarine_Spitfire_Mk:Meshes Supermarine_Spitfire_Mk:scene polySurface44
usemtl Supermarine_Spitfire_Mk:Object_104SG
f 4410//4409 4411//4410 4409//4411
f 4410//4409 4412//4412 4411//4410
g default
v 859.406766 -11.550670 107.565431
v 859.501130 -15.368261 107.583745
v 860.222179 -11.769917 103.358929
v 860.316656 -15.127346 103.377251
vn -0.981323 -0.026553 -0.190528
vn -0.981374 -0.026939 -0.190207
vn -0.981140 -0.025206 -0.191647
vn -0.981598 -0.028632 -0.188799
s 1
g Piece4 Supermarine_Spitfire_Mk:GLTF_SceneRootNode Supermarine_Spitfire_Mk:root Supermarine_Spitfire_Mk:Sketchfab_model Supermarine_Spitfire_Mk:Meshes Supermarine_Spitfire_Mk:scene polySurface46
usemtl Supermarine_Spitfire_Mk:Object_104SG
f 4413//4413 4416//4414 4414//4415
f 4413//4413 4415//4416 4416//4414
g default
v 853.489260 -14.710193 80.481655
v 822.604680 -17.363642 68.867754
v 791.585327 -20.404448 59.125860
v 760.561571 -23.501223 51.311571
v 729.537702 -26.998930 44.011029
v 698.513833 -30.525752 37.674685
v 698.513833 -31.850648 62.879045
v 729.537702 -28.287844 67.750984
v 760.561571 -24.742939 73.732673
v 791.585214 -21.460256 80.001165
v 822.603439 -18.346760 87.560947
v 853.474474 -15.497165 97.081252
v 694.371072 -30.967639 36.912055
v 694.371072 -32.314933 62.263640
v 878.050322 -12.605888 93.475602
v 878.050322 -13.247519 107.000961
v 853.362275 -15.958636 106.427037
v 878.050322 -13.459905 111.334221
v 822.579848 -19.025975 100.476170
v 791.576748 -22.117940 94.468520
v 760.560216 -25.656525 88.455663
v 729.537476 -29.173774 82.441571
v 698.513382 -32.653341 76.427247
v 694.371072 -33.117035 75.624243
vn 0.122212 -0.991132 -0.052175
vn 0.118958 -0.991406 -0.054427
vn 0.115507 -0.991907 -0.052714
vn 0.122528 -0.990959 -0.054654
vn 0.123416 -0.990919 -0.053373
vn 0.123421 -0.990766 -0.056124
vn 0.119342 -0.991348 -0.054645
vn 0.119398 -0.991216 -0.056877
vn 0.113746 -0.992185 -0.051297
vn 0.114860 -0.992158 -0.049297
vn 0.109660 -0.992622 -0.051742
vn 0.108481 -0.992779 -0.051208
vn 0.107030 -0.993087 -0.048186
vn 0.108379 -0.992970 -0.047578
vn 0.109900 -0.992828 -0.047054
vn 0.109990 -0.992793 -0.047583
vn 0.109127 -0.992881 -0.047738
vn 0.108353 -0.992767 -0.051709
vn 0.115476 -0.992251 -0.045857
vn 0.121007 -0.990889 -0.059124
vn 0.123730 -0.990501 -0.059984
vn 0.122845 -0.990673 -0.058956
vn 0.121863 -0.990802 -0.058837
vn 0.110147 -0.992724 -0.048656
s 1
g Piece4 Supermarine_Spitfire_Mk:GLTF_SceneRootNode Supermarine_Spitfire_Mk:root Supermarine_Spitfire_Mk:Sketchfab_model Supermarine_Spitfire_Mk:Meshes Supermarine_Spitfire_Mk:scene polySurface38
usemtl Supermarine_Spitfire_Mk:Object_104SG
f 4422//4417 4430//4418 4429//4419
f 4423//4420 4421//4421 4424//4422
f 4424//4422 4420//4423 4425//4424
f 4425//4424 4419//4425 4426//4426
f 4426//4426 4418//4427 4427//4428
f 4427//4428 4417//4429 4428//4430
f 4428//4430 4431//4431 4432//4432
f 4432//4432 4433//4433 4428//4430
f 4435//4434 4428//4430 4433//4433
f 4436//4435 4427//4428 4435//4434
f 4437//4436 4426//4426 4436//4435
f 4438//4437 4425//4424 4437//4436
f 4439//4438 4424//4422 4438//4437
f 4423//4420 4440//4439 4430//4418
f 4422//4417 4423//4420 4430//4418
f 4423//4420 4422//4417 4421//4421
f 4424//4422 4421//4421 4420//4423
f 4425//4424 4420//4423 4419//4425
f 4426//4426 4419//4425 4418//4427
f 4427//4428 4418//4427 4417//4429
f 4428//4430 4417//4429 4431//4431
f 4432//4432 4434//4440 4433//4433
f 4435//4434 4427//4428 4428//4430
f 4436//4435 4426//4426 4427//4428
f 4437//4436 4425//4424 4426//4426
f 4438//4437 4424//4422 4425//4424
f 4439//4438 4423//4420 4424//4422
f 4423//4420 4439//4438 4440//4439
g default
v 712.767994 -31.128942 79.137363
v 709.289054 -31.513763 78.462790
v 713.698090 -30.841843 74.304600
v 710.219037 -31.198202 73.630026
vn 0.114410 -0.992609 -0.040469
vn 0.112621 -0.992847 -0.039638
vn 0.109116 -0.993302 -0.038011
vn 0.117904 -0.992133 -0.042092
s 1
g Piece4 Supermarine_Spitfire_Mk:GLTF_SceneRootNode Supermarine_Spitfire_Mk:root Supermarine_Spitfire_Mk:Sketchfab_model Supermarine_Spitfire_Mk:Meshes Supermarine_Spitfire_Mk:scene polySurface51
usemtl Supermarine_Spitfire_Mk:Object_104SG
f 4441//4441 4444//4442 4443//4443
f 4441//4441 4442//4444 4444//4442
g default
v 585.052824 -42.009144 116.373695
v 592.643710 -41.030139 116.779568
v 599.871589 -40.097927 119.152538
v 606.244208 -39.276037 123.330869
v 611.326998 -38.620484 129.029833
v 614.773769 -38.175944 135.861053
v 616.349626 -37.972705 143.358986
v 615.947111 -38.024620 151.012660
v 613.593654 -38.328153 158.300490
v 609.449651 -38.862623 164.725822
v 603.797516 -39.591595 169.850799
v 597.022382 -40.465401 173.326127
v 589.586022 -41.424487 174.915007
v 581.995248 -42.403497 174.509121
v 574.767257 -43.335708 172.136164
v 568.394750 -44.157598 167.957819
v 563.311847 -44.813152 162.258855
v 559.865077 -45.257691 155.427635
v 558.289220 -45.460931 147.929716
v 558.691847 -45.409015 140.276042
v 561.045304 -45.105482 132.988213
v 565.189308 -44.571012 126.562866
v 570.841442 -43.842040 121.437903
v 577.616577 -42.968235 117.962561
v 502.574370 -52.646657 178.685011
v 516.851727 -50.805261 178.814790
v 508.330915 -51.904214 165.732221
v 505.630026 -52.252548 167.308149
v 503.580318 -52.516910 169.785642
v 502.493720 -52.657056 172.787527
vn 0.127914 -0.991785 0.000000
vn 0.127914 -0.991785 -0.000000
vn 0.127914 -0.991785 0.000000
vn 0.127913 -0.991785 -0.000000
vn 0.127914 -0.991785 0.000000
vn 0.127914 -0.991785 -0.000000
vn 0.127914 -0.991785 -0.000000
vn 0.127914 -0.991785 -0.000000
vn 0.127914 -0.991785 -0.000000
vn 0.127914 -0.991785 -0.000002
vn 0.127914 -0.991785 -0.000000
vn 0.127913 -0.991785 -0.000002
vn 0.127914 -0.991785 0.000000
vn 0.127914 -0.991785 -0.000000
vn 0.127914 -0.991785 0.000000
vn 0.127914 -0.991785 -0.000000
vn 0.127914 -0.991785 -0.000001
vn 0.127913 -0.991785 -0.000001
vn 0.127914 -0.991785 0.000000
vn 0.127914 -0.991785 -0.000000
vn 0.127913 -0.991785 0.000002
vn 0.127914 -0.991785 0.000000
vn 0.127914 -0.991785 -0.000000
vn 0.127914 -0.991785 0.000000
vn 0.127914 -0.991785 -0.000000
vn 0.127914 -0.991785 0.000000
vn 0.127913 -0.991785 0.000000
vn 0.127913 -0.991785 -0.000001
vn 0.127913 -0.991785 -0.000000
vn 0.127914 -0.991785 -0.000000
s 1
g Piece4 Supermarine_Spitfire_Mk:GLTF_SceneRootNode Supermarine_Spitfire_Mk:root Supermarine_Spitfire_Mk:Sketchfab_model Supermarine_Spitfire_Mk:Meshes Supermarine_Spitfire_Mk:scene polySurface109
usemtl Supermarine_Spitfire_Mk:Object_81SG
f 4452//4445 4460//4446 4468//4447
f 4474//4448 4473//4449 4471//4450
f 4462//4451 4470//4452 4469//4453
f 4468//4447 4445//4454 4446//4455
f 4446//4455 4447//4456 4448//4457
f 4448//4457 4449//4458 4450//4459
f 4450//4459 4451//4460 4452//4445
f 4452//4445 4453//4461 4454//4462
f 4454//4462 4455//4463 4452//4445
f 4455//4463 4456//4464 4452//4445
f 4456//4464 4457//4465 4458//4466
f 4458//4466 4459//4467 4460//4446
f 4460//4446 4461//4468 4462//4451
f 4462//4451 4463//4469 4464//4470
f 4464//4470 4465//4471 4468//4447
f 4465//4471 4466//4472 4468//4447
f 4466//4472 4467//4473 4468//4447
f 4468//4447 4446//4455 4448//4457
f 4448//4457 4450//4459 4468//4447
f 4450//4459 4452//4445 4468//4447
f 4456//4464 4458//4466 4460//4446
f 4460//4446 4462//4451 4468//4447
f 4462//4451 4464//4470 4468//4447
f 4452//4445 4456//4464 4460//4446
f 4473//4449 4472//4474 4471//4450
f 4471//4450 4463//4469 4462//4451
f 4462//4451 4469//4453 4471//4450
f 4469//4453 4474//4448 4471//4450
f 4462//4451 4461//4468 4470//4452
g default
v 694.642312 -30.967639 36.912055
v 694.642312 -32.314933 62.263640
v 694.642312 -27.459004 62.196867
v 694.642312 -33.117035 75.624243
v 694.642312 -26.727781 71.425812
v 694.642312 -28.166547 75.624243
v 694.642312 -27.064747 73.837781
vn -1.000000 -0.000003 0.000000
vn -1.000000 0.000001 0.000000
vn -1.000000 -0.000000 0.000000
vn -1.000000 0.000000 0.000000
vn -1.000000 0.000002 0.000000
vn -1.000000 0.000003 0.000000
vn -1.000000 0.000000 0.000000
s 1
g Piece4 Supermarine_Spitfire_Mk:GLTF_SceneRootNode Supermarine_Spitfire_Mk:root Supermarine_Spitfire_Mk:Sketchfab_model Supermarine_Spitfire_Mk:Meshes Supermarine_Spitfire_Mk:scene polySurface41
usemtl Supermarine_Spitfire_Mk:Object_104SG
f 4481//4475 4479//4476 4478//4477
f 4475//4478 4476//4479 4477//4480
f 4477//4480 4476//4479 4479//4476
f 4476//4479 4478//4477 4479//4476
f 4478//4477 4480//4481 4481//4475
g default
v 861.595199 -15.157565 107.989681
v 859.501130 -15.368261 107.583745
v 862.410612 -14.942046 103.783187
v 860.316656 -15.127346 103.377251
vn 0.103285 -0.994031 -0.035141
vn 0.098103 -0.994605 -0.033709
vn 0.094382 -0.994999 -0.032682
vn 0.106990 -0.993602 -0.036164
s 1
g Piece4 Supermarine_Spitfire_Mk:GLTF_SceneRootNode Supermarine_Spitfire_Mk:root Supermarine_Spitfire_Mk:Sketchfab_model Supermarine_Spitfire_Mk:Meshes Supermarine_Spitfire_Mk:scene polySurface48
usemtl Supermarine_Spitfire_Mk:Object_104SG
f 4482//4482 4485//4483 4484//4484
f 4482//4482 4483//4485 4485//4483
g default
v 712.670470 -24.509592 79.195205
v 712.767994 -31.128942 79.137363
v 713.600565 -24.712045 74.362441
v 713.698090 -30.841843 74.304600
vn 0.981854 0.013378 0.189165
vn 0.981897 0.013213 0.188953
vn 0.982000 0.012820 0.188446
vn 0.981734 0.013835 0.189754
s 1
g Piece4 Supermarine_Spitfire_Mk:GLTF_SceneRootNode Supermarine_Spitfire_Mk:root Supermarine_Spitfire_Mk:Sketchfab_model Supermarine_Spitfire_Mk:Meshes Supermarine_Spitfire_Mk:scene polySurface53
usemtl Supermarine_Spitfire_Mk:Object_104SG
f 4487//4486 4488//4487 4486//4488
f 4487//4486 4489//4489 4488//4487
g default
v 853.633516 -15.958636 106.427037
v 878.321449 -13.459905 111.334221
v 822.851088 -19.025975 100.476170
v 791.847875 -22.117940 94.468520
v 760.831456 -25.656525 88.455663
v 729.808604 -29.173774 82.441571
v 698.784509 -32.653341 76.427247
v 694.642312 -33.117035 75.624243
v 694.642312 -28.166547 75.624243
v 791.847537 -18.368771 94.468442
v 760.830553 -21.406535 88.455508
v 729.806346 -24.476905 82.441120
v 853.629678 -13.716023 106.426565
v 878.321449 -12.269113 111.334482
v 822.849508 -15.944654 100.475733
v 698.779091 -27.734163 76.426203
vn -0.190317 -0.000002 0.981723
vn -0.190317 -0.000001 0.981723
vn -0.190317 -0.000001 0.981723
vn -0.190280 0.000002 0.981730
vn -0.190317 -0.000002 0.981723
vn -0.190039 0.000045 0.981777
vn -0.190275 0.000003 0.981731
vn -0.191915 -0.000108 0.981412
vn -0.190015 0.000045 0.981781
vn -0.194940 -0.000213 0.980815
vn -0.192181 -0.000116 0.981360
vn -0.190316 -0.000000 0.981723
vn -0.190317 -0.000000 0.981723
vn -0.190316 -0.000000 0.981723
vn -0.190318 -0.000000 0.981723
vn -0.194939 -0.000223 0.980815
s 1
g Piece4 Supermarine_Spitfire_Mk:GLTF_SceneRootNode Supermarine_Spitfire_Mk:root Supermarine_Spitfire_Mk:Sketchfab_model Supermarine_Spitfire_Mk:Meshes Supermarine_Spitfire_Mk:scene polySurface42
usemtl Supermarine_Spitfire_Mk:Object_104SG
f 4494//4490 4501//4491 4495//4492
f 4493//4493 4500//4494 4494//4490
f 4492//4495 4499//4496 4493//4493
f 4490//4497 4504//4498 4492//4495
f 4491//4499 4502//4500 4490//4497
f 4495//4492 4505//4501 4496//4502
f 4496//4502 4498//4503 4497//4504
f 4494//4490 4500//4494 4501//4491
f 4493//4493 4499//4496 4500//4494
f 4492//4495 4504//4498 4499//4496
f 4490//4497 4502//4500 4504//4498
f 4491//4499 4503//4505 4502//4500
f 4495//4492 4501//4491 4505//4501
f 4496//4502 4505//4501 4498//4503
g default
v 516.884122 -75.536052 177.351908
v 516.592790 -75.519960 177.551218
v 516.593863 -75.561561 177.355745
v 516.432281 -75.073099 177.250926
v 516.681511 -74.885359 177.416656
v 516.682583 -74.926953 177.221198
v 516.955291 -75.027138 177.243998
v 517.043898 -75.256614 177.497644
v 517.044970 -75.298208 177.302172
v 516.391703 -75.313926 177.506279
v 516.392775 -75.355521 177.310807
v 516.431209 -75.031504 177.446399
v 516.883050 -75.494450 177.547380
v 516.954218 -74.985543 177.439471
v 516.955291 -75.027138 177.243998
v 516.954218 -74.985543 177.439471
vn 0.511796 -0.839720 0.181483
vn -0.352564 -0.915684 0.192930
vn -0.352564 -0.915684 0.192930
vn -0.833858 0.538947 -0.119238
vn -0.088365 0.974175 -0.207784
vn -0.088365 0.974175 -0.207784
vn 0.951437 0.302118 -0.059096
vn 0.990764 -0.131430 0.033376
vn 0.990763 -0.131430 0.033376
vn -0.951437 -0.302118 0.059096
vn -0.951437 -0.302118 0.059096
vn -0.833858 0.538947 -0.119238
vn 0.511796 -0.839720 0.181483
vn 0.352565 0.915683 -0.192930
vn 0.352565 0.915683 -0.192930
vn 0.951437 0.302118 -0.059096
s 1
g Piece4 Supermarine_Spitfire_Mk:GLTF_SceneRootNode Supermarine_Spitfire_Mk:root Supermarine_Spitfire_Mk:Sketchfab_model Supermarine_Spitfire_Mk:Meshes Supermarine_Spitfire_Mk:scene polySurface155
usemtl Supermarine_Spitfire_Mk:Object_101SG
f 4506//4506 4507//4507 4508//4508
f 4509//4509 4510//4510 4511//4511
f 4512//4512 4513//4513 4514//4514
f 4508//4508 4515//4515 4516//4516
f 4516//4516 4517//4517 4509//4509
f 4514//4514 4518//4518 4506//4506
f 4511//4511 4519//4519 4520//4520
f 4506//4506 4518//4518 4507//4507
f 4509//4509 4517//4517 4510//4510
f 4512//4512 4521//4521 4513//4513
f 4508//4508 4507//4507 4515//4515
f 4516//4516 4515//4515 4517//4517
f 4514//4514 4513//4513 4518//4518
f 4511//4511 4510//4510 4519//4519
g default
v 519.225840 -75.463458 175.520656
v 520.123879 -75.503755 176.526744
v 519.205354 -75.262921 176.470476
v 520.141657 -75.714212 175.579012
v 520.668673 -76.265948 176.691910
v 520.584637 -77.192868 176.888694
v 520.677760 -76.482260 175.745377
v 520.583283 -77.408221 175.941907
v 519.911221 -77.850806 177.025020
v 519.902417 -78.058850 176.076639
v 518.963461 -77.931893 177.037112
v 518.953867 -78.129687 176.086529
v 518.184845 -77.398189 176.919283
v 518.181289 -77.587587 175.966966
v 518.181289 -77.587587 175.966966
v 517.939679 -76.499431 176.726704
v 518.184845 -77.398189 176.919283
v 518.342701 -75.656144 176.549446
v 517.946339 -76.686219 175.773878
v 518.358843 -75.847334 175.597609
vn 0.074280 -0.974785 0.210420
vn -0.573946 -0.802223 0.164390
vn 0.086733 -0.974973 0.204709
vn -0.584063 -0.794044 0.168416
vn -0.966025 -0.254350 0.045843
vn -0.906060 0.412242 -0.095453
vn -0.969163 -0.241515 0.048919
vn -0.900810 0.424318 -0.092170
vn -0.422162 0.885653 -0.193386
vn -0.410936 0.891893 -0.188832
vn 0.259246 0.944420 -0.202144
vn 0.271244 0.942379 -0.195826
vn 0.578961 0.798177 -0.166485
vn 0.583480 0.796111 -0.160496
vn 0.967635 0.247883 -0.047299
vn 0.996159 -0.085105 0.020625
vn 0.966222 0.252051 -0.053716
vn 0.706829 -0.691744 0.147928
vn 0.994948 -0.096176 0.028788
vn 0.697869 -0.699191 0.155279
s 1
g Piece4 Supermarine_Spitfire_Mk:GLTF_SceneRootNode Supermarine_Spitfire_Mk:root Supermarine_Spitfire_Mk:Sketchfab_model Supermarine_Spitfire_Mk:Meshes Supermarine_Spitfire_Mk:scene polySurface144
usemtl Supermarine_Spitfire_Mk:Object_101SG
f 4522//4522 4523//4523 4524//4524
f 4525//4525 4526//4526 4523//4523
f 4527//4527 4528//4528 4529//4529
f 4530//4530 4529//4529 4531//4531
f 4532//4532 4531//4531 4533//4533
f 4534//4534 4533//4533 4535//4535
f 4536//4536 4537//4537 4538//4538
f 4539//4539 4540//4540 4541//4541
f 4541//4541 4524//4524 4539//4539
f 4522//4522 4525//4525 4523//4523
f 4525//4525 4528//4528 4526//4526
f 4527//4527 4526//4526 4528//4528
f 4530//4530 4527//4527 4529//4529
f 4532//4532 4530//4530 4531//4531
f 4534//4534 4532//4532 4533//4533
f 4536//4536 4540//4540 4537//4537
f 4539//4539 4537//4537 4540//4540
f 4541//4541 4522//4522 4524//4524
g default
v 518.035341 -75.946623 175.222311
v 517.589990 -75.241397 175.069802
v 518.929034 -75.207047 175.069802
v 517.636269 -76.943752 175.432316
v 517.219081 -78.220474 175.701722
v 517.154177 -75.690113 175.162910
v 517.164788 -78.440638 175.748269
v 517.677356 -78.646255 175.794816
v 517.005294 -78.604879 175.782344
v 518.085966 -77.919117 175.642321
v 516.920920 -75.317172 175.082275
v 517.088710 -75.473018 175.116349
v 516.783268 -78.669190 175.794816
v 516.695902 -75.264325 175.069802
vn 0.005339 -0.208133 -0.978086
vn 0.005339 -0.208133 -0.978086
vn 0.005339 -0.208133 -0.978086
vn 0.005339 -0.208133 -0.978086
vn 0.005339 -0.208133 -0.978086
vn 0.005339 -0.208133 -0.978086
vn 0.005339 -0.208133 -0.978086
vn 0.005339 -0.208133 -0.978086
vn 0.005339 -0.208133 -0.978086
vn 0.005338 -0.208133 -0.978086
vn 0.005339 -0.208133 -0.978086
vn 0.005339 -0.208133 -0.978086
vn 0.005339 -0.208133 -0.978086
vn 0.005339 -0.208133 -0.978086
s 1
g Piece4 Supermarine_Spitfire_Mk:GLTF_SceneRootNode Supermarine_Spitfire_Mk:root Supermarine_Spitfire_Mk:Sketchfab_model Supermarine_Spitfire_Mk:Meshes Supermarine_Spitfire_Mk:scene polySurface159
usemtl Supermarine_Spitfire_Mk:Object_101SG
f 4542//4542 4543//4543 4544//4544
f 4545//4545 4546//4546 4547//4547
f 4542//4542 4545//4545 4543//4543
f 4548//4548 4549//4549 4550//4550
f 4551//4551 4549//4549 4545//4545
f 4552//4552 4543//4543 4553//4553
f 4549//4549 4548//4548 4546//4546
f 4550//4550 4549//4549 4554//4554
f 4543//4543 4552//4552 4555//4555
f 4553//4553 4543//4543 4547//4547
f 4547//4547 4543//4543 4545//4545
f 4545//4545 4549//4549 4546//4546
g default
v 515.424640 -78.639863 177.168442
v 515.331292 -75.000513 175.400866
v 515.429833 -78.841932 176.218848
v 515.326100 -74.798445 176.350461
vn -0.999671 -0.025642 0.000000
vn -0.999671 -0.025642 0.000000
vn -0.999671 -0.025642 0.000000
vn -0.999671 -0.025642 0.000000
s 1
g Piece4 Supermarine_Spitfire_Mk:GLTF_SceneRootNode Supermarine_Spitfire_Mk:root Supermarine_Spitfire_Mk:Sketchfab_model Supermarine_Spitfire_Mk:Meshes Supermarine_Spitfire_Mk:scene polySurface140
usemtl Supermarine_Spitfire_Mk:Object_101SG
f 4556//4556 4557//4557 4558//4558
f 4556//4556 4559//4559 4557//4557
g default
v 517.108971 -77.675115 178.012639
v 516.954726 -77.433477 177.960378
v 516.490299 -77.885396 178.054022
v 516.665313 -77.400990 177.951884
v 516.458581 -77.602113 177.993563
v 516.736538 -78.037524 178.087730
v 517.011841 -77.943943 178.069317
vn -0.005339 0.208133 0.978086
vn -0.005339 0.208133 0.978086
vn -0.005339 0.208133 0.978086
vn -0.005339 0.208133 0.978086
vn -0.005339 0.208133 0.978086
vn -0.005339 0.208133 0.978086
vn -0.005339 0.208133 0.978086
s 1
g Piece4 Supermarine_Spitfire_Mk:GLTF_SceneRootNode Supermarine_Spitfire_Mk:root Supermarine_Spitfire_Mk:Sketchfab_model Supermarine_Spitfire_Mk:Meshes Supermarine_Spitfire_Mk:scene polySurface156
usemtl Supermarine_Spitfire_Mk:Object_101SG
f 4560//4560 4561//4561 4562//4562
f 4563//4563 4564//4564 4561//4561
f 4564//4564 4562//4562 4561//4561
f 4562//4562 4565//4565 4566//4566
f 4566//4566 4560//4560 4562//4562
g default
v 518.028117 -75.664215 176.549446
v 517.629045 -76.661344 176.759452
v 514.291933 -75.043385 176.396951
v 518.921810 -74.924632 176.396951
v 514.335616 -76.745824 176.759452
v 518.078742 -77.636709 176.969457
v 514.379299 -78.448257 177.121966
v 517.223032 -78.375311 177.121966
v 519.009119 -78.329498 177.121966
vn 0.005339 -0.208133 -0.978086
vn 0.005339 -0.208133 -0.978086
vn 0.005339 -0.208133 -0.978086
vn 0.005339 -0.208133 -0.978086
vn 0.005339 -0.208133 -0.978086
vn 0.005339 -0.208133 -0.978086
vn 0.005339 -0.208133 -0.978086
vn 0.005339 -0.208133 -0.978086
vn 0.005339 -0.208133 -0.978086
s 1
g Piece4 Supermarine_Spitfire_Mk:GLTF_SceneRootNode Supermarine_Spitfire_Mk:root Supermarine_Spitfire_Mk:Sketchfab_model Supermarine_Spitfire_Mk:Meshes Supermarine_Spitfire_Mk:scene polySurface145
usemtl Supermarine_Spitfire_Mk:Object_101SG
f 4567//4567 4568//4568 4569//4569
f 4567//4567 4569//4569 4570//4570
f 4571//4571 4569//4569 4568//4568
f 4572//4572 4573//4573 4568//4568
f 4572//4572 4574//4574 4573//4573
f 4571//4571 4568//4568 4573//4573
f 4572//4572 4575//4575 4574//4574
g default
v 517.668044 -78.283501 177.499521
v 519.009119 -78.329498 177.121966
v 519.007087 -78.249152 177.499521
v 514.379299 -78.448257 177.121966
v 516.773956 -78.306436 177.499521
v 514.374671 -78.267727 177.970325
v 517.223032 -78.375311 177.121966
vn 0.025080 -0.977764 0.208202
vn 0.025080 -0.977764 0.208202
vn 0.025080 -0.977764 0.208202
vn 0.025080 -0.977764 0.208202
vn 0.025080 -0.977764 0.208201
vn 0.025080 -0.977764 0.208202
vn 0.025080 -0.977764 0.208201
s 1
g Piece4 Supermarine_Spitfire_Mk:GLTF_SceneRootNode Supermarine_Spitfire_Mk:root Supermarine_Spitfire_Mk:Sketchfab_model Supermarine_Spitfire_Mk:Meshes Supermarine_Spitfire_Mk:scene polySurface147
usemtl Supermarine_Spitfire_Mk:Object_101SG
f 4576//4576 4577//4577 4578//4578
f 4579//4579 4580//4580 4581//4581
f 4576//4576 4580//4580 4582//4582
f 4576//4576 4582//4582 4577//4577
f 4579//4579 4582//4582 4580//4580
g default
v 518.026029 -75.583876 176.927001
v 518.919722 -74.844293 176.774492
v 517.580734 -74.878643 176.774492
v 517.209769 -77.857720 177.406412
v 517.668044 -78.283501 177.499521
v 517.627013 -76.580998 177.137006
v 517.155532 -78.077884 177.452959
v 516.995982 -78.242125 177.487034
v 518.076654 -77.556363 177.347012
v 516.911608 -74.954417 176.786965
v 517.079397 -75.110263 176.821053
v 516.773956 -78.306436 177.499521
v 516.686647 -74.901578 176.774492
v 517.144865 -75.327359 176.867601
vn -0.005339 0.208133 0.978086
vn -0.005339 0.208133 0.978086
vn -0.005339 0.208133 0.978086
vn -0.005339 0.208133 0.978086
vn -0.005339 0.208133 0.978086
vn -0.005339 0.208133 0.978086
vn -0.005339 0.208133 0.978086
vn -0.005339 0.208133 0.978086
vn -0.005339 0.208133 0.978086
vn -0.005339 0.208133 0.978086
vn -0.005339 0.208133 0.978086
vn -0.005339 0.208133 0.978086
vn -0.005339 0.208133 0.978086
vn -0.005339 0.208133 0.978086
s 1
g Piece4 Supermarine_Spitfire_Mk:GLTF_SceneRootNode Supermarine_Spitfire_Mk:root Supermarine_Spitfire_Mk:Sketchfab_model Supermarine_Spitfire_Mk:Meshes Supermarine_Spitfire_Mk:scene polySurface146
usemtl Supermarine_Spitfire_Mk:Object_101SG
f 4583//4583 4584//4584 4585//4585
f 4586//4586 4587//4587 4588//4588
f 4583//4583 4585//4585 4588//4588
f 4589//4589 4590//4590 4587//4587
f 4591//4591 4588//4588 4587//4587
f 4592//4592 4593//4593 4585//4585
f 4587//4587 4586//4586 4589//4589
f 4590//4590 4594//4594 4587//4587
f 4585//4585 4595//4595 4592//4592
f 4593//4593 4596//4596 4585//4585
f 4588//4588 4585//4585 4596//4596
f 4596//4596 4586//4586 4588//4588
g default
v 517.946339 -76.686219 175.773878
v 515.429720 -78.841939 176.218862
v 515.331179 -75.000513 175.400880
v 520.583283 -77.408221 175.941907
v 521.508129 -76.760936 175.809208
v 521.270244 -77.732682 176.014698
v 520.570641 -78.452991 176.164160
v 519.902417 -78.058850 176.076639
v 519.596919 -78.735046 176.218862
v 518.953867 -78.129687 176.086529
v 520.677760 -76.482260 175.745377
v 521.220917 -75.808872 175.605044
v 520.141657 -75.714212 175.579012
v 520.485250 -75.125396 175.455597
v 519.225840 -75.463458 175.520656
v 519.498379 -74.893620 175.400880
v 518.181289 -77.587587 175.966966
v 518.358843 -75.847334 175.597609
vn 0.005339 -0.208133 -0.978086
vn 0.005339 -0.208133 -0.978086
vn 0.005339 -0.208133 -0.978086
vn 0.005339 -0.208133 -0.978086
vn 0.005339 -0.208133 -0.978086
vn 0.005339 -0.208133 -0.978086
vn 0.005339 -0.208133 -0.978086
vn 0.005339 -0.208133 -0.978086
vn 0.005339 -0.208133 -0.978086
vn 0.005339 -0.208133 -0.978086
vn 0.005339 -0.208133 -0.978086
vn 0.005339 -0.208133 -0.978086
vn 0.005339 -0.208133 -0.978086
vn 0.005339 -0.208133 -0.978086
vn 0.005339 -0.208133 -0.978086
vn 0.005339 -0.208133 -0.978086
vn 0.005339 -0.208133 -0.978086
vn 0.005339 -0.208133 -0.978086
s 1
g Piece4 Supermarine_Spitfire_Mk:GLTF_SceneRootNode Supermarine_Spitfire_Mk:root Supermarine_Spitfire_Mk:Sketchfab_model Supermarine_Spitfire_Mk:Meshes Supermarine_Spitfire_Mk:scene polySurface142
usemtl Supermarine_Spitfire_Mk:Object_101SG
f 4597//4597 4598//4598 4599//4599
f 4600//4600 4601//4601 4602//4602
f 4600//4600 4603//4603 4604//4604
f 4604//4604 4605//4605 4606//4606
f 4607//4607 4608//4608 4601//4601
f 4609//4609 4610//4610 4608//4608
f 4611//4611 4612//4612 4610//4610
f 4606//4606 4598//4598 4613//4613
f 4614//4614 4599//4599 4612//4612
f 4606//4606 4605//4605 4598//4598
f 4614//4614 4597//4597 4599//4599
f 4597//4597 4613//4613 4598//4598
f 4600//4600 4607//4607 4601//4601
f 4600//4600 4602//4602 4603//4603
f 4604//4604 4603//4603 4605//4605
f 4607//4607 4609//4609 4608//4608
f 4609//4609 4611//4611 4610//4610
f 4611//4611 4614//4614 4612//4612
g default
v 517.125056 -78.300743 175.072638
v 517.027926 -78.569570 175.129316
v 516.752566 -78.663151 175.147729
v 516.506328 -78.511023 175.114007
v 516.474666 -78.227740 175.053548
v 516.681341 -78.026617 175.011883
v 516.970755 -78.059104 175.020377
vn 0.005339 -0.208133 -0.978086
vn 0.005339 -0.208133 -0.978086
vn 0.005339 -0.208133 -0.978086
vn 0.005338 -0.208133 -0.978086
vn 0.005339 -0.208133 -0.978086
vn 0.005339 -0.208133 -0.978086
vn 0.005339 -0.208133 -0.978086
s 1
g Piece4 Supermarine_Spitfire_Mk:GLTF_SceneRootNode Supermarine_Spitfire_Mk:root Supermarine_Spitfire_Mk:Sketchfab_model Supermarine_Spitfire_Mk:Meshes Supermarine_Spitfire_Mk:scene polySurface168
usemtl Supermarine_Spitfire_Mk:Object_101SG
f 4615//4615 4616//4616 4617//4617
f 4618//4618 4619//4619 4617//4617
f 4619//4619 4620//4620 4617//4617
f 4620//4620 4621//4621 4617//4617
f 4621//4621 4615//4615 4617//4617
g default
v 515.429720 -78.841939 176.218862
v 519.591727 -78.532970 177.168442
v 515.424528 -78.639863 177.168442
v 515.325987 -74.798452 176.350461
v 519.498379 -74.893620 175.400880
v 515.331179 -75.000513 175.400880
v 521.503163 -76.565082 176.760115
v 521.270244 -77.732682 176.014698
v 521.508129 -76.760936 175.809208
v 521.265052 -77.530620 176.964279
v 520.570641 -78.452991 176.164160
v 519.596919 -78.735046 176.218862
v 521.215725 -75.606810 176.554625
v 521.220917 -75.808872 175.605044
v 520.480115 -74.923327 176.405177
v 520.485250 -75.125396 175.455597
v 519.493243 -74.691558 176.350461
v 520.565448 -78.250922 177.113740
vn 0.025080 -0.977764 0.208202
vn 0.075992 -0.975187 0.207931
vn 0.025080 -0.977764 0.208202
vn -0.025080 0.977764 -0.208202
vn 0.025897 0.977801 -0.207931
vn -0.025080 0.977764 -0.208202
vn 0.999695 0.024680 0.000631
vn 0.878659 -0.466088 0.103543
vn 0.999646 0.026605 -0.000631
vn 0.878281 -0.466675 0.104101
vn 0.521556 -0.833947 0.180308
vn 0.075992 -0.975187 0.207931
vn 0.853607 0.510522 -0.103543
vn 0.853200 0.511089 -0.104101
vn 0.478116 0.859590 -0.180308
vn 0.478116 0.859590 -0.180308
vn 0.025897 0.977801 -0.207931
vn 0.521556 -0.833947 0.180308
s 1
g Piece4 Supermarine_Spitfire_Mk:GLTF_SceneRootNode Supermarine_Spitfire_Mk:root Supermarine_Spitfire_Mk:Sketchfab_model Supermarine_Spitfire_Mk:Meshes Supermarine_Spitfire_Mk:scene polySurface141
usemtl Supermarine_Spitfire_Mk:Object_101SG
f 4622//4622 4623//4623 4624//4624
f 4625//4625 4626//4626 4627//4627
f 4628//4628 4629//4629 4630//4630
f 4631//4631 4632//4632 4629//4629
f 4632//4632 4623//4623 4633//4633
f 4630//4630 4634//4634 4628//4628
f 4635//4635 4636//4636 4634//4634
f 4637//4637 4638//4638 4636//4636
f 4622//4622 4633//4633 4623//4623
f 4625//4625 4638//4638 4626//4626
f 4628//4628 4631//4631 4629//4629
f 4631//4631 4639//4639 4632//4632
f 4632//4632 4639//4639 4623//4623
f 4630//4630 4635//4635 4634//4634
f 4635//4635 4637//4637 4636//4636
f 4637//4637 4626//4626 4638//4638
g default
v 518.035341 -75.946623 175.222311
v 518.927002 -75.126708 175.447371
v 518.033309 -75.866283 175.599866
v 517.636269 -76.943752 175.432316
v 517.634238 -76.863413 175.809871
v 519.016400 -78.611906 175.794816
v 518.083878 -77.838778 176.019876
v 519.014311 -78.531566 176.172385
v 518.085966 -77.919117 175.642321
v 518.929034 -75.207047 175.069802
vn 0.808187 -0.575115 0.126794
vn 0.645403 -0.746390 0.162352
vn 0.808187 -0.575115 0.126794
vn 0.999671 0.025642 -0.000000
vn 0.999671 0.025642 -0.000000
vn 0.606288 0.778496 -0.162352
vn 0.777639 0.615793 -0.126794
vn 0.606288 0.778496 -0.162352
vn 0.777639 0.615793 -0.126794
vn 0.645403 -0.746390 0.162352
s 1
g Piece4 Supermarine_Spitfire_Mk:GLTF_SceneRootNode Supermarine_Spitfire_Mk:root Supermarine_Spitfire_Mk:Sketchfab_model Supermarine_Spitfire_Mk:Meshes Supermarine_Spitfire_Mk:scene polySurface163
usemtl Supermarine_Spitfire_Mk:Object_101SG
f 4640//4640 4641//4641 4642//4642
f 4643//4643 4642//4642 4644//4644
f 4645//4645 4646//4646 4647//4647
f 4648//4648 4644//4644 4646//4646
f 4640//4640 4649//4649 4641//4641
f 4643//4643 4640//4640 4642//4642
f 4645//4645 4648//4648 4646//4646
f 4648//4648 4643//4643 4644//4644
g default
v 514.301867 -75.425984 174.598998
v 514.340922 -76.947886 175.809857
v 514.297239 -75.245453 175.447343
v 514.345549 -77.128416 174.961498
v 514.384548 -78.650319 176.172371
v 514.389176 -78.830849 175.324012
vn -0.999671 -0.025642 0.000000
vn -0.999671 -0.025642 0.000000
vn -0.999671 -0.025642 0.000000
vn -0.999671 -0.025642 0.000000
vn -0.999671 -0.025642 0.000000
vn -0.999671 -0.025642 0.000000
s 1
g Piece4 Supermarine_Spitfire_Mk:GLTF_SceneRootNode Supermarine_Spitfire_Mk:root Supermarine_Spitfire_Mk:Sketchfab_model Supermarine_Spitfire_Mk:Meshes Supermarine_Spitfire_Mk:scene polySurface162
usemtl Supermarine_Spitfire_Mk:Object_101SG
f 4650//4650 4651//4651 4652//4652
f 4653//4653 4654//4654 4651//4651
f 4650//4650 4653//4653 4651//4651
f 4653//4653 4655//4655 4654//4654
g default
v 514.331101 -76.565287 177.607811
v 516.684163 -74.801379 177.245297
v 514.287418 -74.862854 177.245297
v 516.993499 -78.141927 177.957852
v 517.153049 -77.977693 177.923764
v 517.207342 -77.757522 177.877217
v 517.142438 -75.227167 177.338405
v 517.076914 -75.010072 177.291858
v 516.909181 -74.854226 177.257783
v 514.374784 -78.267720 177.970325
v 516.771529 -78.206245 177.970325
vn -0.005339 0.208133 0.978086
vn -0.005339 0.208133 0.978086
vn -0.005339 0.208133 0.978086
vn -0.005339 0.208133 0.978086
vn -0.005339 0.208133 0.978086
vn -0.005339 0.208133 0.978086
vn -0.005339 0.208133 0.978086
vn -0.005339 0.208133 0.978086
vn -0.005338 0.208133 0.978086
vn -0.005339 0.208133 0.978086
vn -0.005339 0.208133 0.978086
s 1
g Piece4 Supermarine_Spitfire_Mk:GLTF_SceneRootNode Supermarine_Spitfire_Mk:root Supermarine_Spitfire_Mk:Sketchfab_model Supermarine_Spitfire_Mk:Meshes Supermarine_Spitfire_Mk:scene polySurface149
usemtl Supermarine_Spitfire_Mk:Object_101SG
f 4656//4656 4657//4657 4658//4658
f 4659//4659 4660//4660 4661//4661
f 4662//4662 4663//4663 4656//4656
f 4663//4663 4664//4664 4656//4656
f 4664//4664 4657//4657 4656//4656
f 4662//4662 4656//4656 4661//4661
f 4656//4656 4665//4665 4666//4666
f 4661//4661 4656//4656 4666//4666
f 4666//4666 4659//4659 4661//4661
g default
v 516.737723 -78.079111 177.892271
v 516.490412 -77.885396 178.054022
v 516.491485 -77.926990 177.858550
v 516.666442 -77.442585 177.756426
v 516.954839 -77.433477 177.960378
v 516.955911 -77.475072 177.764920
v 517.110156 -77.716703 177.817181
v 517.011954 -77.943936 178.069317
v 517.013026 -77.985530 177.873859
v 516.458694 -77.602113 177.993563
v 516.459767 -77.643708 177.798091
v 516.665426 -77.400990 177.951884
v 516.736650 -78.037517 178.087730
v 516.955911 -77.475072 177.764920
v 517.109084 -77.675108 178.012639
v 516.954839 -77.433477 177.960378
vn -0.115116 -0.971725 0.206151
vn -0.848394 -0.518695 0.105746
vn -0.848394 -0.518695 0.105746
vn -0.327280 0.923868 -0.198382
vn 0.115120 0.971725 -0.206151
vn 0.115120 0.971725 -0.206151
vn 0.994048 0.107534 -0.017457
vn 0.704852 -0.693026 0.151321
vn 0.704852 -0.693026 0.151321
vn -0.942818 0.324924 -0.074289
vn -0.942818 0.324924 -0.074289
vn -0.327280 0.923868 -0.198382
vn -0.115116 -0.971725 0.206151
vn 0.848394 0.518697 -0.105746
vn 0.994048 0.107534 -0.017457
vn 0.848394 0.518697 -0.105746
s 1
g Piece4 Supermarine_Spitfire_Mk:GLTF_SceneRootNode Supermarine_Spitfire_Mk:root Supermarine_Spitfire_Mk:Sketchfab_model Supermarine_Spitfire_Mk:Meshes Supermarine_Spitfire_Mk:scene polySurface157
usemtl Supermarine_Spitfire_Mk:Object_101SG
f 4667//4667 4668//4668 4669//4669
f 4670//4670 4671//4671 4672//4672
f 4673//4673 4674//4674 4675//4675
f 4669//4669 4676//4676 4677//4677
f 4677//4677 4678//4678 4670//4670
f 4675//4675 4679//4679 4667//4667
f 4680//4680 4681//4681 4673//4673
f 4667//4667 4679//4679 4668//4668
f 4670//4670 4678//4678 4671//4671
f 4673//4673 4681//4681 4674//4674
f 4669//4669 4668//4668 4676//4676
f 4677//4677 4676//4676 4678//4678
f 4675//4675 4674//4674 4679//4679
f 4680//4680 4682//4682 4681//4681
g default
v 517.043785 -75.256614 177.497644
v 516.954105 -74.985543 177.439471
v 516.681398 -74.885359 177.416656
v 516.431096 -75.031504 177.446399
v 516.391590 -75.313933 177.506279
v 516.592678 -75.519967 177.551218
v 516.882937 -75.494457 177.547380
vn -0.005339 0.208133 0.978086
vn -0.005339 0.208133 0.978086
vn -0.005339 0.208133 0.978086
vn -0.005338 0.208133 0.978086
vn -0.005338 0.208133 0.978086
vn -0.005339 0.208133 0.978086
vn -0.005339 0.208133 0.978086
s 1
g Piece4 Supermarine_Spitfire_Mk:GLTF_SceneRootNode Supermarine_Spitfire_Mk:root Supermarine_Spitfire_Mk:Sketchfab_model Supermarine_Spitfire_Mk:Meshes Supermarine_Spitfire_Mk:scene polySurface154
usemtl Supermarine_Spitfire_Mk:Object_101SG
f 4683//4683 4684//4684 4685//4685
f 4686//4686 4687//4687 4685//4685
f 4687//4687 4688//4688 4685//4685
f 4688//4688 4689//4689 4685//4685
f 4689//4689 4683//4683 4685//4685
g default
v 514.345549 -77.128416 174.961498
v 514.301867 -75.425984 174.598998
v 516.698611 -75.364502 174.598998
v 517.167497 -78.540815 175.277465
v 517.007947 -78.705063 175.311539
v 516.785977 -78.769374 175.324012
v 517.156886 -75.790290 174.692106
v 517.091362 -75.573202 174.645545
v 516.923629 -75.417356 174.611471
v 514.389176 -78.830849 175.324012
v 517.221790 -78.320651 175.230904
vn 0.005339 -0.208133 -0.978086
vn 0.005339 -0.208133 -0.978086
vn 0.005339 -0.208133 -0.978086
vn 0.005339 -0.208133 -0.978086
vn 0.005339 -0.208133 -0.978086
vn 0.005339 -0.208133 -0.978086
vn 0.005339 -0.208133 -0.978086
vn 0.005339 -0.208133 -0.978086
vn 0.005339 -0.208133 -0.978086
vn 0.005339 -0.208133 -0.978086
vn 0.005339 -0.208133 -0.978086
s 1
g Piece4 Supermarine_Spitfire_Mk:GLTF_SceneRootNode Supermarine_Spitfire_Mk:root Supermarine_Spitfire_Mk:Sketchfab_model Supermarine_Spitfire_Mk:Meshes Supermarine_Spitfire_Mk:scene polySurface161
usemtl Supermarine_Spitfire_Mk:Object_101SG
f 4690//4690 4691//4691 4692//4692
f 4693//4693 4694//4694 4695//4695
f 4696//4696 4690//4690 4697//4697
f 4697//4697 4690//4690 4698//4698
f 4698//4698 4690//4690 4692//4692
f 4699//4699 4690//4690 4695//4695
f 4690//4690 4696//4696 4700//4700
f 4695//4695 4690//4690 4700//4700
f 4700//4700 4693//4693 4695//4695
g default
v 516.447124 -75.657132 174.506383
v 516.970134 -75.611170 174.499456
v 516.898966 -76.120077 174.607365
v 516.608706 -76.145594 174.611217
v 516.407674 -75.939561 174.566278
v 516.697483 -75.510986 174.476655
v 517.059813 -75.882241 174.557629
vn 0.005339 -0.208133 -0.978086
vn 0.005339 -0.208133 -0.978086
vn 0.005339 -0.208133 -0.978086
vn 0.005339 -0.208133 -0.978086
vn 0.005339 -0.208133 -0.978086
vn 0.005339 -0.208133 -0.978086
vn 0.005339 -0.208133 -0.978086
s 1
g Piece4 Supermarine_Spitfire_Mk:GLTF_SceneRootNode Supermarine_Spitfire_Mk:root Supermarine_Spitfire_Mk:Sketchfab_model Supermarine_Spitfire_Mk:Meshes Supermarine_Spitfire_Mk:scene polySurface166
usemtl Supermarine_Spitfire_Mk:Object_101SG
f 4701//4701 4702//4702 4703//4703
f 4704//4704 4705//4705 4703//4703
f 4705//4705 4701//4701 4703//4703
f 4701//4701 4706//4706 4702//4702
f 4702//4702 4707//4707 4703//4703
g default
v 517.144865 -75.327359 176.867601
v 517.207229 -77.757529 177.877217
v 517.209769 -77.857720 177.406412
v 514.374671 -78.267727 177.970325
v 516.773956 -78.306436 177.499521
v 516.771416 -78.206245 177.970325
v 516.686647 -74.901578 176.774492
v 514.287306 -74.862868 177.245297
v 516.684050 -74.801386 177.245297
v 516.911608 -74.954417 176.786965
v 516.909068 -74.854233 177.257783
v 517.079397 -75.110263 176.821053
v 517.076801 -75.010079 177.291858
v 517.155532 -78.077884 177.452959
v 517.152936 -77.977693 177.923764
v 516.995982 -78.242125 177.487034
v 516.993386 -78.141941 177.957852
v 517.142325 -75.227167 177.338405
vn 0.998910 0.046468 -0.004436
vn 0.999979 0.004805 0.004436
vn 0.999979 0.004805 0.004436
vn 0.025080 -0.977764 0.208202
vn 0.050894 -0.976776 0.208132
vn 0.047918 -0.976923 0.208148
vn 0.000750 0.978100 -0.208132
vn -0.025080 0.977764 -0.208202
vn -0.002229 0.978095 -0.208147
vn 0.478114 0.859590 -0.180308
vn 0.478114 0.859591 -0.180308
vn 0.853201 0.511089 -0.104101
vn 0.853200 0.511089 -0.104101
vn 0.878281 -0.466675 0.104101
vn 0.878281 -0.466675 0.104101
vn 0.521555 -0.833948 0.180308
vn 0.521555 -0.833948 0.180308
vn 0.998910 0.046468 -0.004436
s 1
g Piece4 Supermarine_Spitfire_Mk:GLTF_SceneRootNode Supermarine_Spitfire_Mk:root Supermarine_Spitfire_Mk:Sketchfab_model Supermarine_Spitfire_Mk:Meshes Supermarine_Spitfire_Mk:scene polySurface152
usemtl Supermarine_Spitfire_Mk:Object_101SG
f 4708//4708 4709//4709 4710//4710
f 4711//4711 4712//4712 4713//4713
f 4714//4714 4715//4715 4716//4716
f 4716//4716 4717//4717 4714//4714
f 4718//4718 4719//4719 4717//4717
f 4720//4720 4708//4708 4719//4719
f 4709//4709 4721//4721 4710//4710
f 4722//4722 4723//4723 4721//4721
f 4724//4724 4712//4712 4723//4723
f 4708//4708 4725//4725 4709//4709
f 4716//4716 4718//4718 4717//4717
f 4718//4718 4720//4720 4719//4719
f 4720//4720 4725//4725 4708//4708
f 4709//4709 4722//4722 4721//4721
f 4722//4722 4724//4724 4723//4723
f 4724//4724 4713//4713 4712//4712
g default
v 518.076654 -77.556363 177.347012
v 517.668044 -78.283501 177.499507
v 519.007087 -78.249152 177.499507
vn -0.005339 0.208133 0.978086
vn -0.005339 0.208133 0.978086
vn -0.005339 0.208133 0.978086
s off
g Piece4 Supermarine_Spitfire_Mk:GLTF_SceneRootNode Supermarine_Spitfire_Mk:root Supermarine_Spitfire_Mk:Sketchfab_model Supermarine_Spitfire_Mk:Meshes Supermarine_Spitfire_Mk:scene polySurface148
usemtl Supermarine_Spitfire_Mk:Object_101SG
f 4726//4726 4727//4727 4728//4728
g default
v 517.221677 -78.320658 175.230904
v 517.154177 -75.690113 175.162910
v 517.219081 -78.220474 175.701722
v 514.389063 -78.830849 175.324012
v 516.785864 -78.769374 175.324012
v 516.783268 -78.669190 175.794816
v 516.695902 -75.264325 175.069802
v 516.698498 -75.364516 174.598998
v 514.301754 -75.425991 174.598998
v 516.920920 -75.317172 175.082275
v 517.088710 -75.473018 175.116349
v 516.923516 -75.417356 174.611471
v 517.091249 -75.573202 174.645545
v 517.164788 -78.440638 175.748269
v 517.005294 -78.604879 175.782344
v 517.167384 -78.540822 175.277465
v 517.007834 -78.705063 175.311539
v 517.156774 -75.790297 174.692106
vn 0.999979 0.004805 0.004436
vn 0.998910 0.046468 -0.004436
vn 0.999979 0.004805 0.004436
vn 0.025080 -0.977764 0.208202
vn 0.047918 -0.976923 0.208147
vn 0.050894 -0.976776 0.208132
vn 0.000750 0.978100 -0.208132
vn -0.002229 0.978095 -0.208147
vn -0.025080 0.977764 -0.208202
vn 0.478114 0.859590 -0.180308
vn 0.853200 0.511089 -0.104101
vn 0.478114 0.859590 -0.180308
vn 0.853201 0.511089 -0.104101
vn 0.878281 -0.466675 0.104101
vn 0.521555 -0.833948 0.180308
vn 0.878281 -0.466675 0.104101
vn 0.521555 -0.833948 0.180308
vn 0.998910 0.046468 -0.004436
s 1
g Piece4 Supermarine_Spitfire_Mk:GLTF_SceneRootNode Supermarine_Spitfire_Mk:root Supermarine_Spitfire_Mk:Sketchfab_model Supermarine_Spitfire_Mk:Meshes Supermarine_Spitfire_Mk:scene polySurface164
usemtl Supermarine_Spitfire_Mk:Object_101SG
f 4729//4729 4730//4730 4731//4731
f 4732//4732 4733//4733 4734//4734
f 4735//4735 4736//4736 4737//4737
f 4738//4738 4736//4736 4735//4735
f 4739//4739 4740//4740 4738//4738
f 4730//4730 4741//4741 4739//4739
f 4742//4742 4729//4729 4731//4731
f 4743//4743 4744//4744 4742//4742
f 4734//4734 4745//4745 4743//4743
f 4729//4729 4746//4746 4730//4730
f 4738//4738 4740//4740 4736//4736
f 4739//4739 4741//4741 4740//4740
f 4730//4730 4746//4746 4741//4741
f 4742//4742 4744//4744 4729//4729
f 4743//4743 4745//4745 4744//4744
f 4734//4734 4733//4733 4745//4745
g default
v 518.085966 -77.919117 175.642321
v 519.016400 -78.611906 175.794816
v 517.677356 -78.646255 175.794816
vn 0.005339 -0.208133 -0.978086
vn 0.005339 -0.208133 -0.978086
vn 0.005339 -0.208133 -0.978086
s off
g Piece4 Supermarine_Spitfire_Mk:GLTF_SceneRootNode Supermarine_Spitfire_Mk:root Supermarine_Spitfire_Mk:Sketchfab_model Supermarine_Spitfire_Mk:Meshes Supermarine_Spitfire_Mk:scene polySurface200
usemtl Supermarine_Spitfire_Mk:Object_101SG
f 4747//4747 4748//4748 4749//4749
g default
v 514.335729 -76.745817 176.759452
v 514.287418 -74.862854 177.245297
v 514.292046 -75.043385 176.396951
v 514.379412 -78.448250 177.121966
v 514.331101 -76.565287 177.607811
v 514.374784 -78.267720 177.970325
vn -0.999671 -0.025642 0.000000
vn -0.999671 -0.025642 0.000000
vn -0.999671 -0.025642 0.000000
vn -0.999671 -0.025642 0.000000
vn -0.999671 -0.025642 0.000000
vn -0.999671 -0.025642 0.000000
s 1
g Piece4 Supermarine_Spitfire_Mk:GLTF_SceneRootNode Supermarine_Spitfire_Mk:root Supermarine_Spitfire_Mk:Sketchfab_model Supermarine_Spitfire_Mk:Meshes Supermarine_Spitfire_Mk:scene polySurface150
usemtl Supermarine_Spitfire_Mk:Object_101SG
f 4750//4750 4751//4751 4752//4752
f 4753//4753 4754//4754 4750//4750
f 4750//4750 4754//4754 4751//4751
f 4753//4753 4755//4755 4754//4754
g default
v 516.608819 -76.145587 174.611217
v 516.898063 -76.078482 174.802851
v 516.607746 -76.103992 174.806689
v 516.697595 -75.510979 174.476655
v 516.446165 -75.615530 174.701870
v 516.696523 -75.469384 174.672141
v 517.059926 -75.882234 174.557629
v 516.969174 -75.569561 174.694942
v 517.058910 -75.840639 174.753115
v 516.407787 -75.939554 174.566264
v 516.406715 -75.897959 174.761750
v 516.447237 -75.657125 174.506383
v 516.899078 -76.120077 174.607365
v 516.970247 -75.611170 174.499456
v 516.969174 -75.569561 174.694942
v 516.970247 -75.611170 174.499456
vn -0.352564 -0.915684 0.192930
vn 0.511796 -0.839719 0.181483
vn -0.352564 -0.915684 0.192930
vn -0.088366 0.974175 -0.207784
vn -0.833858 0.538947 -0.119238
vn -0.088366 0.974175 -0.207784
vn 0.990763 -0.131430 0.033376
vn 0.951437 0.302118 -0.059096
vn 0.990763 -0.131430 0.033376
vn -0.951437 -0.302118 0.059096
vn -0.951437 -0.302118 0.059096
vn -0.833858 0.538947 -0.119238
vn 0.511796 -0.839720 0.181483
vn 0.352565 0.915683 -0.192930
vn 0.352566 0.915683 -0.192930
vn 0.951437 0.302118 -0.059096
s 1
g Piece4 Supermarine_Spitfire_Mk:GLTF_SceneRootNode Supermarine_Spitfire_Mk:root Supermarine_Spitfire_Mk:Sketchfab_model Supermarine_Spitfire_Mk:Meshes Supermarine_Spitfire_Mk:scene polySurface167
usemtl Supermarine_Spitfire_Mk:Object_101SG
f 4756//4756 4757//4757 4758//4758
f 4759//4759 4760//4760 4761//4761
f 4762//4762 4763//4763 4764//4764
f 4765//4765 4758//4758 4766//4766
f 4767//4767 4766//4766 4760//4760
f 4768//4768 4764//4764 4757//4757
f 4769//4769 4761//4761 4770//4770
f 4756//4756 4768//4768 4757//4757
f 4759//4759 4767//4767 4760//4760
f 4762//4762 4771//4771 4763//4763
f 4765//4765 4756//4756 4758//4758
f 4767//4767 4765//4765 4766//4766
f 4768//4768 4762//4762 4764//4764
f 4769//4769 4759//4759 4761//4761
g default
v 516.506441 -78.511023 175.114007
v 516.751606 -78.621542 175.343201
v 516.505368 -78.469421 175.309493
v 516.970867 -78.059104 175.020377
v 516.680382 -77.985015 175.207369
v 516.969852 -78.017502 175.215863
v 517.028039 -78.569556 175.129316
v 517.124096 -78.259134 175.268125
v 517.026967 -78.527961 175.324788
v 516.474779 -78.227740 175.053548
v 516.473707 -78.186139 175.249034
v 516.681454 -78.026617 175.011883
v 516.752679 -78.663144 175.147729
v 517.125168 -78.300729 175.072638
v 516.969852 -78.017502 175.215863
v 516.970867 -78.059104 175.020377
vn -0.848394 -0.518695 0.105746
vn -0.115115 -0.971725 0.206151
vn -0.848394 -0.518695 0.105746
vn 0.115120 0.971725 -0.206151
vn -0.327280 0.923868 -0.198382
vn 0.115120 0.971725 -0.206151
vn 0.704853 -0.693026 0.151321
vn 0.994048 0.107534 -0.017457
vn 0.704853 -0.693026 0.151321
vn -0.942818 0.324924 -0.074289
vn -0.942818 0.324924 -0.074289
vn -0.327280 0.923868 -0.198382
vn -0.115115 -0.971725 0.206152
vn 0.994048 0.107534 -0.017457
vn 0.848394 0.518697 -0.105746
vn 0.848393 0.518697 -0.105746
s 1
g Piece4 Supermarine_Spitfire_Mk:GLTF_SceneRootNode Supermarine_Spitfire_Mk:root Supermarine_Spitfire_Mk:Sketchfab_model Supermarine_Spitfire_Mk:Meshes Supermarine_Spitfire_Mk:scene polySurface169
usemtl Supermarine_Spitfire_Mk:Object_101SG
f 4772//4772 4773//4773 4774//4774
f 4775//4775 4776//4776 4777//4777
f 4778//4778 4779//4779 4780//4780
f 4781//4781 4774//4774 4782//4782
f 4783//4783 4782//4782 4776//4776
f 4784//4784 4780//4780 4773//4773
f 4785//4785 4786//4786 4779//4779
f 4772//4772 4784//4784 4773//4773
f 4775//4775 4783//4783 4776//4776
f 4778//4778 4785//4785 4779//4779
f 4781//4781 4772//4772 4774//4774
f 4783//4783 4781//4781 4782//4782
f 4784//4784 4778//4778 4780//4780
f 4785//4785 4787//4787 4786//4786
g default
v 518.033309 -75.866283 175.599866
v 514.297126 -75.245453 175.447357
v 517.634238 -76.863413 175.809871
v 518.927002 -75.126701 175.447343
v 514.340809 -76.947893 175.809871
v 518.083878 -77.838778 176.019876
v 514.384435 -78.650326 176.172385
v 517.228224 -78.577380 176.172371
v 519.014311 -78.531566 176.172371
vn -0.005339 0.208133 0.978086
vn -0.005339 0.208133 0.978086
vn -0.005339 0.208133 0.978086
vn -0.005339 0.208133 0.978086
vn -0.005339 0.208133 0.978086
vn -0.005339 0.208133 0.978086
vn -0.005339 0.208133 0.978086
vn -0.005339 0.208133 0.978086
vn -0.005339 0.208133 0.978086
s 1
g Piece4 Supermarine_Spitfire_Mk:GLTF_SceneRootNode Supermarine_Spitfire_Mk:root Supermarine_Spitfire_Mk:Sketchfab_model Supermarine_Spitfire_Mk:Meshes Supermarine_Spitfire_Mk:scene polySurface158
usemtl Supermarine_Spitfire_Mk:Object_101SG
f 4788//4788 4789//4789 4790//4790
f 4788//4788 4791//4791 4789//4789
f 4792//4792 4790//4790 4789//4789
f 4793//4793 4790//4790 4794//4794
f 4793//4793 4795//4795 4796//4796
f 4792//4792 4794//4794 4790//4790
f 4793//4793 4794//4794 4795//4795
g default
v 517.939679 -76.499431 176.726704
v 515.424528 -78.639863 177.168442
v 518.184845 -77.398189 176.919283
v 520.668673 -76.265948 176.691910
v 521.215725 -75.606810 176.554625
v 520.123879 -75.503755 176.526744
v 520.584637 -77.192868 176.888694
v 521.503163 -76.565082 176.760115
v 520.565448 -78.250922 177.113740
v 521.265052 -77.530620 176.964279
v 519.911221 -77.850806 177.025020
v 519.591727 -78.532970 177.168442
v 520.480115 -74.923327 176.405177
v 519.205354 -75.262921 176.470476
v 519.493243 -74.691558 176.350461
v 518.342701 -75.656144 176.549446
v 515.325987 -74.798452 176.350461
v 518.963461 -77.931893 177.037112
vn -0.005339 0.208133 0.978086
vn -0.005339 0.208133 0.978086
vn -0.005339 0.208133 0.978086
vn -0.005339 0.208133 0.978086
vn -0.005339 0.208133 0.978086
vn -0.005339 0.208133 0.978086
vn -0.005339 0.208133 0.978086
vn -0.005339 0.208133 0.978086
vn -0.005339 0.208133 0.978086
vn -0.005339 0.208133 0.978086
vn -0.005339 0.208133 0.978086
vn -0.005339 0.208133 0.978086
vn -0.005339 0.208133 0.978086
vn -0.005339 0.208133 0.978086
vn -0.005339 0.208133 0.978086
vn -0.005339 0.208133 0.978086
vn -0.005339 0.208133 0.978086
vn -0.005339 0.208133 0.978086
s 1
g Piece4 Supermarine_Spitfire_Mk:GLTF_SceneRootNode Supermarine_Spitfire_Mk:root Supermarine_Spitfire_Mk:Sketchfab_model Supermarine_Spitfire_Mk:Meshes Supermarine_Spitfire_Mk:scene polySurface143
usemtl Supermarine_Spitfire_Mk:Object_101SG
f 4797//4797 4798//4798 4799//4799
f 4800//4800 4801//4801 4802//4802
f 4803//4803 4804//4804 4800//4800
f 4803//4803 4805//4805 4806//4806
f 4807//4807 4808//4808 4805//4805
f 4802//4802 4809//4809 4810//4810
f 4810//4810 4811//4811 4812//4812
f 4812//4812 4813//4813 4797//4797
f 4814//4814 4798//4798 4808//4808
f 4812//4812 4811//4811 4813//4813
f 4814//4814 4799//4799 4798//4798
f 4797//4797 4813//4813 4798//4798
f 4800//4800 4804//4804 4801//4801
f 4803//4803 4806//4806 4804//4804
f 4803//4803 4807//4807 4805//4805
f 4807//4807 4814//4814 4808//4808
f 4802//4802 4801//4801 4809//4809
f 4810//4810 4809//4809 4811//4811
