# This file uses centimeters as units for non-parametric coordinates.

mtllib wing1.mtl
g default
v -584.752236 -41.652715 156.211726
v -579.553071 -42.398160 156.211726
v -580.163954 -46.659077 156.211726
v -585.373277 -45.983996 156.211726
vn -0.000000 -0.000000 1.000000
vn -0.000000 -0.000000 1.000000
vn -0.000000 -0.000000 1.000000
vn 0.000000 -0.000000 1.000000
s 1
g polySurface25 Piece3 Supermarine_Spitfire_Mk:GLTF_SceneRootNode Supermarine_Spitfire_Mk:root Supermarine_Spitfire_Mk:Sketchfab_model Supermarine_Spitfire_Mk:Meshes Supermarine_Spitfire_Mk:scene
usemtl Supermarine_Spitfire_Mk:Object_81SG
f 3//1 1//2 4//3
f 3//1 2//4 1//2
g default
v -746.181666 -23.204529 153.142468
v -743.021826 -23.657587 153.142468
v -743.266879 -25.366512 153.142468
v -746.426832 -24.914369 153.142468
vn 0.000000 -0.000000 1.000000
vn 0.000000 -0.000000 1.000000
vn 0.000000 -0.000000 1.000000
vn 0.000000 -0.000000 1.000000
s 1
g Piece3 Supermarine_Spitfire_Mk:GLTF_SceneRootNode Supermarine_Spitfire_Mk:root Supermarine_Spitfire_Mk:Sketchfab_model Supermarine_Spitfire_Mk:Meshes Supermarine_Spitfire_Mk:scene polySurface11
usemtl Supermarine_Spitfire_Mk:Object_81SG
f 7//5 5//6 8//7
f 7//5 6//8 5//6
g default
v -654.686030 -34.570541 162.745490
v -657.845983 -34.117487 162.745490
v -655.084368 -37.348481 162.745490
v -658.252674 -36.954147 162.745490
vn -0.000000 -0.000000 1.000000
vn -0.000000 -0.000000 1.000000
vn -0.000000 -0.000000 1.000000
vn 0.000000 -0.000000 1.000000
s 1
g Piece3 Supermarine_Spitfire_Mk:GLTF_SceneRootNode Supermarine_Spitfire_Mk:root Supermarine_Spitfire_Mk:Sketchfab_model Supermarine_Spitfire_Mk:Meshes Supermarine_Spitfire_Mk:scene polySurface4
usemtl Supermarine_Spitfire_Mk:Object_81SG
f 11//9 10//10 12//11
f 11//9 9//12 10//10
g default
v -513.445084 -45.460920 147.929688
v -457.730149 -52.646647 178.684997
v -463.486694 -51.904204 165.732207
v -460.785862 -52.252538 167.308135
v -458.736154 -52.516900 169.785614
v -457.649500 -52.657045 172.787513
v -497.620371 -57.762686 154.032619
v -514.682088 -55.052556 147.929688
v -459.022406 -63.301969 172.787513
v -464.871057 -62.637957 165.732207
v -462.157640 -62.888527 167.308135
v -460.103868 -63.121700 169.785614
v -459.130993 -63.508108 178.684997
v -473.759929 -61.962890 162.585982
vn -0.330484 0.042623 0.942849
vn -0.371630 0.047930 0.927143
vn -0.350480 0.045203 0.935478
vn -0.638423 0.082340 0.765269
vn -0.640514 0.082610 0.763491
vn -0.859101 0.110801 0.499669
vn -0.985434 0.127094 0.112988
vn -0.858992 0.110787 0.499860
vn -0.985820 0.127145 0.109511
vn -0.991691 0.127901 -0.013783
vn -0.330484 0.042624 0.942849
vn -0.330484 0.042624 0.942849
vn -0.330484 0.042624 0.942849
vn -0.991691 0.127903 -0.013783
s 1
g Piece3 Supermarine_Spitfire_Mk:GLTF_SceneRootNode Supermarine_Spitfire_Mk:root Supermarine_Spitfire_Mk:Sketchfab_model Supermarine_Spitfire_Mk:Meshes Supermarine_Spitfire_Mk:scene polySurface33
usemtl Supermarine_Spitfire_Mk:Object_81SG
f 26//13 22//14 15//15
f 15//15 23//16 16//17
f 24//18 16//17 23//16
f 24//18 18//19 17//20
f 21//21 14//22 18//19
f 15//15 13//23 19//24
f 13//23 20//25 19//24
f 19//24 26//13 15//15
f 15//15 22//14 23//16
f 24//18 17//20 16//17
f 24//18 21//21 18//19
f 21//21 25//26 14//22
g default
v -579.553071 -42.398160 169.953347
v -579.553071 -42.398160 156.211726
v -580.275814 -47.439299 169.953347
v -580.163954 -46.659077 156.211726
vn -0.989877 0.141930 0.000000
vn -0.989877 0.141926 0.000001
vn -0.989876 0.141932 0.000000
vn -0.989877 0.141925 0.000001
s 1
g Piece3 Supermarine_Spitfire_Mk:GLTF_SceneRootNode Supermarine_Spitfire_Mk:root Supermarine_Spitfire_Mk:Sketchfab_model Supermarine_Spitfire_Mk:Meshes Supermarine_Spitfire_Mk:scene polySurface26
usemtl Supermarine_Spitfire_Mk:Object_81SG
f 30//27 27//28 28//29
f 30//27 29//30 27//28
g default
v -636.656291 -36.331292 161.694674
v -644.195368 -35.250370 161.694674
v -641.035414 -35.703425 161.694674
v -637.127547 -39.618213 161.694674
v -644.682200 -38.646209 161.694674
v -641.515813 -39.053616 161.694674
vn -0.000000 0.000000 -1.000000
vn -0.000001 0.000000 -1.000000
vn -0.000000 0.000000 -1.000000
vn 0.000000 0.000000 -1.000000
vn 0.000001 0.000000 -1.000000
vn 0.000002 0.000000 -1.000000
s 1
g Piece3 Supermarine_Spitfire_Mk:GLTF_SceneRootNode Supermarine_Spitfire_Mk:root Supermarine_Spitfire_Mk:Sketchfab_model Supermarine_Spitfire_Mk:Meshes Supermarine_Spitfire_Mk:scene polySurface20
usemtl Supermarine_Spitfire_Mk:Object_81SG
f 34//31 33//32 31//33
f 36//34 32//35 33//32
f 34//31 36//34 33//32
f 36//34 35//36 32//35
g default
v -457.730149 -52.646647 178.684997
v -472.007507 -50.805250 178.814762
v -459.130993 -63.508108 178.684997
v -473.540725 -62.692801 178.814762
vn -0.008940 0.001153 -0.999959
vn -0.008940 0.001153 -0.999959
vn -0.008941 0.001153 -0.999959
vn -0.008940 0.001153 -0.999959
s 1
g Piece3 Supermarine_Spitfire_Mk:GLTF_SceneRootNode Supermarine_Spitfire_Mk:root Supermarine_Spitfire_Mk:Sketchfab_model Supermarine_Spitfire_Mk:Meshes Supermarine_Spitfire_Mk:scene polySurface35
usemtl Supermarine_Spitfire_Mk:Object_81SG
f 39//37 38//38 37//39
f 39//37 40//40 38//38
g default
v -481.664215 -144.528674 177.812271
v -481.664215 -144.528674 177.812271
v -481.918354 -142.144459 177.576121
v -481.918354 -142.144459 177.576121
v -481.419839 -146.821291 178.511677
v -481.419839 -146.821291 178.511677
v -481.194709 -148.934140 179.647417
v -481.194709 -148.934140 179.647417
v -480.997289 -150.786090 181.175866
v -480.997289 -150.786090 181.175866
v -480.835313 -152.305947 183.038314
v -480.835313 -152.305947 183.038314
v -480.714818 -153.435324 185.163141
v -480.714818 -153.435324 185.163141
v -480.640771 -154.130765 187.468739
v -480.640771 -154.130765 187.468739
v -480.615769 -154.365588 189.866458
v -480.615769 -154.365588 189.866458
v -480.640771 -154.130765 192.264176
v -480.640771 -154.130765 192.264176
v -480.714818 -153.435324 194.569760
v -480.714818 -153.435324 194.569760
v -480.835313 -152.305947 196.694587
v -480.835313 -152.305947 196.694587
v -480.997289 -150.786090 198.557035
v -480.997289 -150.786090 198.557035
v -481.194709 -148.934140 200.085498
v -481.194709 -148.934140 200.085498
v -481.419839 -146.821291 201.221253
v -481.419839 -146.821291 201.221253
v -481.664215 -144.528674 201.920630
v -481.664215 -144.528674 201.920630
v -481.918354 -142.144459 202.156794
v -481.918354 -142.144459 202.156794
v -481.918354 -142.144459 202.156794
v -481.918354 -142.144459 202.156794
v -482.172437 -139.760243 201.920630
v -482.172437 -139.760243 201.920630
v -482.416813 -137.467654 201.221253
v -482.416813 -137.467654 201.221253
v -482.642000 -135.354763 200.085498
v -482.642000 -135.354763 200.085498
v -482.839363 -133.502827 198.557035
v -482.839363 -133.502827 198.557035
v -483.001452 -131.982970 196.694601
v -483.001452 -131.982970 196.694601
v -483.121665 -130.853636 194.569760
v -483.121665 -130.853636 194.569760
v -483.195824 -130.158166 192.264176
v -483.195824 -130.158166 192.264176
v -483.220883 -129.923357 189.866458
v -483.220883 -129.923357 189.866458
v -483.195824 -130.158166 187.468739
v -483.195824 -130.158166 187.468739
v -483.121665 -130.853636 185.163141
v -483.121665 -130.853636 185.163141
v -483.001452 -131.982970 183.038314
v -483.001452 -131.982970 183.038314
v -482.839363 -133.502827 181.175866
v -482.839363 -133.502827 181.175866
v -482.642000 -135.354763 179.647417
v -482.642000 -135.354763 179.647417
v -482.416813 -137.467654 178.511662
v -482.416813 -137.467654 178.511662
v -482.172437 -139.760243 177.812271
v -482.172437 -139.760243 177.812271
v -477.777004 -141.703087 162.900158
v -477.777004 -141.703087 162.900158
v -477.219454 -146.934308 163.418313
v -477.219454 -146.934308 163.418313
v -476.683352 -151.964526 164.952843
v -476.683352 -151.964526 164.952843
v -476.189182 -156.600371 167.444813
v -476.189182 -156.600371 167.444813
v -475.756135 -160.663739 170.798405
v -475.756135 -160.663739 170.798405
v -475.400689 -163.998438 174.884785
v -475.400689 -163.998438 174.884785
v -475.136617 -166.476382 179.546901
v -475.136617 -166.476382 179.546901
v -474.974019 -168.002263 184.605592
v -474.974019 -168.002263 184.605592
v -474.919105 -168.517484 189.866458
v -474.919105 -168.517484 189.866458
v -474.974019 -168.002263 195.127295
v -474.974019 -168.002263 195.127295
v -475.136617 -166.476382 200.186000
v -475.136617 -166.476382 200.186000
v -475.400689 -163.998438 204.848116
v -475.400689 -163.998438 204.848116
v -475.756135 -160.663739 208.934497
v -475.756135 -160.663739 208.934497
v -476.189182 -156.600371 212.288102
v -476.189182 -156.600371 212.288102
v -476.683352 -151.964526 214.780058
v -476.683352 -151.964526 214.780058
v -477.219454 -146.934308 216.314588
v -477.219454 -146.934308 216.314588
v -477.777004 -141.703087 216.832729
v -477.777004 -141.703087 216.832729
v -477.777004 -141.703087 216.832729
v -477.777004 -141.703087 216.832729
v -478.334553 -136.471851 216.314588
v -478.334553 -136.471851 216.314588
v -478.870712 -131.441633 214.780058
v -478.870712 -131.441633 214.780058
v -479.364825 -126.805788 212.288102
v -479.364825 -126.805788 212.288102
v -479.797929 -122.742406 208.934497
v -479.797929 -122.742406 208.934497
v -480.153262 -119.407693 204.848130
v -480.153262 -119.407693 204.848130
v -480.417391 -116.929791 200.186000
v -480.417391 -116.929791 200.186000
v -480.580044 -115.403882 195.127323
v -480.580044 -115.403882 195.127323
v -480.634958 -114.888675 189.866458
v -480.634958 -114.888675 189.866458
v -480.580044 -115.403882 184.605592
v -480.580044 -115.403882 184.605592
v -480.417391 -116.929791 179.546901
v -480.417391 -116.929791 179.546901
v -480.153262 -119.407693 174.884799
v -480.153262 -119.407693 174.884799
v -479.797929 -122.742406 170.798405
v -479.797929 -122.742406 170.798405
v -479.364825 -126.805760 167.444813
v -479.364825 -126.805760 167.444813
v -478.870712 -131.441633 164.952843
v -478.870712 -131.441633 164.952843
v -478.334553 -136.471851 163.418299
v -478.334553 -136.471851 163.418299
v -484.068805 -134.639555 201.376203
v -486.130252 -129.877261 208.790270
v -486.493655 -131.665451 206.186793
v -485.761488 -133.336843 203.583331
v -483.815060 -137.019284 202.655408
v -485.459319 -136.172914 205.107815
v -486.133977 -135.039826 208.000648
v -485.713233 -133.789940 210.893481
v -484.291113 -132.553684 199.654694
v -486.495800 -126.447803 205.959843
v -486.808804 -128.707799 203.745773
v -486.026463 -130.850997 201.531689
v -484.473520 -130.841882 197.557013
v -486.795711 -123.633306 202.510956
v -487.067572 -126.280507 200.771359
v -486.243918 -128.810939 199.031776
v -484.609140 -129.569859 195.163810
v -487.018584 -121.541946 198.576139
v -487.259799 -124.476868 197.377880
v -486.405443 -127.295020 196.179634
v -484.692612 -128.786586 192.567035
v -487.155953 -120.254091 194.306604
v -487.378149 -123.366200 193.695749
v -486.504943 -126.361524 193.084881
v -484.720831 -128.522105 189.866458
v -487.202232 -119.819266 189.866458
v -487.418107 -122.991170 189.866458
v -486.538523 -126.046333 189.866458
v -484.692612 -128.786586 187.165880
v -487.155953 -120.254091 185.426297
v -487.378149 -123.366200 186.037152
v -486.504943 -126.361524 186.648020
v -485.742186 -118.939570 180.140938
v -484.609140 -129.569859 184.569091
v -487.018584 -121.541946 181.156762
v -487.259799 -124.476868 182.355021
v -486.405443 -127.295020 183.553267
v -482.728237 -147.216892 164.940808
v -482.967477 -144.972163 176.289776
v -484.319445 -146.865708 167.544285
v -484.932077 -146.316681 170.615292
v -484.449083 -145.650884 173.686314
v -483.253730 -142.286795 176.023799
v -483.253730 -142.286795 164.452480
v -484.790136 -142.450549 173.369316
v -485.337922 -142.508934 170.238146
v -484.790136 -142.450549 167.106962
v -484.473520 -130.841868 182.175888
v -486.795711 -123.633306 177.221974
v -487.067572 -126.280507 178.961542
v -486.243918 -128.810939 180.701139
v -484.291113 -132.553670 180.078221
v -486.495800 -126.447803 173.773073
v -486.808804 -128.707799 175.987128
v -486.026463 -130.850997 178.201212
v -482.692286 -147.554334 177.077493
v -483.867039 -151.111172 168.839434
v -484.541810 -149.978056 171.732253
v -484.121179 -148.728170 174.625086
v -484.068805 -134.639555 178.356698
v -486.130252 -129.877275 170.942645
v -486.493655 -131.665451 173.546108
v -485.761488 -133.336843 176.149585
v -481.757281 -156.326520 168.735518
v -482.438655 -149.934049 178.356698
v -483.450077 -155.023837 170.942645
v -484.182245 -153.352445 173.546108
v -483.818785 -151.564255 176.149585
v -483.815060 -137.019284 177.077493
v -485.713233 -133.789940 168.839434
v -486.133977 -135.039826 171.732253
v -485.459319 -136.172914 174.625086
v -482.216290 -152.019934 180.078221
v -483.084529 -158.453309 173.773073
v -483.866926 -156.310097 175.987128
v -483.553809 -154.050101 178.201212
v -483.539982 -139.601427 176.289776
v -485.260715 -138.035419 167.544285
v -485.743710 -138.701230 170.615292
v -485.131303 -139.250228 173.686314
v -482.033939 -153.731735 182.175888
v -482.784562 -161.267821 177.221945
v -483.608215 -158.737375 178.961542
v -483.336355 -156.090173 180.701139
v -480.765273 -165.634020 180.140938
v -481.898262 -155.003717 184.569091
v -482.561689 -163.359124 181.156762
v -483.415932 -160.541014 182.355021
v -483.174773 -157.606079 183.553267
v -481.814734 -155.787003 187.165894
v -482.424319 -164.647021 185.426297
v -483.297582 -161.651668 186.037152
v -483.075330 -158.539588 186.648020
v -480.560291 -167.557632 189.866458
v -481.786685 -156.051499 189.866458
v -482.378153 -165.081846 189.866458
v -483.257624 -162.026712 189.866458
v -483.041693 -158.854779 189.866458
v -481.814734 -155.787003 192.567007
v -482.424319 -164.647021 194.306604
v -483.297582 -161.651668 193.695735
v -483.075273 -158.539574 193.084881
v -481.898262 -155.003717 195.163810
v -482.561689 -163.359124 198.576125
v -483.415932 -160.541014 197.377880
v -483.174773 -157.606079 196.179634
v -482.033939 -153.731735 197.557013
v -482.784562 -161.267821 202.510942
v -483.608215 -158.737375 200.771359
v -483.336355 -156.090173 199.031762
v -481.349179 -160.155996 207.836837
v -482.216290 -152.019934 199.654694
v -483.084529 -158.453309 205.959843
v -483.866926 -156.310097 203.745759
v -483.553809 -154.050073 201.531689
v -482.438655 -149.934049 201.376203
v -483.450077 -155.023837 208.790284
v -484.182245 -153.352417 206.186793
v -483.818785 -151.564255 203.583331
v -482.692286 -147.554334 202.655408
v -483.867039 -151.111186 210.893481
v -484.541810 -149.978056 208.000648
v -484.121179 -148.728170 205.107815
v -482.967477 -144.972163 203.443125
v -484.319445 -146.865708 212.188631
v -484.932077 -146.316681 209.117609
v -484.449083 -145.650884 206.046602
v -483.253730 -142.286795 215.280407
v -483.253730 -142.286795 215.280407
v -483.253730 -142.286795 203.709117
v -483.253730 -142.286795 203.709117
v -484.790136 -142.450549 212.625925
v -484.790136 -142.450549 212.625925
v -485.337922 -142.508934 209.494769
v -485.337922 -142.508934 209.494769
v -484.790136 -142.450549 206.363585
v -484.790136 -142.450549 206.363585
v -483.539982 -139.601427 203.443125
v -485.260715 -138.035419 212.188631
v -485.743710 -138.701201 209.117609
v -485.131303 -139.250228 206.046602
v -479.238461 -147.149505 163.418313
v -481.139343 -147.263143 163.862987
v -479.796123 -141.918284 162.900158
v -481.687467 -142.119866 163.353551
v -482.219168 -151.958784 166.382964
v -478.702358 -152.179709 164.952843
v -480.612214 -152.208775 165.371711
v -478.208245 -156.815568 167.444813
v -480.126341 -156.766679 167.821775
v -481.345115 -160.158648 171.892974
v -477.775198 -160.878936 170.798405
v -479.700574 -160.761729 171.119000
v -481.010157 -163.301953 175.744784
v -477.419809 -164.213635 174.884785
v -479.351111 -164.040399 175.136667
v -477.155623 -166.691566 179.546901
v -479.091440 -166.476664 179.720391
v -480.607812 -167.075921 184.907577
v -476.993026 -168.217461 184.605592
v -478.931552 -167.976895 184.694044
v -476.938055 -168.732682 189.866458
v -478.877598 -168.483452 189.866458
v -480.607812 -167.075921 194.825310
v -476.993026 -168.217461 195.127295
v -478.931552 -167.976895 195.038857
v -480.761153 -165.637618 199.593628
v -477.155623 -166.691566 200.186000
v -479.091440 -166.476664 200.012496
v -481.010157 -163.301953 203.988131
v -477.419809 -164.213635 204.848116
v -479.351111 -164.040399 204.596220
v -477.775198 -160.878936 208.934497
v -479.700630 -160.761743 208.613902
v -481.753217 -156.328538 211.001024
v -478.208245 -156.815568 212.288102
v -480.126341 -156.766679 211.911126
v -482.219168 -151.958784 213.349923
v -478.702358 -152.179709 214.780058
v -480.612214 -152.208775 214.361176
v -482.724512 -147.217315 214.796382
v -479.238461 -147.149505 216.314588
v -481.139343 -147.263143 215.869914
v -479.796123 -141.918256 216.832729
v -479.796123 -141.918256 216.832729
v -481.687467 -142.119866 216.379350
v -481.687467 -142.119866 216.379350
v -483.775610 -137.355442 214.796382
v -480.353616 -136.687034 216.314588
v -482.235648 -136.976589 215.869914
v -484.280841 -132.614002 213.349923
v -480.889775 -131.656845 214.780058
v -482.762833 -132.030957 214.361176
v -484.746623 -128.244247 211.001024
v -481.383888 -127.020972 212.288102
v -483.248594 -127.473039 211.911112
v -485.154837 -124.414137 207.839927
v -481.816936 -122.957604 208.934497
v -483.674473 -123.477989 208.613902
v -485.489796 -121.270861 203.988131
v -482.172325 -119.622905 204.848130
v -484.023824 -120.199347 204.596234
v -485.738856 -118.935168 199.593628
v -482.436510 -117.144981 200.186000
v -484.283438 -117.763088 200.012496
v -485.892141 -117.496878 194.825310
v -482.599107 -115.619079 195.127323
v -484.443382 -116.262837 195.038857
v -485.943838 -117.011217 189.866458
v -482.654021 -115.103844 189.866458
v -484.497450 -115.756272 189.866458
v -485.892141 -117.496878 184.907577
v -482.599107 -115.619079 184.605592
v -484.443382 -116.262837 184.694030
v -482.436510 -117.144981 179.546901
v -484.283438 -117.763088 179.720391
v -485.489796 -121.270861 175.744784
v -482.172325 -119.622905 174.884799
v -484.023880 -120.199347 175.136667
v -485.154837 -124.414137 171.892974
v -481.816936 -122.957604 170.798405
v -483.674473 -123.477989 171.119000
v -484.746623 -128.244247 168.731891
v -481.383888 -127.020972 167.444813
v -483.248594 -127.473039 167.821775
v -484.280841 -132.614002 166.382964
v -480.889775 -131.656845 164.952843
v -482.762833 -132.030957 165.371711
v -483.775610 -137.355442 164.936519
v -480.353616 -136.687063 163.418299
v -482.235648 -136.976589 163.862973
v -473.381542 -143.645916 177.812271
v -473.381542 -143.645916 177.812271
v -473.635709 -141.261672 177.576121
v -473.635709 -141.261672 177.576121
v -473.137222 -145.938519 178.511677
v -473.137222 -145.938519 178.511677
v -472.911979 -148.051396 179.647417
v -472.911979 -148.051396 179.647417
v -472.714672 -149.903318 181.175866
v -472.714672 -149.903318 181.175866
v -472.552639 -151.423175 183.038314
v -472.552639 -151.423175 183.038314
v -472.432314 -152.552523 185.163141
v -472.432314 -152.552523 185.163141
v -472.358155 -153.247978 187.468739
v -472.358155 -153.247978 187.468739
v -472.333153 -153.482816 189.866458
v -472.333153 -153.482816 189.866458
v -472.358155 -153.247978 192.264176
v -472.358155 -153.247978 192.264176
v -472.432314 -152.552523 194.569760
v -472.432314 -152.552523 194.569760
v -472.552639 -151.423175 196.694587
v -472.552639 -151.423175 196.694587
v -472.714672 -149.903318 198.557035
v -472.714672 -149.903318 198.557035
v -472.912035 -148.051382 200.085498
v -472.912035 -148.051382 200.085498
v -473.137222 -145.938519 201.221253
v -473.137222 -145.938519 201.221253
v -473.381542 -143.645916 201.920630
v -473.381542 -143.645916 201.920630
v -473.635709 -141.261672 202.156794
v -473.635709 -141.261672 202.156794
v -473.635709 -141.261672 202.156794
v -473.635709 -141.261672 202.156794
v -473.889792 -138.877457 201.920630
v -473.889792 -138.877457 201.920630
v -474.134168 -136.584854 201.221253
v -474.134168 -136.584854 201.221253
v -474.359412 -134.471991 200.085498
v -474.359412 -134.471991 200.085498
v -474.556718 -132.620055 198.557035
v -474.556718 -132.620055 198.557035
v -474.718638 -131.100212 196.694601
v -474.718638 -131.100212 196.694601
v -474.839077 -129.970849 194.569760
v -474.839077 -129.970849 194.569760
v -474.913179 -129.275408 192.264176
v -474.913179 -129.275408 192.264176
v -474.938238 -129.040557 189.866458
v -474.938238 -129.040557 189.866458
v -474.913179 -129.275408 187.468739
v -474.913179 -129.275408 187.468739
v -474.839077 -129.970849 185.163141
v -474.839077 -129.970849 185.163141
v -474.718638 -131.100198 183.038314
v -474.718638 -131.100198 183.038314
v -474.556718 -132.620055 181.175866
v -474.556718 -132.620055 181.175866
v -474.359412 -134.471991 179.647417
v -474.359412 -134.471991 179.647417
v -474.134168 -136.584854 178.511662
v -474.134168 -136.584854 178.511662
v -473.889792 -138.877457 177.812271
v -473.889792 -138.877457 177.812271
v -473.115325 -133.472082 201.376203
v -472.103902 -128.382322 208.790270
v -471.371791 -130.053728 206.186793
v -471.735251 -131.841890 203.583331
v -472.861693 -135.851839 202.655408
v -471.432857 -134.677989 205.107815
v -471.012169 -133.428089 208.000648
v -471.686940 -132.294959 210.893481
v -473.337633 -131.386239 199.654694
v -472.469450 -124.952850 205.959843
v -471.687109 -127.096076 203.745773
v -472.000226 -129.356058 201.531689
v -473.520125 -129.674438 197.557013
v -472.769474 -122.138352 202.510956
v -471.945764 -124.668770 200.771359
v -472.217568 -127.315986 199.031776
v -473.655745 -128.402428 195.163810
v -472.992347 -120.047007 198.576139
v -472.137991 -122.865131 197.377880
v -472.379150 -125.800066 196.179634
v -473.739273 -127.619128 192.567035
v -473.129603 -118.759138 194.306604
v -472.256454 -121.754477 193.695749
v -472.478706 -124.866557 193.084881
v -473.767379 -127.354660 189.866458
v -473.175939 -118.324299 189.866458
v -472.296355 -121.379433 189.866458
v -472.512286 -124.551351 189.866458
v -473.739273 -127.619128 187.165880
v -473.129603 -118.759138 185.426297
v -472.256454 -121.754477 186.037152
v -472.478706 -124.866557 186.648020
v -474.788734 -117.772139 180.140938
v -473.655745 -128.402428 184.569091
v -472.992347 -120.047007 181.156762
v -472.137991 -122.865131 182.355021
v -472.379150 -125.800066 183.553267
v -471.774757 -146.049476 164.940808
v -472.014053 -143.804718 176.289776
v -470.293264 -145.370755 167.544285
v -469.810269 -144.704944 170.615292
v -470.422789 -144.155902 173.686314
v -472.300250 -141.119350 176.023799
v -472.300250 -141.119350 164.452480
v -470.763899 -140.955596 173.369316
v -470.216114 -140.897211 170.238146
v -470.763899 -140.955596 167.106962
v -473.520125 -129.674438 182.175888
v -472.769474 -122.138352 177.221974
v -471.945764 -124.668770 178.961542
v -472.217568 -127.315986 180.701139
v -473.337633 -131.386239 180.078221
v -472.469450 -124.952850 173.773073
v -471.687109 -127.096076 175.987128
v -472.000226 -129.356058 178.201212
v -471.738919 -146.386875 177.077493
v -469.840746 -149.616233 168.839434
v -469.420002 -148.366361 171.732253
v -470.094772 -147.233231 174.625086
v -473.115325 -133.472082 178.356698
v -472.103902 -128.382322 170.942645
v -471.371791 -130.053728 173.546108
v -471.735251 -131.841890 176.149585
v -470.803914 -155.159076 168.735518
v -471.485231 -148.766604 178.356698
v -469.423783 -153.528884 170.942645
v -469.060380 -151.740722 173.546108
v -469.792492 -150.069316 176.149585
v -472.861693 -135.851839 177.077493
v -471.686940 -132.294959 168.839434
v -471.012169 -133.428089 171.732253
v -471.432857 -134.677989 174.625086
v -471.262866 -150.852475 180.078221
v -469.058236 -156.958370 173.773073
v -468.745175 -154.698374 175.987128
v -469.527516 -152.555148 178.201212
v -472.586559 -138.433997 176.289776
v -471.234478 -136.540451 167.544285
v -470.621902 -137.089492 170.615292
v -471.104953 -137.755289 173.686314
v -471.080346 -152.564291 182.175888
v -468.758325 -159.772853 177.221945
v -468.486464 -157.125652 178.961542
v -469.310005 -154.595234 180.701139
v -469.811850 -164.466561 180.140938
v -470.944895 -153.836286 184.569091
v -468.535339 -161.864199 181.156762
v -468.294180 -158.929291 182.355021
v -469.148536 -156.111125 183.553267
v -470.861424 -154.619559 187.165894
v -468.398082 -163.152068 185.426297
v -468.175887 -160.039960 186.037152
v -469.048980 -157.044607 186.648020
v -469.606811 -166.390202 189.866458
v -470.833205 -154.884040 189.866458
v -468.351803 -163.586907 189.866458
v -468.135872 -160.414975 189.866458
v -469.015456 -157.359812 189.866458
v -470.861424 -154.619559 192.567035
v -468.398082 -163.152068 194.306604
v -468.175887 -160.039960 193.695735
v -469.048980 -157.044607 193.084881
v -470.944895 -153.836286 195.163810
v -468.535339 -161.864199 198.576125
v -468.294180 -158.929291 197.377880
v -469.148536 -156.111125 196.179634
v -471.080346 -152.564291 197.557013
v -468.758325 -159.772853 202.510942
v -468.486464 -157.125652 200.771359
v -469.310005 -154.595234 199.031762
v -470.395699 -158.988551 207.836837
v -471.262866 -150.852475 199.654694
v -469.058236 -156.958370 205.959843
v -468.745175 -154.698374 203.745759
v -469.527516 -152.555148 201.531689
v -471.485231 -148.766604 201.376203
v -469.423783 -153.528884 208.790284
v -469.060380 -151.740722 206.186793
v -469.792492 -150.069316 203.583331
v -471.738919 -146.386875 202.655408
v -469.840746 -149.616233 210.893481
v -469.420002 -148.366361 208.000648
v -470.094829 -147.233245 205.107815
v -472.014053 -143.804718 203.443125
v -470.293264 -145.370755 212.188631
v -469.810269 -144.704944 209.117609
v -470.422789 -144.155902 206.046602
v -472.300250 -141.119350 215.280407
v -472.300250 -141.119350 215.280407
v -472.300250 -141.119350 203.709117
v -472.300250 -141.119350 203.709117
v -470.763899 -140.955596 212.625925
v -470.763899 -140.955596 212.625925
v -470.216114 -140.897211 209.494769
v -470.216114 -140.897211 209.494769
v -470.763899 -140.955596 206.363585
v -470.763899 -140.955596 206.363585
v -472.586559 -138.433997 203.443125
v -471.234478 -136.540451 212.188631
v -470.621902 -137.089492 209.117609
v -471.104953 -137.755289 206.046602
v -475.200448 -146.719125 163.418313
v -473.318275 -146.429585 163.862987
v -475.757997 -141.487889 162.900158
v -473.866597 -141.286293 163.353551
v -471.273138 -150.792157 166.382964
v -474.664289 -151.749329 164.952843
v -472.791259 -151.375188 165.371711
v -474.170119 -156.385188 167.444813
v -472.305442 -155.933121 167.821775
v -470.399142 -158.992022 171.892974
v -473.737015 -160.448541 170.798405
v -471.879618 -159.928170 171.119000
v -470.064127 -162.135298 175.744784
v -473.381655 -163.783268 174.884785
v -471.530099 -163.206812 175.136667
v -473.117526 -166.261185 179.546901
v -471.270598 -165.643064 179.720391
v -469.661838 -165.909295 184.907577
v -472.954928 -167.787066 184.605592
v -471.110597 -167.143322 184.694044
v -472.900014 -168.302315 189.866458
v -471.056642 -167.649908 189.866458
v -469.661838 -165.909295 194.825310
v -472.954928 -167.787066 195.127295
v -471.110597 -167.143322 195.038857
v -469.815236 -164.470991 199.593628
v -473.117526 -166.261185 200.186000
v -471.270598 -165.643064 200.012496
v -470.064127 -162.135298 203.988131
v -473.381655 -163.783268 204.848116
v -471.530099 -163.206812 204.596220
v -473.737015 -160.448541 208.934497
v -471.879618 -159.928170 208.613902
v -470.807413 -155.161898 211.001024
v -474.170119 -156.385159 212.288102
v -472.305385 -155.933121 211.911126
v -471.273138 -150.792157 213.349923
v -474.664289 -151.749329 214.780058
v -472.791259 -151.375188 214.361176
v -471.778482 -146.050689 214.796382
v -475.200448 -146.719125 216.314588
v -473.318331 -146.429570 215.869914
v -475.757997 -141.487875 216.832729
v -475.757997 -141.487875 216.832729
v -473.866597 -141.286293 216.379350
v -473.866597 -141.286293 216.379350
v -472.829580 -136.188830 214.796382
v -476.315490 -136.256640 216.314588
v -474.414664 -136.143016 215.869914
v -473.334868 -131.447361 213.349923
v -476.851649 -131.226436 214.780058
v -474.941793 -131.197384 214.361176
v -473.800790 -127.077621 211.001024
v -477.345762 -126.590577 212.288102
v -475.427667 -126.639466 211.911112
v -474.208892 -123.247511 207.839927
v -477.778866 -122.527209 208.934497
v -475.853433 -122.644430 208.613902
v -474.543907 -120.104207 203.988131
v -478.134255 -119.192510 204.848130
v -476.202840 -119.365788 204.596234
v -474.792910 -117.768542 199.593628
v -478.398384 -116.714601 200.186000
v -476.462510 -116.929509 200.012496
v -474.946196 -116.330224 194.825310
v -478.560981 -115.188698 195.127323
v -476.622455 -115.429272 195.038857
v -474.997949 -115.844583 189.866458
v -478.615895 -114.673477 189.866458
v -476.676466 -114.922700 189.866458
v -474.946196 -116.330224 184.907577
v -478.560981 -115.188698 184.605592
v -476.622455 -115.429272 184.694030
v -478.398384 -116.714601 179.546901
v -476.462510 -116.929509 179.720391
v -474.543907 -120.104207 175.744784
v -478.134255 -119.192510 174.884799
v -476.202840 -119.365788 175.136667
v -474.208892 -123.247497 171.892974
v -477.778866 -122.527209 170.798405
v -475.853433 -122.644416 171.119000
v -473.800790 -127.077621 168.731891
v -477.345762 -126.590577 167.444813
v -475.427667 -126.639466 167.821775
v -473.334868 -131.447361 166.382964
v -476.851649 -131.226436 164.952843
v -474.941793 -131.197384 165.371711
v -472.829580 -136.188830 164.936519
v -476.315490 -136.256654 163.418299
v -474.414664 -136.143030 163.862973
vt 0.513874 0.633646
vt 0.926494 0.222382
vt 0.513874 0.635494
vt 0.926610 0.224384
vt 0.513874 0.631798
vt 0.926105 0.220408
vt 0.513874 0.629950
vt 0.925449 0.218504
vt 0.513874 0.628102
vt 0.924526 0.216710
vt 0.513874 0.626254
vt 0.923355 0.215060
vt 0.513874 0.624406
vt 0.921962 0.213582
vt 0.513874 0.622558
vt 0.920382 0.212306
vt 0.513874 0.620710
vt 0.918636 0.211265
vt 0.513874 0.618862
vt 0.916766 0.210472
vt 0.513874 0.617014
vt 0.914807 0.209947
vt 0.513874 0.615166
vt 0.912799 0.209702
vt 0.513874 0.613319
vt 0.910786 0.209748
vt 0.513874 0.611471
vt 0.908809 0.210090
vt 0.513874 0.609623
vt 0.906909 0.210717
vt 0.513874 0.607774
vt 0.905132 0.211624
vt 0.513874 0.605927
vt 0.513874 0.665062
vt 0.903836 0.234778
vt 0.903520 0.212794
vt 0.513874 0.663214
vt 0.905343 0.235998
vt 0.513874 0.661366
vt 0.907022 0.236973
vt 0.908831 0.237679
vt 0.513874 0.659518
vt 0.910730 0.238105
vt 0.513874 0.657670
vt 0.912676 0.238246
vt 0.513874 0.655822
vt 0.914629 0.238105
vt 0.513874 0.653974
vt 0.916547 0.237696
vt 0.513874 0.652126
vt 0.918388 0.237019
vt 0.513874 0.650278
vt 0.920113 0.236073
vt 0.513874 0.648430
vt 0.921694 0.234891
vt 0.513874 0.646582
vt 0.923097 0.233489
vt 0.513874 0.644734
vt 0.924300 0.231906
vt 0.513874 0.642886
vt 0.925272 0.230171
vt 0.513874 0.641038
vt 0.513874 0.639190
vt 0.925994 0.228317
vt 0.513874 0.637342
vt 0.926442 0.226375
vt 0.942339 0.224765
vt 0.592087 0.196026
vt 0.942206 0.220548
vt 0.596317 0.196175
vt 0.941424 0.216371
vt 0.600500 0.196863
vt 0.940060 0.212379
vt 0.604601 0.198159
vt 0.938206 0.208579
vt 0.608448 0.200085
vt 0.935800 0.205025
vt 0.611955 0.202506
vt 0.932858 0.201903
vt 0.615118 0.205374
vt 0.929560 0.199198
vt 0.617810 0.208671
vt 0.925880 0.196954
vt 0.620062 0.212272
vt 0.921891 0.195317
vt 0.621820 0.216186
vt 0.623024 0.220358
vt 0.917772 0.194269
vt 0.623545 0.224669
vt 0.913557 0.193745
vt 0.623469 0.228959
vt 0.909257 0.193802
vt 0.622875 0.233229
vt 0.905014 0.194511
vt 0.621661 0.237376
vt 0.900942 0.195757
vt 0.619998 0.241370
vt 0.897022 0.197450
vt 0.893238 0.247221
vt 0.570152 0.245180
vt 0.617927 0.245219
vt 0.893219 0.199539
vt 0.896808 0.249397
vt 0.567962 0.241618
vt 0.900530 0.251238
vt 0.566132 0.237903
vt 0.904454 0.252620
vt 0.564779 0.234024
vt 0.908512 0.253431
vt 0.563904 0.230017
vt 0.912628 0.253736
vt 0.563621 0.225926
vt 0.916777 0.253474
vt 0.563882 0.221873
vt 0.564645 0.217867
vt 0.920837 0.252588
vt 0.565977 0.213955
vt 0.924716 0.251172
vt 0.567897 0.210282
vt 0.928392 0.249259
vt 0.570303 0.206952
vt 0.931813 0.246819
vt 0.934818 0.243861
vt 0.573102 0.203941
vt 0.937351 0.240541
vt 0.576331 0.201303
vt 0.939446 0.236912
vt 0.579938 0.199183
vt 0.940966 0.232995
vt 0.583811 0.197540
vt 0.941939 0.228926
vt 0.587898 0.196518
vt 0.908347 0.239264
vt 0.906252 0.246237
vt 0.906917 0.243978
vt 0.907621 0.241613
vt 0.906303 0.238465
vt 0.905230 0.240683
vt 0.904173 0.242933
vt 0.903178 0.245108
vt 0.910486 0.239748
vt 0.909420 0.246923
vt 0.909759 0.244595
vt 0.910116 0.242180
vt 0.912673 0.239908
vt 0.912639 0.247161
vt 0.912646 0.244805
vt 0.912661 0.242363
vt 0.914862 0.239751
vt 0.915858 0.246934
vt 0.915536 0.244621
vt 0.915205 0.242188
vt 0.917010 0.239296
vt 0.919015 0.246269
vt 0.918372 0.244016
vt 0.917694 0.241650
vt 0.919080 0.238542
vt 0.922044 0.245164
vt 0.921090 0.243015
vt 0.920092 0.240786
vt 0.921018 0.237483
vt 0.924897 0.243643
vt 0.923645 0.241647
vt 0.922338 0.239567
vt 0.928940 0.243413
vt 0.922791 0.236161
vt 0.927513 0.241727
vt 0.925989 0.239924
vt 0.924398 0.238043
vt 0.937752 0.221042
vt 0.928183 0.222171
vt 0.935525 0.221302
vt 0.933164 0.221579
vt 0.930679 0.221865
vt 0.928309 0.224408
vt 0.937915 0.224630
vt 0.930810 0.224459
vt 0.933293 0.224520
vt 0.935686 0.224576
vt 0.924361 0.234598
vt 0.929838 0.239455
vt 0.928072 0.237883
vt 0.926228 0.236239
vt 0.925710 0.232834
vt 0.931826 0.236879
vt 0.929851 0.235566
vt 0.927790 0.234193
vt 0.927755 0.219965
vt 0.934920 0.218071
vt 0.932606 0.218676
vt 0.930184 0.219308
vt 0.926800 0.230893
vt 0.933426 0.234040
vt 0.931288 0.233018
vt 0.929050 0.231948
vt 0.935945 0.214084
vt 0.927023 0.217833
vt 0.933870 0.214950
vt 0.931652 0.215877
vt 0.929337 0.216843
vt 0.927613 0.228815
vt 0.934621 0.231005
vt 0.932357 0.230291
vt 0.929979 0.229548
vt 0.925996 0.215819
vt 0.932387 0.212001
vt 0.930310 0.213237
vt 0.928151 0.214518
vt 0.928117 0.226637
vt 0.935374 0.227830
vt 0.933025 0.227439
vt 0.930585 0.227040
vt 0.924685 0.213969
vt 0.930487 0.209285
vt 0.928618 0.210794
vt 0.926650 0.212377
vt 0.929781 0.205194
vt 0.923130 0.212320
vt 0.928236 0.206845
vt 0.926581 0.208617
vt 0.924855 0.210467
vt 0.921368 0.210887
vt 0.925649 0.204759
vt 0.924266 0.206735
vt 0.922821 0.208804
vt 0.923820 0.201026
vt 0.919413 0.209729
vt 0.922798 0.203043
vt 0.921701 0.205207
vt 0.920557 0.207466
vt 0.917324 0.208841
vt 0.919727 0.201760
vt 0.918951 0.204043
vt 0.918138 0.206431
vt 0.915130 0.208259
vt 0.916514 0.200902
vt 0.916063 0.203288
vt 0.915594 0.205776
vt 0.912882 0.207988
vt 0.913210 0.200524
vt 0.913098 0.202934
vt 0.912991 0.205464
vt 0.909669 0.198347
vt 0.910619 0.208043
vt 0.909880 0.200600
vt 0.910111 0.203022
vt 0.910368 0.205533
vt 0.908394 0.208437
vt 0.906580 0.201155
vt 0.907154 0.203516
vt 0.907776 0.205979
vt 0.906251 0.209144
vt 0.903364 0.202167
vt 0.904284 0.204458
vt 0.905267 0.206807
vt 0.904239 0.210171
vt 0.900268 0.203653
vt 0.901548 0.205815
vt 0.902903 0.208008
vt 0.895852 0.243329
vt 0.895763 0.203670
vt 0.902703 0.235979
vt 0.902424 0.211497
vt 0.897445 0.241453
vt 0.897320 0.205657
vt 0.899189 0.239589
vt 0.899020 0.207634
vt 0.900980 0.237760
vt 0.900757 0.209584
vt 0.904401 0.237365
vt 0.900232 0.243528
vt 0.901575 0.241475
vt 0.902994 0.239394
vt 0.940606 0.220725
vt 0.939150 0.220883
vt 0.940778 0.224716
vt 0.939317 0.224671
vt 0.937105 0.217499
vt 0.939887 0.216775
vt 0.938457 0.217147
vt 0.938607 0.212979
vt 0.937254 0.213539
vt 0.934334 0.210842
vt 0.936823 0.209382
vt 0.935548 0.210126
vt 0.932260 0.207857
vt 0.934528 0.206044
vt 0.933364 0.206978
vt 0.931772 0.203065
vt 0.930758 0.204153
vt 0.926964 0.202883
vt 0.928629 0.200512
vt 0.927779 0.201720
vt 0.925140 0.198417
vt 0.924463 0.199754
vt 0.920463 0.199594
vt 0.921385 0.196843
vt 0.920915 0.198251
vt 0.916942 0.198663
vt 0.917479 0.195822
vt 0.917206 0.197269
vt 0.913320 0.198248
vt 0.913470 0.195349
vt 0.913392 0.196831
vt 0.909404 0.195432
vt 0.909539 0.196925
vt 0.906047 0.198920
vt 0.905382 0.196079
vt 0.905725 0.197529
vt 0.902524 0.200000
vt 0.901492 0.197251
vt 0.902020 0.198652
vt 0.899114 0.201575
vt 0.897742 0.198911
vt 0.898428 0.200267
vt 0.894074 0.245850
vt 0.894033 0.201001
vt 0.894937 0.244552
vt 0.894871 0.202374
vt 0.899018 0.245501
vt 0.897573 0.248023
vt 0.898298 0.246739
vt 0.902262 0.247164
vt 0.901141 0.249795
vt 0.901714 0.248449
vt 0.905634 0.248379
vt 0.904875 0.251097
vt 0.905260 0.249714
vt 0.909111 0.249103
vt 0.908721 0.251907
vt 0.908920 0.250469
vt 0.912638 0.249367
vt 0.912636 0.252180
vt 0.912635 0.250741
vt 0.916168 0.249121
vt 0.916558 0.251908
vt 0.916354 0.250485
vt 0.919627 0.248390
vt 0.920403 0.251092
vt 0.920008 0.249717
vt 0.922947 0.247184
vt 0.924096 0.249765
vt 0.923509 0.248439
vt 0.926080 0.245531
vt 0.927571 0.247924
vt 0.926813 0.246703
vt 0.930782 0.245594
vt 0.929839 0.244476
vt 0.931506 0.240938
vt 0.933636 0.242818
vt 0.932546 0.241856
vt 0.933682 0.238110
vt 0.936056 0.239680
vt 0.934841 0.238879
vt 0.935445 0.235002
vt 0.938007 0.236224
vt 0.936695 0.235604
vt 0.936747 0.231672
vt 0.939461 0.232526
vt 0.938080 0.232092
vt 0.937588 0.228197
vt 0.940389 0.228669
vt 0.938958 0.228425
vt 0.594643 0.211929
vt 0.507485 0.633646
vt 0.592635 0.211829
vt 0.507485 0.635494
vt 0.596627 0.212308
vt 0.507485 0.631798
vt 0.507485 0.629950
vt 0.598546 0.212959
vt 0.507485 0.628102
vt 0.600363 0.213864
vt 0.507485 0.626254
vt 0.602035 0.215014
vt 0.507485 0.624406
vt 0.603533 0.216382
vt 0.507485 0.622558
vt 0.604822 0.217946
vt 0.507485 0.620710
vt 0.605871 0.219684
vt 0.507485 0.618862
vt 0.606674 0.221554
vt 0.507485 0.617014
vt 0.607209 0.223515
vt 0.507485 0.615166
vt 0.607454 0.225534
vt 0.507485 0.613319
vt 0.607415 0.227569
vt 0.507485 0.611471
vt 0.607086 0.229570
vt 0.606464 0.231494
vt 0.507485 0.609623
vt 0.605550 0.233298
vt 0.507485 0.607774
vt 0.604372 0.234941
vt 0.582502 0.234514
vt 0.507485 0.665062
vt 0.507485 0.605927
vt 0.581265 0.233024
vt 0.507485 0.663214
vt 0.580275 0.231364
vt 0.507485 0.661366
vt 0.579550 0.229573
vt 0.507485 0.659518
vt 0.579105 0.227694
vt 0.507485 0.657670
vt 0.578937 0.225769
vt 0.507485 0.655822
vt 0.579057 0.223838
vt 0.507485 0.653974
vt 0.579454 0.221938
vt 0.507485 0.652126
vt 0.580113 0.220106
vt 0.507485 0.650278
vt 0.581029 0.218381
vt 0.507485 0.648430
vt 0.582188 0.216803
vt 0.507485 0.646582
vt 0.583561 0.215397
vt 0.507485 0.644734
vt 0.585126 0.214194
vt 0.507485 0.642886
vt 0.586855 0.213219
vt 0.507485 0.641038
vt 0.588705 0.212485
vt 0.507485 0.639190
vt 0.590643 0.212015
vt 0.507485 0.637342
vt 0.577980 0.230074
vt 0.571079 0.232214
vt 0.573315 0.231539
vt 0.575654 0.230810
vt 0.578799 0.232097
vt 0.576589 0.233184
vt 0.574374 0.234257
vt 0.572216 0.235260
vt 0.577484 0.227957
vt 0.570368 0.229074
vt 0.572679 0.228721
vt 0.575086 0.228342
vt 0.577289 0.225792
vt 0.570121 0.225887
vt 0.572434 0.225860
vt 0.574855 0.225826
vt 0.577424 0.223620
vt 0.570304 0.222704
vt 0.572606 0.223000
vt 0.575010 0.223307
vt 0.577867 0.221489
vt 0.570936 0.219578
vt 0.573177 0.220192
vt 0.575517 0.220832
vt 0.578598 0.219436
vt 0.571997 0.216559
vt 0.574137 0.217486
vt 0.576369 0.218450
vt 0.579618 0.217500
vt 0.573477 0.213713
vt 0.575474 0.214942
vt 0.577548 0.216211
vt 0.573654 0.209707
vt 0.580915 0.215726
vt 0.575344 0.211102
vt 0.577145 0.212598
vt 0.579032 0.214154
vt 0.595870 0.200614
vt 0.594842 0.210230
vt 0.595636 0.202847
vt 0.595381 0.205246
vt 0.595118 0.207732
vt 0.592596 0.210126
vt 0.592265 0.200498
vt 0.592520 0.207623
vt 0.592433 0.205130
vt 0.592349 0.202739
vt 0.582450 0.214147
vt 0.577566 0.208775
vt 0.579139 0.210502
vt 0.580798 0.212319
vt 0.584197 0.212795
vt 0.580096 0.206763
vt 0.581426 0.208709
vt 0.582814 0.210747
vt 0.597060 0.210648
vt 0.598888 0.203431
vt 0.598296 0.205763
vt 0.597686 0.208202
vt 0.586126 0.211698
vt 0.582898 0.205117
vt 0.583949 0.207247
vt 0.585040 0.209472
vt 0.602888 0.202377
vt 0.599203 0.211372
vt 0.602034 0.204468
vt 0.601125 0.206688
vt 0.600171 0.209029
vt 0.588194 0.210875
vt 0.585920 0.203892
vt 0.586658 0.206140
vt 0.587425 0.208493
vt 0.601235 0.212377
vt 0.605012 0.205933
vt 0.603796 0.208016
vt 0.602513 0.210203
vt 0.590362 0.210339
vt 0.589088 0.203087
vt 0.589506 0.205431
vt 0.589941 0.207880
vt 0.603104 0.213666
vt 0.607757 0.207804
vt 0.606251 0.209706
vt 0.604681 0.211677
vt 0.611840 0.208488
vt 0.604782 0.215194
vt 0.610202 0.210048
vt 0.608457 0.211709
vt 0.606633 0.213445
vt 0.606230 0.216947
vt 0.612319 0.212604
vt 0.610351 0.214011
vt 0.608298 0.215482
vt 0.616071 0.214386
vt 0.607403 0.218895
vt 0.614064 0.215435
vt 0.611903 0.216560
vt 0.609663 0.217731
vt 0.608304 0.220984
vt 0.615391 0.218496
vt 0.613102 0.219303
vt 0.610701 0.220151
vt 0.608908 0.223184
vt 0.616274 0.221724
vt 0.613898 0.222199
vt 0.611411 0.222694
vt 0.609178 0.225449
vt 0.616705 0.225049
vt 0.614269 0.225183
vt 0.611727 0.225321
vt 0.618944 0.228597
vt 0.609134 0.227727
vt 0.616663 0.228406
vt 0.614213 0.228196
vt 0.611666 0.227967
vt 0.608762 0.229978
vt 0.616135 0.231741
vt 0.613738 0.231184
vt 0.611245 0.230586
vt 0.608062 0.232154
vt 0.615137 0.235001
vt 0.612829 0.234097
vt 0.610439 0.233131
vt 0.607026 0.234196
vt 0.613683 0.238153
vt 0.611471 0.236881
vt 0.609227 0.235531
vt 0.574024 0.242544
vt 0.613724 0.242714
vt 0.605693 0.236046
vt 0.581315 0.235659
vt 0.575875 0.240949
vt 0.611690 0.241168
vt 0.609656 0.239469
vt 0.577742 0.239206
vt 0.607651 0.237724
vt 0.579561 0.237399
vt 0.579915 0.233980
vt 0.573801 0.238183
vt 0.575836 0.236832
vt 0.577900 0.235404
vt 0.596161 0.197742
vt 0.596018 0.199209
vt 0.592151 0.197631
vt 0.592213 0.199093
vt 0.599438 0.201227
vt 0.600126 0.198422
vt 0.599778 0.199859
vt 0.603986 0.199674
vt 0.603424 0.201059
vt 0.606164 0.203964
vt 0.607630 0.201470
vt 0.606884 0.202743
vt 0.609164 0.206022
vt 0.610971 0.203748
vt 0.610042 0.204916
vt 0.613944 0.206491
vt 0.612869 0.207506
vt 0.614178 0.211275
vt 0.616524 0.209592
vt 0.615329 0.210449
vt 0.618646 0.213027
vt 0.617335 0.213724
vt 0.617547 0.217732
vt 0.620297 0.216743
vt 0.618892 0.217255
vt 0.618532 0.221269
vt 0.621407 0.220686
vt 0.619929 0.220986
vt 0.618999 0.224917
vt 0.621925 0.224753
vt 0.620429 0.224832
vt 0.621873 0.228834
vt 0.620384 0.228715
vt 0.618392 0.232252
vt 0.621271 0.232882
vt 0.619796 0.232560
vt 0.617342 0.235823
vt 0.620139 0.236838
vt 0.618711 0.236323
vt 0.615799 0.239295
vt 0.618506 0.240651
vt 0.617129 0.239974
vt 0.571521 0.244327
vt 0.616449 0.244424
vt 0.572809 0.243466
vt 0.615049 0.243598
vt 0.571848 0.239396
vt 0.569341 0.240854
vt 0.570617 0.240119
vt 0.570172 0.236169
vt 0.567565 0.237302
vt 0.568902 0.236729
vt 0.568950 0.232836
vt 0.566251 0.233609
vt 0.567632 0.233221
vt 0.568209 0.229396
vt 0.565448 0.229796
vt 0.566859 0.229598
vt 0.567937 0.225904
vt 0.565156 0.225921
vt 0.566576 0.225917
vt 0.568134 0.222419
vt 0.565385 0.222064
vt 0.566785 0.222245
vt 0.568832 0.218996
vt 0.566135 0.218262
vt 0.567519 0.218637
vt 0.569984 0.215684
vt 0.567423 0.214576
vt 0.568729 0.215137
vt 0.571602 0.212562
vt 0.569215 0.211097
vt 0.570441 0.211849
vt 0.571486 0.207923
vt 0.572588 0.208828
vt 0.576074 0.207144
vt 0.574165 0.205077
vt 0.575145 0.206129
vt 0.578845 0.204933
vt 0.577237 0.202608
vt 0.578065 0.203792
vt 0.581912 0.203119
vt 0.580638 0.200576
vt 0.581294 0.201876
vt 0.585222 0.201769
vt 0.584318 0.199057
vt 0.584782 0.200448
vt 0.588690 0.200866
vt 0.588180 0.198060
vt 0.588440 0.199490
vn 0.020676 -0.193992 -0.980785
vn -0.112630 -0.012311 -0.993561
vn 0.000000 -0.000000 -1.000000
vn -0.713270 -0.443505 -0.542723
vn -0.783249 -0.479402 -0.395847
vn -0.702972 -0.540182 -0.462638
vn -0.725468 -0.329117 -0.604466
vn -0.791335 -0.396261 -0.465581
vn -0.694482 -0.619810 -0.365417
vn -0.775040 -0.549137 -0.312669
vn -0.687940 -0.681211 -0.250379
vn -0.766009 -0.633872 -0.106939
vn -0.683946 -0.718680 -0.125367
vn -0.764473 -0.644656 -0.000000
vn -0.682662 -0.730734 -0.000000
vn -0.683995 -0.718233 0.127642
vn -0.770246 -0.601394 0.212241
vn -0.687940 -0.681213 0.250376
vn -0.836758 0.019549 0.547223
vn -0.778539 0.168816 0.604465
vn -0.765291 0.044512 0.642143
vn -0.694209 -0.622368 0.361570
vn -0.776102 -0.549541 0.309305
vn -0.702796 -0.541808 0.461000
vn -0.824812 -0.089444 0.558288
vn -0.752004 -0.080149 0.654268
vn -0.782342 -0.480655 0.396122
vn -0.713480 -0.441594 0.544004
vn -0.857978 0.221754 0.463356
vn -0.790528 0.281291 0.544004
vn -0.800360 -0.300562 0.518736
vn -0.725691 -0.326986 0.605354
vn -0.801037 0.379883 0.462632
vn -0.812562 -0.197125 0.548530
vn -0.738715 -0.204816 0.642146
vn -0.873460 0.374259 0.311446
vn -0.809790 0.462067 0.361571
vn -0.088121 0.826787 -0.555569
vn -0.187143 0.686803 -0.702338
vn -0.200234 0.809625 -0.551737
vn -0.879946 0.424749 0.212799
vn -0.816159 0.521789 0.248235
vn -0.881390 0.459705 0.108733
vn -0.820059 0.558378 0.125370
vn -0.884416 0.466698 -0.000712
vn -0.821342 0.570431 -0.002314
vn -0.882311 0.457308 -0.111343
vn -0.819964 0.557479 -0.129913
vn -0.878892 0.425234 -0.216159
vn -0.815970 0.520027 -0.252517
vn -0.874080 0.372816 -0.311437
vn -0.809656 0.460790 -0.363497
vn -0.801208 0.381510 -0.460995
vn -0.865157 0.307378 -0.396260
vn -0.790525 0.281294 -0.544008
vn -0.846676 0.122973 -0.517704
vn -0.778309 0.166690 -0.605351
vn -0.834569 0.020398 -0.550526
vn -0.765292 0.044512 -0.642143
vn -0.830615 -0.033474 -0.555840
vn -0.757266 -0.016037 -0.652910
vn -0.743634 -0.143930 -0.652911
vn -0.812245 -0.196441 -0.549243
vn -0.738474 -0.207074 -0.641698
vn -0.088121 0.826786 0.555572
vn -0.186745 0.686661 0.702584
vn -0.074941 0.703124 0.707108
vn -0.040558 0.380530 0.923879
vn -0.133581 0.180685 0.974428
vn -0.020676 0.193991 0.980785
vn -0.122072 0.084937 0.988880
vn -0.010388 0.097465 0.995185
vn 0.010388 -0.097465 0.995185
vn -0.092496 -0.204781 0.974428
vn 0.020676 -0.193991 0.980785
vn -0.072337 -0.390366 0.917814
vn 0.040558 -0.380528 0.923880
vn 0.058879 -0.552442 0.831469
vn -0.054134 -0.561144 0.825946
vn 0.074940 -0.703123 0.707108
vn -0.037822 -0.710592 0.702587
vn -0.025128 -0.833302 0.552246
vn 0.088123 -0.826787 0.555569
vn -0.015758 -0.924769 0.380202
vn 0.097917 -0.918676 0.382683
vn 0.103945 -0.975262 0.195091
vn -0.009379 -0.981049 0.193535
vn 0.105981 -0.994368 0.000000
vn -0.006982 -0.999976 0.000000
vn -0.009766 -0.980988 -0.193825
vn 0.103948 -0.975261 -0.195091
vn -0.015391 -0.924653 -0.380501
vn 0.097915 -0.918676 -0.382683
vn 0.088123 -0.826786 -0.555572
vn -0.024727 -0.833466 -0.552018
vn -0.038180 -0.710818 -0.702339
vn 0.074941 -0.703124 -0.707107
vn -0.040558 0.380530 -0.923879
vn -0.133173 0.180437 -0.974529
vn -0.153334 0.366015 -0.917890
vn -0.054541 -0.560906 -0.826081
vn 0.058879 -0.552440 -0.831470
vn -0.058881 0.552441 -0.831470
vn -0.171191 0.537129 -0.825946
vn 0.040557 -0.380528 -0.923880
vn -0.071986 -0.390062 -0.917970
vn -0.074941 0.703124 -0.707107
vn -0.020676 0.193991 -0.980785
vn -0.092087 -0.205047 -0.974410
vn -0.097915 0.918676 -0.382684
vn -0.209573 0.900833 -0.380237
vn -0.216311 0.956892 -0.193823
vn -0.103946 0.975262 -0.195089
vn -0.217588 0.976041 0.000000
vn -0.105982 0.994368 0.000000
vn -0.103946 0.975262 0.195089
vn -0.216311 0.956892 0.193824
vn -0.097915 0.918677 0.382683
vn -0.209935 0.900637 0.380499
vn -0.200198 0.809286 0.552247
vn -0.058881 0.552443 0.831469
vn -0.152583 0.366128 0.917970
vn -0.781597 0.167446 0.600889
vn -0.936339 -0.029764 0.349834
vn -0.770711 0.044482 0.635630
vn -0.943445 0.038066 0.329337
vn -0.994581 -0.102291 0.018567
vn -0.994961 -0.098790 0.017107
vn -0.936844 -0.161871 -0.310033
vn -0.800868 -0.299701 -0.518449
vn -0.927830 -0.223037 -0.298975
vn -0.759320 -0.016570 0.650507
vn -0.932007 -0.064000 0.356744
vn -0.994392 -0.104185 0.018165
vn -0.817492 -0.142406 -0.558057
vn -0.934382 -0.132349 -0.330779
vn -0.745761 -0.143845 0.650499
vn -0.921610 -0.167015 0.350343
vn -0.741819 -0.205235 0.638423
vn -0.924559 -0.133877 0.356745
vn -0.993825 -0.109450 0.018233
vn -0.994013 -0.107744 0.018164
vn -0.948585 -0.038776 -0.314137
vn -0.941284 -0.067562 -0.330786
vn -0.914468 -0.234764 0.329599
vn -0.731197 -0.326766 0.598812
vn -0.993173 -0.114807 0.020663
vn -0.953900 0.021562 -0.299350
vn -0.715511 -0.441298 0.541571
vn -0.906273 -0.298716 0.299061
vn -0.959024 0.079861 -0.271835
vn -0.993386 -0.114218 0.011811
vn -0.857469 0.220878 -0.464715
vn -0.705235 -0.538696 0.460924
vn -0.992407 -0.121995 0.015681
vn -0.905100 -0.345587 0.247717
vn -0.965976 0.124380 -0.226761
vn -0.895878 -0.396242 0.200984
vn -0.697869 -0.617587 0.362719
vn -0.969337 0.166400 -0.180822
vn -0.992974 -0.118083 0.007737
vn -0.895469 -0.423748 0.136284
vn -0.690243 -0.678881 0.250370
vn -0.992337 -0.123352 0.007245
vn -0.973534 0.192634 -0.122981
vn -0.888669 -0.453030 0.070926
vn -0.690000 -0.712774 0.125910
vn -0.992316 -0.123679 0.003543
vn -0.973483 0.219384 -0.064813
vn -0.685001 -0.728542 -0.000000
vn -0.992184 -0.124785 0.000001
vn -0.894226 -0.447615 0.000000
vn -0.975419 0.220357 0.000003
vn -0.888696 -0.452988 -0.070863
vn -0.688684 -0.713908 -0.126686
vn -0.992316 -0.123681 -0.003543
vn -0.974287 0.216234 0.063310
vn -0.690260 -0.679203 -0.249450
vn -0.992337 -0.123353 -0.007244
vn -0.897052 -0.421101 -0.134062
vn -0.972818 0.195946 0.123410
vn -0.894420 -0.399073 -0.201874
vn -0.700236 -0.616748 -0.359573
vn -0.992974 -0.118084 -0.007737
vn -0.969337 0.166400 0.180822
vn -0.752806 -0.080842 -0.653260
vn -0.935203 -0.028698 -0.352948
vn -0.769667 0.045404 -0.636829
vn -0.994083 -0.106272 -0.022495
vn -0.931353 -0.099267 -0.350324
vn -0.940770 -0.101623 0.323456
vn -0.994629 -0.101192 -0.021769
vn -0.932560 -0.164574 0.321322
vn -0.705187 -0.538122 -0.461666
vn -0.992407 -0.121995 -0.015682
vn -0.903652 -0.347176 -0.250762
vn -0.965976 0.124380 0.226761
vn -0.780432 0.167725 -0.602324
vn -0.944398 0.035849 -0.326846
vn -0.930559 -0.220837 0.292045
vn -0.994907 -0.099868 -0.013673
vn -0.715705 -0.440476 -0.541985
vn -0.909344 -0.294201 -0.294176
vn -0.993114 -0.116122 -0.015503
vn -0.959991 0.078706 0.268743
vn -0.948925 0.100256 -0.299148
vn -0.795523 0.276745 -0.539031
vn -0.995300 -0.095609 -0.015372
vn -0.790582 -0.396203 0.466908
vn -0.921901 -0.278675 0.269144
vn -0.913179 -0.235538 -0.332603
vn -0.729850 -0.327703 -0.599942
vn -0.993455 -0.112919 -0.017198
vn -0.846336 0.126908 0.517310
vn -0.954068 0.023133 0.298696
vn -0.800738 0.380184 -0.462903
vn -0.956559 0.149948 -0.250019
vn -0.995597 -0.092826 -0.013042
vn -0.916701 -0.327459 0.228976
vn -0.743051 -0.205572 -0.636880
vn -0.920339 -0.167732 -0.353329
vn -0.993931 -0.109096 -0.014088
vn -0.946539 -0.037282 0.320429
vn -0.959456 0.198854 -0.199754
vn -0.814498 0.455302 -0.359573
vn -0.995840 -0.090548 -0.010217
vn -0.911027 -0.370473 0.181052
vn -0.817910 0.518457 -0.249450
vn -0.964769 0.225816 -0.135011
vn -0.996019 -0.088863 -0.006996
vn -0.909188 -0.397948 0.122536
vn -0.965144 0.252223 -0.069863
vn -0.823733 0.552656 -0.126630
vn -0.996129 -0.087835 -0.003508
vn -0.907263 -0.416001 0.061780
vn -0.824121 0.566412 0.001548
vn -0.966675 0.256004 0.001317
vn -0.996483 -0.083795 0.000452
vn -0.765159 -0.634736 0.107897
vn -0.906162 -0.422930 -0.000000
vn -0.823787 0.552348 0.127622
vn -0.965920 0.248928 0.070941
vn -0.909085 -0.412049 -0.061487
vn -0.995805 -0.091444 0.003352
vn -0.818856 0.517014 0.249341
vn -0.962796 0.231826 0.138852
vn -0.995691 -0.092590 0.005215
vn -0.769835 -0.601337 -0.213886
vn -0.907876 -0.400034 -0.125433
vn -0.811423 0.458079 0.362983
vn -0.996117 -0.087180 0.012235
vn -0.961184 0.192814 0.197353
vn -0.912490 -0.366969 -0.180822
vn -0.802846 0.378041 0.461002
vn -0.956510 0.149491 0.250483
vn -0.995757 -0.090602 0.016079
vn -0.914930 -0.329986 -0.232405
vn -0.948859 0.101069 0.299084
vn -0.792504 0.280572 0.541495
vn -0.921901 -0.278675 -0.269145
vn -0.995085 -0.098277 0.012182
vn -0.171539 0.536814 0.826078
vn -0.398859 -0.043545 -0.915978
vn -0.378588 -0.220454 -0.898928
vn -0.363279 -0.390993 -0.845667
vn -0.342953 -0.548822 -0.762350
vn -0.331190 -0.686629 -0.647189
vn -0.318286 -0.800172 -0.508349
vn -0.307769 -0.884315 -0.351091
vn -0.304067 -0.935745 -0.178672
vn -0.300957 -0.953638 -0.000000
vn -0.303210 -0.936191 0.177794
vn -0.309592 -0.883921 0.350479
vn -0.317786 -0.799439 0.509814
vn -0.329399 -0.686748 0.647976
vn -0.345893 -0.548705 0.761105
vn -0.361336 -0.390844 0.846568
vn -0.379015 -0.219582 0.898961
vn -0.101427 -0.108758 0.988880
vn -0.386954 -0.131537 0.912669
vn -0.416784 0.134765 0.898960
vn -0.405981 0.047024 0.912671
vn -0.436123 0.305437 0.846466
vn -0.453193 0.463398 0.761497
vn -0.466333 0.602073 0.648106
vn -0.480495 0.714205 0.508956
vn -0.488188 0.799331 0.350347
vn -0.491836 0.852109 0.178909
vn -0.496109 0.868260 0.000628
vn -0.494465 0.850636 -0.178672
vn -0.487802 0.799420 -0.350682
vn -0.479259 0.715566 -0.508209
vn -0.468472 0.601399 -0.647188
vn -0.452387 0.463436 -0.761954
vn -0.433707 0.306705 -0.847249
vn -0.418726 0.134677 -0.898070
vn -0.000000 0.000000 1.000000
vn -0.020676 0.193992 0.980785
vn 0.000000 0.000000 1.000000
vn -0.040558 0.380529 0.923879
vn -0.020676 0.193991 0.980785
vn -0.058880 0.552441 0.831469
vn -0.040557 0.380528 0.923880
vn -0.058881 0.552441 0.831469
vn -0.074941 0.703125 0.707106
vn -0.074941 0.703124 0.707107
vn -0.088121 0.826788 0.555569
vn -0.088121 0.826787 0.555570
vn -0.097915 0.918676 0.382684
vn -0.103946 0.975262 0.195090
vn -0.097915 0.918677 0.382682
vn -0.105982 0.994368 0.000000
vn -0.103946 0.975261 0.195091
vn -0.103946 0.975262 -0.195089
vn -0.105982 0.994368 0.000000
vn -0.097915 0.918676 -0.382684
vn -0.103946 0.975261 -0.195091
vn -0.088121 0.826787 -0.555570
vn -0.097915 0.918677 -0.382682
vn -0.074941 0.703124 -0.707108
vn -0.088121 0.826787 -0.555570
vn -0.058881 0.552441 -0.831470
vn -0.074941 0.703124 -0.707107
vn -0.040558 0.380529 -0.923879
vn -0.058881 0.552442 -0.831469
vn -0.020676 0.193991 -0.980785
vn -0.040557 0.380528 -0.923880
vn -0.010388 0.097464 -0.995185
vn -0.020676 0.193992 -0.980785
vn 0.020676 -0.193992 -0.980785
vn 0.010388 -0.097464 -0.995185
vn 0.010388 -0.097465 -0.995185
vn 0.040558 -0.380529 -0.923879
vn 0.020676 -0.193991 -0.980785
vn 0.058881 -0.552442 -0.831469
vn 0.040557 -0.380528 -0.923880
vn 0.074941 -0.703124 -0.707107
vn 0.058881 -0.552441 -0.831470
vn 0.074941 -0.703125 -0.707106
vn 0.088121 -0.826787 -0.555570
vn 0.097915 -0.918676 -0.382684
vn 0.088121 -0.826786 -0.555571
vn 0.103946 -0.975262 -0.195090
vn 0.097915 -0.918676 -0.382683
vn 0.105982 -0.994368 0.000001
vn 0.103946 -0.975262 -0.195090
vn 0.103946 -0.975261 0.195091
vn 0.105982 -0.994368 -0.000000
vn 0.097915 -0.918676 0.382684
vn 0.103946 -0.975261 0.195091
vn 0.088121 -0.826787 0.555570
vn 0.097915 -0.918676 0.382683
vn 0.088121 -0.826787 0.555570
vn 0.074941 -0.703124 0.707107
vn 0.074941 -0.703124 0.707107
vn 0.058881 -0.552442 0.831469
vn 0.058881 -0.552441 0.831469
vn 0.040558 -0.380529 0.923879
vn 0.020676 -0.193991 0.980785
vn 0.040558 -0.380528 0.923880
vn 0.020676 -0.193991 0.980785
vn -0.000000 -0.000001 -1.000000
vn 0.133236 -0.181032 -0.974410
vn 0.020676 -0.193991 -0.980785
vn 0.800859 -0.378254 -0.464273
vn 0.856018 -0.221658 -0.467012
vn 0.790322 -0.279377 -0.545289
vn 0.847852 -0.123641 -0.515617
vn 0.778311 -0.166690 -0.605348
vn 0.809518 -0.459510 -0.365419
vn 0.867047 -0.303740 -0.394932
vn 0.816066 -0.520910 -0.250377
vn 0.872451 -0.375820 -0.312392
vn 0.883296 -0.456178 -0.108117
vn 0.878283 -0.426627 -0.215889
vn 0.820059 -0.558379 -0.125368
vn 0.884142 -0.467216 0.001521
vn 0.820058 -0.558378 0.125370
vn 0.821344 -0.570434 -0.000000
vn 0.816066 -0.520909 0.250378
vn 0.881391 -0.459703 0.108732
vn 0.725691 0.326987 0.605353
vn 0.812875 0.194182 0.549116
vn 0.738716 0.204816 0.642144
vn 0.873552 -0.375111 0.310161
vn 0.878404 -0.427763 0.213133
vn 0.809522 -0.459507 0.365416
vn 0.866926 -0.305691 0.393690
vn 0.825136 0.086412 0.558287
vn 0.752002 0.080149 0.654270
vn 0.790527 -0.281293 0.544005
vn 0.801037 -0.379884 0.462631
vn 0.713685 0.439680 0.545284
vn 0.801736 0.298663 0.517706
vn 0.847853 -0.123641 0.515615
vn 0.856593 -0.223135 0.465253
vn 0.703144 0.538552 0.464273
vn 0.792519 0.395525 0.464193
vn 0.778311 -0.166691 0.605348
vn 0.834569 -0.020398 0.550526
vn 0.694483 0.619809 0.365418
vn 0.781048 0.481755 0.397337
vn 0.025128 0.833302 -0.552247
vn -0.074941 0.703124 -0.707107
vn -0.088121 0.826788 -0.555568
vn 0.687941 0.681211 0.250375
vn 0.776187 0.548751 0.310493
vn 0.765614 0.633955 0.109252
vn 0.768511 0.603295 0.213133
vn 0.682661 0.730732 0.002315
vn 0.683997 0.718231 0.127638
vn 0.683996 0.718232 -0.127642
vn 0.766182 0.642623 0.000714
vn 0.768130 0.602958 -0.215447
vn 0.765222 0.634156 -0.110821
vn 0.688033 0.680328 -0.252516
vn 0.776187 0.548751 -0.310492
vn 0.694482 0.619810 -0.365418
vn 0.783249 0.479402 -0.395847
vn 0.713481 0.441595 -0.544002
vn 0.702973 0.540182 -0.462635
vn 0.800360 0.300561 -0.518735
vn 0.790584 0.396202 -0.466905
vn 0.725694 0.326988 -0.605349
vn 0.812562 0.197124 -0.548530
vn 0.738715 0.204816 -0.642145
vn 0.819013 0.142347 -0.555837
vn 0.765291 -0.044512 -0.642144
vn 0.830614 0.033474 -0.555841
vn 0.757260 0.016037 -0.652916
vn -0.074941 0.703124 0.707107
vn 0.025127 0.833304 0.552244
vn -0.088121 0.826788 0.555568
vn -0.020676 0.193992 0.980785
vn 0.071986 0.390062 0.917970
vn -0.040557 0.380528 0.923880
vn -0.010388 0.097464 0.995185
vn 0.092087 0.205047 0.974410
vn 0.020676 -0.193991 0.980785
vn 0.122072 -0.084937 0.988880
vn 0.010388 -0.097464 0.995185
vn 0.152989 -0.366350 0.917814
vn 0.040557 -0.380528 0.923880
vn 0.058881 -0.552441 0.831470
vn 0.187494 -0.686518 0.702524
vn 0.074942 -0.703124 0.707107
vn 0.088120 -0.826787 0.555569
vn 0.097913 -0.918676 0.382685
vn 0.200234 -0.809625 0.551737
vn 0.215932 -0.956915 0.194132
vn 0.103944 -0.975262 0.195089
vn 0.217962 -0.975957 0.000305
vn 0.105983 -0.994368 0.000000
vn 0.216311 -0.956892 -0.193824
vn 0.103947 -0.975262 -0.195089
vn 0.097913 -0.918676 -0.382685
vn 0.199841 -0.809532 -0.552016
vn 0.088121 -0.826789 -0.555568
vn 0.074940 -0.703126 -0.707106
vn -0.040558 0.380529 -0.923879
vn 0.092497 0.204783 -0.974427
vn -0.020676 0.193993 -0.980785
vn 0.058881 -0.552442 -0.831469
vn 0.187493 -0.686518 -0.702524
vn 0.054188 0.560639 -0.826285
vn -0.058880 0.552439 -0.831471
vn 0.152989 -0.366351 -0.917814
vn 0.040558 -0.380528 -0.923880
vn 0.765292 -0.044511 0.642142
vn 0.015759 0.924769 -0.380203
vn -0.097915 0.918677 -0.382683
vn -0.103946 0.975262 -0.195090
vn -0.105982 0.994368 -0.000000
vn 0.009003 0.980991 -0.193843
vn 0.009003 0.980991 0.193842
vn -0.103946 0.975262 0.195090
vn 0.015760 0.924768 0.380206
vn -0.097915 0.918675 0.382687
vn 0.834569 -0.020398 -0.550525
vn 0.054187 0.560638 0.826286
vn -0.058880 0.552440 0.831470
vn 0.740595 0.205934 0.639618
vn 0.914425 0.234228 0.330096
vn 0.728829 0.327672 0.601198
vn 0.993800 0.109682 0.018188
vn 0.993173 0.114852 0.020418
vn 0.948689 0.037801 -0.313942
vn 0.951754 -0.025928 -0.305765
vn 0.745759 0.143845 0.650501
vn 0.921545 0.167637 0.350218
vn 0.993991 0.107817 0.018928
vn 0.944129 0.068702 -0.322337
vn 0.759321 0.016570 0.650505
vn 0.937306 0.031420 0.347089
vn 0.932006 0.064000 0.356748
vn 0.994581 0.102290 0.018561
vn 0.994392 0.104185 0.018162
vn 0.935609 0.163194 -0.313056
vn 0.934382 0.132349 -0.330778
vn 0.767362 -0.045213 0.639619
vn 0.941144 -0.039524 0.335686
vn 0.994941 0.099052 0.016780
vn 0.927394 0.223731 -0.299807
vn 0.792449 -0.280576 0.541574
vn 0.784784 -0.165187 0.597350
vn 0.995279 0.095808 0.015505
vn 0.921987 0.277863 -0.269690
vn 0.802935 -0.377953 0.460920
vn 0.949933 -0.098714 0.296450
vn 0.995608 0.092654 0.013384
vn 0.918427 0.324395 -0.226407
vn 0.960279 -0.195780 0.198833
vn 0.957606 -0.147056 0.247718
vn 0.995840 0.090548 0.010216
vn 0.812362 -0.456620 0.362720
vn 0.961985 -0.235056 0.139047
vn 0.995983 0.089275 0.006956
vn 0.911027 0.370472 -0.181054
vn 0.908781 0.398366 -0.124188
vn 0.822777 -0.554344 0.125460
vn 0.819866 -0.515839 0.248455
vn 0.995805 0.091444 0.003353
vn 0.909119 0.411726 -0.063118
vn 0.823170 -0.567796 -0.000001
vn 0.965977 -0.249246 0.069027
vn 0.996501 0.083586 0.000317
vn 0.965145 -0.252036 -0.070515
vn 0.968481 -0.249086 -0.000001
vn 0.996124 0.087882 -0.003740
vn 0.905221 0.424941 0.000484
vn 0.908745 0.412575 0.062957
vn 0.817909 -0.518458 -0.249452
vn 0.823684 -0.552715 -0.126688
vn 0.963809 -0.228936 -0.136605
vn 0.995983 0.089277 -0.006953
vn 0.961312 -0.193818 -0.195737
vn 0.996080 0.087531 -0.012761
vn 0.911027 0.370472 0.181054
vn 0.907298 0.401595 0.124631
vn 0.756476 0.079621 -0.649157
vn 0.920243 0.169059 -0.352947
vn 0.929036 0.098338 -0.356681
vn 0.994184 0.106082 -0.018564
vn 0.993800 0.109682 -0.018187
vn 0.941055 0.098947 0.323458
vn 0.948689 0.037801 0.313942
vn 0.811485 -0.459185 -0.361442
vn 0.954677 -0.154017 -0.254695
vn 0.919690 0.322811 0.223524
vn 0.729897 0.328559 -0.599415
vn 0.742810 0.206606 -0.636826
vn 0.912835 0.236930 -0.332559
vn 0.993467 0.112877 -0.016786
vn 0.792467 -0.279731 -0.541984
vn 0.805889 -0.374530 -0.458552
vn 0.949875 -0.098202 -0.296805
vn 0.995346 0.095743 -0.010901
vn 0.995144 0.097724 -0.011810
vn 0.715567 0.441307 -0.541491
vn 0.993075 0.116420 -0.015741
vn 0.961175 -0.076680 0.265072
vn 0.951755 -0.025928 0.305762
vn 0.942370 -0.038351 -0.332368
vn 0.995025 0.098192 -0.016857
vn 0.920648 0.280201 0.271837
vn 0.927926 0.222132 0.299350
vn 0.706302 0.539004 -0.458925
vn 0.909153 0.295371 -0.293594
vn 0.901984 0.350947 -0.251518
vn 0.992797 0.119100 -0.013042
vn 0.965254 -0.128092 0.227765
vn 0.766315 -0.045897 -0.640824
vn 0.782521 -0.166509 -0.599946
vn 0.994615 0.101282 -0.022002
vn 0.934366 0.161719 0.317502
vn 0.697693 0.619244 -0.360223
vn 0.895765 0.397305 -0.199383
vn 0.993013 0.117715 -0.008292
vn 0.969496 -0.167890 0.178580
vn 0.690259 0.679203 -0.249452
vn 0.992410 0.122726 -0.007813
vn 0.972638 -0.197379 0.122540
vn 0.938596 0.031305 -0.343594
vn 0.891880 0.446893 -0.069537
vn 0.895526 0.423843 -0.135610
vn 0.991785 0.127831 -0.004698
vn 0.975310 -0.211964 0.061977
vn 0.686223 0.727390 0.001546
vn 0.688745 0.713859 -0.126628
vn 0.891001 0.453999 0.001314
vn 0.992229 0.124423 0.000117
vn 0.688862 0.713570 0.127621
vn 0.891756 0.446922 0.070940
vn 0.992270 0.124045 0.003736
vn 0.975195 -0.221349 0.000365
vn 0.690242 0.678882 0.250371
vn 0.893934 0.426476 0.137840
vn 0.992384 0.122974 0.007212
vn 0.973776 -0.218266 -0.064188
vn 0.972530 -0.196353 -0.125026
vn 0.699173 0.616825 0.361502
vn 0.895854 0.396258 0.201061
vn 0.992603 0.120984 0.010094
vn 0.969152 -0.168054 -0.180285
vn 0.703823 0.540005 0.461550
vn 0.992771 0.119272 0.013385
vn 0.965408 -0.126433 -0.228038
vn 0.905014 0.299465 0.302110
vn 0.904956 0.345801 0.247945
vn 0.993386 0.114218 0.011811
vn 0.960827 -0.076070 -0.266507
vn 0.719223 0.439125 0.538412
vn 0.397613 0.041976 -0.916592
vn 0.417870 -0.134824 -0.898447
vn 0.436999 -0.306102 -0.845774
vn 0.170788 -0.536941 -0.826151
vn 0.452032 -0.463813 -0.761934
vn 0.466531 -0.601528 -0.648470
vn 0.481063 -0.714121 -0.508538
vn 0.487243 -0.799581 -0.351090
vn 0.209935 -0.900637 -0.380501
vn 0.494465 -0.850636 -0.178672
vn 0.494652 -0.869091 0.000338
vn 0.493707 -0.851121 0.178455
vn 0.209572 -0.900832 0.380237
vn 0.490028 -0.798230 0.350289
vn 0.479186 -0.714872 0.509254
vn 0.465649 -0.602367 0.648325
vn 0.170788 -0.536940 0.826152
vn 0.454297 -0.462998 0.761083
vn 0.434295 -0.306862 0.846891
vn 0.418203 -0.135112 0.898249
vn 0.133581 -0.180686 0.974427
vn 0.405983 -0.047024 0.912670
vn 0.385815 0.131465 0.913161
vn 0.380863 0.220557 0.897941
vn 0.361825 0.391653 0.845985
vn 0.344493 0.548856 0.761631
vn 0.329782 0.686874 0.647648
vn 0.038227 0.710387 0.702772
vn 0.316307 0.800140 0.509633
vn 0.309591 0.883921 0.350481
vn 0.302373 0.936268 0.178811
vn 0.300772 0.953696 0.000625
vn 0.007744 0.999970 -0.000000
vn 0.305255 0.935378 -0.178574
vn 0.307163 0.884612 -0.350874
vn 0.317712 0.800131 -0.508773
vn 0.038227 0.710388 -0.702771
vn 0.329783 0.686874 -0.647647
vn 0.345951 0.548153 -0.761477
vn 0.071986 0.390063 -0.917970
vn 0.360473 0.391160 -0.846790
vn 0.380329 0.220221 -0.898250
vn 0.112694 0.011704 -0.993561
vn -0.864422 0.307720 0.397596
vn -0.010388 0.097464 -0.995185
vn 0.743631 0.143929 -0.652915
vn 0.102181 0.108830 0.988795
vn 0.927146 0.133496 0.350114
s 1
g Piece3 Supermarine_Spitfire_Mk:GLTF_SceneRootNode Supermarine_Spitfire_Mk:root Supermarine_Spitfire_Mk:Sketchfab_model Supermarine_Spitfire_Mk:Meshes Supermarine_Spitfire_Mk:scene Supermarine_Spitfire_Mk:Object_98
usemtl Supermarine_Spitfire_Mk:Object_98SG
f 109/69/41 316/276/42 107/67/43
f 81/41/44 181/141/45 83/43/46
f 80/40/47 173/133/48 81/41/44
f 181/141/45 85/45/49 83/43/46
f 185/145/50 87/47/51 85/45/49
f 87/47/51 193/153/52 89/49/53
f 89/49/53 197/157/54 91/51/55
f 197/157/54 93/53/56 91/51/55
f 93/53/56 206/166/57 95/55/58
f 211/171/59 46/6/60 42/2/61
f 206/166/57 97/57/62 95/55/58
f 220/180/63 99/59/64 97/57/62
f 215/175/65 42/2/61 44/4/66
f 224/184/67 101/61/68 99/59/64
f 46/6/60 237/197/69 48/8/70
f 101/61/68 241/201/71 104/64/72
f 237/197/69 50/10/73 48/8/70
f 104/64/72 249/209/74 106/66/75
f 50/10/73 253/213/76 52/12/77
f 163/123/78 393/353/79 390/350/80
f 52/12/77 258/218/81 54/14/82
f 54/14/82 262/222/83 56/16/84
f 56/16/84 267/227/85 58/18/86
f 58/18/86 271/231/87 60/20/88
f 60/20/88 275/235/89 62/22/90
f 62/22/90 279/239/91 64/24/92
f 279/239/91 66/26/93 64/24/92
f 284/244/94 68/28/95 66/26/93
f 68/28/95 292/252/96 70/30/97
f 70/30/97 296/256/98 72/32/99
f 72/32/99 303/263/100 76/36/101
f 75/35/102 310/270/103 78/38/104
f 151/111/105 370/330/106 149/109/107
f 145/105/108 361/321/109 143/103/110
f 143/103/110 356/316/111 139/99/112
f 142/102/113 354/314/114 138/98/115
f 138/98/115 351/311/116 136/96/117
f 134/94/118 351/311/116 348/308/119
f 132/92/120 348/308/119 345/305/121
f 132/92/120 343/303/122 130/90/123
f 130/90/123 340/300/124 128/88/125
f 125/85/126 340/300/124 337/297/127
f 123/83/128 337/297/127 334/294/129
f 123/83/128 332/292/130 121/81/131
f 121/81/131 329/289/132 119/79/133
f 117/77/134 329/289/132 327/287/135
f 117/77/134 324/284/136 115/75/137
f 169/129/138 402/362/139 399/359/140
f 115/75/137 321/281/141 113/73/142
f 167/127/143 399/359/140 396/356/144
f 111/71/145 321/281/141 319/279/146
f 106/66/75 215/175/65 44/4/66
f 167/127/143 393/353/79 165/125/147
f 171/131/148 316/276/42 402/362/139
f 109/69/41 319/279/146 314/274/149
f 162/122/150 390/350/80 387/347/151
f 162/122/150 385/345/152 160/120/153
f 160/120/153 382/342/154 158/118/155
f 156/116/156 382/342/154 379/339/157
f 153/113/158 379/339/157 376/336/159
f 153/113/158 373/333/160 151/111/105
f 310/270/103 80/40/47 78/38/104
f 147/107/161 364/324/162 145/105/108
f 363/323/163 311/271/164 360/320/165
f 180/140/166 312/272/167 311/271/164
f 179/139/168 313/273/169 312/272/167
f 177/137/170 313/273/169 178/138/171
f 311/271/164 300/260/172 360/320/165
f 312/272/167 304/264/173 311/271/164
f 313/273/169 306/266/174 312/272/167
f 313/273/169 302/262/175 308/268/176
f 301/261/177 297/257/178 353/313/179
f 305/265/180 298/258/181 297/257/178
f 307/267/182 299/259/183 298/258/181
f 303/263/100 299/259/183 309/269/184
f 353/313/179 293/253/185 350/310/186
f 297/257/178 294/254/187 293/253/185
f 298/258/181 295/255/188 294/254/187
f 299/259/183 292/252/96 295/255/188
f 293/253/185 347/307/189 350/310/186
f 294/254/187 289/249/190 293/253/185
f 294/254/187 291/251/191 290/250/192
f 295/255/188 288/248/193 291/251/191
f 289/249/190 283/243/194 347/307/189
f 289/249/190 286/246/195 285/245/196
f 290/250/192 287/247/197 286/246/195
f 288/248/193 287/247/197 291/251/191
f 283/243/194 280/240/198 342/302/199
f 286/246/195 280/240/198 285/245/196
f 286/246/195 282/242/200 281/241/201
f 287/247/197 279/239/91 282/242/200
f 342/302/199 276/236/202 339/299/203
f 280/240/198 277/237/204 276/236/202
f 281/241/201 278/238/205 277/237/204
f 282/242/200 275/235/89 278/238/205
f 339/299/203 272/232/206 336/296/207
f 277/237/204 272/232/206 276/236/202
f 278/238/205 273/233/208 277/237/204
f 278/238/205 271/231/87 274/234/209
f 272/232/206 266/226/210 336/296/207
f 272/232/206 269/229/211 268/228/212
f 273/233/208 270/230/213 269/229/211
f 274/234/209 267/227/85 270/230/213
f 266/226/210 263/223/214 331/291/215
f 269/229/211 263/223/214 268/228/212
f 270/230/213 264/224/216 269/229/211
f 267/227/85 265/225/217 270/230/213
f 263/223/214 257/217/218 331/291/215
f 263/223/214 260/220/219 259/219/220
f 264/224/216 261/221/221 260/220/219
f 265/225/217 258/218/81 261/221/221
f 257/217/218 254/214/222 326/286/223
f 260/220/219 254/214/222 259/219/220
f 261/221/221 255/215/224 260/220/219
f 258/218/81 256/216/225 261/221/221
f 216/176/226 250/210/227 401/361/228
f 218/178/229 250/210/227 219/179/230
f 217/177/231 251/211/232 218/178/229
f 215/175/65 252/212/233 217/177/231
f 254/214/222 323/283/234 326/286/223
f 254/214/222 247/207/235 246/206/236
f 256/216/225 247/207/235 255/215/224
f 253/213/76 248/208/237 256/216/225
f 250/210/227 398/358/238 401/361/228
f 251/211/232 242/202/239 250/210/227
f 251/211/232 244/204/240 243/203/241
f 249/209/74 244/204/240 252/212/233
f 246/206/236 236/196/242 323/283/234
f 247/207/235 238/198/243 246/206/236
f 248/208/237 239/199/244 247/207/235
f 248/208/237 237/197/69 240/200/245
f 398/358/238 233/193/246 395/355/247
f 243/203/241 233/193/246 242/202/239
f 244/204/240 234/194/248 243/203/241
f 244/204/240 232/192/249 235/195/250
f 236/196/242 229/189/251 318/278/252
f 239/199/244 229/189/251 238/198/243
f 240/200/245 230/190/253 239/199/244
f 240/200/245 228/188/254 231/191/255
f 233/193/246 392/352/256 395/355/247
f 234/194/248 225/185/257 233/193/246
f 235/195/250 226/186/258 234/194/248
f 235/195/250 224/184/67 227/187/259
f 229/189/251 210/170/260 318/278/252
f 230/190/253 212/172/261 229/189/251
f 231/191/255 213/173/262 230/190/253
f 231/191/255 211/171/59 214/174/263
f 392/352/256 221/181/264 389/349/265
f 226/186/258 221/181/264 225/185/257
f 227/187/259 222/182/266 226/186/258
f 227/187/259 220/180/63 223/183/267
f 221/181/264 205/165/268 389/349/265
f 222/182/266 207/167/269 221/181/264
f 223/183/267 208/168/270 222/182/266
f 220/180/63 209/169/271 223/183/267
f 212/172/261 216/176/226 210/170/260
f 212/172/261 218/178/229 219/179/230
f 214/174/263 218/178/229 213/173/262
f 211/171/59 217/177/231 214/174/263
f 205/165/268 202/162/272 384/344/273
f 208/168/270 202/162/272 207/167/269
f 209/169/271 203/163/274 208/168/270
f 206/166/57 204/164/275 209/169/271
f 202/162/272 381/341/276 384/344/273
f 203/163/274 198/158/277 202/162/272
f 204/164/275 199/159/278 203/163/274
f 201/161/279 200/160/280 204/164/275
f 198/158/277 378/338/281 381/341/276
f 199/159/278 194/154/282 198/158/277
f 199/159/278 196/156/283 195/155/284
f 200/160/280 193/153/52 196/156/283
f 194/154/282 375/335/285 378/338/281
f 195/155/284 190/150/286 194/154/282
f 196/156/283 191/151/287 195/155/284
f 196/156/283 189/149/288 192/152/289
f 190/150/286 372/332/290 375/335/285
f 190/150/286 187/147/291 186/146/292
f 192/152/289 187/147/291 191/151/287
f 189/149/288 188/148/293 192/152/289
f 186/146/292 369/329/294 372/332/290
f 187/147/291 182/142/295 186/146/292
f 188/148/293 183/143/296 187/147/291
f 185/145/50 184/144/297 188/148/293
f 369/329/294 174/134/298 366/326/299
f 183/143/296 174/134/298 182/142/295
f 183/143/296 176/136/300 175/135/301
f 181/141/45 176/136/300 184/144/297
f 366/326/299 180/140/166 363/323/163
f 174/134/298 179/139/168 180/140/166
f 175/135/301 178/138/171 179/139/168
f 173/133/48 178/138/171 176/136/300
f 147/107/161 370/330/106 367/327/302
f 314/274/149 317/277/303 316/276/42
f 315/275/304 216/176/226 317/277/303
f 319/279/146 315/275/304 314/274/149
f 318/278/252 315/275/304 320/280/305
f 322/282/306 319/279/146 321/281/141
f 322/282/306 318/278/252 320/280/305
f 324/284/136 322/282/306 321/281/141
f 323/283/234 322/282/306 325/285/307
f 327/287/135 325/285/307 324/284/136
f 328/288/308 323/283/234 325/285/307
f 330/290/309 327/287/135 329/289/132
f 330/290/309 326/286/223 328/288/308
f 333/293/310 329/289/132 332/292/130
f 331/291/215 330/290/309 333/293/310
f 334/294/129 333/293/310 332/292/130
f 335/295/311 331/291/215 333/293/310
f 338/298/312 334/294/129 337/297/127
f 336/296/207 335/295/311 338/298/312
f 341/301/313 337/297/127 340/300/124
f 339/299/203 338/298/312 341/301/313
f 343/303/122 341/301/313 340/300/124
f 344/304/314 339/299/203 341/301/313
f 345/305/121 344/304/314 343/303/122
f 346/306/315 342/302/199 344/304/314
f 349/309/316 345/305/121 348/308/119
f 347/307/189 346/306/315 349/309/316
f 352/312/317 348/308/119 351/311/116
f 352/312/317 347/307/189 349/309/316
f 355/315/318 351/311/116 354/314/114
f 355/315/318 350/310/186 352/312/317
f 357/317/319 355/315/318 354/314/114
f 359/319/320 353/313/179 355/315/318
f 362/322/321 356/316/111 361/321/109
f 360/320/165 358/318/322 362/322/321
f 364/324/162 362/322/321 361/321/109
f 363/323/163 362/322/321 365/325/323
f 368/328/324 364/324/162 367/327/302
f 366/326/299 365/325/323 368/328/324
f 370/330/106 368/328/324 367/327/302
f 371/331/325 366/326/299 368/328/324
f 374/334/326 370/330/106 373/333/160
f 372/332/290 371/331/325 374/334/326
f 377/337/327 373/333/160 376/336/159
f 377/337/327 372/332/290 374/334/326
f 380/340/328 376/336/159 379/339/157
f 380/340/328 375/335/285 377/337/327
f 382/342/154 380/340/328 379/339/157
f 381/341/276 380/340/328 383/343/329
f 386/346/330 382/342/154 385/345/152
f 384/344/273 383/343/329 386/346/330
f 387/347/151 386/346/330 385/345/152
f 388/348/331 384/344/273 386/346/330
f 391/351/332 387/347/151 390/350/80
f 389/349/265 388/348/331 391/351/332
f 394/354/333 390/350/80 393/353/79
f 392/352/256 391/351/332 394/354/333
f 397/357/334 393/353/79 396/356/144
f 397/357/334 392/352/256 394/354/333
f 400/360/335 396/356/144 399/359/140
f 400/360/335 395/355/247 397/357/334
f 402/362/139 400/360/335 399/359/140
f 401/361/228 400/360/335 403/363/336
f 316/276/42 403/363/336 402/362/139
f 317/277/303 401/361/228 403/363/336
s 104
f 43/3/337 405/365/338 407/367/339
f 45/5/340 405/365/338 41/1/341
f 45/5/340 410/370/342 409/369/343
f 47/7/344 412/372/345 410/370/342
f 49/9/346 414/374/347 412/372/345
f 51/11/348 416/376/349 414/374/347
f 55/15/350 416/376/349 53/13/351
f 55/15/350 420/380/352 418/378/353
f 59/19/354 420/380/352 57/17/355
f 59/19/354 424/384/356 422/382/357
f 63/23/358 424/384/356 61/21/359
f 65/25/360 426/386/361 63/23/358
f 67/27/362 428/388/363 65/25/360
f 69/29/364 430/390/365 67/27/362
f 69/29/364 435/395/366 433/393/367
f 73/33/368 435/395/366 71/31/369
f 77/37/370 438/398/371 74/34/372
f 77/37/370 443/403/373 441/401/374
f 82/42/375 443/403/373 79/39/376
f 82/42/375 447/407/377 445/405/378
f 84/44/379 449/409/380 447/407/377
f 88/48/381 449/409/380 86/46/382
f 90/50/383 451/411/384 88/48/381
f 92/52/385 453/413/386 90/50/383
f 92/52/385 457/417/387 455/415/388
f 96/56/389 457/417/387 94/54/390
f 96/56/389 461/421/391 459/419/392
f 98/58/393 463/423/394 461/421/391
f 100/60/395 465/425/396 463/423/394
f 102/62/397 467/427/398 465/425/396
f 105/65/399 467/427/398 103/63/400
f 105/65/399 407/367/339 469/429/401
s 135
f 108/68/402 611/571/403 110/70/404
f 446/406/405 470/430/406 444/404/407
f 444/404/407 474/434/408 442/402/409
f 448/408/410 478/438/411 446/406/405
f 450/410/412 482/442/413 448/408/410
f 450/410/412 490/450/414 486/446/415
f 452/412/416 494/454/417 490/450/414
f 456/416/418 494/454/417 454/414/419
f 458/418/420 498/458/421 456/416/418
f 408/368/422 508/468/423 404/364/424
f 458/418/420 517/477/425 503/463/426
f 460/420/427 521/481/428 517/477/425
f 404/364/424 512/472/429 406/366/430
f 464/424/431 521/481/428 462/422/432
f 411/371/433 525/485/434 408/368/422
f 464/424/431 538/498/435 529/489/436
f 413/373/437 534/494/438 411/371/433
f 466/426/439 546/506/440 538/498/435
f 415/375/441 542/502/442 413/373/437
f 687/647/443 166/126/444 164/124/445
f 417/377/446 550/510/447 415/375/441
f 417/377/446 559/519/448 555/515/449
f 421/381/450 559/519/448 419/379/451
f 423/383/452 564/524/453 421/381/450
f 423/383/452 572/532/454 568/528/455
f 425/385/456 576/536/457 572/532/454
f 427/387/458 581/541/459 576/536/457
f 431/391/460 581/541/459 429/389/461
f 431/391/460 589/549/462 585/545/463
f 432/392/464 593/553/465 589/549/462
f 434/394/466 599/559/467 593/553/465
f 440/400/468 600/560/469 437/397/470
f 150/110/471 670/630/472 152/112/473
f 144/104/474 661/621/475 146/106/476
f 140/100/477 658/618/478 144/104/474
f 137/97/479 654/614/480 141/101/481
f 648/608/482 137/97/479 135/95/483
f 133/93/484 648/608/482 135/95/483
f 642/602/485 133/93/484 131/91/486
f 129/89/487 642/602/485 131/91/486
f 127/87/488 640/600/489 129/89/487
f 634/594/490 127/87/488 126/86/491
f 631/591/492 126/86/491 124/84/493
f 629/589/494 124/84/493 122/82/495
f 120/80/496 629/589/494 122/82/495
f 624/584/497 120/80/496 118/78/498
f 116/76/499 624/584/497 118/78/498
f 170/130/500 699/659/501 172/132/502
f 114/74/503 621/581/504 116/76/499
f 693/653/505 170/130/500 168/128/506
f 616/576/507 114/74/503 112/72/508
f 468/428/509 512/472/429 546/506/440
f 166/126/444 693/653/505 168/128/506
f 699/659/501 108/68/402 172/132/502
f 611/571/403 112/72/508 110/70/404
f 684/644/510 164/124/445 161/121/511
f 159/119/512 684/644/510 161/121/511
f 157/117/513 682/642/514 159/119/512
f 676/636/515 157/117/513 155/115/516
f 673/633/517 155/115/516 154/114/518
f 152/112/473 673/633/517 154/114/518
f 442/402/409 607/567/519 440/400/468
f 146/106/476 664/624/520 148/108/521
f 657/617/522 477/437/523 660/620/524
f 477/437/523 609/569/525 476/436/526
f 476/436/526 610/570/527 475/435/528
f 610/570/527 474/434/408 475/435/528
f 597/557/529 608/568/530 657/617/522
f 608/568/530 604/564/531 609/569/525
f 609/569/525 606/566/532 610/570/527
f 610/570/527 600/560/469 607/567/519
f 598/558/533 594/554/534 602/562/535
f 602/562/535 595/555/536 603/563/537
f 603/563/537 596/556/538 605/565/539
f 596/556/538 599/559/467 605/565/539
f 650/610/540 590/550/541 594/554/534
f 590/550/541 595/555/536 594/554/534
f 591/551/542 596/556/538 595/555/536
f 592/552/543 593/553/465 596/556/538
f 644/604/544 590/550/541 647/607/545
f 590/550/541 587/547/546 591/551/542
f 591/551/542 588/548/547 592/552/543
f 592/552/543 585/545/463 589/549/462
f 580/540/548 586/546/549 644/604/544
f 586/546/549 583/543/550 587/547/546
f 587/547/546 584/544/551 588/548/547
f 588/548/547 581/541/459 585/545/463
f 580/540/548 577/537/552 582/542/553
f 577/537/552 583/543/550 582/542/553
f 578/538/554 584/544/551 583/543/550
f 584/544/551 576/536/457 581/541/459
f 639/599/555 573/533/556 577/537/552
f 573/533/556 578/538/554 577/537/552
f 574/534/557 579/539/558 578/538/554
f 575/535/559 576/536/457 579/539/558
f 633/593/560 573/533/556 636/596/561
f 573/533/556 570/530/562 574/534/557
f 574/534/557 571/531/563 575/535/559
f 575/535/559 568/528/455 572/532/454
f 563/523/564 569/529/565 633/593/560
f 569/529/565 566/526/566 570/530/562
f 566/526/566 571/531/563 570/530/562
f 571/531/563 564/524/453 568/528/455
f 563/523/564 560/520/567 565/525/568
f 560/520/567 566/526/566 565/525/568
f 561/521/569 567/527/570 566/526/566
f 562/522/571 564/524/453 567/527/570
f 554/514/572 560/520/567 628/588/573
f 556/516/574 561/521/569 560/520/567
f 557/517/575 562/522/571 561/521/569
f 562/522/571 555/515/449 559/519/448
f 554/514/572 551/511/576 556/516/574
f 556/516/574 552/512/577 557/517/575
f 557/517/575 553/513/578 558/518/579
f 558/518/579 550/510/447 555/515/449
f 513/473/580 547/507/581 516/476/582
f 547/507/581 515/475/583 516/476/582
f 548/508/584 514/474/585 515/475/583
f 549/509/586 512/472/429 514/474/585
f 623/583/587 543/503/588 551/511/576
f 543/503/588 552/512/577 551/511/576
f 552/512/577 545/505/589 553/513/578
f 545/505/589 550/510/447 553/513/578
f 695/655/590 547/507/581 698/658/591
f 539/499/592 548/508/584 547/507/581
f 540/500/593 549/509/586 548/508/584
f 549/509/586 538/498/435 546/506/440
f 533/493/594 543/503/588 620/580/595
f 535/495/596 544/504/597 543/503/588
f 536/496/598 545/505/589 544/504/597
f 545/505/589 534/494/438 542/502/442
f 692/652/599 539/499/592 695/655/590
f 539/499/592 531/491/600 540/500/593
f 540/500/593 532/492/601 541/501/602
f 532/492/601 538/498/435 541/501/602
f 533/493/594 526/486/603 535/495/596
f 535/495/596 527/487/604 536/496/598
f 527/487/604 537/497/605 536/496/598
f 528/488/606 534/494/438 537/497/605
f 689/649/607 530/490/608 692/652/599
f 522/482/609 531/491/600 530/490/608
f 523/483/610 532/492/601 531/491/600
f 524/484/611 529/489/436 532/492/601
f 507/467/612 526/486/603 615/575/613
f 526/486/603 510/470/614 527/487/604
f 510/470/614 528/488/606 527/487/604
f 511/471/615 525/485/434 528/488/606
f 686/646/616 522/482/609 689/649/607
f 518/478/617 523/483/610 522/482/609
f 519/479/618 524/484/611 523/483/610
f 520/480/619 521/481/428 524/484/611
f 502/462/620 518/478/617 686/646/616
f 518/478/617 505/465/621 519/479/618
f 505/465/621 520/480/619 519/479/618
f 506/466/622 517/477/425 520/480/619
f 507/467/612 516/476/582 509/469/623
f 516/476/582 510/470/614 509/469/623
f 515/475/583 511/471/615 510/470/614
f 514/474/585 508/468/423 511/471/615
f 502/462/620 499/459/624 504/464/625
f 504/464/625 500/460/626 505/465/621
f 500/460/626 506/466/622 505/465/621
f 501/461/627 503/463/426 506/466/622
f 678/638/628 499/459/624 681/641/629
f 495/455/630 500/460/626 499/459/624
f 496/456/631 501/461/627 500/460/626
f 501/461/627 494/454/417 498/458/421
f 675/635/632 495/455/630 678/638/628
f 491/451/633 496/456/631 495/455/630
f 492/452/634 497/457/635 496/456/631
f 497/457/635 490/450/414 494/454/417
f 672/632/636 491/451/633 675/635/632
f 487/447/637 492/452/634 491/451/633
f 488/448/638 493/453/639 492/452/634
f 489/449/640 490/450/414 493/453/639
f 669/629/641 487/447/637 672/632/636
f 483/443/642 488/448/638 487/447/637
f 484/444/643 489/449/640 488/448/638
f 485/445/644 486/446/415 489/449/640
f 666/626/645 483/443/642 669/629/641
f 483/443/642 480/440/646 484/444/643
f 484/444/643 481/441/647 485/445/644
f 485/445/644 478/438/411 482/442/413
f 666/626/645 471/431/648 479/439/649
f 471/431/648 480/440/646 479/439/649
f 472/432/650 481/441/647 480/440/646
f 473/433/651 478/438/411 481/441/647
f 660/620/524 471/431/648 663/623/652
f 471/431/648 476/436/526 472/432/650
f 476/436/526 473/433/651 472/432/650
f 473/433/651 474/434/408 470/430/406
f 664/624/520 150/110/471 148/108/521
f 611/571/403 614/574/653 612/572/654
f 614/574/653 507/467/612 612/572/654
f 616/576/507 612/572/654 617/577/655
f 612/572/654 615/575/613 617/577/655
f 618/578/656 617/577/655 619/579/657
f 619/579/657 615/575/613 533/493/594
f 618/578/656 622/582/658 621/581/504
f 619/579/657 620/580/595 622/582/658
f 624/584/497 622/582/658 625/585/659
f 622/582/658 623/583/587 625/585/659
f 624/584/497 627/587/660 626/586/661
f 627/587/660 623/583/587 554/514/572
f 626/586/661 630/590/662 629/589/494
f 627/587/660 628/588/573 630/590/662
f 631/591/492 630/590/662 632/592/663
f 632/592/663 628/588/573 563/523/564
f 634/594/490 632/592/663 635/595/664
f 632/592/663 633/593/560 635/595/664
f 637/597/665 635/595/664 638/598/666
f 635/595/664 636/596/561 638/598/666
f 637/597/665 641/601/667 640/600/489
f 641/601/667 636/596/561 639/599/555
f 640/600/489 643/603/668 642/602/485
f 643/603/668 639/599/555 580/540/548
f 645/605/669 643/603/668 646/606/670
f 643/603/668 644/604/544 646/606/670
f 645/605/669 649/609/671 648/608/482
f 649/609/671 644/604/544 647/607/545
f 648/608/482 652/612/672 651/611/673
f 649/609/671 650/610/540 652/612/672
f 654/614/480 652/612/672 656/616/674
f 656/616/674 650/610/540 598/558/533
f 658/618/478 655/615/675 659/619/676
f 655/615/675 657/617/522 659/619/676
f 661/621/475 659/619/676 662/622/677
f 662/622/677 657/617/522 660/620/524
f 661/621/475 665/625/678 664/624/520
f 665/625/678 660/620/524 663/623/652
f 664/624/520 668/628/679 667/627/680
f 668/628/679 663/623/652 666/626/645
f 667/627/680 671/631/681 670/630/472
f 671/631/681 666/626/645 669/629/641
f 670/630/472 674/634/682 673/633/517
f 671/631/681 672/632/636 674/634/682
f 676/636/515 674/634/682 677/637/683
f 677/637/683 672/632/636 675/635/632
f 676/636/515 680/640/684 679/639/685
f 677/637/683 678/638/628 680/640/684
f 682/642/514 680/640/684 683/643/686
f 680/640/684 681/641/629 683/643/686
f 682/642/514 685/645/687 684/644/510
f 685/645/687 681/641/629 502/462/620
f 687/647/443 685/645/687 688/648/688
f 685/645/687 686/646/616 688/648/688
f 690/650/689 688/648/688 691/651/690
f 688/648/688 689/649/607 691/651/690
f 693/653/505 691/651/690 694/654/691
f 691/651/690 692/652/599 694/654/691
f 696/656/692 694/654/691 697/657/693
f 697/657/693 692/652/599 695/655/590
f 696/656/692 700/660/694 699/659/501
f 697/657/693 698/658/591 700/660/694
f 613/573/695 700/660/694 614/574/653
f 614/574/653 698/658/591 513/473/580
s 1
f 109/69/41 314/274/149 316/276/42
f 81/41/44 173/133/48 181/141/45
f 80/40/47 177/137/170 173/133/48
f 181/141/45 185/145/50 85/45/49
f 185/145/50 189/149/288 87/47/51
f 87/47/51 189/149/288 193/153/52
f 89/49/53 193/153/52 197/157/54
f 197/157/54 201/161/279 93/53/56
f 93/53/56 201/161/279 206/166/57
f 211/171/59 228/188/254 46/6/60
f 206/166/57 220/180/63 97/57/62
f 220/180/63 224/184/67 99/59/64
f 215/175/65 211/171/59 42/2/61
f 224/184/67 232/192/249 101/61/68
f 46/6/60 228/188/254 237/197/69
f 101/61/68 232/192/249 241/201/71
f 237/197/69 245/205/696 50/10/73
f 104/64/72 241/201/71 249/209/74
f 50/10/73 245/205/696 253/213/76
f 163/123/78 165/125/147 393/353/79
f 52/12/77 253/213/76 258/218/81
f 54/14/82 258/218/81 262/222/83
f 56/16/84 262/222/83 267/227/85
f 58/18/86 267/227/85 271/231/87
f 60/20/88 271/231/87 275/235/89
f 62/22/90 275/235/89 279/239/91
f 279/239/91 284/244/94 66/26/93
f 284/244/94 288/248/193 68/28/95
f 68/28/95 288/248/193 292/252/96
f 70/30/97 292/252/96 296/256/98
f 72/32/99 296/256/98 303/263/100
f 75/35/102 302/262/175 310/270/103
f 151/111/105 373/333/160 370/330/106
f 145/105/108 364/324/162 361/321/109
f 143/103/110 361/321/109 356/316/111
f 142/102/113 357/317/319 354/314/114
f 138/98/115 354/314/114 351/311/116
f 134/94/118 136/96/117 351/311/116
f 132/92/120 134/94/118 348/308/119
f 132/92/120 345/305/121 343/303/122
f 130/90/123 343/303/122 340/300/124
f 125/85/126 128/88/125 340/300/124
f 123/83/128 125/85/126 337/297/127
f 123/83/128 334/294/129 332/292/130
f 121/81/131 332/292/130 329/289/132
f 117/77/134 119/79/133 329/289/132
f 117/77/134 327/287/135 324/284/136
f 169/129/138 171/131/148 402/362/139
f 115/75/137 324/284/136 321/281/141
f 167/127/143 169/129/138 399/359/140
f 111/71/145 113/73/142 321/281/141
f 106/66/75 249/209/74 215/175/65
f 167/127/143 396/356/144 393/353/79
f 171/131/148 107/67/43 316/276/42
f 109/69/41 111/71/145 319/279/146
f 162/122/150 163/123/78 390/350/80
f 162/122/150 387/347/151 385/345/152
f 160/120/153 385/345/152 382/342/154
f 156/116/156 158/118/155 382/342/154
f 153/113/158 156/116/156 379/339/157
f 153/113/158 376/336/159 373/333/160
f 310/270/103 177/137/170 80/40/47
f 147/107/161 367/327/302 364/324/162
f 363/323/163 180/140/166 311/271/164
f 180/140/166 179/139/168 312/272/167
f 179/139/168 178/138/171 313/273/169
f 177/137/170 310/270/103 313/273/169
f 311/271/164 304/264/173 300/260/172
f 312/272/167 306/266/174 304/264/173
f 313/273/169 308/268/176 306/266/174
f 313/273/169 310/270/103 302/262/175
f 301/261/177 305/265/180 297/257/178
f 305/265/180 307/267/182 298/258/181
f 307/267/182 309/269/184 299/259/183
f 303/263/100 296/256/98 299/259/183
f 353/313/179 297/257/178 293/253/185
f 297/257/178 298/258/181 294/254/187
f 298/258/181 299/259/183 295/255/188
f 299/259/183 296/256/98 292/252/96
f 293/253/185 289/249/190 347/307/189
f 294/254/187 290/250/192 289/249/190
f 294/254/187 295/255/188 291/251/191
f 295/255/188 292/252/96 288/248/193
f 289/249/190 285/245/196 283/243/194
f 289/249/190 290/250/192 286/246/195
f 290/250/192 291/251/191 287/247/197
f 288/248/193 284/244/94 287/247/197
f 283/243/194 285/245/196 280/240/198
f 286/246/195 281/241/201 280/240/198
f 286/246/195 287/247/197 282/242/200
f 287/247/197 284/244/94 279/239/91
f 342/302/199 280/240/198 276/236/202
f 280/240/198 281/241/201 277/237/204
f 281/241/201 282/242/200 278/238/205
f 282/242/200 279/239/91 275/235/89
f 339/299/203 276/236/202 272/232/206
f 277/237/204 273/233/208 272/232/206
f 278/238/205 274/234/209 273/233/208
f 278/238/205 275/235/89 271/231/87
f 272/232/206 268/228/212 266/226/210
f 272/232/206 273/233/208 269/229/211
f 273/233/208 274/234/209 270/230/213
f 274/234/209 271/231/87 267/227/85
f 266/226/210 268/228/212 263/223/214
f 269/229/211 264/224/216 263/223/214
f 270/230/213 265/225/217 264/224/216
f 267/227/85 262/222/83 265/225/217
f 263/223/214 259/219/220 257/217/218
f 263/223/214 264/224/216 260/220/219
f 264/224/216 265/225/217 261/221/221
f 265/225/217 262/222/83 258/218/81
f 257/217/218 259/219/220 254/214/222
f 260/220/219 255/215/224 254/214/222
f 261/221/221 256/216/225 255/215/224
f 258/218/81 253/213/76 256/216/225
f 216/176/226 219/179/230 250/210/227
f 218/178/229 251/211/232 250/210/227
f 217/177/231 252/212/233 251/211/232
f 215/175/65 249/209/74 252/212/233
f 254/214/222 246/206/236 323/283/234
f 254/214/222 255/215/224 247/207/235
f 256/216/225 248/208/237 247/207/235
f 253/213/76 245/205/696 248/208/237
f 250/210/227 242/202/239 398/358/238
f 251/211/232 243/203/241 242/202/239
f 251/211/232 252/212/233 244/204/240
f 249/209/74 241/201/71 244/204/240
f 246/206/236 238/198/243 236/196/242
f 247/207/235 239/199/244 238/198/243
f 248/208/237 240/200/245 239/199/244
f 248/208/237 245/205/696 237/197/69
f 398/358/238 242/202/239 233/193/246
f 243/203/241 234/194/248 233/193/246
f 244/204/240 235/195/250 234/194/248
f 244/204/240 241/201/71 232/192/249
f 236/196/242 238/198/243 229/189/251
f 239/199/244 230/190/253 229/189/251
f 240/200/245 231/191/255 230/190/253
f 240/200/245 237/197/69 228/188/254
f 233/193/246 225/185/257 392/352/256
f 234/194/248 226/186/258 225/185/257
f 235/195/250 227/187/259 226/186/258
f 235/195/250 232/192/249 224/184/67
f 229/189/251 212/172/261 210/170/260
f 230/190/253 213/173/262 212/172/261
f 231/191/255 214/174/263 213/173/262
f 231/191/255 228/188/254 211/171/59
f 392/352/256 225/185/257 221/181/264
f 226/186/258 222/182/266 221/181/264
f 227/187/259 223/183/267 222/182/266
f 227/187/259 224/184/67 220/180/63
f 221/181/264 207/167/269 205/165/268
f 222/182/266 208/168/270 207/167/269
f 223/183/267 209/169/271 208/168/270
f 220/180/63 206/166/57 209/169/271
f 212/172/261 219/179/230 216/176/226
f 212/172/261 213/173/262 218/178/229
f 214/174/263 217/177/231 218/178/229
f 211/171/59 215/175/65 217/177/231
f 205/165/268 207/167/269 202/162/272
f 208/168/270 203/163/274 202/162/272
f 209/169/271 204/164/275 203/163/274
f 206/166/57 201/161/279 204/164/275
f 202/162/272 198/158/277 381/341/276
f 203/163/274 199/159/278 198/158/277
f 204/164/275 200/160/280 199/159/278
f 201/161/279 197/157/54 200/160/280
f 198/158/277 194/154/282 378/338/281
f 199/159/278 195/155/284 194/154/282
f 199/159/278 200/160/280 196/156/283
f 200/160/280 197/157/54 193/153/52
f 194/154/282 190/150/286 375/335/285
f 195/155/284 191/151/287 190/150/286
f 196/156/283 192/152/289 191/151/287
f 196/156/283 193/153/52 189/149/288
f 190/150/286 186/146/292 372/332/290
f 190/150/286 191/151/287 187/147/291
f 192/152/289 188/148/293 187/147/291
f 189/149/288 185/145/50 188/148/293
f 186/146/292 182/142/295 369/329/294
f 187/147/291 183/143/296 182/142/295
f 188/148/293 184/144/297 183/143/296
f 185/145/50 181/141/45 184/144/297
f 369/329/294 182/142/295 174/134/298
f 183/143/296 175/135/301 174/134/298
f 183/143/296 184/144/297 176/136/300
f 181/141/45 173/133/48 176/136/300
f 366/326/299 174/134/298 180/140/166
f 174/134/298 175/135/301 179/139/168
f 175/135/301 176/136/300 178/138/171
f 173/133/48 177/137/170 178/138/171
f 147/107/161 149/109/107 370/330/106
f 314/274/149 315/275/304 317/277/303
f 315/275/304 210/170/260 216/176/226
f 319/279/146 320/280/305 315/275/304
f 318/278/252 210/170/260 315/275/304
f 322/282/306 320/280/305 319/279/146
f 322/282/306 236/196/242 318/278/252
f 324/284/136 325/285/307 322/282/306
f 323/283/234 236/196/242 322/282/306
f 327/287/135 328/288/308 325/285/307
f 328/288/308 326/286/223 323/283/234
f 330/290/309 328/288/308 327/287/135
f 330/290/309 257/217/218 326/286/223
f 333/293/310 330/290/309 329/289/132
f 331/291/215 257/217/218 330/290/309
f 334/294/129 335/295/311 333/293/310
f 335/295/311 266/226/210 331/291/215
f 338/298/312 335/295/311 334/294/129
f 336/296/207 266/226/210 335/295/311
f 341/301/313 338/298/312 337/297/127
f 339/299/203 336/296/207 338/298/312
f 343/303/122 344/304/314 341/301/313
f 344/304/314 342/302/199 339/299/203
f 345/305/121 346/306/315 344/304/314
f 346/306/315 283/243/194 342/302/199
f 349/309/316 346/306/315 345/305/121
f 347/307/189 283/243/194 346/306/315
f 352/312/317 349/309/316 348/308/119
f 352/312/317 350/310/186 347/307/189
f 355/315/318 352/312/317 351/311/116
f 355/315/318 353/313/179 350/310/186
f 357/317/319 359/319/320 355/315/318
f 359/319/320 301/261/177 353/313/179
f 362/322/321 358/318/322 356/316/111
f 360/320/165 300/260/172 358/318/322
f 364/324/162 365/325/323 362/322/321
f 363/323/163 360/320/165 362/322/321
f 368/328/324 365/325/323 364/324/162
f 366/326/299 363/323/163 365/325/323
f 370/330/106 371/331/325 368/328/324
f 371/331/325 369/329/294 366/326/299
f 374/334/326 371/331/325 370/330/106
f 372/332/290 369/329/294 371/331/325
f 377/337/327 374/334/326 373/333/160
f 377/337/327 375/335/285 372/332/290
f 380/340/328 377/337/327 376/336/159
f 380/340/328 378/338/281 375/335/285
f 382/342/154 383/343/329 380/340/328
f 381/341/276 378/338/281 380/340/328
f 386/346/330 383/343/329 382/342/154
f 384/344/273 381/341/276 383/343/329
f 387/347/151 388/348/331 386/346/330
f 388/348/331 205/165/268 384/344/273
f 391/351/332 388/348/331 387/347/151
f 389/349/265 205/165/268 388/348/331
f 394/354/333 391/351/332 390/350/80
f 392/352/256 389/349/265 391/351/332
f 397/357/334 394/354/333 393/353/79
f 397/357/334 395/355/247 392/352/256
f 400/360/335 397/357/334 396/356/144
f 400/360/335 398/358/238 395/355/247
f 402/362/139 403/363/336 400/360/335
f 401/361/228 398/358/238 400/360/335
f 316/276/42 317/277/303 403/363/336
f 317/277/303 216/176/226 401/361/228
s 104
f 43/3/337 41/1/341 405/365/338
f 45/5/340 409/369/343 405/365/338
f 45/5/340 47/7/344 410/370/342
f 47/7/344 49/9/346 412/372/345
f 49/9/346 51/11/348 414/374/347
f 51/11/348 53/13/351 416/376/349
f 55/15/350 418/378/353 416/376/349
f 55/15/350 57/17/355 420/380/352
f 59/19/354 422/382/357 420/380/352
f 59/19/354 61/21/359 424/384/356
f 63/23/358 426/386/361 424/384/356
f 65/25/360 428/388/363 426/386/361
f 67/27/362 430/390/365 428/388/363
f 69/29/364 433/393/367 430/390/365
f 69/29/364 71/31/369 435/395/366
f 73/33/368 439/399/697 435/395/366
f 77/37/370 441/401/374 438/398/371
f 77/37/370 79/39/376 443/403/373
f 82/42/375 445/405/378 443/403/373
f 82/42/375 84/44/379 447/407/377
f 84/44/379 86/46/382 449/409/380
f 88/48/381 451/411/384 449/409/380
f 90/50/383 453/413/386 451/411/384
f 92/52/385 455/415/388 453/413/386
f 92/52/385 94/54/390 457/417/387
f 96/56/389 459/419/392 457/417/387
f 96/56/389 98/58/393 461/421/391
f 98/58/393 100/60/395 463/423/394
f 100/60/395 102/62/397 465/425/396
f 102/62/397 103/63/400 467/427/398
f 105/65/399 469/429/401 467/427/398
f 105/65/399 43/3/337 407/367/339
s 135
f 108/68/402 613/573/695 611/571/403
f 446/406/405 478/438/411 470/430/406
f 444/404/407 470/430/406 474/434/408
f 448/408/410 482/442/413 478/438/411
f 450/410/412 486/446/415 482/442/413
f 450/410/412 452/412/416 490/450/414
f 452/412/416 454/414/419 494/454/417
f 456/416/418 498/458/421 494/454/417
f 458/418/420 503/463/426 498/458/421
f 408/368/422 525/485/434 508/468/423
f 458/418/420 460/420/427 517/477/425
f 460/420/427 462/422/432 521/481/428
f 404/364/424 508/468/423 512/472/429
f 464/424/431 529/489/436 521/481/428
f 411/371/433 534/494/438 525/485/434
f 464/424/431 466/426/439 538/498/435
f 413/373/437 542/502/442 534/494/438
f 466/426/439 468/428/509 546/506/440
f 415/375/441 550/510/447 542/502/442
f 687/647/443 690/650/689 166/126/444
f 417/377/446 555/515/449 550/510/447
f 417/377/446 419/379/451 559/519/448
f 421/381/450 564/524/453 559/519/448
f 423/383/452 568/528/455 564/524/453
f 423/383/452 425/385/456 572/532/454
f 425/385/456 427/387/458 576/536/457
f 427/387/458 429/389/461 581/541/459
f 431/391/460 585/545/463 581/541/459
f 431/391/460 432/392/464 589/549/462
f 432/392/464 434/394/466 593/553/465
f 434/394/466 436/396/698 599/559/467
f 440/400/468 607/567/519 600/560/469
f 150/110/471 667/627/680 670/630/472
f 144/104/474 658/618/478 661/621/475
f 140/100/477 653/613/699 658/618/478
f 137/97/479 651/611/673 654/614/480
f 648/608/482 651/611/673 137/97/479
f 133/93/484 645/605/669 648/608/482
f 642/602/485 645/605/669 133/93/484
f 129/89/487 640/600/489 642/602/485
f 127/87/488 637/597/665 640/600/489
f 634/594/490 637/597/665 127/87/488
f 631/591/492 634/594/490 126/86/491
f 629/589/494 631/591/492 124/84/493
f 120/80/496 626/586/661 629/589/494
f 624/584/497 626/586/661 120/80/496
f 116/76/499 621/581/504 624/584/497
f 170/130/500 696/656/692 699/659/501
f 114/74/503 618/578/656 621/581/504
f 693/653/505 696/656/692 170/130/500
f 616/576/507 618/578/656 114/74/503
f 468/428/509 406/366/430 512/472/429
f 166/126/444 690/650/689 693/653/505
f 699/659/501 613/573/695 108/68/402
f 611/571/403 616/576/507 112/72/508
f 684/644/510 687/647/443 164/124/445
f 159/119/512 682/642/514 684/644/510
f 157/117/513 679/639/685 682/642/514
f 676/636/515 679/639/685 157/117/513
f 673/633/517 676/636/515 155/115/516
f 152/112/473 670/630/472 673/633/517
f 442/402/409 474/434/408 607/567/519
f 146/106/476 661/621/475 664/624/520
f 657/617/522 608/568/530 477/437/523
f 477/437/523 608/568/530 609/569/525
f 476/436/526 609/569/525 610/570/527
f 610/570/527 607/567/519 474/434/408
f 597/557/529 601/561/700 608/568/530
f 608/568/530 601/561/700 604/564/531
f 609/569/525 604/564/531 606/566/532
f 610/570/527 606/566/532 600/560/469
f 598/558/533 650/610/540 594/554/534
f 602/562/535 594/554/534 595/555/536
f 603/563/537 595/555/536 596/556/538
f 596/556/538 593/553/465 599/559/467
f 650/610/540 647/607/545 590/550/541
f 590/550/541 591/551/542 595/555/536
f 591/551/542 592/552/543 596/556/538
f 592/552/543 589/549/462 593/553/465
f 644/604/544 586/546/549 590/550/541
f 590/550/541 586/546/549 587/547/546
f 591/551/542 587/547/546 588/548/547
f 592/552/543 588/548/547 585/545/463
f 580/540/548 582/542/553 586/546/549
f 586/546/549 582/542/553 583/543/550
f 587/547/546 583/543/550 584/544/551
f 588/548/547 584/544/551 581/541/459
f 580/540/548 639/599/555 577/537/552
f 577/537/552 578/538/554 583/543/550
f 578/538/554 579/539/558 584/544/551
f 584/544/551 579/539/558 576/536/457
f 639/599/555 636/596/561 573/533/556
f 573/533/556 574/534/557 578/538/554
f 574/534/557 575/535/559 579/539/558
f 575/535/559 572/532/454 576/536/457
f 633/593/560 569/529/565 573/533/556
f 573/533/556 569/529/565 570/530/562
f 574/534/557 570/530/562 571/531/563
f 575/535/559 571/531/563 568/528/455
f 563/523/564 565/525/568 569/529/565
f 569/529/565 565/525/568 566/526/566
f 566/526/566 567/527/570 571/531/563
f 571/531/563 567/527/570 564/524/453
f 563/523/564 628/588/573 560/520/567
f 560/520/567 561/521/569 566/526/566
f 561/521/569 562/522/571 567/527/570
f 562/522/571 559/519/448 564/524/453
f 554/514/572 556/516/574 560/520/567
f 556/516/574 557/517/575 561/521/569
f 557/517/575 558/518/579 562/522/571
f 562/522/571 558/518/579 555/515/449
f 554/514/572 623/583/587 551/511/576
f 556/516/574 551/511/576 552/512/577
f 557/517/575 552/512/577 553/513/578
f 558/518/579 553/513/578 550/510/447
f 513/473/580 698/658/591 547/507/581
f 547/507/581 548/508/584 515/475/583
f 548/508/584 549/509/586 514/474/585
f 549/509/586 546/506/440 512/472/429
f 623/583/587 620/580/595 543/503/588
f 543/503/588 544/504/597 552/512/577
f 552/512/577 544/504/597 545/505/589
f 545/505/589 542/502/442 550/510/447
f 695/655/590 539/499/592 547/507/581
f 539/499/592 540/500/593 548/508/584
f 540/500/593 541/501/602 549/509/586
f 549/509/586 541/501/602 538/498/435
f 533/493/594 535/495/596 543/503/588
f 535/495/596 536/496/598 544/504/597
f 536/496/598 537/497/605 545/505/589
f 545/505/589 537/497/605 534/494/438
f 692/652/599 530/490/608 539/499/592
f 539/499/592 530/490/608 531/491/600
f 540/500/593 531/491/600 532/492/601
f 532/492/601 529/489/436 538/498/435
f 533/493/594 615/575/613 526/486/603
f 535/495/596 526/486/603 527/487/604
f 527/487/604 528/488/606 537/497/605
f 528/488/606 525/485/434 534/494/438
f 689/649/607 522/482/609 530/490/608
f 522/482/609 523/483/610 531/491/600
f 523/483/610 524/484/611 532/492/601
f 524/484/611 521/481/428 529/489/436
f 507/467/612 509/469/623 526/486/603
f 526/486/603 509/469/623 510/470/614
f 510/470/614 511/471/615 528/488/606
f 511/471/615 508/468/423 525/485/434
f 686/646/616 518/478/617 522/482/609
f 518/478/617 519/479/618 523/483/610
f 519/479/618 520/480/619 524/484/611
f 520/480/619 517/477/425 521/481/428
f 502/462/620 504/464/625 518/478/617
f 518/478/617 504/464/625 505/465/621
f 505/465/621 506/466/622 520/480/619
f 506/466/622 503/463/426 517/477/425
f 507/467/612 513/473/580 516/476/582
f 516/476/582 515/475/583 510/470/614
f 515/475/583 514/474/585 511/471/615
f 514/474/585 512/472/429 508/468/423
f 502/462/620 681/641/629 499/459/624
f 504/464/625 499/459/624 500/460/626
f 500/460/626 501/461/627 506/466/622
f 501/461/627 498/458/421 503/463/426
f 678/638/628 495/455/630 499/459/624
f 495/455/630 496/456/631 500/460/626
f 496/456/631 497/457/635 501/461/627
f 501/461/627 497/457/635 494/454/417
f 675/635/632 491/451/633 495/455/630
f 491/451/633 492/452/634 496/456/631
f 492/452/634 493/453/639 497/457/635
f 497/457/635 493/453/639 490/450/414
f 672/632/636 487/447/637 491/451/633
f 487/447/637 488/448/638 492/452/634
f 488/448/638 489/449/640 493/453/639
f 489/449/640 486/446/415 490/450/414
f 669/629/641 483/443/642 487/447/637
f 483/443/642 484/444/643 488/448/638
f 484/444/643 485/445/644 489/449/640
f 485/445/644 482/442/413 486/446/415
f 666/626/645 479/439/649 483/443/642
f 483/443/642 479/439/649 480/440/646
f 484/444/643 480/440/646 481/441/647
f 485/445/644 481/441/647 478/438/411
f 666/626/645 663/623/652 471/431/648
f 471/431/648 472/432/650 480/440/646
f 472/432/650 473/433/651 481/441/647
f 473/433/651 470/430/406 478/438/411
f 660/620/524 477/437/523 471/431/648
f 471/431/648 477/437/523 476/436/526
f 476/436/526 475/435/528 473/433/651
f 473/433/651 475/435/528 474/434/408
f 664/624/520 667/627/680 150/110/471
f 611/571/403 613/573/695 614/574/653
f 614/574/653 513/473/580 507/467/612
f 616/576/507 611/571/403 612/572/654
f 612/572/654 507/467/612 615/575/613
f 618/578/656 616/576/507 617/577/655
f 619/579/657 617/577/655 615/575/613
f 618/578/656 619/579/657 622/582/658
f 619/579/657 533/493/594 620/580/595
f 624/584/497 621/581/504 622/582/658
f 622/582/658 620/580/595 623/583/587
f 624/584/497 625/585/659 627/587/660
f 627/587/660 625/585/659 623/583/587
f 626/586/661 627/587/660 630/590/662
f 627/587/660 554/514/572 628/588/573
f 631/591/492 629/589/494 630/590/662
f 632/592/663 630/590/662 628/588/573
f 634/594/490 631/591/492 632/592/663
f 632/592/663 563/523/564 633/593/560
f 637/597/665 634/594/490 635/595/664
f 635/595/664 633/593/560 636/596/561
f 637/597/665 638/598/666 641/601/667
f 641/601/667 638/598/666 636/596/561
f 640/600/489 641/601/667 643/603/668
f 643/603/668 641/601/667 639/599/555
f 645/605/669 642/602/485 643/603/668
f 643/603/668 580/540/548 644/604/544
f 645/605/669 646/606/670 649/609/671
f 649/609/671 646/606/670 644/604/544
f 648/608/482 649/609/671 652/612/672
f 649/609/671 647/607/545 650/610/540
f 654/614/480 651/611/673 652/612/672
f 656/616/674 652/612/672 650/610/540
f 658/618/478 653/613/699 655/615/675
f 655/615/675 597/557/529 657/617/522
f 661/621/475 658/618/478 659/619/676
f 662/622/677 659/619/676 657/617/522
f 661/621/475 662/622/677 665/625/678
f 665/625/678 662/622/677 660/620/524
f 664/624/520 665/625/678 668/628/679
f 668/628/679 665/625/678 663/623/652
f 667/627/680 668/628/679 671/631/681
f 671/631/681 668/628/679 666/626/645
f 670/630/472 671/631/681 674/634/682
f 671/631/681 669/629/641 672/632/636
f 676/636/515 673/633/517 674/634/682
f 677/637/683 674/634/682 672/632/636
f 676/636/515 677/637/683 680/640/684
f 677/637/683 675/635/632 678/638/628
f 682/642/514 679/639/685 680/640/684
f 680/640/684 678/638/628 681/641/629
f 682/642/514 683/643/686 685/645/687
f 685/645/687 683/643/686 681/641/629
f 687/647/443 684/644/510 685/645/687
f 685/645/687 502/462/620 686/646/616
f 690/650/689 687/647/443 688/648/688
f 688/648/688 686/646/616 689/649/607
f 693/653/505 690/650/689 691/651/690
f 691/651/690 689/649/607 692/652/599
f 696/656/692 693/653/505 694/654/691
f 697/657/693 694/654/691 692/652/599
f 696/656/692 697/657/693 700/660/694
f 697/657/693 695/655/590 698/658/591
f 613/573/695 699/659/501 700/660/694
f 614/574/653 700/660/694 698/658/591
g default
v -466.723826 -134.372040 193.016746
v -466.723826 -134.372040 193.016746
v -466.723826 -134.372040 193.016746
v -465.449065 -133.441719 191.533349
v -465.449065 -133.441719 191.533349
v -465.449065 -133.441719 191.533349
v -465.449065 -133.441719 191.533349
v -466.771065 -136.213352 184.363841
v -466.771065 -136.213352 184.363841
v -466.771065 -136.213352 184.363841
v -465.482984 -134.762491 185.326543
v -465.482984 -134.762491 185.326543
v -465.482984 -134.762491 185.326543
v -465.482984 -134.762491 185.326543
v -474.534030 -142.614346 194.813317
v -474.534030 -142.614346 194.813317
v -474.534030 -142.614346 194.813317
v -474.572069 -144.097264 193.850601
v -474.572069 -144.097264 193.850601
v -474.572069 -144.097264 193.850601
v -474.292928 -133.214867 191.533334
v -474.292928 -133.214867 191.533334
v -474.292928 -133.214867 191.533334
v -474.317648 -134.177259 193.016746
v -474.317648 -134.177259 193.016746
v -474.317648 -134.177259 193.016746
v -474.605988 -145.418050 187.643809
v -474.605988 -145.418050 187.643809
v -474.605988 -145.418050 187.643809
v -474.581269 -144.455644 186.160398
v -474.581269 -144.455644 186.160398
v -474.581269 -144.455644 186.160398
v -474.364886 -136.018571 184.363841
v -474.364886 -136.018571 184.363841
v -474.364886 -136.018571 184.363841
v -474.326791 -134.535639 185.326543
v -474.326791 -134.535639 185.326543
v -474.326791 -134.535639 185.326543
v -466.853520 -139.429108 194.093580
v -466.853520 -139.429108 194.093580
v -466.853520 -139.429108 194.093580
v -465.623176 -140.227887 192.978354
v -465.623176 -140.227887 192.978354
v -465.623176 -140.227887 192.978354
v -465.623176 -140.227887 192.978354
v -470.395953 -142.720477 194.813303
v -470.395953 -142.720477 194.813303
v -470.395953 -142.720477 194.813303
v -469.916231 -144.216686 193.850601
v -469.916231 -144.216686 193.850601
v -469.916231 -144.216686 193.850601
v -469.916231 -144.216686 193.850601
v -470.443220 -144.561789 186.160398
v -470.443220 -144.561789 186.160398
v -470.443220 -144.561789 186.160398
v -469.950094 -145.537472 187.643809
v -469.950094 -145.537472 187.643809
v -469.950094 -145.537472 187.643809
v -469.950094 -145.537472 187.643809
v -466.900759 -141.270420 185.440674
v -466.900759 -141.270420 185.440674
v -466.900759 -141.270420 185.440674
v -465.657039 -141.548659 186.771577
v -465.657039 -141.548659 186.771577
v -465.657039 -141.548659 186.771577
v -465.657039 -141.548659 186.771577
vt 0.322442 0.836108
vt 0.762692 0.843136
vt 0.053007 0.856529
vt 0.760921 0.841883
vt 0.394741 0.652714
vt 0.054779 0.855276
vt 0.530208 0.387522
vt 0.296565 0.959909
vt 0.295016 0.761273
vt 0.837627 0.610936
vt 0.296788 0.760020
vt 0.394741 0.659072
vt 0.835855 0.609683
vt 0.523850 0.387522
vt 0.655560 0.983651
vt 0.613550 0.549248
vt 0.314831 0.844754
vt 0.656813 0.984904
vt 0.435828 0.919960
vt 0.615322 0.549248
vt 0.645662 0.984904
vt 0.760921 0.850747
vt 0.403605 0.652714
vt 0.646915 0.983651
vt 0.314831 0.836108
vt 0.762692 0.850747
vt 0.656813 0.991262
vt 0.429470 0.919960
vt 0.312870 0.556059
vt 0.655560 0.992515
vt 0.311099 0.556059
vt 0.304176 0.968555
vt 0.646915 0.992515
vt 0.304176 0.959909
vt 0.295016 0.768884
vt 0.645662 0.991262
vt 0.296788 0.768884
vt 0.403605 0.659072
vt 0.322442 0.841290
vt 0.310927 0.697075
vt 0.053008 0.861711
vt 0.312699 0.696556
vt 0.699478 0.365556
vt 0.054779 0.862230
vt 0.530208 0.380568
vt 0.613550 0.545101
vt 0.318978 0.844754
vt 0.310927 0.701973
vt 0.435828 0.924626
vt 0.615322 0.544582
vt 0.312699 0.702492
vt 0.705414 0.365556
vt 0.311099 0.560206
vt 0.300028 0.968555
vt 0.834359 0.654054
vt 0.429470 0.924626
vt 0.312870 0.560725
vt 0.832587 0.654573
vt 0.705414 0.359197
vt 0.296565 0.965091
vt 0.834359 0.649155
vt 0.837627 0.616118
vt 0.832587 0.648637
vt 0.699478 0.359197
vt 0.835855 0.616637
vt 0.523850 0.380568
vn 0.999671 -0.025645 0.000001
vn 0.999671 -0.025645 0.000001
vn 0.999671 -0.025642 0.000002
vn 0.689139 -0.709516 0.147222
vn 0.689139 -0.709516 0.147222
vn 0.689138 -0.709517 0.147222
vn -0.025080 -0.977764 0.208202
vn -0.025081 -0.977764 0.208202
vn -0.025081 -0.977764 0.208202
vn -0.005339 -0.208133 -0.978086
vn -0.005339 -0.208133 -0.978086
vn -0.005339 -0.208133 -0.978086
vn 0.005339 0.208133 0.978086
vn 0.005339 0.208133 0.978086
vn 0.005339 0.208133 0.978086
vn -0.999671 0.025641 -0.000001
vn -0.999671 0.025642 0.000001
vn -0.999671 0.025642 0.000000
vn 0.013959 0.544211 -0.838832
vn 0.013959 0.544211 -0.838832
vn 0.013959 0.544211 -0.838832
vn 0.021510 0.838556 0.544390
vn 0.021510 0.838556 0.544390
vn 0.021510 0.838556 0.544390
vn 0.483519 -0.648877 -0.587511
vn 0.483519 -0.648877 -0.587510
vn 0.483520 -0.648877 -0.587510
vn 0.491071 -0.354534 0.795710
vn 0.491072 -0.354533 0.795710
vn 0.491072 -0.354532 0.795710
vn -0.021509 -0.838556 -0.544391
vn -0.021510 -0.838556 -0.544390
vn -0.021510 -0.838556 -0.544390
vn -0.013959 -0.544211 0.838832
vn -0.013959 -0.544211 0.838833
vn -0.013959 -0.544211 0.838832
vn 0.710651 0.129042 0.691610
vn 0.710648 0.129040 0.691612
vn 0.710652 0.129043 0.691608
vn 0.703097 -0.165304 -0.691613
vn 0.703097 -0.165302 -0.691614
vn 0.703097 -0.165301 -0.691614
vn 0.025080 0.977764 -0.208202
vn 0.025080 0.977764 -0.208202
vn 0.025080 0.977764 -0.208202
vn -0.999671 0.025642 0.000001
vn -0.999671 0.025644 0.000001
vn -0.999671 0.025643 0.000001
vn 0.999671 -0.025648 0.000001
vn 0.689141 -0.709514 0.147222
vn -0.025080 -0.977764 0.208202
vn -0.005339 -0.208133 -0.978086
vn -0.005339 -0.208133 -0.978086
vn 0.005339 0.208133 0.978086
vn 0.005339 0.208133 0.978086
vn -0.999671 0.025645 0.000001
vn 0.013959 0.544211 -0.838832
vn 0.021510 0.838556 0.544390
vn 0.483519 -0.648877 -0.587511
vn 0.491071 -0.354534 0.795710
vn -0.021509 -0.838556 -0.544391
vn -0.013959 -0.544210 0.838833
vn 0.710648 0.129040 0.691613
vn 0.703097 -0.165304 -0.691613
vn 0.025080 0.977764 -0.208202
vn -0.999671 0.025640 -0.000001
s 1
g Piece3 Supermarine_Spitfire_Mk:GLTF_SceneRootNode Supermarine_Spitfire_Mk:root Supermarine_Spitfire_Mk:Sketchfab_model Supermarine_Spitfire_Mk:Meshes Supermarine_Spitfire_Mk:scene Supermarine_Spitfire_Mk:Object_99
usemtl Supermarine_Spitfire_Mk:Object_99SG
f 766/726/701 707/667/702 745/705/703
s 2
f 759/719/704 743/703/705 752/712/706
s 3
f 749/709/707 728/688/708 756/716/709
s 4
f 734/694/710 708/668/711 760/720/712
s 5
f 739/699/713 701/661/714 725/685/715
s 6
f 715/675/716 721/681/717 718/678/718
s 7
f 709/669/719 737/697/720 711/671/721
s 8
f 722/682/722 702/662/723 704/664/724
s 9
f 761/721/725 758/718/726 755/715/727
s 10
f 748/708/728 742/702/729 740/700/730
s 11
f 753/713/731 729/689/732 731/691/733
s 12
f 720/680/734 746/706/735 716/676/736
s 13
f 744/704/737 703/663/738 741/701/739
s 14
f 710/670/740 765/725/741 762/722/742
s 15
f 723/683/743 712/672/744 738/698/745
s 6
f 736/696/746 730/690/747 727/687/748
f 721/681/717 727/687/748 718/678/718
s 1
f 766/726/701 714/674/749 707/667/702
s 2
f 759/719/704 764/724/750 743/703/705
s 3
f 749/709/707 719/679/751 728/688/708
s 4
f 760/720/712 754/714/752 734/694/710
f 754/714/752 732/692/753 734/694/710
s 5
f 725/685/715 717/677/754 747/707/755
f 747/707/755 739/699/713 725/685/715
s 6
f 715/675/716 724/684/756 721/681/717
s 7
f 709/669/719 735/695/757 737/697/720
s 8
f 722/682/722 726/686/758 702/662/723
s 9
f 761/721/725 763/723/759 758/718/726
s 10
f 748/708/728 751/711/760 742/702/729
s 11
f 753/713/731 757/717/761 729/689/732
s 12
f 720/680/734 750/710/762 746/706/735
s 13
f 744/704/737 706/666/763 703/663/738
s 14
f 710/670/740 713/673/764 765/725/741
s 15
f 723/683/743 705/665/765 712/672/744
s 6
f 736/696/746 733/693/766 730/690/747
f 721/681/717 736/696/746 727/687/748
g default
v -468.645760 -115.769415 181.173072
v -468.645760 -115.769415 181.173072
v -466.933323 -49.009586 166.377447
v -466.933323 -49.009586 166.377447
v -469.499833 -115.724060 181.283154
v -469.499833 -115.724060 181.283154
v -467.934079 -48.956442 166.506435
v -467.934079 -48.956442 166.506435
v -470.294506 -115.634959 181.605922
v -470.294506 -115.634959 181.605922
v -468.865190 -48.852025 166.884639
v -468.865190 -48.852025 166.884639
v -470.975626 -115.508150 182.119379
v -470.975626 -115.508150 182.119379
v -469.663305 -48.703446 167.486281
v -469.663305 -48.703446 167.486281
v -471.496744 -115.352304 182.788520
v -471.496744 -115.352304 182.788520
v -470.273934 -48.520834 168.270329
v -470.273934 -48.520834 168.270329
v -471.822362 -115.178010 183.567757
v -471.822362 -115.178010 183.567757
v -470.655510 -48.316621 169.183380
v -470.655510 -48.316621 169.183380
v -471.930328 -114.997191 184.403968
v -471.930328 -114.997191 184.403968
v -470.781988 -48.104725 170.163211
v -470.781988 -48.104725 170.163211
v -471.813219 -114.822135 185.240193
v -471.813219 -114.822135 185.240193
v -470.644787 -47.899616 171.143042
v -470.644787 -47.899616 171.143042
v -471.479108 -114.664772 186.019416
v -471.479108 -114.664772 186.019416
v -470.253278 -47.715234 172.056107
v -470.253278 -47.715234 172.056107
v -470.950680 -114.535847 186.688557
v -470.950680 -114.535847 186.688557
v -469.634099 -47.564150 172.840155
v -469.634099 -47.564150 172.840155
v -470.263945 -114.444128 187.202014
v -470.263945 -114.444128 187.202014
v -468.829408 -47.456685 173.441783
v -468.829408 -47.456685 173.441783
v -469.465745 -114.395867 187.524782
v -469.465745 -114.395867 187.524782
v -467.894149 -47.400148 173.819987
v -467.894149 -47.400148 173.819987
v -468.610486 -114.394364 187.634864
v -468.610486 -114.394364 187.634864
v -466.892011 -47.398385 173.948975
v -466.892011 -47.398385 173.948975
v -467.756441 -114.439719 187.524782
v -467.756441 -114.439719 187.524782
v -467.756441 -114.439719 187.524782
v -465.891256 -47.451514 173.819987
v -465.891256 -47.451514 173.819987
v -465.891256 -47.451514 173.819987
v -466.961740 -114.528820 187.202014
v -466.961740 -114.528820 187.202014
v -464.960116 -47.555945 173.441783
v -464.960116 -47.555945 173.441783
v -466.280676 -114.655629 186.688557
v -466.280676 -114.655629 186.688557
v -464.162029 -47.704525 172.840155
v -464.162029 -47.704525 172.840155
v -465.759530 -114.811475 186.019416
v -465.759530 -114.811475 186.019416
v -463.551428 -47.887136 172.056093
v -463.551428 -47.887136 172.056093
v -465.433883 -114.985769 185.240193
v -465.433883 -114.985769 185.240193
v -463.169880 -48.091349 171.143042
v -463.169880 -48.091349 171.143042
v -465.325918 -115.166589 184.403968
v -465.325918 -115.166589 184.403968
v -463.043375 -48.303231 170.163225
v -463.043375 -48.303231 170.163225
v -465.443026 -115.341659 183.567743
v -465.443026 -115.341659 183.567743
v -463.180547 -48.508354 169.183394
v -463.180547 -48.508354 169.183394
v -465.777138 -115.499008 182.788520
v -465.777138 -115.499008 182.788520
v -463.572084 -48.692737 168.270329
v -463.572084 -48.692737 168.270329
v -466.305594 -115.627947 182.119379
v -466.305594 -115.627947 182.119379
v -464.191292 -48.843807 167.486281
v -464.191292 -48.843807 167.486281
v -466.992301 -115.719651 181.605922
v -466.992301 -115.719651 181.605922
v -464.995898 -48.951285 166.884639
v -464.995898 -48.951285 166.884639
v -467.790501 -115.767913 181.283168
v -467.790501 -115.767913 181.283168
v -465.931185 -49.007822 166.506450
v -465.931185 -49.007822 166.506450
v -468.244769 -100.135279 177.263977
v -468.244769 -100.135279 177.263977
v -468.359394 -104.605161 178.215787
v -468.359394 -104.605161 178.215787
v -469.360150 -104.552025 178.344790
v -469.360150 -104.552025 178.344790
v -469.245496 -100.082143 177.392980
v -469.245496 -100.082143 177.392980
v -470.291289 -104.447608 178.722980
v -470.291289 -104.447608 178.722980
v -470.176636 -99.977733 177.771184
v -470.176636 -99.977733 177.771184
v -471.089348 -104.299021 179.324607
v -471.089348 -104.299021 179.324607
v -470.974723 -99.829139 178.372811
v -470.974723 -99.829139 178.372811
v -471.700005 -104.116403 180.108669
v -471.700005 -104.116403 180.108669
v -471.585323 -99.646520 179.156860
v -471.585323 -99.646520 179.156860
v -472.081581 -103.912204 181.021720
v -472.081581 -103.912204 181.021720
v -471.966900 -99.442307 180.069925
v -471.966900 -99.442307 180.069925
v -472.208058 -103.700315 182.001551
v -472.208058 -103.700315 182.001551
v -472.093405 -99.230433 181.049742
v -472.093405 -99.230433 181.049742
v -472.070858 -103.495192 182.981382
v -472.070858 -103.495192 182.981382
v -471.956233 -99.025302 182.029573
v -471.956233 -99.025302 182.029573
v -471.679321 -103.310802 183.894433
v -471.679321 -103.310802 183.894433
v -471.564667 -98.840920 182.942624
v -471.564667 -98.840920 182.942624
v -471.060141 -103.159739 184.678496
v -471.060141 -103.159739 184.678496
v -470.945488 -98.689857 183.726686
v -470.945488 -98.689857 183.726686
v -470.255507 -103.052275 185.280109
v -470.255507 -103.052275 185.280109
v -470.140854 -98.582392 184.328313
v -470.140854 -98.582392 184.328313
v -469.320248 -102.995724 185.658313
v -469.320248 -102.995724 185.658313
v -469.205566 -98.525842 184.706517
v -469.205566 -98.525842 184.706517
v -468.318082 -102.993967 185.787316
v -468.318082 -102.993967 185.787316
v -468.203400 -98.524092 184.835506
v -468.203400 -98.524092 184.835506
v -467.317326 -103.047103 185.658313
v -467.317326 -103.047103 185.658313
v -467.317326 -103.047103 185.658313
v -467.202645 -98.577221 184.706503
v -467.202645 -98.577221 184.706503
v -467.202645 -98.577221 184.706503
v -466.386159 -103.151520 185.280109
v -466.386159 -103.151520 185.280109
v -466.271534 -98.681638 184.328327
v -466.271534 -98.681638 184.328327
v -465.588128 -103.300093 184.678496
v -465.588128 -103.300093 184.678496
v -465.473446 -98.830211 183.726686
v -465.473446 -98.830211 183.726686
v -464.977471 -103.482726 183.894433
v -464.977471 -103.482726 183.894433
v -464.862817 -99.012829 182.942624
v -464.862817 -99.012829 182.942624
v -464.595923 -103.686925 182.981368
v -464.595923 -103.686925 182.981368
v -464.481270 -99.217043 182.029573
v -464.481270 -99.217043 182.029573
v -464.469418 -103.898814 182.001551
v -464.469418 -103.898814 182.001551
v -464.354764 -99.428931 181.049742
v -464.354764 -99.428931 181.049742
v -464.606618 -104.103944 181.021720
v -464.606618 -104.103944 181.021720
v -464.491936 -99.634062 180.069911
v -464.491936 -99.634062 180.069911
v -464.998127 -104.288312 180.108669
v -464.998127 -104.288312 180.108669
v -464.883502 -99.818430 179.156860
v -464.883502 -99.818430 179.156860
v -465.617335 -104.439396 179.324607
v -465.617335 -104.439396 179.324607
v -465.502681 -99.969507 178.372811
v -465.502681 -99.969507 178.372811
v -466.421997 -104.546854 178.722980
v -466.421997 -104.546854 178.722980
v -466.307315 -100.076972 177.771184
v -466.307315 -100.076972 177.771184
v -467.357228 -104.603405 178.344776
v -467.357228 -104.603405 178.344776
v -467.242603 -100.133508 177.392980
v -467.242603 -100.133508 177.392980
v -467.286709 -104.661169 178.081959
v -467.286709 -104.661169 178.081959
v -467.172055 -100.191279 177.130149
v -467.172055 -100.191279 177.130149
v -468.246236 -100.193177 176.991891
v -468.246236 -100.193177 176.991891
v -468.360890 -104.663059 177.943700
v -468.360890 -104.663059 177.943700
v -466.284204 -104.600569 178.487352
v -466.284204 -104.600569 178.487352
v -466.169550 -100.130679 177.535542
v -466.169550 -100.130679 177.535542
v -465.421749 -104.485379 179.132224
v -465.421749 -104.485379 179.132224
v -465.307096 -100.015483 178.180415
v -465.307096 -100.015483 178.180415
v -464.758041 -104.323438 179.972612
v -464.758041 -104.323438 179.972612
v -464.643415 -99.853555 179.020830
v -464.643415 -99.853555 179.020830
v -464.338369 -104.125807 180.951300
v -464.338369 -104.125807 180.951300
v -464.223744 -99.655924 179.999490
v -464.223744 -99.655924 179.999490
v -464.191348 -103.905946 182.001551
v -464.191348 -103.905946 182.001551
v -464.076695 -99.436071 181.049756
v -464.076695 -99.436071 181.049756
v -464.326912 -103.678826 183.051789
v -464.326912 -103.678826 183.051789
v -464.212287 -99.208944 182.099993
v -464.212287 -99.208944 182.099993
v -464.735917 -103.459946 184.030477
v -464.735917 -103.459946 184.030477
v -464.621235 -98.990064 183.078667
v -464.621235 -98.990064 183.078667
v -465.390426 -103.264199 184.870892
v -465.390426 -103.264199 184.870892
v -465.275773 -98.794316 183.919083
v -465.275773 -98.794316 183.919083
v -466.245854 -103.104938 185.515751
v -466.245854 -103.104938 185.515751
v -466.131229 -98.635063 184.563955
v -466.131229 -98.635063 184.563955
v -467.243901 -102.993022 185.921130
v -467.243901 -102.993022 185.921130
v -467.243901 -102.993022 185.921130
v -467.129276 -98.523140 184.969334
v -467.129276 -98.523140 184.969334
v -467.129276 -98.523140 184.969334
v -468.316558 -102.936069 186.059402
v -468.316558 -102.936069 186.059402
v -468.201933 -98.466187 185.107593
v -468.201933 -98.466187 185.107593
v -469.390739 -102.937953 185.921130
v -469.390739 -102.937953 185.921130
v -469.276114 -98.468063 184.969334
v -469.276114 -98.468063 184.969334
v -470.393244 -102.998567 185.515751
v -470.393244 -102.998567 185.515751
v -470.278590 -98.528678 184.563941
v -470.278590 -98.528678 184.563941
v -471.255727 -103.113749 184.870878
v -471.255727 -103.113749 184.870878
v -471.141101 -98.643867 183.919069
v -471.141101 -98.643867 183.919069
v -471.919435 -103.275677 184.030463
v -471.919435 -103.275677 184.030463
v -471.804754 -98.805794 183.078681
v -471.804754 -98.805794 183.078681
v -472.339079 -103.473308 183.051803
v -472.339079 -103.473308 183.051803
v -472.224425 -99.003426 182.099993
v -472.224425 -99.003426 182.099993
v -472.486127 -103.693182 182.001551
v -472.486127 -103.693182 182.001551
v -472.371502 -99.223300 181.049756
v -472.371502 -99.223300 181.049756
v -472.350564 -103.920302 180.951300
v -472.350564 -103.920302 180.951300
v -472.235910 -99.450406 179.999504
v -472.235910 -99.450406 179.999504
v -471.941587 -104.139182 179.972626
v -471.941587 -104.139182 179.972626
v -471.826934 -99.669300 179.020830
v -471.826934 -99.669300 179.020830
v -471.287050 -104.334916 179.132210
v -471.287050 -104.334916 179.132210
v -471.172368 -99.865033 178.180401
v -471.172368 -99.865033 178.180401
v -470.431622 -104.494190 178.487338
v -470.431622 -104.494190 178.487338
v -470.316968 -100.024294 177.535542
v -470.316968 -100.024294 177.535542
v -469.433575 -104.606106 178.081973
v -469.433575 -104.606106 178.081973
v -469.318894 -100.136224 177.130163
v -469.318894 -100.136224 177.130163
v -468.610543 -114.396417 180.300699
v -468.610543 -114.396417 180.300699
v -469.611298 -114.343267 180.429702
v -469.611298 -114.343267 180.429702
v -467.608404 -114.394646 180.429702
v -467.608404 -114.394646 180.429702
v -470.542465 -114.238850 180.807906
v -470.542465 -114.238850 180.807906
v -471.340496 -114.090277 181.409519
v -471.340496 -114.090277 181.409519
v -471.951153 -113.907659 182.193581
v -471.951153 -113.907659 182.193581
v -472.332701 -113.703445 183.106646
v -472.332701 -113.703445 183.106646
v -472.459207 -113.491557 184.086463
v -472.459207 -113.491557 184.086463
v -472.322006 -113.286440 185.066294
v -472.322006 -113.286440 185.066294
v -471.930497 -113.102058 185.979345
v -471.930497 -113.102058 185.979345
v -471.311290 -112.950995 186.763408
v -471.311290 -112.950995 186.763408
v -470.506627 -112.843516 187.365035
v -470.506627 -112.843516 187.365035
v -469.571396 -112.786980 187.743239
v -469.571396 -112.786980 187.743239
v -468.569230 -112.785216 187.872227
v -468.569230 -112.785216 187.872227
v -467.568475 -112.838359 187.743225
v -467.568475 -112.838359 187.743225
v -467.568475 -112.838359 187.743225
v -466.637335 -112.942776 187.365035
v -466.637335 -112.942776 187.365035
v -465.839276 -113.091349 186.763408
v -465.839276 -113.091349 186.763408
v -465.228647 -113.273968 185.979345
v -465.228647 -113.273968 185.979345
v -464.847043 -113.478181 185.066294
v -464.847043 -113.478181 185.066294
v -464.720566 -113.690056 184.086463
v -464.720566 -113.690056 184.086463
v -464.857766 -113.895186 183.106632
v -464.857766 -113.895186 183.106632
v -465.249304 -114.079568 182.193581
v -465.249304 -114.079568 182.193581
v -465.868483 -114.230631 181.409519
v -465.868483 -114.230631 181.409519
v -466.673117 -114.338110 180.807891
v -466.673117 -114.338110 180.807891
v -468.649597 -115.919131 180.469490
v -468.649597 -115.919131 180.469490
v -469.689690 -115.863913 180.603558
v -469.689690 -115.863913 180.603558
v -470.657373 -115.755398 180.996605
v -470.657373 -115.755398 180.996605
v -471.486839 -115.600970 181.621866
v -471.486839 -115.600970 181.621866
v -472.121426 -115.411183 182.436715
v -472.121426 -115.411183 182.436715
v -472.517958 -115.198949 183.385661
v -472.517958 -115.198949 183.385661
v -472.649459 -114.978743 184.403968
v -472.649459 -114.978743 184.403968
v -472.506868 -114.765556 185.422290
v -472.506868 -114.765556 185.422290
v -472.099980 -114.573935 186.371207
v -472.099980 -114.573935 186.371207
v -471.456419 -114.416932 187.186070
v -471.456419 -114.416932 187.186070
v -470.620180 -114.305242 187.811331
v -470.620180 -114.305242 187.811331
v -469.648180 -114.246483 188.204378
v -469.648180 -114.246483 188.204378
v -468.606648 -114.244649 188.338460
v -468.606648 -114.244649 188.338460
v -467.566612 -114.299880 188.204392
v -467.566612 -114.299880 188.204392
v -467.566612 -114.299880 188.204392
v -466.598873 -114.408382 187.811331
v -466.598873 -114.408382 187.811331
v -465.769463 -114.562810 187.186070
v -465.769463 -114.562810 187.186070
v -465.134819 -114.752596 186.371207
v -465.134819 -114.752596 186.371207
v -464.738287 -114.964831 185.422290
v -464.738287 -114.964831 185.422290
v -464.606844 -115.185037 184.403968
v -464.606844 -115.185037 184.403968
v -464.749406 -115.398224 183.385661
v -464.749406 -115.398224 183.385661
v -465.156322 -115.589844 182.436715
v -465.156322 -115.589844 182.436715
v -465.799826 -115.746847 181.621866
v -465.799826 -115.746847 181.621866
v -466.636065 -115.858538 180.996605
v -466.636065 -115.858538 180.996605
v -467.608094 -115.917311 180.603544
v -467.608094 -115.917311 180.603544
v -469.651425 -114.372833 180.286053
v -469.651425 -114.372833 180.286053
v -470.619164 -114.264310 180.679100
v -470.619164 -114.264310 180.679100
v -471.448575 -114.109904 181.304361
v -471.448575 -114.109904 181.304361
v -472.083161 -113.920096 182.119210
v -472.083161 -113.920096 182.119210
v -472.479750 -113.707869 183.068141
v -472.479750 -113.707869 183.068141
v -472.611194 -113.487655 184.086463
v -472.611194 -113.487655 184.086463
v -472.468604 -113.274490 185.104785
v -472.468604 -113.274490 185.104785
v -472.061715 -113.082862 186.053702
v -472.061715 -113.082862 186.053702
v -471.418211 -112.925852 186.868565
v -471.418211 -112.925852 186.868565
v -470.581972 -112.814162 187.493826
v -470.581972 -112.814162 187.493826
v -469.609943 -112.755403 187.886873
v -469.609943 -112.755403 187.886873
v -468.568383 -112.753562 188.020955
v -468.568383 -112.753562 188.020955
v -467.528347 -112.808793 187.886887
v -467.528347 -112.808793 187.886887
v -467.528347 -112.808793 187.886887
v -466.560608 -112.917316 187.493826
v -466.560608 -112.917316 187.493826
v -465.731198 -113.071723 186.868565
v -465.731198 -113.071723 186.868565
v -465.096583 -113.261516 186.053702
v -465.096583 -113.261516 186.053702
v -464.700023 -113.473743 185.104785
v -464.700023 -113.473743 185.104785
v -464.568579 -113.693957 184.086463
v -464.568579 -113.693957 184.086463
v -464.711141 -113.907137 183.068141
v -464.711141 -113.907137 183.068141
v -465.118057 -114.098764 182.119210
v -465.118057 -114.098764 182.119210
v -465.761590 -114.255781 181.304361
v -465.761590 -114.255781 181.304361
v -466.597829 -114.367472 180.679100
v -466.597829 -114.367472 180.679100
v -468.611361 -114.428065 180.151985
v -468.611361 -114.428065 180.151985
v -467.569829 -114.426223 180.286039
v -467.569829 -114.426223 180.286039
v -469.150483 -135.444810 185.362677
v -469.150483 -135.444810 185.362677
v -470.004528 -135.399462 185.472773
v -470.004528 -135.399462 185.472773
v -470.799201 -135.310347 185.795541
v -470.799201 -135.310347 185.795541
v -471.480293 -135.183559 186.308984
v -471.480293 -135.183559 186.308984
v -472.001440 -135.027692 186.978125
v -472.001440 -135.027692 186.978125
v -472.327058 -134.853412 187.757362
v -472.327058 -134.853412 187.757362
v -472.435023 -134.672599 188.593587
v -472.435023 -134.672599 188.593587
v -472.317943 -134.497529 189.429812
v -472.317943 -134.497529 189.429812
v -471.983803 -134.340181 190.209035
v -471.983803 -134.340181 190.209035
v -471.455375 -134.211234 190.878162
v -471.455375 -134.211234 190.878162
v -470.768668 -134.119537 191.391633
v -470.768668 -134.119537 191.391633
v -469.970468 -134.071269 191.714387
v -469.970468 -134.071269 191.714387
v -469.115209 -134.069773 191.824483
v -469.115209 -134.069773 191.824483
v -468.261136 -134.115107 191.714387
v -468.261136 -134.115107 191.714387
v -468.261136 -134.115107 191.714387
v -467.466463 -134.204222 191.391633
v -467.466463 -134.204222 191.391633
v -466.785343 -134.331038 190.878176
v -466.785343 -134.331038 190.878176
v -466.264225 -134.486891 190.209021
v -466.264225 -134.486891 190.209021
v -465.938550 -134.661157 189.429798
v -465.938550 -134.661157 189.429798
v -465.830641 -134.841997 188.593587
v -465.830641 -134.841997 188.593587
v -465.947693 -135.017053 187.757362
v -465.947693 -135.017053 187.757362
v -466.281862 -135.174416 186.978139
v -466.281862 -135.174416 186.978139
v -466.810289 -135.303334 186.308984
v -466.810289 -135.303334 186.308984
v -467.496996 -135.395060 185.795541
v -467.496996 -135.395060 185.795541
v -468.295168 -135.443314 185.472773
v -468.295168 -135.443314 185.472773
v -465.896335 -104.949439 184.759329
v -465.896335 -104.949439 184.759329
v -465.976533 -108.076292 185.425168
v -465.976533 -108.076292 185.425168
v -465.345022 -105.114308 184.051443
v -465.345022 -105.114308 184.051443
v -465.425248 -108.241175 184.717269
v -465.425248 -108.241175 184.717269
v -465.000526 -105.298683 183.227070
v -465.000526 -105.298683 183.227070
v -465.080724 -108.425543 183.892910
v -465.080724 -108.425543 183.892910
v -464.886324 -105.489993 182.342422
v -464.886324 -105.489993 182.342422
v -464.966550 -108.616853 183.008247
v -464.966550 -108.616853 183.008247
v -465.010205 -105.675187 181.457773
v -465.010205 -105.675187 181.457773
v -465.090375 -108.802047 182.123598
v -465.090375 -108.802047 182.123598
v -465.363675 -105.841657 180.633400
v -465.363675 -105.841657 180.633400
v -465.443929 -108.968517 181.299211
v -465.443929 -108.968517 181.299211
v -465.922720 -105.978060 179.925500
v -465.922720 -105.978060 179.925500
v -466.002946 -109.104920 180.591325
v -466.002946 -109.104920 180.591325
v -467.573836 -109.252999 179.706677
v -467.573836 -109.252999 179.706677
v -467.493638 -106.126139 179.040837
v -467.493638 -106.126139 179.040837
v -466.649215 -106.075077 179.382315
v -466.649215 -106.075077 179.382315
v -466.729414 -109.201951 180.048126
v -466.729414 -109.201951 180.048126
v -468.398449 -106.127727 178.924392
v -468.398449 -106.127727 178.924392
v -468.478647 -109.254586 179.590203
v -468.478647 -109.254586 179.590203
v -470.222886 -109.112335 180.048140
v -470.222886 -109.112335 180.048140
v -470.142716 -105.985475 179.382300
v -470.142716 -105.985475 179.382300
v -469.302019 -106.079747 179.040852
v -469.302019 -106.079747 179.040852
v -469.382217 -109.206607 179.706677
v -469.382217 -109.206607 179.706677
v -468.480679 -109.332837 179.222483
v -468.480679 -109.332837 179.222483
v -468.400453 -106.205978 178.556657
v -468.400453 -106.205978 178.556657
v -467.398315 -106.204207 178.685646
v -467.398315 -106.204207 178.685646
v -467.478513 -109.331081 179.351485
v -467.478513 -109.331081 179.351485
v -469.481434 -109.279701 179.351471
v -469.481434 -109.279701 179.351471
v -469.401208 -106.152841 178.685660
v -469.401208 -106.152841 178.685660
v -470.332347 -106.048424 179.063864
v -470.332347 -106.048424 179.063864
v -470.412574 -109.175284 179.729675
v -470.412574 -109.175284 179.729675
v -471.210633 -109.026711 180.331302
v -471.210633 -109.026711 180.331302
v -471.130435 -105.899838 179.665477
v -471.130435 -105.899838 179.665477
v -471.821262 -108.844079 181.115351
v -471.821262 -108.844079 181.115351
v -471.741035 -105.717219 180.449540
v -471.741035 -105.717219 180.449540
v -472.202810 -108.639880 182.028416
v -472.202810 -108.639880 182.028416
v -472.122612 -105.513006 181.362591
v -472.122612 -105.513006 181.362591
v -472.329343 -108.427991 183.008247
v -472.329343 -108.427991 183.008247
v -472.249089 -105.301131 182.342422
v -472.249089 -105.301131 182.342422
v -472.192143 -108.222861 183.988078
v -472.192143 -108.222861 183.988078
v -472.111917 -105.096008 183.322253
v -472.111917 -105.096008 183.322253
v -471.800606 -108.038492 184.901129
v -471.800606 -108.038492 184.901129
v -471.720379 -104.911619 184.235304
v -471.720379 -104.911619 184.235304
v -471.181426 -107.887415 185.685191
v -471.181426 -107.887415 185.685191
v -471.101200 -104.760556 185.019366
v -471.101200 -104.760556 185.019366
v -470.376764 -107.779951 186.286804
v -470.376764 -107.779951 186.286804
v -470.296566 -104.653091 185.620993
v -470.296566 -104.653091 185.620993
v -469.441533 -107.723400 186.665022
v -469.441533 -107.723400 186.665022
v -469.361278 -104.596540 185.999183
v -469.361278 -104.596540 185.999183
v -468.439367 -107.721643 186.794011
v -468.439367 -107.721643 186.794011
v -468.359140 -104.594770 186.128186
v -468.359140 -104.594770 186.128186
v -467.438611 -107.774780 186.665008
v -467.438611 -107.774780 186.665008
v -467.438611 -107.774780 186.665008
v -467.358385 -104.647920 185.999183
v -467.358385 -104.647920 185.999183
v -467.358385 -104.647920 185.999183
v -466.507444 -107.879190 186.286818
v -466.507444 -107.879190 186.286818
v -466.427246 -104.752337 185.620979
v -466.427246 -104.752337 185.620979
v -465.709413 -108.027783 185.685191
v -465.709413 -108.027783 185.685191
v -465.629158 -104.900909 185.019366
v -465.629158 -104.900909 185.019366
v -465.098756 -108.210402 184.901129
v -465.098756 -108.210402 184.901129
v -465.018558 -105.083528 184.235304
v -465.018558 -105.083528 184.235304
v -464.717180 -108.414601 183.988078
v -464.717180 -108.414601 183.988078
v -464.636981 -105.287741 183.322239
v -464.636981 -105.287741 183.322239
v -464.590702 -108.626490 183.008247
v -464.590702 -108.626490 183.008247
v -464.510504 -105.499630 182.342422
v -464.510504 -105.499630 182.342422
v -464.727903 -108.831620 182.028416
v -464.727903 -108.831620 182.028416
v -464.647676 -105.704746 181.362591
v -464.647676 -105.704746 181.362591
v -465.119412 -109.015988 181.115365
v -465.119412 -109.015988 181.115365
v -465.039214 -105.889129 180.449540
v -465.039214 -105.889129 180.449540
v -465.738591 -109.167065 180.331302
v -465.738591 -109.167065 180.331302
v -465.658393 -106.040213 179.665477
v -465.658393 -106.040213 179.665477
v -466.543225 -109.274530 179.729675
v -466.543225 -109.274530 179.729675
v -466.463027 -106.147670 179.063850
v -466.463027 -106.147670 179.063850
v -466.697131 -107.942146 185.968354
v -466.697131 -107.942146 185.968354
v -466.616905 -104.815286 185.302543
v -466.616905 -104.815286 185.302543
v -467.537801 -107.847867 186.309817
v -467.537801 -107.847867 186.309817
v -467.537801 -107.847867 186.309817
v -467.457574 -104.721014 185.643992
v -467.457574 -104.721014 185.643992
v -467.457574 -104.721014 185.643992
v -468.441342 -107.799894 186.426290
v -468.441342 -107.799894 186.426290
v -468.361144 -104.673035 185.760451
v -468.361144 -104.673035 185.760451
v -469.346181 -107.801482 186.309817
v -469.346181 -107.801482 186.309817
v -469.265955 -104.674622 185.644006
v -469.265955 -104.674622 185.644006
v -470.190576 -107.852530 185.968354
v -470.190576 -107.852530 185.968354
v -470.110378 -104.725670 185.302529
v -470.110378 -104.725670 185.302529
v -470.917071 -107.949560 185.425168
v -470.917071 -107.949560 185.425168
v -470.836873 -104.822701 184.759343
v -470.836873 -104.822701 184.759343
v -471.476116 -108.085964 184.717269
v -471.476116 -108.085964 184.717269
v -471.395918 -104.959090 184.051443
v -471.395918 -104.959090 184.051443
v -471.829586 -108.252434 183.892896
v -471.829586 -108.252434 183.892896
v -471.749388 -105.125574 183.227070
v -471.749388 -105.125574 183.227070
v -471.953467 -108.437628 183.008233
v -471.953467 -108.437628 183.008233
v -471.873269 -105.310768 182.342422
v -471.873269 -105.310768 182.342422
v -471.839237 -108.628938 182.123598
v -471.839237 -108.628938 182.123598
v -471.759067 -105.502064 181.457759
v -471.759067 -105.502064 181.457759
v -471.494769 -108.813313 181.299225
v -471.494769 -108.813313 181.299225
v -471.414599 -105.686446 180.633400
v -471.414599 -105.686446 180.633400
v -470.943456 -108.978182 180.591325
v -470.943456 -108.978182 180.591325
v -470.863258 -105.851329 179.925514
v -470.863258 -105.851329 179.925514
v -466.898219 -105.608541 185.227396
v -466.898219 -105.608541 185.227396
v -466.898219 -105.608541 185.227396
v -466.898219 -105.608541 185.227396
v -468.740096 -105.388617 186.038266
v -468.740096 -105.388617 186.038266
v -466.891277 -105.879548 185.331016
v -466.891277 -105.879548 185.331016
v -468.736004 -105.550473 186.100164
v -468.736004 -105.550473 186.100164
v -466.857273 -106.091282 185.506904
v -466.857273 -106.091282 185.506904
v -466.857273 -106.091282 185.506904
v -466.857273 -106.091282 185.506904
v -468.715630 -105.676922 186.205195
v -468.715630 -105.676922 186.205195
v -466.801315 -106.211501 185.728225
v -466.801315 -106.211501 185.728225
v -466.801315 -106.211501 185.728225
v -466.801315 -106.211501 185.728225
v -468.682247 -105.748725 186.337373
v -468.682247 -105.748725 186.337373
v -466.731953 -106.221914 185.961327
v -466.731953 -106.221914 185.961327
v -466.731953 -106.221914 185.961327
v -466.731953 -106.221914 185.961327
v -468.640821 -105.754927 186.476576
v -468.640821 -105.754927 186.476576
v -466.659713 -106.120912 186.170712
v -466.659713 -106.120912 186.170712
v -468.597675 -105.694630 186.601614
v -468.597675 -105.694630 186.601614
v -466.595656 -105.923901 186.324477
v -466.595656 -105.923901 186.324477
v -468.559410 -105.576964 186.693467
v -468.559410 -105.576964 186.693467
v -466.549462 -105.660852 186.399257
v -466.549462 -105.660852 186.399257
v -468.531812 -105.419876 186.738109
v -468.531812 -105.419876 186.738109
v -466.528185 -105.371820 186.383638
v -466.528185 -105.371820 186.383638
v -468.519113 -105.247261 186.728783
v -468.519113 -105.247261 186.728783
v -466.535098 -105.100805 186.280004
v -466.535098 -105.100805 186.280004
v -468.523233 -105.085405 186.666899
v -468.523233 -105.085405 186.666899
v -466.569130 -104.889072 186.104129
v -466.569130 -104.889072 186.104129
v -468.543551 -104.958963 186.561868
v -468.543551 -104.958963 186.561868
v -466.625060 -104.768845 185.882794
v -466.625060 -104.768845 185.882794
v -466.625060 -104.768845 185.882794
v -466.625060 -104.768845 185.882794
v -468.576962 -104.887153 186.429691
v -468.576962 -104.887153 186.429691
v -466.694422 -104.758446 185.649692
v -466.694422 -104.758446 185.649692
v -466.694422 -104.758446 185.649692
v -466.694422 -104.758446 185.649692
v -468.618387 -104.880938 186.290473
v -468.618387 -104.880938 186.290473
v -466.766663 -104.859435 185.440322
v -466.766663 -104.859435 185.440322
v -468.661506 -104.941255 186.165435
v -468.661506 -104.941255 186.165435
v -466.830719 -105.056459 185.286543
v -466.830719 -105.056459 185.286543
v -468.699827 -105.058921 186.073596
v -468.699827 -105.058921 186.073596
v -466.876942 -105.319509 185.211763
v -466.876942 -105.319509 185.211763
v -468.727425 -105.216023 186.028954
v -468.727425 -105.216023 186.028954
v -468.807708 -105.707314 185.909038
v -468.807708 -105.707314 185.909038
v -468.807708 -105.707314 185.909038
v -468.814622 -105.436293 185.805404
v -468.814622 -105.436293 185.805404
v -468.814622 -105.436293 185.805404
v -468.773704 -105.919048 186.084912
v -468.773704 -105.919048 186.084912
v -468.773704 -105.919048 186.084912
v -468.773704 -105.919048 186.084912
v -468.717774 -106.039267 186.306247
v -468.717774 -106.039267 186.306247
v -468.717774 -106.039267 186.306247
v -468.717774 -106.039267 186.306247
v -468.648356 -106.049666 186.539349
v -468.648356 -106.049666 186.539349
v -468.648356 -106.049666 186.539349
v -468.576144 -105.948678 186.748720
v -468.576144 -105.948678 186.748720
v -468.512059 -105.751667 186.902499
v -468.512059 -105.751667 186.902499
v -468.465892 -105.488618 186.977279
v -468.465892 -105.488618 186.977279
v -468.444615 -105.199585 186.961645
v -468.444615 -105.199585 186.961645
v -468.451501 -104.928571 186.858011
v -468.451501 -104.928571 186.858011
v -468.485505 -104.716830 186.682137
v -468.485505 -104.716830 186.682137
v -468.485505 -104.716830 186.682137
v -468.541463 -104.596611 186.460816
v -468.541463 -104.596611 186.460816
v -468.541463 -104.596611 186.460816
v -468.541463 -104.596611 186.460816
v -468.610825 -104.586212 186.227714
v -468.610825 -104.586212 186.227714
v -468.610825 -104.586212 186.227714
v -468.683065 -104.687201 186.018344
v -468.683065 -104.687201 186.018344
v -468.747150 -104.884211 185.864551
v -468.747150 -104.884211 185.864551
v -468.793345 -105.147261 185.789785
v -468.793345 -105.147261 185.789785
v -468.793345 -105.147261 185.789785
v -469.032641 -105.523814 186.189633
v -469.032641 -105.523814 186.189633
v -469.036761 -105.361957 186.127748
v -469.036761 -105.361957 186.127748
v -469.012323 -105.650256 186.294663
v -469.012323 -105.650256 186.294663
v -468.978912 -105.722066 186.426841
v -468.978912 -105.722066 186.426841
v -468.937459 -105.728267 186.566059
v -468.937459 -105.728267 186.566059
v -468.894368 -105.667963 186.691097
v -468.894368 -105.667963 186.691097
v -468.856047 -105.550297 186.782935
v -468.856047 -105.550297 186.782935
v -468.828505 -105.393195 186.827592
v -468.828505 -105.393195 186.827592
v -468.815750 -105.220601 186.818265
v -468.815750 -105.220601 186.818265
v -468.819927 -105.058745 186.756367
v -468.819927 -105.058745 186.756367
v -468.840244 -104.932296 186.651336
v -468.840244 -104.932296 186.651336
v -468.873627 -104.860493 186.519159
v -468.873627 -104.860493 186.519159
v -468.915053 -104.854292 186.379955
v -468.915053 -104.854292 186.379955
v -468.958199 -104.914589 186.254917
v -468.958199 -104.914589 186.254917
v -468.996464 -105.032261 186.163064
v -468.996464 -105.032261 186.163064
v -469.024062 -105.189356 186.118422
v -469.024062 -105.189356 186.118422
v -469.841846 -78.885502 180.500376
v -469.841846 -78.885502 180.500376
v -469.693415 -73.099179 179.268254
v -469.693415 -73.099179 179.268254
v -470.732209 -79.004409 179.834650
v -470.732209 -79.004409 179.834650
v -470.583834 -73.218108 178.602527
v -470.583834 -73.218108 178.602527
v -471.417365 -79.171578 178.967059
v -471.417365 -79.171578 178.967059
v -471.268961 -73.385277 177.734937
v -471.268961 -73.385277 177.734937
v -471.850638 -79.375601 177.956738
v -471.850638 -79.375601 177.956738
v -471.702206 -73.589300 176.724601
v -471.702206 -73.589300 176.724601
v -472.002399 -79.602587 176.872511
v -472.002399 -79.602587 176.872511
v -471.854024 -73.816278 175.640388
v -471.854024 -73.816278 175.640388
v -471.862461 -79.837037 175.788298
v -471.862461 -79.837037 175.788298
v -471.714030 -74.050735 174.556176
v -471.714030 -74.050735 174.556176
v -471.440250 -80.063014 174.777962
v -471.440250 -80.063014 174.777962
v -471.291819 -74.276698 173.545854
v -471.291819 -74.276698 173.545854
v -470.764548 -80.265075 173.910372
v -470.764548 -80.265075 173.910372
v -470.616117 -74.478774 172.678264
v -470.616117 -74.478774 172.678264
v -469.881466 -80.429493 173.244659
v -469.881466 -80.429493 173.244659
v -469.733034 -74.643184 172.012537
v -469.733034 -74.643184 172.012537
v -468.851109 -80.545035 172.826159
v -468.851109 -80.545035 172.826159
v -468.702705 -74.758726 171.594037
v -468.702705 -74.758726 171.594037
v -467.743770 -80.603836 172.683414
v -467.743770 -80.603836 172.683414
v -467.595339 -74.817513 171.451305
v -467.595339 -74.817513 171.451305
v -466.486392 -74.815573 171.594051
v -466.486392 -74.815573 171.594051
v -466.634824 -80.601882 172.826159
v -466.634824 -80.601882 172.826159
v -466.739403 -80.516238 173.215735
v -466.739403 -80.516238 173.215735
v -466.590972 -74.729936 171.983627
v -466.590972 -74.729936 171.983627
v -467.593138 -74.731700 171.854624
v -467.593138 -74.731700 171.854624
v -467.741569 -80.518001 173.086746
v -467.741569 -80.518001 173.086746
v -468.593865 -74.678549 171.983627
v -468.593865 -74.678549 171.983627
v -468.742297 -80.464872 173.215735
v -468.742297 -80.464872 173.215735
v -469.525004 -74.574139 172.361831
v -469.525004 -74.574139 172.361831
v -469.673436 -80.360441 173.593939
v -469.673436 -80.360441 173.593939
v -470.323092 -74.425567 172.963458
v -470.323092 -74.425567 172.963458
v -470.471523 -80.211868 174.195566
v -470.471523 -80.211868 174.195566
v -470.933692 -74.242948 173.747506
v -470.933692 -74.242948 173.747506
v -471.082124 -80.029250 174.979629
v -471.082124 -80.029250 174.979629
v -471.315269 -74.038728 174.660571
v -471.315269 -74.038728 174.660571
v -471.463700 -79.825036 175.892680
v -471.463700 -79.825036 175.892680
v -471.441774 -73.826846 175.640388
v -471.441774 -73.826846 175.640388
v -471.590177 -79.613162 176.872511
v -471.590177 -79.613162 176.872511
v -471.304602 -73.621730 176.620219
v -471.304602 -73.621730 176.620219
v -471.453005 -79.408039 177.852328
v -471.453005 -79.408039 177.852328
v -470.913036 -73.437341 177.533285
v -470.913036 -73.437341 177.533285
v -471.061468 -79.223649 178.765393
v -471.061468 -79.223649 178.765393
v -470.293857 -73.286278 178.317333
v -470.293857 -73.286278 178.317333
v -470.442288 -79.072586 179.549441
v -470.442288 -79.072586 179.549441
v -469.489223 -73.178799 178.918974
v -469.489223 -73.178799 178.918974
v -469.637654 -78.965108 180.151082
v -469.637654 -78.965108 180.151082
v -468.553964 -73.122262 179.297164
v -468.553964 -73.122262 179.297164
v -468.702367 -78.908571 180.529272
v -468.702367 -78.908571 180.529272
v -467.551797 -73.120499 179.426153
v -467.551797 -73.120499 179.426153
v -467.700200 -78.906800 180.658275
v -467.700200 -78.906800 180.658275
v -466.551070 -73.173635 179.297164
v -466.551070 -73.173635 179.297164
v -466.551070 -73.173635 179.297164
v -466.699445 -78.959951 180.529286
v -466.699445 -78.959951 180.529286
v -466.699445 -78.959951 180.529286
v -465.619903 -73.278059 178.918960
v -465.619903 -73.278059 178.918960
v -465.768334 -79.064361 180.151082
v -465.768334 -79.064361 180.151082
v -464.821844 -73.426632 178.317333
v -464.821844 -73.426632 178.317333
v -464.970247 -79.212940 179.549441
v -464.970247 -79.212940 179.549441
v -464.211215 -73.609250 177.533270
v -464.211215 -73.609250 177.533270
v -464.359646 -79.395559 178.765393
v -464.359646 -79.395559 178.765393
v -463.829638 -73.813471 176.620219
v -463.829638 -73.813471 176.620219
v -463.978070 -79.599772 177.852342
v -463.978070 -79.599772 177.852342
v -463.703161 -74.025338 175.640403
v -463.703161 -74.025338 175.640403
v -463.851593 -79.811661 176.872511
v -463.851593 -79.811661 176.872511
v -463.840362 -74.230468 174.660571
v -463.840362 -74.230468 174.660571
v -463.988765 -80.016777 175.892680
v -463.988765 -80.016777 175.892680
v -464.231871 -74.414858 173.747506
v -464.231871 -74.414858 173.747506
v -464.380302 -80.201159 174.979629
v -464.380302 -80.201159 174.979629
v -464.851050 -74.565921 172.963458
v -464.851050 -74.565921 172.963458
v -464.999482 -80.352243 174.195566
v -464.999482 -80.352243 174.195566
v -465.655712 -74.673399 172.361817
v -465.655712 -74.673399 172.361817
v -465.804116 -80.459701 173.593939
v -465.804116 -80.459701 173.593939
v -468.658515 -73.036625 179.686740
v -468.658515 -73.036625 179.686740
v -468.806946 -78.822934 180.918862
v -468.806946 -78.822934 180.918862
v -467.549596 -73.034671 179.829485
v -467.549596 -73.034671 179.829485
v -467.697999 -78.820987 181.061608
v -467.697999 -78.820987 181.061608
v -466.442202 -73.093472 179.686740
v -466.442202 -73.093472 179.686740
v -466.442202 -73.093472 179.686740
v -466.590633 -78.879781 180.918862
v -466.590633 -78.879781 180.918862
v -466.590633 -78.879781 180.918862
v -465.411901 -73.209014 179.268240
v -465.411901 -73.209014 179.268240
v -465.560304 -78.995323 180.500376
v -465.560304 -78.995323 180.500376
v -464.528790 -73.373425 178.602527
v -464.528790 -73.373425 178.602527
v -464.677222 -79.159726 179.834650
v -464.677222 -79.159726 179.834650
v -463.853117 -73.575486 177.734937
v -463.853117 -73.575486 177.734937
v -464.001548 -79.361809 178.967059
v -464.001548 -79.361809 178.967059
v -463.430905 -73.801463 176.724615
v -463.430905 -73.801463 176.724615
v -463.579337 -79.587772 177.956723
v -463.579337 -79.587772 177.956723
v -463.290911 -74.035920 175.640388
v -463.290911 -74.035920 175.640388
v -463.439343 -79.822236 176.872511
v -463.439343 -79.822236 176.872511
v -463.442729 -74.262899 174.556176
v -463.442729 -74.262899 174.556176
v -463.591132 -80.049207 175.788298
v -463.591132 -80.049207 175.788298
v -463.875974 -74.466922 173.545854
v -463.875974 -74.466922 173.545854
v -464.024405 -80.253223 174.777962
v -464.024405 -80.253223 174.777962
v -464.561101 -74.634091 172.678264
v -464.561101 -74.634091 172.678264
v -464.709532 -80.420399 173.910372
v -464.709532 -80.420399 173.910372
v -465.451492 -74.753005 172.012523
v -465.451492 -74.753005 172.012523
v -465.599924 -80.539321 173.244659
v -465.599924 -80.539321 173.244659
vt 0.862570 0.490697
vt 0.788006 0.750476
vt 0.998002 0.621099
vt 0.513490 0.344716
vt 0.788794 0.750476
vt 0.863332 0.490902
vt 0.998002 0.622023
vt 0.513249 0.345609
vt 0.789583 0.750476
vt 0.864015 0.491297
vt 0.998002 0.622947
vt 0.513247 0.346533
vt 0.790372 0.750476
vt 0.864572 0.491856
vt 0.998002 0.623872
vt 0.513485 0.347427
vt 0.791161 0.750476
vt 0.864966 0.492539
vt 0.998002 0.624796
vt 0.513946 0.348228
vt 0.791950 0.750476
vt 0.865169 0.493301
vt 0.998002 0.625721
vt 0.514598 0.348883
vt 0.792739 0.750476
vt 0.865169 0.494090
vt 0.998002 0.626645
vt 0.515398 0.349346
vt 0.793528 0.750476
vt 0.864964 0.494852
vt 0.998002 0.627569
vt 0.516291 0.349587
vt 0.794317 0.750476
vt 0.864569 0.495535
vt 0.998002 0.628494
vt 0.517215 0.349588
vt 0.795106 0.750476
vt 0.864010 0.496092
vt 0.998002 0.629418
vt 0.518108 0.349351
vt 0.795895 0.750476
vt 0.863327 0.496486
vt 0.998002 0.630342
vt 0.518910 0.348890
vt 0.796683 0.750476
vt 0.862565 0.496689
vt 0.998002 0.631267
vt 0.519565 0.348237
vt 0.861776 0.496689
vt 0.797472 0.750476
vt 0.998002 0.632191
vt 0.520028 0.347437
vt 0.861014 0.496484
vt 0.798261 0.750476
vt 0.779328 0.750476
vt 0.520269 0.346545
vt 0.998002 0.610931
vt 0.998002 0.633116
vt 0.860331 0.496089
vt 0.780116 0.750476
vt 0.520270 0.345621
vt 0.998002 0.611855
vt 0.859774 0.495530
vt 0.780906 0.750476
vt 0.520032 0.344727
vt 0.998002 0.612779
vt 0.859380 0.494847
vt 0.781694 0.750476
vt 0.519571 0.343926
vt 0.998002 0.613704
vt 0.859176 0.494085
vt 0.782483 0.750476
vt 0.518919 0.343271
vt 0.998002 0.614628
vt 0.859177 0.493296
vt 0.783272 0.750476
vt 0.518119 0.342808
vt 0.998002 0.615552
vt 0.859382 0.492534
vt 0.784061 0.750476
vt 0.517227 0.342567
vt 0.998002 0.616477
vt 0.859777 0.491851
vt 0.784850 0.750476
vt 0.516302 0.342565
vt 0.998002 0.617401
vt 0.860335 0.491294
vt 0.785639 0.750476
vt 0.515409 0.342803
vt 0.998002 0.618325
vt 0.861019 0.490900
vt 0.786428 0.750476
vt 0.514608 0.343264
vt 0.998002 0.619250
vt 0.861781 0.490697
vt 0.787217 0.750476
vt 0.513953 0.343917
vt 0.998002 0.620174
vt 0.512689 0.569035
vt 0.887295 0.405558
vt 0.528052 0.401243
vt 0.937300 0.742741
vt 0.937300 0.741816
vt 0.527127 0.401243
vt 0.512689 0.568111
vt 0.886833 0.406358
vt 0.937300 0.740892
vt 0.526234 0.401004
vt 0.512689 0.567186
vt 0.886593 0.407251
vt 0.937300 0.739968
vt 0.525434 0.400542
vt 0.512689 0.566262
vt 0.886593 0.408176
vt 0.937300 0.739043
vt 0.524780 0.399888
vt 0.512689 0.565338
vt 0.886833 0.409069
vt 0.937300 0.738119
vt 0.524318 0.399088
vt 0.512689 0.564413
vt 0.887295 0.409869
vt 0.937300 0.737194
vt 0.524079 0.398195
vt 0.512689 0.563489
vt 0.887949 0.410523
vt 0.937300 0.736270
vt 0.524079 0.397271
vt 0.512689 0.562564
vt 0.888749 0.410985
vt 0.937300 0.735346
vt 0.524318 0.396378
vt 0.512689 0.561640
vt 0.889642 0.411224
vt 0.937300 0.734421
vt 0.524780 0.395577
vt 0.512689 0.560716
vt 0.890566 0.411224
vt 0.937300 0.733497
vt 0.525434 0.394923
vt 0.512689 0.559791
vt 0.891459 0.410985
vt 0.937300 0.732573
vt 0.526234 0.394461
vt 0.512689 0.558867
vt 0.892260 0.410523
vt 0.527127 0.394222
vt 0.937300 0.731648
vt 0.512689 0.557943
vt 0.892913 0.409869
vt 0.528052 0.394222
vt 0.937300 0.730724
vt 0.937300 0.752909
vt 0.893376 0.409068
vt 0.512689 0.557018
vt 0.512689 0.579203
vt 0.528944 0.394461
vt 0.937300 0.751984
vt 0.893615 0.408175
vt 0.512689 0.578279
vt 0.529745 0.394923
vt 0.937300 0.751060
vt 0.893615 0.407251
vt 0.512689 0.577354
vt 0.530399 0.395577
vt 0.937300 0.750136
vt 0.893376 0.406358
vt 0.512689 0.576430
vt 0.530861 0.396378
vt 0.937300 0.749211
vt 0.892913 0.405558
vt 0.512689 0.575506
vt 0.531100 0.397271
vt 0.937300 0.748287
vt 0.892260 0.404904
vt 0.512689 0.574581
vt 0.531100 0.398195
vt 0.937300 0.747363
vt 0.891459 0.404442
vt 0.512689 0.573657
vt 0.530861 0.399088
vt 0.937300 0.746438
vt 0.890566 0.404203
vt 0.512689 0.572733
vt 0.530399 0.399888
vt 0.937300 0.745514
vt 0.889642 0.404203
vt 0.512689 0.571808
vt 0.529745 0.400542
vt 0.937300 0.744589
vt 0.888749 0.404442
vt 0.512689 0.570884
vt 0.528944 0.401004
vt 0.937300 0.743665
vt 0.887948 0.404904
vt 0.512689 0.569959
vt 0.529042 0.401239
vt 0.884888 0.523299
vt 0.887793 0.404702
vt 0.884888 0.519117
vt 0.885879 0.519117
vt 0.887093 0.405403
vt 0.528085 0.401496
vt 0.885879 0.523299
vt 0.529900 0.400744
vt 0.883897 0.523299
vt 0.888651 0.404207
vt 0.883897 0.519117
vt 0.530600 0.400043
vt 0.882907 0.523299
vt 0.889609 0.403950
vt 0.882907 0.519117
vt 0.531096 0.399185
vt 0.881916 0.523299
vt 0.890599 0.403950
vt 0.881916 0.519117
vt 0.531352 0.398228
vt 0.880925 0.523299
vt 0.891556 0.404207
vt 0.880925 0.519117
vt 0.531352 0.397237
vt 0.879934 0.523299
vt 0.892415 0.404702
vt 0.879934 0.519117
vt 0.531096 0.396280
vt 0.878943 0.523299
vt 0.893115 0.405403
vt 0.878943 0.519117
vt 0.530600 0.395422
vt 0.877952 0.523299
vt 0.893610 0.406261
vt 0.877952 0.519117
vt 0.529900 0.394722
vt 0.876962 0.523299
vt 0.893867 0.407218
vt 0.876962 0.519117
vt 0.529042 0.394226
vt 0.875971 0.523299
vt 0.893867 0.408209
vt 0.875971 0.519117
vt 0.528085 0.393970
vt 0.874980 0.523299
vt 0.898759 0.523299
vt 0.893611 0.409166
vt 0.874980 0.519117
vt 0.898759 0.519117
vt 0.527094 0.393970
vt 0.897769 0.523299
vt 0.897769 0.519117
vt 0.893115 0.410024
vt 0.896778 0.523299
vt 0.526137 0.394226
vt 0.896778 0.519117
vt 0.892415 0.410724
vt 0.895787 0.523299
vt 0.525279 0.394722
vt 0.895787 0.519117
vt 0.891557 0.411220
vt 0.894796 0.523299
vt 0.524578 0.395422
vt 0.894796 0.519117
vt 0.890600 0.411476
vt 0.893805 0.523299
vt 0.524083 0.396280
vt 0.893805 0.519117
vt 0.889609 0.411476
vt 0.892815 0.523299
vt 0.523826 0.397237
vt 0.892815 0.519117
vt 0.888652 0.411220
vt 0.891824 0.523299
vt 0.523826 0.398228
vt 0.891824 0.519117
vt 0.887794 0.410725
vt 0.890833 0.523299
vt 0.524083 0.399185
vt 0.890833 0.519117
vt 0.887093 0.410024
vt 0.889842 0.523299
vt 0.524578 0.400043
vt 0.889842 0.519117
vt 0.886597 0.409166
vt 0.888851 0.523299
vt 0.525279 0.400744
vt 0.888851 0.519117
vt 0.886341 0.408209
vt 0.887861 0.523299
vt 0.526137 0.401239
vt 0.887861 0.519117
vt 0.886341 0.407218
vt 0.886870 0.523299
vt 0.527094 0.401496
vt 0.886870 0.519117
vt 0.886598 0.406261
vt 0.511597 0.543080
vt 0.711875 0.383388
vt 0.511597 0.542156
vt 0.712799 0.383387
vt 0.710982 0.383150
vt 0.511597 0.544004
vt 0.511597 0.541231
vt 0.713692 0.383147
vt 0.511597 0.540307
vt 0.714492 0.382684
vt 0.511597 0.539382
vt 0.715145 0.382030
vt 0.511597 0.538458
vt 0.715607 0.381229
vt 0.511597 0.537534
vt 0.715845 0.380336
vt 0.511597 0.536609
vt 0.715844 0.379412
vt 0.511597 0.535685
vt 0.715604 0.378519
vt 0.511597 0.534761
vt 0.715141 0.377719
vt 0.511597 0.533836
vt 0.714487 0.377066
vt 0.511597 0.532912
vt 0.713686 0.376604
vt 0.511597 0.531987
vt 0.712793 0.376366
vt 0.711868 0.376367
vt 0.511597 0.553248
vt 0.511597 0.531063
vt 0.710976 0.376607
vt 0.511597 0.552324
vt 0.710176 0.377070
vt 0.511597 0.551399
vt 0.709523 0.377724
vt 0.511597 0.550475
vt 0.709061 0.378525
vt 0.511597 0.549551
vt 0.708823 0.379418
vt 0.511597 0.548626
vt 0.708824 0.380343
vt 0.511597 0.547702
vt 0.709064 0.381235
vt 0.511597 0.546777
vt 0.709527 0.382035
vt 0.511597 0.545853
vt 0.710181 0.382688
vt 0.511597 0.544929
vt 0.862656 0.490045
vt 0.671406 0.440922
vt 0.671406 0.441883
vt 0.863584 0.490294
vt 0.671406 0.442844
vt 0.864416 0.490775
vt 0.671406 0.443804
vt 0.865094 0.491455
vt 0.671406 0.444765
vt 0.865574 0.492288
vt 0.671406 0.445726
vt 0.865822 0.493216
vt 0.671406 0.446687
vt 0.865821 0.494177
vt 0.671406 0.447647
vt 0.865572 0.495104
vt 0.671406 0.448608
vt 0.865090 0.495936
vt 0.671406 0.449569
vt 0.864411 0.496615
vt 0.671406 0.450529
vt 0.863578 0.497094
vt 0.671406 0.451490
vt 0.862650 0.497342
vt 0.861689 0.497341
vt 0.671406 0.452451
vt 0.860762 0.497092
vt 0.671406 0.430355
vt 0.671406 0.453411
vt 0.859930 0.496610
vt 0.671406 0.431315
vt 0.859251 0.495931
vt 0.671406 0.432276
vt 0.858772 0.495098
vt 0.671406 0.433237
vt 0.858524 0.494170
vt 0.671406 0.434198
vt 0.858525 0.493209
vt 0.671406 0.435158
vt 0.858774 0.492282
vt 0.671406 0.436119
vt 0.859255 0.491450
vt 0.671406 0.437080
vt 0.859935 0.490772
vt 0.671406 0.438040
vt 0.860768 0.490292
vt 0.671406 0.439001
vt 0.861696 0.490044
vt 0.671406 0.439962
vt 0.672801 0.441883
vt 0.712818 0.383525
vt 0.672801 0.442844
vt 0.713745 0.383276
vt 0.672801 0.443804
vt 0.714577 0.382795
vt 0.672801 0.444765
vt 0.715255 0.382115
vt 0.672801 0.445726
vt 0.715735 0.381282
vt 0.672801 0.446687
vt 0.715983 0.380354
vt 0.672801 0.447647
vt 0.715982 0.379393
vt 0.672801 0.448608
vt 0.715732 0.378466
vt 0.672801 0.449569
vt 0.715251 0.377634
vt 0.672801 0.450529
vt 0.714571 0.376955
vt 0.672801 0.451490
vt 0.713739 0.376476
vt 0.672801 0.452451
vt 0.712811 0.376228
vt 0.711850 0.376229
vt 0.672801 0.453411
vt 0.672801 0.430355
vt 0.710922 0.376478
vt 0.672801 0.431315
vt 0.710091 0.376960
vt 0.672801 0.432276
vt 0.709412 0.377640
vt 0.672801 0.433237
vt 0.708933 0.378472
vt 0.672801 0.434198
vt 0.708685 0.379400
vt 0.672801 0.435158
vt 0.708686 0.380361
vt 0.672801 0.436119
vt 0.708935 0.381289
vt 0.672801 0.437080
vt 0.709416 0.382120
vt 0.672801 0.438040
vt 0.710096 0.382799
vt 0.672801 0.439001
vt 0.672801 0.440922
vt 0.711857 0.383526
vt 0.710929 0.383278
vt 0.672801 0.439962
vt 0.421495 0.786861
vt 0.788006 0.768885
vt 0.788794 0.768885
vt 0.420706 0.786859
vt 0.789583 0.768885
vt 0.419945 0.786652
vt 0.790372 0.768885
vt 0.419263 0.786256
vt 0.791161 0.768885
vt 0.418707 0.785697
vt 0.791950 0.768885
vt 0.418314 0.785012
vt 0.792739 0.768885
vt 0.418112 0.784250
vt 0.793528 0.768885
vt 0.418114 0.783461
vt 0.794317 0.768885
vt 0.418321 0.782699
vt 0.795106 0.768885
vt 0.418717 0.782017
vt 0.795895 0.768885
vt 0.419277 0.781461
vt 0.796683 0.768885
vt 0.419961 0.781069
vt 0.420724 0.780867
vt 0.797472 0.768885
vt 0.421513 0.780869
vt 0.779328 0.768885
vt 0.798261 0.768885
vt 0.422274 0.781075
vt 0.780117 0.768885
vt 0.422956 0.781472
vt 0.780906 0.768885
vt 0.423512 0.782031
vt 0.781694 0.768885
vt 0.423905 0.782715
vt 0.782483 0.768885
vt 0.424107 0.783478
vt 0.783272 0.768885
vt 0.424104 0.784267
vt 0.784061 0.768885
vt 0.423898 0.785028
vt 0.784850 0.768885
vt 0.423502 0.785710
vt 0.785639 0.768885
vt 0.422942 0.786267
vt 0.786428 0.768885
vt 0.422258 0.786659
vt 0.787217 0.768885
vt 0.722791 0.355637
vt 0.674333 0.405104
vt 0.709311 0.346898
vt 0.671407 0.405104
vt 0.722791 0.356471
vt 0.674333 0.405939
vt 0.708476 0.346898
vt 0.671407 0.405939
vt 0.722575 0.357278
vt 0.674333 0.406773
vt 0.707670 0.347114
vt 0.671407 0.406773
vt 0.722157 0.358000
vt 0.674333 0.407608
vt 0.706947 0.347531
vt 0.671407 0.407608
vt 0.721567 0.358590
vt 0.674333 0.408442
vt 0.706357 0.348121
vt 0.671407 0.408442
vt 0.720844 0.359008
vt 0.674333 0.409277
vt 0.705940 0.348844
vt 0.671407 0.409277
vt 0.720038 0.359224
vt 0.674333 0.410111
vt 0.705724 0.349650
vt 0.671407 0.410111
vt 0.705940 0.351291
vt 0.671407 0.411781
vt 0.718397 0.359008
vt 0.674333 0.411781
vt 0.719204 0.359224
vt 0.674333 0.410946
vt 0.705724 0.350485
vt 0.671407 0.410946
vt 0.717675 0.358590
vt 0.674333 0.412615
vt 0.671407 0.412615
vt 0.706357 0.352014
vt 0.671407 0.414284
vt 0.707670 0.353021
vt 0.674333 0.414284
vt 0.716667 0.357278
vt 0.674333 0.413450
vt 0.717085 0.358000
vt 0.671407 0.413450
vt 0.706947 0.352604
vt 0.506859 0.543080
vt 0.706084 0.352223
vt 0.717465 0.358863
vt 0.938798 0.742741
vt 0.718266 0.359326
vt 0.938798 0.743665
vt 0.705622 0.351423
vt 0.506859 0.544004
vt 0.506859 0.542156
vt 0.706738 0.352877
vt 0.938798 0.741816
vt 0.716812 0.358210
vt 0.938798 0.740892
vt 0.716350 0.357409
vt 0.506859 0.541231
vt 0.707538 0.353339
vt 0.506859 0.540307
vt 0.708431 0.353578
vt 0.938798 0.739968
vt 0.716110 0.356516
vt 0.506859 0.539382
vt 0.709355 0.353578
vt 0.938798 0.739043
vt 0.716110 0.355592
vt 0.506859 0.538458
vt 0.710248 0.353339
vt 0.938798 0.738119
vt 0.716350 0.354699
vt 0.506859 0.537534
vt 0.711049 0.352877
vt 0.938798 0.737194
vt 0.716812 0.353898
vt 0.506859 0.536609
vt 0.711703 0.352223
vt 0.938798 0.736270
vt 0.717465 0.353245
vt 0.506859 0.535685
vt 0.712165 0.351423
vt 0.938798 0.735346
vt 0.718266 0.352783
vt 0.506859 0.534761
vt 0.712404 0.350530
vt 0.938798 0.734421
vt 0.719159 0.352543
vt 0.506859 0.533836
vt 0.712404 0.349606
vt 0.938798 0.733497
vt 0.720083 0.352543
vt 0.506859 0.532912
vt 0.712165 0.348713
vt 0.938797 0.732572
vt 0.720976 0.352783
vt 0.506859 0.531987
vt 0.711703 0.347912
vt 0.721776 0.353245
vt 0.938797 0.731648
vt 0.711049 0.347259
vt 0.506859 0.553248
vt 0.506859 0.531063
vt 0.722430 0.353898
vt 0.938797 0.730724
vt 0.938797 0.752909
vt 0.710248 0.346796
vt 0.506859 0.552324
vt 0.722892 0.354699
vt 0.938797 0.751984
vt 0.709356 0.346557
vt 0.506859 0.551399
vt 0.723132 0.355592
vt 0.938797 0.751060
vt 0.708431 0.346557
vt 0.506859 0.550475
vt 0.723132 0.356516
vt 0.938798 0.750136
vt 0.707538 0.346796
vt 0.506859 0.549551
vt 0.722892 0.357409
vt 0.938798 0.749211
vt 0.706738 0.347259
vt 0.506859 0.548626
vt 0.722430 0.358210
vt 0.938798 0.748287
vt 0.706084 0.347912
vt 0.506859 0.547702
vt 0.721777 0.358863
vt 0.938798 0.747363
vt 0.705622 0.348713
vt 0.506859 0.546777
vt 0.720976 0.359325
vt 0.938798 0.746438
vt 0.705383 0.349606
vt 0.506859 0.545853
vt 0.720083 0.359565
vt 0.938798 0.745514
vt 0.705383 0.350530
vt 0.506859 0.544929
vt 0.719159 0.359565
vt 0.938798 0.744589
vt 0.710117 0.347114
vt 0.671407 0.404269
vt 0.722575 0.354831
vt 0.674333 0.404269
vt 0.710840 0.347531
vt 0.671407 0.403435
vt 0.671407 0.423465
vt 0.722157 0.354108
vt 0.674333 0.403435
vt 0.674333 0.423465
vt 0.671407 0.422630
vt 0.711430 0.348122
vt 0.721567 0.353518
vt 0.674333 0.422630
vt 0.671407 0.421796
vt 0.711847 0.348844
vt 0.674333 0.421796
vt 0.720844 0.353100
vt 0.671407 0.420961
vt 0.712063 0.349650
vt 0.674333 0.420961
vt 0.720038 0.352884
vt 0.671407 0.420127
vt 0.712063 0.350485
vt 0.674333 0.420127
vt 0.719204 0.352884
vt 0.671407 0.419292
vt 0.711847 0.351291
vt 0.674333 0.419292
vt 0.718397 0.353100
vt 0.671407 0.418457
vt 0.711430 0.352014
vt 0.674333 0.418457
vt 0.717675 0.353518
vt 0.671407 0.417623
vt 0.710840 0.352604
vt 0.674333 0.417623
vt 0.717085 0.354108
vt 0.671407 0.416788
vt 0.710117 0.353021
vt 0.674333 0.416788
vt 0.716667 0.354831
vt 0.671407 0.415954
vt 0.709311 0.353237
vt 0.674333 0.415954
vt 0.716451 0.355637
vt 0.671407 0.415119
vt 0.708476 0.353237
vt 0.674333 0.415119
vt 0.716451 0.356471
vt 0.807166 0.986302
vt 0.807166 0.986302
vt 0.807166 0.986302
vt 0.740292 0.966021
vt 0.284046 0.945831
vt 0.469791 0.968534
vt 0.807632 0.985759
vt 0.740190 0.966266
vt 0.284039 0.945989
vt 0.470018 0.968396
vt 0.807887 0.985148
vt 0.807887 0.985148
vt 0.807887 0.985148
vt 0.740021 0.966454
vt 0.284083 0.946134
vt 0.470155 0.968210
vt 0.807887 0.984544
vt 0.807887 0.984544
vt 0.807887 0.984544
vt 0.739808 0.966557
vt 0.284172 0.946244
vt 0.470230 0.968019
vt 0.807689 0.984016
vt 0.807689 0.984016
vt 0.807689 0.984016
vt 0.739585 0.966559
vt 0.284292 0.946301
vt 0.470232 0.967821
vt 0.807321 0.983577
vt 0.739386 0.966459
vt 0.284425 0.946297
vt 0.470158 0.967631
vt 0.806768 0.983264
vt 0.739241 0.966273
vt 0.284551 0.946233
vt 0.470003 0.967471
vt 0.806054 0.983175
vt 0.739172 0.966028
vt 0.284650 0.946119
vt 0.469779 0.967378
vt 0.805361 0.983485
vt 0.739190 0.965763
vt 0.284707 0.945971
vt 0.469525 0.967378
vt 0.804885 0.984044
vt 0.739292 0.965518
vt 0.284714 0.945812
vt 0.469287 0.967478
vt 0.804704 0.984681
vt 0.739462 0.965330
vt 0.284670 0.945668
vt 0.469109 0.967657
vt 0.804708 0.985269
vt 0.804708 0.985269
vt 0.804708 0.985269
vt 0.739674 0.965227
vt 0.284581 0.945558
vt 0.469051 0.967879
vt 0.804902 0.985781
vt 0.804902 0.985781
vt 0.804902 0.985781
vt 0.739897 0.965226
vt 0.284461 0.945501
vt 0.469052 0.968082
vt 0.805262 0.986206
vt 0.740096 0.965325
vt 0.284328 0.945505
vt 0.469129 0.968276
vt 0.805801 0.986509
vt 0.740241 0.965512
vt 0.284203 0.945569
vt 0.469288 0.968439
vt 0.806475 0.986517
vt 0.740310 0.965756
vt 0.284103 0.945683
vt 0.469520 0.968536
vt 0.283811 0.946049
vt 0.806271 0.984919
vt 0.806271 0.984919
vt 0.283823 0.945784
vt 0.806268 0.984915
vt 0.806268 0.984915
vt 0.283885 0.946292
vt 0.806276 0.984921
vt 0.806276 0.984921
vt 0.806276 0.984921
vt 0.284034 0.946475
vt 0.806281 0.984920
vt 0.806281 0.984920
vt 0.806281 0.984920
vt 0.284235 0.946571
vt 0.806285 0.984918
vt 0.806285 0.984918
vt 0.284458 0.946565
vt 0.806288 0.984915
vt 0.284668 0.946457
vt 0.806289 0.984910
vt 0.284834 0.946265
vt 0.806288 0.984905
vt 0.284930 0.946018
vt 0.806286 0.984900
vt 0.284942 0.945753
vt 0.806283 0.984896
vt 0.284868 0.945510
vt 0.806278 0.984893
vt 0.806278 0.984893
vt 0.284719 0.945327
vt 0.806273 0.984894
vt 0.806273 0.984894
vt 0.806273 0.984894
vt 0.284518 0.945231
vt 0.806269 0.984896
vt 0.806269 0.984896
vt 0.284295 0.945237
vt 0.806266 0.984900
vt 0.284085 0.945345
vt 0.806265 0.984905
vt 0.283919 0.945537
vt 0.806265 0.984910
vt 0.806265 0.984910
vt 0.300177 0.981920
vt 0.469812 0.968135
vt 0.300228 0.982070
vt 0.469703 0.968178
vt 0.300083 0.981801
vt 0.469893 0.968059
vt 0.299961 0.981731
vt 0.469934 0.967965
vt 0.299828 0.981721
vt 0.469935 0.967877
vt 0.299706 0.981773
vt 0.469894 0.967799
vt 0.299612 0.981878
vt 0.469815 0.967741
vt 0.299561 0.982021
vt 0.469708 0.967709
vt 0.299561 0.982180
vt 0.469589 0.967715
vt 0.299612 0.982330
vt 0.469482 0.967764
vt 0.299706 0.982449
vt 0.469401 0.967843
vt 0.299828 0.982518
vt 0.469357 0.967930
vt 0.299961 0.982528
vt 0.469358 0.968021
vt 0.300083 0.982476
vt 0.469398 0.968101
vt 0.300177 0.982371
vt 0.469478 0.968158
vt 0.300228 0.982228
vt 0.469585 0.968190
vt 0.371266 0.557719
vt 0.289035 0.546988
vt 0.365852 0.557719
vt 0.371296 0.776867
vt 0.371266 0.558742
vt 0.290023 0.547253
vt 0.365852 0.558742
vt 0.370273 0.776867
vt 0.371266 0.559764
vt 0.291046 0.547253
vt 0.365852 0.559764
vt 0.369285 0.776602
vt 0.371266 0.560787
vt 0.292034 0.546988
vt 0.365852 0.560787
vt 0.368399 0.776091
vt 0.371266 0.561810
vt 0.292919 0.546477
vt 0.365852 0.561810
vt 0.367676 0.775368
vt 0.371266 0.562833
vt 0.293643 0.545753
vt 0.365852 0.562833
vt 0.367164 0.774482
vt 0.371266 0.563856
vt 0.294154 0.544867
vt 0.365852 0.563856
vt 0.366899 0.773494
vt 0.371266 0.564879
vt 0.294419 0.543879
vt 0.365852 0.564879
vt 0.366899 0.772471
vt 0.371266 0.565902
vt 0.294419 0.542857
vt 0.365852 0.565902
vt 0.367164 0.771483
vt 0.371266 0.566924
vt 0.294154 0.541869
vt 0.365852 0.566924
vt 0.367675 0.770597
vt 0.293642 0.540983
vt 0.371266 0.567947
vt 0.365852 0.567947
vt 0.368398 0.769874
vt 0.369284 0.769363
vt 0.365852 0.568970
vt 0.292919 0.540260
vt 0.371266 0.568970
vt 0.292690 0.540559
vt 0.494334 0.569959
vt 0.369429 0.769711
vt 0.973935 0.620174
vt 0.973935 0.621099
vt 0.368628 0.770173
vt 0.293343 0.541212
vt 0.494334 0.569035
vt 0.973935 0.622023
vt 0.367974 0.770827
vt 0.494334 0.568111
vt 0.293805 0.542013
vt 0.973935 0.622947
vt 0.367512 0.771628
vt 0.494334 0.567186
vt 0.294045 0.542906
vt 0.973935 0.623872
vt 0.367273 0.772520
vt 0.494334 0.566262
vt 0.294045 0.543830
vt 0.973935 0.624796
vt 0.367273 0.773445
vt 0.494334 0.565338
vt 0.293806 0.544723
vt 0.973935 0.625721
vt 0.367513 0.774338
vt 0.494334 0.564413
vt 0.293343 0.545524
vt 0.973935 0.626645
vt 0.367975 0.775138
vt 0.494334 0.563489
vt 0.292690 0.546177
vt 0.973935 0.627569
vt 0.368628 0.775792
vt 0.494334 0.562564
vt 0.291889 0.546640
vt 0.973935 0.628494
vt 0.369429 0.776254
vt 0.494334 0.561640
vt 0.290997 0.546879
vt 0.973935 0.629418
vt 0.370322 0.776493
vt 0.494334 0.560716
vt 0.290072 0.546879
vt 0.973935 0.630342
vt 0.371246 0.776493
vt 0.494334 0.559791
vt 0.289179 0.546640
vt 0.973935 0.631267
vt 0.372139 0.776254
vt 0.494334 0.558867
vt 0.288379 0.546178
vt 0.973935 0.632191
vt 0.372940 0.775792
vt 0.287725 0.545524
vt 0.494334 0.557943
vt 0.373593 0.775138
vt 0.973935 0.610931
vt 0.973935 0.633116
vt 0.287263 0.544723
vt 0.494334 0.579203
vt 0.494334 0.557018
vt 0.374055 0.774337
vt 0.973935 0.611855
vt 0.287024 0.543831
vt 0.494334 0.578279
vt 0.374295 0.773444
vt 0.973935 0.612779
vt 0.287023 0.542906
vt 0.494334 0.577354
vt 0.374294 0.772520
vt 0.973935 0.613704
vt 0.287263 0.542013
vt 0.494334 0.576430
vt 0.374055 0.771627
vt 0.973935 0.614628
vt 0.287725 0.541213
vt 0.494334 0.575506
vt 0.373593 0.770827
vt 0.973935 0.615552
vt 0.288378 0.540559
vt 0.494334 0.574581
vt 0.372939 0.770173
vt 0.973935 0.616477
vt 0.289179 0.540097
vt 0.494334 0.573657
vt 0.372139 0.769711
vt 0.973935 0.617401
vt 0.290072 0.539858
vt 0.494334 0.572732
vt 0.371246 0.769472
vt 0.973935 0.618325
vt 0.290996 0.539858
vt 0.494334 0.571808
vt 0.370321 0.769472
vt 0.973935 0.619250
vt 0.291889 0.540097
vt 0.494334 0.570884
vt 0.365852 0.556696
vt 0.372284 0.776602
vt 0.371266 0.556696
vt 0.288149 0.546477
vt 0.365852 0.555673
vt 0.373169 0.776091
vt 0.287426 0.545754
vt 0.371266 0.555673
vt 0.373893 0.775367
vt 0.365852 0.579199
vt 0.365852 0.554650
vt 0.286914 0.544868
vt 0.371266 0.579199
vt 0.371266 0.554650
vt 0.374404 0.774482
vt 0.365852 0.578176
vt 0.286649 0.543880
vt 0.371266 0.578176
vt 0.374669 0.773494
vt 0.365852 0.577153
vt 0.286649 0.542857
vt 0.371266 0.577153
vt 0.374668 0.772471
vt 0.365852 0.576130
vt 0.286914 0.541869
vt 0.371266 0.576130
vt 0.374404 0.771483
vt 0.365852 0.575107
vt 0.287425 0.540983
vt 0.371266 0.575107
vt 0.373892 0.770597
vt 0.365852 0.574084
vt 0.288149 0.540260
vt 0.371266 0.574084
vt 0.373169 0.769874
vt 0.365852 0.573062
vt 0.289034 0.539748
vt 0.371266 0.573062
vt 0.372283 0.769362
vt 0.365852 0.572039
vt 0.290022 0.539483
vt 0.371266 0.572039
vt 0.371295 0.769098
vt 0.365852 0.571016
vt 0.291045 0.539483
vt 0.371266 0.571016
vt 0.370272 0.769098
vt 0.365852 0.569993
vt 0.292033 0.539748
vt 0.371266 0.569993
vn 0.253577 -0.207675 -0.944759
vn 0.495213 -0.193070 -0.847047
vn 0.495213 -0.193065 -0.847048
vn -0.868410 -0.081863 -0.489043
vn -0.710650 -0.129038 -0.691611
vn -0.710650 -0.129042 -0.691610
vn -0.966991 -0.029102 -0.253145
vn -0.868412 -0.081858 -0.489039
vn -0.999671 0.025643 0.000001
vn -0.966989 -0.029105 -0.253150
vn -0.964227 0.078635 0.253146
vn -0.999671 0.025635 -0.000004
vn -0.863072 0.126273 0.489042
vn -0.964226 0.078634 0.253152
vn -0.863072 0.126271 0.489043
vn -0.703099 0.165304 0.691612
vn -0.703098 0.165305 0.691612
vn -0.495213 0.193070 0.847047
vn -0.495213 0.193071 0.847047
vn -0.253578 0.207679 0.944758
vn 0.005340 0.208134 0.978086
vn -0.253576 0.207678 0.944759
vn 0.135777 0.203006 0.969718
vn 0.005338 0.208134 0.978086
vn 0.504457 0.167429 0.847048
vn 0.387488 0.182477 0.903635
vn 0.387488 0.182477 0.903635
vn 0.710650 0.129044 0.691610
vn 0.504460 0.167427 0.847047
vn 0.710651 0.129041 0.691610
vn 0.868410 0.081862 0.489043
vn 0.966989 0.029105 0.253151
vn 0.868412 0.081860 0.489039
vn 0.999671 -0.025640 0.000004
vn 0.966990 0.029102 0.253146
vn 0.964225 -0.078639 -0.253151
vn 0.999671 -0.025639 -0.000003
vn 0.863072 -0.126273 -0.489042
vn 0.964227 -0.078633 -0.253146
vn 0.703099 -0.165303 -0.691612
vn 0.863072 -0.126271 -0.489043
vn 0.495210 -0.193069 -0.847049
vn 0.703098 -0.165305 -0.691612
vn -0.263890 -0.194404 -0.944759
vn -0.504461 -0.167426 -0.847047
vn -0.263890 -0.194405 -0.944758
vn 0.253577 -0.207679 -0.944758
vn 0.495213 -0.193072 -0.847046
vn 0.025080 0.977764 -0.208201
vn 0.025080 0.977765 -0.208200
vn 0.025080 0.977765 -0.208200
vn 0.253577 -0.207678 -0.944759
vn -0.005339 -0.208134 -0.978086
vn 0.495211 -0.193070 -0.847048
vn 0.253578 -0.207678 -0.944758
vn 0.495213 -0.193070 -0.847047
vn -0.504457 -0.167428 -0.847048
vn -0.504460 -0.167428 -0.847047
vn -0.263891 -0.194405 -0.944758
vn -0.005339 -0.208133 -0.978086
vn -0.005339 -0.208133 -0.978086
vn 0.253576 -0.207678 -0.944759
vn -0.005339 -0.208134 -0.978086
vn 0.253576 -0.207678 -0.944759
vn 0.495212 -0.193070 -0.847047
vn 0.703099 -0.165304 -0.691611
vn 0.703099 -0.165305 -0.691611
vn 0.863072 -0.126273 -0.489043
vn 0.863071 -0.126274 -0.489043
vn 0.964227 -0.078638 -0.253145
vn 0.964226 -0.078637 -0.253151
vn 0.999671 -0.025641 0.000005
vn 0.999671 -0.025643 -0.000002
vn 0.966989 0.029102 0.253152
vn 0.966991 0.029100 0.253145
vn 0.868412 0.081859 0.489039
vn 0.868409 0.081860 0.489045
vn 0.710651 0.129040 0.691610
vn 0.710651 0.129041 0.691610
vn 0.504459 0.167427 0.847047
vn 0.504457 0.167428 0.847049
vn 0.387488 0.182478 0.903635
vn 0.387488 0.182477 0.903634
vn 0.135777 0.203006 0.969718
vn 0.005340 0.208133 0.978086
vn 0.005338 0.208133 0.978086
vn -0.253576 0.207678 0.944759
vn -0.253577 0.207678 0.944758
vn -0.495213 0.193070 0.847047
vn -0.495212 0.193070 0.847047
vn -0.703099 0.165305 0.691611
vn -0.703099 0.165304 0.691612
vn -0.863071 0.126274 0.489043
vn -0.863071 0.126274 0.489043
vn -0.964227 0.078637 0.253145
vn -0.964226 0.078639 0.253150
vn -0.999671 0.025643 -0.000005
vn -0.999671 0.025643 0.000002
vn -0.966989 -0.029100 -0.253152
vn -0.966991 -0.029100 -0.253145
vn -0.868409 -0.081860 -0.489044
vn -0.868412 -0.081859 -0.489040
vn -0.710651 -0.129040 -0.691610
vn -0.710651 -0.129041 -0.691610
vn -0.504460 -0.167428 -0.847047
vn -0.504457 -0.167428 -0.847048
vn -0.263891 -0.194405 -0.944758
vn -0.025078 -0.977764 0.208204
vn -0.025080 -0.977764 0.208202
vn -0.025079 -0.977764 0.208204
vn -0.025081 -0.977765 0.208200
vn -0.025079 -0.977764 0.208201
vn -0.025078 -0.977764 0.208202
vn 0.025080 0.977765 -0.208200
vn 0.025081 0.977764 -0.208203
vn 0.025080 0.977765 -0.208197
vn 0.025086 0.977764 -0.208201
vn 0.025088 0.977764 -0.208202
vn 0.025085 0.977764 -0.208202
vn 0.025083 0.977765 -0.208196
vn 0.025083 0.977764 -0.208205
vn 0.025083 0.977763 -0.208207
vn -0.025080 -0.977764 0.208202
vn -0.025080 -0.977764 0.208203
vn -0.025080 -0.977764 0.208202
vn -0.025081 -0.977764 0.208202
vn -0.025081 -0.977764 0.208203
vn -0.025081 -0.977764 0.208203
vn -0.025075 -0.977765 0.208200
vn -0.025082 -0.977764 0.208201
vn -0.025074 -0.977765 0.208200
vn 0.025078 0.977764 -0.208201
vn 0.025078 0.977765 -0.208200
vn 0.025082 0.977764 -0.208204
vn 0.025085 0.977765 -0.208197
vn 0.025079 0.977764 -0.208205
vn 0.025080 0.977765 -0.208201
vn 0.025080 0.977765 -0.208200
vn 0.025079 0.977764 -0.208201
vn 0.025080 0.977764 -0.208204
vn 0.025079 0.977765 -0.208200
vn -0.025082 -0.977764 0.208203
vn -0.025077 -0.977764 0.208202
vn -0.025084 -0.977764 0.208204
vn -0.025077 -0.977765 0.208201
vn 0.025089 0.977764 -0.208203
vn 0.025087 0.977764 -0.208203
vn 0.025080 0.977764 -0.208203
vn -0.025079 -0.977764 0.208203
vn -0.025080 -0.977764 0.208203
vn -0.025080 -0.977765 0.208197
vn -0.025081 -0.977764 0.208202
vn -0.025076 -0.977765 0.208197
vn 0.025081 0.977765 -0.208199
vn 0.025081 0.977765 -0.208200
vn 0.025080 0.977764 -0.208201
vn 0.025081 0.977764 -0.208202
vn 0.025082 0.977764 -0.208204
vn -0.025079 -0.977765 0.208197
vn -0.025080 -0.977764 0.208202
vn -0.025077 -0.977764 0.208201
vn 0.253577 -0.207678 -0.944759
vn 0.495210 -0.193070 -0.847049
vn 0.253577 -0.207679 -0.944758
vn -0.005339 -0.208133 -0.978086
vn 0.253578 -0.207678 -0.944758
vn 0.495210 -0.193071 -0.847048
vn 0.495210 -0.193070 -0.847048
vn 0.703099 -0.165303 -0.691611
vn 0.703099 -0.165305 -0.691611
vn 0.863073 -0.126272 -0.489041
vn 0.863073 -0.126274 -0.489040
vn 0.964227 -0.078640 -0.253143
vn 0.964227 -0.078636 -0.253144
vn 0.999671 -0.025645 -0.000002
vn 0.999671 -0.025642 -0.000002
vn 0.966990 0.029098 0.253148
vn 0.966990 0.029101 0.253147
vn 0.868409 0.081863 0.489045
vn 0.710651 0.129043 0.691609
vn 0.710650 0.129042 0.691610
vn 0.504461 0.167426 0.847046
vn 0.387492 0.182477 0.903633
vn 0.387492 0.182474 0.903633
vn 0.005339 0.208133 0.978086
vn 0.135776 0.203006 0.969718
vn 0.135777 0.203006 0.969718
vn -0.253577 0.207678 0.944759
vn 0.005339 0.208134 0.978086
vn -0.495210 0.193070 0.847049
vn -0.495210 0.193070 0.847049
vn -0.703099 0.165303 0.691611
vn -0.703099 0.165304 0.691612
vn -0.863073 0.126274 0.489040
vn -0.863073 0.126275 0.489040
vn -0.964226 0.078644 0.253148
vn -0.964226 0.078640 0.253149
vn -0.999671 0.025645 0.000002
vn -0.999671 0.025643 0.000002
vn -0.966990 -0.029098 -0.253148
vn -0.966990 -0.029099 -0.253147
vn -0.868409 -0.081860 -0.489045
vn -0.710647 -0.129042 -0.691613
vn -0.710648 -0.129041 -0.691613
vn -0.504461 -0.167428 -0.847046
vn -0.504461 -0.167428 -0.847046
vn -0.263891 -0.194405 -0.944758
vn -0.263891 -0.194405 -0.944758
vn -0.025081 -0.977765 0.208200
vn -0.025082 -0.977765 0.208200
vn 0.025086 0.977764 -0.208202
vn 0.025083 0.977764 -0.208204
vn 0.025080 0.977764 -0.208204
vn -0.025081 -0.977765 0.208199
vn -0.025076 -0.977765 0.208201
vn -0.025075 -0.977764 0.208201
vn -0.025079 -0.977764 0.208203
vn 0.025080 0.977762 -0.208210
vn 0.025080 0.977764 -0.208205
vn 0.025083 0.977766 -0.208194
vn 0.025081 0.977764 -0.208202
vn 0.025080 0.977764 -0.208203
vn -0.025082 -0.977764 0.208201
vn -0.025080 -0.977763 0.208207
vn -0.025079 -0.977763 0.208207
vn -0.025075 -0.977764 0.208204
vn 0.025080 0.977764 -0.208204
vn 0.025085 0.977764 -0.208203
vn 0.025082 0.977764 -0.208200
vn 0.025082 0.977765 -0.208200
vn -0.025078 -0.977764 0.208203
vn 0.025080 0.977763 -0.208209
vn 0.025080 0.977764 -0.208204
vn -0.025077 -0.977765 0.208197
vn -0.025080 -0.977765 0.208198
vn 0.025079 0.977764 -0.208204
vn 0.025087 0.977764 -0.208204
vn -0.025081 -0.977764 0.208202
vn -0.025080 -0.977764 0.208202
vn -0.025081 -0.977764 0.208202
vn 0.025081 0.977764 -0.208203
vn 0.025079 0.977764 -0.208204
vn 0.025081 0.977764 -0.208203
vn -0.025081 -0.977764 0.208202
vn -0.025080 -0.977764 0.208202
vn -0.025081 -0.977764 0.208202
vn 0.025077 0.977764 -0.208203
vn 0.025078 0.977764 -0.208203
vn -0.025079 -0.977764 0.208203
vn -0.025081 -0.977764 0.208202
vn -0.025080 -0.977764 0.208203
vn -0.025081 -0.977764 0.208202
vn -0.025080 -0.977764 0.208202
vn -0.025080 -0.977764 0.208202
vn -0.025080 -0.977764 0.208202
vn -0.025080 -0.977764 0.208202
vn 0.025082 0.977764 -0.208201
vn 0.025083 0.977764 -0.208201
vn 0.025078 0.977765 -0.208199
vn 0.025081 0.977765 -0.208201
vn 0.025078 0.977765 -0.208198
vn -0.025080 -0.977764 0.208202
vn -0.025080 -0.977764 0.208202
vn 0.025084 0.977764 -0.208202
vn -0.025080 -0.977764 0.208202
vn -0.025080 -0.977764 0.208203
vn -0.025080 -0.977764 0.208202
vn 0.025082 0.977764 -0.208203
vn 0.025081 0.977764 -0.208204
vn 0.025081 0.977764 -0.208204
vn -0.025080 -0.977764 0.208202
vn 0.025082 0.977764 -0.208202
vn 0.025071 0.977764 -0.208202
vn 0.025081 0.977764 -0.208202
vn -0.025079 -0.977764 0.208202
vn -0.025079 -0.977764 0.208202
vn 0.025070 0.977764 -0.208202
vn 0.025076 0.977764 -0.208202
vn -0.025080 -0.977764 0.208202
vn -0.025080 -0.977764 0.208202
vn -0.025081 -0.977764 0.208202
vn -0.025082 -0.977764 0.208202
vn 0.025066 0.977764 -0.208203
vn 0.025065 0.977764 -0.208203
vn -0.025079 -0.977764 0.208202
vn -0.025081 -0.977764 0.208202
vn 0.025077 0.977764 -0.208202
vn 0.025086 0.977764 -0.208203
vn -0.504459 -0.167426 -0.847048
vn -0.263891 -0.194405 -0.944758
vn -0.263892 -0.194400 -0.944759
vn -0.005339 -0.208132 -0.978086
vn -0.005338 -0.208133 -0.978086
vn 0.253577 -0.207678 -0.944758
vn 0.495213 -0.193070 -0.847046
vn 0.495211 -0.193068 -0.847048
vn 0.703099 -0.165307 -0.691611
vn 0.703099 -0.165300 -0.691612
vn 0.863073 -0.126274 -0.489040
vn 0.863073 -0.126270 -0.489042
vn 0.964225 -0.078647 -0.253149
vn 0.964225 -0.078642 -0.253150
vn 0.999671 -0.025645 -0.000002
vn 0.999671 -0.025639 0.000001
vn 0.966989 0.029099 0.253150
vn 0.966990 0.029098 0.253146
vn 0.868409 0.081855 0.489046
vn 0.868409 0.081861 0.489044
vn 0.710649 0.129042 0.691611
vn 0.710651 0.129036 0.691610
vn 0.504460 0.167427 0.847047
vn 0.504459 0.167427 0.847047
vn 0.387489 0.182476 0.903634
vn 0.387489 0.182476 0.903634
vn 0.135776 0.203006 0.969718
vn 0.005339 0.208134 0.978086
vn 0.005339 0.208133 0.978086
vn -0.253578 0.207682 0.944757
vn -0.253576 0.207679 0.944759
vn -0.495212 0.193068 0.847048
vn -0.495213 0.193068 0.847047
vn -0.703098 0.165305 0.691612
vn -0.703100 0.165304 0.691610
vn -0.863071 0.126273 0.489043
vn -0.863071 0.126278 0.489042
vn -0.964226 0.078646 0.253147
vn -0.964226 0.078641 0.253148
vn -0.999671 0.025638 0.000003
vn -0.999671 0.025639 -0.000001
vn -0.966990 -0.029109 -0.253148
vn -0.966990 -0.029111 -0.253147
vn -0.868410 -0.081858 -0.489043
vn -0.868412 -0.081851 -0.489041
vn -0.710648 -0.129036 -0.691614
vn -0.710650 -0.129047 -0.691609
vn -0.504460 -0.167431 -0.847046
vn 0.253577 -0.207677 -0.944759
vn -0.025081 -0.977764 0.208202
vn -0.025079 -0.977764 0.208202
vn -0.025080 -0.977764 0.208202
vn 0.025081 0.977765 -0.208200
vn -0.025080 -0.977764 0.208201
vn -0.025079 -0.977765 0.208201
vn 0.025079 0.977764 -0.208203
vn 0.025079 0.977764 -0.208203
vn 0.025080 0.977765 -0.208200
vn 0.025080 0.977765 -0.208200
vn -0.025081 -0.977764 0.208202
vn -0.025082 -0.977764 0.208202
vn -0.025083 -0.977764 0.208202
vn -0.025082 -0.977764 0.208202
vn 0.025081 0.977764 -0.208202
vn 0.025079 0.977765 -0.208200
vn 0.025081 0.977765 -0.208200
vn -0.025080 -0.977764 0.208202
vn -0.025081 -0.977764 0.208202
vn 0.025082 0.977764 -0.208202
vn 0.025081 0.977764 -0.208202
vn -0.025081 -0.977764 0.208202
vn 0.025082 0.977764 -0.208204
vn 0.025081 0.977765 -0.208200
vn -0.025080 -0.977764 0.208202
vn -0.025079 -0.977764 0.208202
vn 0.025075 0.977764 -0.208202
vn 0.025074 0.977765 -0.208202
vn 0.025079 0.977764 -0.208201
vn 0.025079 0.977764 -0.208201
vn -0.025080 -0.977764 0.208202
vn 0.025078 0.977764 -0.208202
vn 0.025079 0.977764 -0.208202
vn 0.025087 0.977764 -0.208203
vn -0.025080 -0.977764 0.208202
vn -0.025080 -0.977764 0.208202
vn -0.025080 -0.977764 0.208202
vn -0.253578 0.207678 0.944758
vn 0.005338 0.208133 0.978086
vn -0.253578 0.207678 0.944758
vn -0.005339 -0.208133 -0.978086
vn -0.263892 -0.194405 -0.944758
vn -0.263891 -0.194405 -0.944758
vn 0.710649 0.129040 0.691611
vn 0.868408 0.081860 0.489046
vn 0.710650 0.129040 0.691611
vn -0.868411 -0.081859 -0.489040
vn -0.966990 -0.029101 -0.253145
vn -0.868408 -0.081861 -0.489047
vn 0.964227 -0.078637 -0.253146
vn 0.863071 -0.126273 -0.489043
vn 0.964227 -0.078637 -0.253145
vn -0.863071 0.126274 0.489043
vn -0.703097 0.165305 0.691613
vn -0.863071 0.126273 0.489043
vn -0.005340 -0.208133 -0.978086
vn 0.135774 0.203006 0.969719
vn 0.135777 0.203006 0.969718
vn -0.504458 -0.167428 -0.847048
vn -0.504462 -0.167428 -0.847046
vn 0.868412 0.081859 0.489040
vn 0.966990 0.029100 0.253146
vn -0.966990 -0.029099 -0.253146
vn -0.999671 0.025643 0.000003
vn 0.863071 -0.126274 -0.489043
vn 0.703097 -0.165305 -0.691613
vn -0.703100 0.165304 0.691610
vn -0.495213 0.193070 0.847047
vn 0.387491 0.182477 0.903633
vn 0.504458 0.167428 0.847048
vn 0.387484 0.182478 0.903636
vn -0.710649 -0.129041 -0.691611
vn 0.966990 0.029100 0.253145
vn 0.999671 -0.025644 -0.000003
vn -0.999671 0.025642 -0.000005
vn -0.964227 0.078638 0.253145
vn 0.703101 -0.165304 -0.691609
vn 0.999671 -0.025641 0.000004
vn -0.964227 0.078637 0.253146
vn -0.504458 -0.167427 -0.847048
vn -0.263892 -0.194404 -0.944758
vn -0.263892 -0.194407 -0.944758
vn -0.005339 -0.208133 -0.978086
vn 0.253577 -0.207677 -0.944759
vn -0.263891 -0.194404 -0.944758
vn -0.263891 -0.194405 -0.944758
vn 0.703099 -0.165297 -0.691613
vn 0.703101 -0.165296 -0.691611
vn 0.863071 -0.126264 -0.489045
vn 0.863071 -0.126286 -0.489040
vn 0.964226 -0.078639 -0.253148
vn 0.964228 -0.078616 -0.253149
vn 0.999672 -0.025628 -0.000005
vn 0.999671 -0.025652 0.000000
vn 0.966991 0.029100 0.253145
vn 0.966991 0.029127 0.253140
vn 0.868409 0.081857 0.489045
vn 0.868409 0.081870 0.489043
vn 0.710649 0.129041 0.691612
vn 0.710651 0.129046 0.691609
vn 0.504459 0.167424 0.847048
vn 0.504458 0.167429 0.847047
vn 0.387489 0.182471 0.903635
vn 0.387493 0.182481 0.903631
vn 0.005339 0.208135 0.978086
vn 0.135777 0.203007 0.969718
vn 0.005339 0.208134 0.978086
vn -0.253577 0.207680 0.944758
vn -0.253576 0.207678 0.944759
vn -0.495214 0.193071 0.847046
vn -0.495213 0.193072 0.847046
vn -0.703098 0.165291 0.691616
vn -0.703098 0.165302 0.691613
vn -0.863072 0.126265 0.489045
vn -0.863071 0.126283 0.489041
vn -0.964226 0.078636 0.253149
vn -0.964228 0.078619 0.253149
vn -0.999671 0.025634 0.000001
vn -0.999671 0.025644 -0.000005
vn -0.966989 -0.029104 -0.253149
vn -0.966990 -0.029097 -0.253146
vn -0.868409 -0.081856 -0.489046
vn -0.868411 -0.081862 -0.489041
vn -0.710648 -0.129037 -0.691613
vn -0.710651 -0.129041 -0.691609
vn -0.504458 -0.167427 -0.847048
vn -0.005339 -0.208134 -0.978086
vn -0.025082 -0.977764 0.208202
vn -0.025081 -0.977764 0.208202
vn -0.025081 -0.977764 0.208202
vn 0.025078 0.977764 -0.208201
vn 0.025082 0.977764 -0.208201
vn 0.025078 0.977764 -0.208202
vn 0.025081 0.977764 -0.208201
vn 0.025081 0.977764 -0.208201
vn 0.025081 0.977764 -0.208201
vn 0.025080 0.977764 -0.208203
vn 0.025080 0.977764 -0.208202
vn 0.025080 0.977764 -0.208204
vn -0.025079 -0.977764 0.208203
vn -0.025082 -0.977764 0.208202
vn -0.025083 -0.977764 0.208202
vn -0.025080 -0.977763 0.208206
vn -0.025079 -0.977764 0.208201
vn -0.025079 -0.977764 0.208202
vn 0.025080 0.977764 -0.208201
vn 0.025079 0.977764 -0.208201
vn 0.025080 0.977764 -0.208201
vn 0.025083 0.977764 -0.208202
vn 0.025079 0.977764 -0.208202
vn 0.025084 0.977764 -0.208202
vn -0.025079 -0.977765 0.208199
vn -0.025080 -0.977764 0.208202
vn -0.025079 -0.977765 0.208199
vn -0.025081 -0.977764 0.208203
vn -0.025080 -0.977765 0.208199
vn -0.025080 -0.977765 0.208199
vn -0.025079 -0.977764 0.208202
vn 0.025081 0.977764 -0.208202
vn 0.025081 0.977764 -0.208202
vn 0.025080 0.977764 -0.208202
vn -0.025079 -0.977764 0.208201
vn -0.025080 -0.977764 0.208201
vn -0.025079 -0.977764 0.208202
vn 0.025082 0.977764 -0.208202
vn 0.025080 0.977764 -0.208202
vn 0.025081 0.977764 -0.208202
vn 0.025080 0.977764 -0.208202
vn 0.025080 0.977764 -0.208203
vn 0.025081 0.977764 -0.208202
vn -0.025080 -0.977764 0.208201
vn -0.025082 -0.977764 0.208202
vn -0.025080 -0.977765 0.208200
vn -0.025080 -0.977765 0.208200
vn -0.025080 -0.977764 0.208201
vn -0.025081 -0.977764 0.208202
vn -0.025083 -0.977764 0.208204
vn 0.025079 0.977764 -0.208202
vn 0.025080 0.977764 -0.208201
vn 0.025080 0.977764 -0.208202
vn 0.025081 0.977764 -0.208202
vn 0.025080 0.977764 -0.208202
vn -0.005340 -0.208135 -0.978086
vn -0.005339 -0.208133 -0.978086
vn 0.495211 -0.193068 -0.847048
vn 0.253578 -0.207676 -0.944759
vn 0.253577 -0.207678 -0.944759
vn 0.703098 -0.165303 -0.691613
vn 0.495212 -0.193071 -0.847047
vn 0.863071 -0.126273 -0.489044
vn 0.863071 -0.126273 -0.489044
vn 0.964226 -0.078638 -0.253147
vn 0.964226 -0.078640 -0.253147
vn 0.999671 -0.025647 -0.000002
vn 0.966988 0.029096 0.253154
vn 0.999671 -0.025645 0.000005
vn 0.868409 0.081855 0.489046
vn 0.966990 0.029102 0.253146
vn 0.710650 0.129043 0.691610
vn 0.710650 0.129037 0.691611
vn 0.504460 0.167428 0.847047
vn 0.504457 0.167430 0.847048
vn 0.387490 0.182475 0.903634
vn 0.387489 0.182477 0.903634
vn 0.005339 0.208134 0.978086
vn 0.135777 0.203005 0.969718
vn 0.135779 0.203007 0.969718
vn -0.253576 0.207679 0.944759
vn 0.005339 0.208132 0.978086
vn -0.495211 0.193071 0.847048
vn -0.495212 0.193067 0.847048
vn -0.703100 0.165308 0.691610
vn -0.863071 0.126279 0.489041
vn -0.703100 0.165306 0.691610
vn -0.964227 0.078635 0.253146
vn -0.964227 0.078635 0.253147
vn -0.999671 0.025644 -0.000003
vn -0.999671 0.025634 0.000006
vn -0.966991 -0.029100 -0.253145
vn -0.966991 -0.029109 -0.253144
vn -0.868410 -0.081865 -0.489043
vn -0.710649 -0.129041 -0.691611
vn -0.710649 -0.129041 -0.691612
vn -0.504458 -0.167427 -0.847048
vn -0.005339 -0.208133 -0.978086
vn -0.025084 -0.977764 0.208203
vn -0.025083 -0.977764 0.208203
vn 0.025083 0.977764 -0.208202
vn 0.025084 0.977764 -0.208202
vn 0.025077 0.977764 -0.208202
vn 0.025078 0.977764 -0.208202
vn -0.025080 -0.977764 0.208202
vn -0.025080 -0.977764 0.208201
vn -0.025081 -0.977764 0.208204
vn -0.025081 -0.977764 0.208204
vn -0.025081 -0.977764 0.208202
vn -0.025080 -0.977764 0.208202
vn 0.025080 0.977764 -0.208202
vn 0.025081 0.977764 -0.208203
vn 0.025079 0.977764 -0.208201
vn 0.025079 0.977764 -0.208203
vn 0.025082 0.977765 -0.208201
vn 0.025083 0.977764 -0.208201
vn -0.025077 -0.977764 0.208204
vn -0.025081 -0.977764 0.208202
vn -0.025081 -0.977764 0.208201
vn -0.025080 -0.977764 0.208201
vn -0.025080 -0.977765 0.208200
vn -0.025080 -0.977765 0.208200
vn -0.025082 -0.977764 0.208203
vn -0.025082 -0.977764 0.208202
vn 0.025080 0.977764 -0.208202
vn 0.025079 0.977764 -0.208202
vn 0.025081 0.977764 -0.208203
vn -0.025078 -0.977764 0.208203
vn -0.025078 -0.977764 0.208201
vn -0.299259 -0.347474 -0.888654
vn -0.298543 -0.371529 -0.879112
vn -0.299260 -0.347455 -0.888661
vn -0.274010 -0.640146 -0.717726
vn -0.291154 -0.497723 -0.817008
vn -0.207590 -0.880662 -0.425842
vn -0.207590 -0.880662 -0.425842
vn -0.207590 -0.880662 -0.425842
vn -0.094393 -0.995401 -0.016344
vn -0.094393 -0.995401 -0.016344
vn -0.094393 -0.995401 -0.016344
vn 0.111631 -0.788343 0.605023
vn 0.045625 -0.905827 0.421185
vn 0.045625 -0.905828 0.421181
vn 0.214631 -0.475301 0.853243
vn 0.111632 -0.788343 0.605023
vn 0.274912 -0.135572 0.951863
vn 0.214629 -0.475317 0.853234
vn 0.299154 0.191387 0.934814
vn 0.274911 -0.135565 0.951864
vn 0.299156 0.191378 0.934816
vn 0.291157 0.497701 0.817020
vn 0.291155 0.497712 0.817014
vn 0.270647 0.660255 0.700581
vn 0.207585 0.880666 0.425836
vn 0.246575 0.770389 0.587964
vn 0.094397 0.995400 0.016356
vn 0.094397 0.995400 0.016356
vn 0.094397 0.995400 0.016356
vn -0.111631 0.788348 -0.605017
vn -0.045626 0.905823 -0.421193
vn -0.045626 0.905829 -0.421179
vn -0.214627 0.475322 -0.853232
vn -0.111633 0.788336 -0.605033
vn -0.274915 0.135534 -0.951868
vn -0.214627 0.475333 -0.853226
vn -0.214635 0.475308 -0.853238
vn -0.254539 0.277138 -0.926501
vn -0.214628 0.475318 -0.853234
vn -0.291125 -0.030264 -0.956206
vn -0.274909 0.135583 -0.951862
vn 0.953871 -0.085955 -0.287651
vn 0.953877 -0.085744 -0.287691
vn 0.953881 -0.085547 -0.287736
vn -0.953877 0.085701 0.287705
vn -0.953880 0.085725 0.287687
vn -0.953864 0.085811 0.287714
vn -0.953884 0.085671 0.287689
vn -0.953880 0.085680 0.287700
vn -0.953878 0.085727 0.287695
vn -0.953875 0.085745 0.287697
vn -0.953876 0.085723 0.287703
vn -0.953874 0.085694 0.287715
vn -0.953880 0.085741 0.287684
vn -0.953880 0.085720 0.287688
vn -0.953882 0.085742 0.287676
vn -0.953881 0.085700 0.287690
vn -0.953876 0.085700 0.287708
vn -0.953877 0.085710 0.287702
vn -0.953878 0.085715 0.287699
vn -0.953882 0.085736 0.287679
vn -0.953880 0.085675 0.287704
vn -0.953878 0.085732 0.287692
vn -0.953878 0.085765 0.287682
vn -0.953878 0.085722 0.287696
vn -0.953876 0.085695 0.287708
vn -0.953877 0.085662 0.287716
vn -0.953874 0.085727 0.287709
vn -0.953872 0.085719 0.287715
vn -0.953868 0.085812 0.287702
vn -0.953873 0.085737 0.287706
vn -0.953872 0.085799 0.287694
vn -0.953876 0.085705 0.287707
vn -0.953873 0.085723 0.287711
vn -0.953873 0.085675 0.287724
vn -0.953872 0.085700 0.287723
vn -0.953873 0.085768 0.287699
vn 0.299153 0.191385 0.934815
vn 0.274913 -0.135585 0.951861
vn 0.274912 -0.135580 0.951862
vn -0.291153 -0.497719 -0.817010
vn -0.299151 -0.191376 -0.934818
vn -0.291158 -0.497696 -0.817023
vn -0.274906 0.135610 -0.951860
vn 0.291161 0.497677 0.817033
vn 0.299157 0.191392 0.934812
vn -0.246587 -0.770364 -0.587992
vn -0.246587 -0.770376 -0.587975
vn 0.246580 0.770363 0.587996
vn 0.291152 0.497752 0.816991
vn -0.156477 -0.959860 -0.232776
vn 0.156466 0.959863 0.232768
vn 0.156471 0.959859 0.232781
vn -0.025077 -0.977763 0.208208
vn -0.156479 -0.959856 -0.232788
vn 0.025079 0.977765 -0.208198
vn 0.111629 -0.788349 0.605016
vn -0.025076 -0.977761 0.208216
vn -0.111630 0.788348 -0.605018
vn 0.025078 0.977764 -0.208204
vn 0.214626 -0.475329 0.853228
vn 0.111629 -0.788347 0.605019
vn -0.111636 0.788331 -0.605038
vn 0.214629 -0.475319 0.853233
vn 0.253577 -0.207678 -0.944758
vn 0.495212 -0.193069 -0.847047
vn 0.495213 -0.193070 -0.847047
vn -0.005339 -0.208133 -0.978086
vn -0.263891 -0.194405 -0.944758
vn -0.005339 -0.208133 -0.978086
vn -0.504457 -0.167428 -0.847048
vn -0.263892 -0.194404 -0.944758
vn -0.710650 -0.129040 -0.691610
vn -0.504460 -0.167427 -0.847047
vn -0.868412 -0.081859 -0.489040
vn -0.710647 -0.129041 -0.691614
vn -0.966990 -0.029101 -0.253146
vn -0.868409 -0.081861 -0.489045
vn -0.999671 0.025642 -0.000005
vn -0.966989 -0.029102 -0.253151
vn -0.964225 0.078637 0.253151
vn -0.999671 0.025642 0.000002
vn -0.863071 0.126274 0.489043
vn -0.964225 0.078639 0.253151
vn -0.703099 0.165305 0.691611
vn -0.863071 0.126274 0.489043
vn -0.495212 0.193070 0.847047
vn -0.703099 0.165304 0.691612
vn -0.253579 0.207678 0.944758
vn -0.495212 0.193070 0.847047
vn 0.005339 0.208133 0.978086
vn -0.253576 0.207678 0.944759
vn 0.135778 0.203006 0.969718
vn 0.005339 0.208133 0.978086
vn 0.504459 0.167428 0.847047
vn 0.387488 0.182478 0.903634
vn 0.387488 0.182477 0.903635
vn 0.710651 0.129040 0.691610
vn 0.504460 0.167428 0.847047
vn 0.868409 0.081861 0.489044
vn 0.710651 0.129040 0.691610
vn 0.966990 0.029100 0.253146
vn 0.868409 0.081859 0.489044
vn 0.999671 -0.025641 -0.000002
vn 0.966990 0.029099 0.253146
vn 0.964227 -0.078635 -0.253145
vn 0.999671 -0.025644 -0.000002
vn 0.863071 -0.126273 -0.489043
vn 0.964227 -0.078638 -0.253145
vn 0.703099 -0.165304 -0.691611
vn 0.863071 -0.126274 -0.489043
vn 0.703099 -0.165304 -0.691611
vn 0.253577 -0.207678 -0.944759
vn -0.025079 -0.977765 0.208200
vn -0.025080 -0.977763 0.208210
vn -0.025080 -0.977762 0.208211
vn -0.025079 -0.977765 0.208198
vn -0.025079 -0.977765 0.208197
vn -0.025078 -0.977765 0.208200
vn 0.025079 0.977764 -0.208202
vn 0.025077 0.977765 -0.208200
vn 0.025077 0.977764 -0.208203
vn 0.025087 0.977763 -0.208206
vn 0.025080 0.977764 -0.208205
vn 0.025078 0.977763 -0.208206
vn -0.025079 -0.977764 0.208202
vn -0.025080 -0.977765 0.208201
vn -0.025079 -0.977764 0.208204
vn -0.025085 -0.977763 0.208206
vn -0.025079 -0.977764 0.208202
vn -0.025085 -0.977764 0.208205
vn 0.025081 0.977764 -0.208203
vn 0.025080 0.977764 -0.208202
vn 0.025080 0.977764 -0.208204
vn 0.025080 0.977765 -0.208197
vn 0.025079 0.977761 -0.208215
vn 0.025080 0.977766 -0.208192
vn 0.025082 0.977767 -0.208191
vn 0.025078 0.977764 -0.208201
vn 0.025082 0.977766 -0.208192
vn -0.025082 -0.977765 0.208201
vn -0.025085 -0.977764 0.208203
vn -0.025082 -0.977765 0.208199
vn -0.025081 -0.977764 0.208203
vn -0.025082 -0.977764 0.208202
vn -0.025079 -0.977764 0.208201
vn -0.025079 -0.977764 0.208203
vn 0.025079 0.977763 -0.208209
vn 0.025079 0.977763 -0.208208
vn 0.025084 0.977764 -0.208203
vn 0.025082 0.977765 -0.208199
vn -0.025080 -0.977763 0.208210
vn -0.025080 -0.977762 0.208211
vn -0.025079 -0.977764 0.208202
vn -0.025075 -0.977764 0.208204
vn 0.025087 0.977763 -0.208209
vn 0.025090 0.977762 -0.208209
vn 0.025081 0.977765 -0.208198
vn 0.025079 0.977762 -0.208211
vn 0.025078 0.977761 -0.208216
vn -0.025083 -0.977764 0.208202
vn -0.025082 -0.977764 0.208204
vn -0.025078 -0.977765 0.208198
vn -0.025080 -0.977764 0.208204
vn -0.025081 -0.977762 0.208211
vn 0.025080 0.977767 -0.208192
vn 0.025080 0.977767 -0.208191
vn 0.025075 0.977764 -0.208202
vn 0.025073 0.977765 -0.208200
vn 0.253577 -0.207678 -0.944759
vn -0.005339 -0.208133 -0.978086
vn -0.263891 -0.194404 -0.944758
vn -0.504459 -0.167428 -0.847047
vn -0.504459 -0.167427 -0.847047
vn -0.710651 -0.129040 -0.691609
vn -0.868410 -0.081857 -0.489043
vn -0.868411 -0.081860 -0.489042
vn -0.966989 -0.029101 -0.253149
vn -0.966990 -0.029099 -0.253149
vn -0.999671 0.025643 -0.000001
vn -0.964226 0.078636 0.253148
vn -0.964226 0.078637 0.253148
vn -0.863072 0.126274 0.489042
vn -0.863072 0.126273 0.489042
vn -0.703101 0.165304 0.691609
vn -0.703101 0.165307 0.691609
vn -0.495212 0.193070 0.847047
vn -0.495210 0.193071 0.847048
vn -0.253576 0.207678 0.944759
vn 0.005339 0.208134 0.978086
vn 0.005338 0.208133 0.978086
vn 0.135777 0.203005 0.969718
vn 0.387489 0.182478 0.903634
vn 0.504459 0.167427 0.847047
vn 0.504459 0.167428 0.847047
vn 0.710651 0.129041 0.691609
vn 0.710651 0.129038 0.691610
vn 0.868410 0.081859 0.489042
vn 0.966990 0.029100 0.253149
vn 0.966990 0.029100 0.253149
vn 0.999671 -0.025642 0.000001
vn 0.999671 -0.025643 0.000002
vn 0.964226 -0.078639 -0.253148
vn 0.964226 -0.078637 -0.253149
vn 0.863072 -0.126273 -0.489043
vn 0.703101 -0.165305 -0.691609
vn 0.703101 -0.165304 -0.691610
vn 0.495210 -0.193071 -0.847048
vn 0.495210 -0.193069 -0.847049
vn -0.025080 -0.977764 0.208204
vn 0.025079 0.977763 -0.208206
vn 0.025079 0.977763 -0.208206
vn 0.025080 0.977763 -0.208207
vn 0.025080 0.977763 -0.208207
vn 0.025081 0.977764 -0.208203
vn 0.025081 0.977764 -0.208202
vn -0.025082 -0.977763 0.208207
vn -0.025080 -0.977764 0.208203
vn -0.025076 -0.977764 0.208202
vn 0.025081 0.977766 -0.208195
vn 0.025080 0.977764 -0.208206
vn 0.025081 0.977766 -0.208192
vn 0.025082 0.977764 -0.208205
vn 0.025080 0.977764 -0.208204
vn -0.025077 -0.977764 0.208204
vn -0.025077 -0.977764 0.208205
vn -0.025079 -0.977765 0.208201
vn -0.025078 -0.977764 0.208202
vn -0.025081 -0.977763 0.208206
vn -0.025080 -0.977764 0.208204
vn -0.025079 -0.977765 0.208198
vn -0.025079 -0.977764 0.208201
vn -0.025077 -0.977764 0.208202
vn -0.025079 -0.977766 0.208193
vn 0.025083 0.977764 -0.208204
vn -0.025076 -0.977764 0.208204
vn 0.135779 0.203006 0.969718
vn 0.025074 0.977759 -0.208230
vn 0.025082 0.977760 -0.208219
vn 0.025103 0.977768 -0.208181
vn 0.025078 0.977765 -0.208201
vn 0.025057 0.977764 -0.208206
vn 0.025082 0.977764 -0.208203
vn 0.025071 0.977764 -0.208206
vn 0.025084 0.977755 -0.208245
vn 0.025080 0.977764 -0.208201
vn 0.025084 0.977764 -0.208204
vn 0.025085 0.977758 -0.208230
vn 0.025076 0.977756 -0.208243
vn 0.025088 0.977771 -0.208171
vn 0.025103 0.977768 -0.208181
vn 0.025083 0.977764 -0.208201
vn 0.025080 0.977764 -0.208201
vn 0.025098 0.977765 -0.208195
vn 0.025071 0.977764 -0.208206
vn 0.025086 0.977755 -0.208245
vn 0.025084 0.977764 -0.208204
vn 0.025086 0.977758 -0.208230
vn 0.253576 -0.207678 -0.944759
vn 0.135778 0.203006 0.969718
vn -0.025080 -0.977764 0.208202
vn -0.025080 -0.977764 0.208202
vn -0.025083 -0.977764 0.208201
vn 0.025086 0.977765 -0.208196
vn 0.025079 0.977764 -0.208204
vn -0.025076 -0.977764 0.208202
vn 0.025080 0.977764 -0.208203
vn 0.025080 0.977764 -0.208202
vn -0.025079 -0.977766 0.208196
vn -0.025081 -0.977764 0.208202
vn -0.005339 -0.208133 -0.978086
vn 0.868409 0.081859 0.489046
vn 0.504461 0.167429 0.847046
vn -0.253577 0.207678 0.944759
vn -0.868409 -0.081859 -0.489046
vn 0.025084 0.977764 -0.208204
vn -0.025082 -0.977764 0.208202
vn -0.025074 -0.977764 0.208204
vn -0.025081 -0.977764 0.208202
vn 0.025079 0.977764 -0.208204
vn -0.025080 -0.977764 0.208202
vn 0.025081 0.977764 -0.208201
vn -0.025080 -0.977764 0.208202
vn 0.025083 0.977764 -0.208203
vn 0.025082 0.977764 -0.208202
vn -0.025081 -0.977764 0.208202
vn 0.135776 0.203006 0.969718
vn 0.025083 0.977764 -0.208202
vn -0.025080 -0.977764 0.208202
vn 0.025083 0.977764 -0.208204
vn -0.025080 -0.977771 0.208172
vn -0.025080 -0.977762 0.208211
vn -0.025080 -0.977765 0.208198
vn -0.025081 -0.977764 0.208202
vn -0.025080 -0.977764 0.208203
vn -0.025089 -0.977764 0.208203
vn -0.025076 -0.977764 0.208202
vn -0.025081 -0.977764 0.208203
vn -0.025081 -0.977764 0.208202
vn -0.025078 -0.977765 0.208200
vn -0.025078 -0.977764 0.208205
vn -0.025080 -0.977771 0.208172
vn -0.025080 -0.977765 0.208200
vn -0.025076 -0.977764 0.208205
vn -0.025080 -0.977764 0.208202
vn -0.025080 -0.977767 0.208189
vn -0.025079 -0.977764 0.208205
vn -0.025081 -0.977764 0.208203
vn -0.025085 -0.977763 0.208205
vn -0.025081 -0.977763 0.208206
vn -0.025085 -0.977763 0.208205
vn 0.005339 0.208133 0.978086
vn -0.495210 0.193070 0.847048
vn 0.504458 0.167427 0.847048
vn -0.710650 -0.129040 -0.691611
vn 0.135776 0.203008 0.969718
vn 0.025082 0.977764 -0.208201
vn 0.025079 0.977765 -0.208201
vn 0.025076 0.977764 -0.208202
vn -0.025080 -0.977764 0.208203
vn -0.025080 -0.977764 0.208204
vn 0.025080 0.977764 -0.208202
vn 0.025081 0.977764 -0.208202
vn -0.025085 -0.977763 0.208205
vn 0.703101 -0.165308 -0.691608
vn 0.868409 0.081868 0.489043
vn -0.253577 0.207676 0.944759
vn -0.863071 0.126265 0.489045
vn -0.868412 -0.081858 -0.489039
vn -0.025082 -0.977764 0.208201
vn 0.025079 0.977764 -0.208204
vn -0.274007 -0.640161 -0.717714
vn -0.274007 -0.640161 -0.717714
vn -0.274007 -0.640161 -0.717714
vn -0.207601 -0.880638 -0.425886
vn -0.207601 -0.880638 -0.425886
vn -0.207601 -0.880638 -0.425886
vn -0.094395 -0.995401 -0.016352
vn -0.094395 -0.995401 -0.016352
vn -0.094395 -0.995401 -0.016352
vn 0.207606 0.880634 0.425891
vn 0.207606 0.880634 0.425891
vn 0.207606 0.880634 0.425891
vn 0.094389 0.995401 0.016340
vn 0.094389 0.995401 0.016340
vn 0.094389 0.995401 0.016340
vn -0.291126 -0.030253 -0.956206
vn -0.291126 -0.030253 -0.956206
vn -0.291126 -0.030253 -0.956206
vn 0.953877 -0.085679 -0.287711
vn 0.953876 -0.085673 -0.287717
vn 0.953876 -0.085765 -0.287691
vn 0.953874 -0.085734 -0.287705
vn 0.953874 -0.085765 -0.287696
vn 0.953874 -0.085750 -0.287701
vn 0.953874 -0.085699 -0.287714
vn 0.953872 -0.085775 -0.287698
vn 0.953875 -0.085782 -0.287686
vn 0.953877 -0.085635 -0.287724
vn 0.953876 -0.085814 -0.287674
vn 0.953877 -0.085788 -0.287679
vn 0.953874 -0.085784 -0.287691
vn -0.953876 0.085662 0.287718
vn -0.953875 0.085707 0.287708
vn -0.953873 0.085685 0.287722
vn -0.953877 0.085641 0.287723
vn -0.953873 0.085808 0.287686
vn -0.953883 0.085741 0.287671
vn -0.953879 0.085704 0.287696
vn -0.953894 0.085368 0.287746
vn -0.953878 0.085760 0.287686
vn -0.953875 0.085726 0.287703
vn -0.953878 0.085759 0.287685
vn -0.953876 0.085660 0.287719
vn -0.953890 0.085537 0.287711
vn -0.953876 0.085821 0.287673
vn -0.953877 0.086030 0.287606
vn -0.299150 -0.191339 -0.934826
vn 0.246560 0.770414 0.587937
vn 0.135777 0.203006 0.969718
vn -0.025079 -0.977765 0.208198
vn 0.025079 0.977765 -0.208200
vn 0.025088 0.977763 -0.208207
vn -0.025080 -0.977765 0.208198
vn 0.025080 0.977764 -0.208202
vn 0.025079 0.977761 -0.208219
vn 0.025078 0.977764 -0.208202
vn -0.025085 -0.977764 0.208203
vn -0.025079 -0.977764 0.208205
vn 0.025081 0.977765 -0.208198
vn -0.263891 -0.194405 -0.944758
vn -0.710651 -0.129038 -0.691610
vn -0.999671 0.025642 -0.000001
vn -0.253576 0.207678 0.944759
vn 0.135778 0.203006 0.969718
vn 0.387490 0.182478 0.903634
vn 0.868410 0.081859 0.489042
vn 0.863072 -0.126276 -0.489042
vn 0.025079 0.977764 -0.208205
vn 0.025079 0.977764 -0.208203
vn -0.025081 -0.977764 0.208205
s 1
g Piece3 Supermarine_Spitfire_Mk:GLTF_SceneRootNode Supermarine_Spitfire_Mk:root Supermarine_Spitfire_Mk:Sketchfab_model Supermarine_Spitfire_Mk:Meshes Supermarine_Spitfire_Mk:scene Supermarine_Spitfire_Mk:Object_97
usemtl Supermarine_Spitfire_Mk:Object_97SG
f 1310/1270/767 956/916/768 1402/1362/769
s 2
f 1071/1031/770 1321/1281/771 1069/1029/772
f 1073/1033/773 1325/1285/774 1071/1031/770
f 1075/1035/775 1329/1289/776 1073/1033/773
f 1077/1037/777 1333/1293/778 1075/1035/775
f 1077/1037/777 1341/1301/779 1337/1297/780
f 1079/1039/781 1345/1305/782 1341/1301/779
f 1081/1041/783 1349/1309/784 1345/1305/782
f 1083/1043/785 1353/1313/786 1349/1309/784
f 1087/1047/787 1353/1313/786 1085/1045/788
f 1087/1047/787 1363/1323/789 1357/1317/790
f 1093/1053/791 1362/1322/792 1090/1050/793
f 1093/1053/791 1372/1332/794 1368/1328/795
f 1095/1055/796 1376/1336/797 1372/1332/794
f 1099/1059/798 1376/1336/797 1097/1057/799
f 1101/1061/800 1380/1340/801 1099/1059/798
f 1103/1063/802 1384/1344/803 1101/1061/800
f 1105/1065/804 1388/1348/805 1103/1063/802
f 1107/1067/806 1392/1352/807 1105/1065/804
f 1109/1069/808 1396/1356/809 1107/1067/806
s 21
f 1303/1263/810 1299/1259/811 1301/1261/812
s 2
f 1109/1069/808 1312/1272/813 1400/1360/814
s 23
f 802/762/815 835/795/816 770/730/817
s 2
f 1066/1026/818 1305/1265/819 1312/1272/813
s 25
f 1254/1214/820 862/822/821 858/818/822
s 2
f 1069/1029/772 1319/1279/823 1067/1027/824
s 26
f 871/831/825 1660/1620/826 865/825/827
s 27
f 1652/1612/828 1647/1607/829 1650/1610/830
s 26
f 958/918/831 1746/1706/832 954/914/833
f 954/914/833 1742/1702/834 950/910/835
f 946/906/836 1742/1702/834 1738/1698/837
f 946/906/836 1734/1694/838 942/902/839
f 942/902/839 1730/1690/840 938/898/841
f 938/898/841 1726/1686/842 934/894/843
f 930/890/844 1726/1686/842 1722/1682/845
f 926/886/846 1722/1682/845 1718/1678/847
f 926/886/846 1713/1673/848 922/882/849
f 921/881/850 1708/1668/851 915/875/852
f 915/875/852 1703/1663/853 911/871/854
f 911/871/854 1699/1659/855 907/867/856
f 907/867/856 1695/1655/857 903/863/858
f 903/863/858 1691/1651/859 899/859/860
f 899/859/860 1687/1647/861 895/855/862
f 891/851/863 1687/1647/861 1683/1643/864
f 887/847/865 1683/1643/864 1679/1639/866
f 887/847/865 1675/1635/867 883/843/868
f 883/843/868 1671/1631/869 879/839/870
f 879/839/870 1667/1627/871 875/835/872
f 871/831/825 1667/1627/871 1663/1623/873
s 30
f 999/959/874 923/883/875 927/887/876
f 867/827/877 963/923/878 959/919/879
s 32
f 968/928/880 872/832/881 866/826/882
f 1044/1004/883 892/852/884 888/848/885
f 925/885/886 1001/961/887 929/889/888
s 30
f 874/834/889 1058/1018/890 870/830/891
f 910/870/892 1022/982/893 906/866/894
f 979/939/895 943/903/896 947/907/897
s 32
f 965/925/898 866/826/882 961/921/899
f 1060/1020/900 876/836/901 872/832/881
f 908/868/902 1020/980/903 912/872/904
f 985/945/905 949/909/906 945/905/907
s 30
f 1034/994/908 890/850/909 894/854/910
f 931/891/911 999/959/874 927/887/876
s 32
f 1040/1000/912 896/856/913 892/852/884
f 1001/961/887 933/893/914 929/889/888
s 30
f 1050/1010/915 874/834/889 878/838/916
f 913/873/917 1018/978/918 910/870/892
f 951/911/919 979/939/895 947/907/897
s 32
f 876/836/901 1052/1012/920 880/840/921
f 1020/980/903 916/876/922 912/872/904
f 949/909/906 977/937/923 953/913/924
s 30
f 898/858/925 1034/994/908 894/854/910
f 935/895/926 995/955/927 931/891/911
s 26
f 962/922/928 1750/1710/929 958/918/831
s 49
f 964/924/930 967/927/931 966/926/932
f 972/932/933 966/926/932 974/934/934
f 976/936/935 974/934/934 978/938/936
f 980/940/937 978/938/936 982/942/938
f 984/944/939 982/942/938 986/946/940
f 988/948/941 986/946/940 990/950/942
f 992/952/943 990/950/942 994/954/944
f 998/958/945 992/952/943 994/954/944
f 1000/960/946 998/958/945 1002/962/947
f 1006/966/948 1000/960/946 1002/962/947
f 1008/968/949 1006/966/948 1011/971/950
f 1015/975/951 1009/969/952 1012/972/953
f 1019/979/954 1014/974/955 1015/975/951
f 1021/981/956 1019/979/954 1023/983/957
f 1025/985/958 1023/983/957 1027/987/959
f 1029/989/960 1027/987/959 1031/991/961
f 1033/993/962 1031/991/961 1035/995/963
f 1037/997/964 1035/995/963 1039/999/965
f 1041/1001/966 1039/999/965 1043/1003/967
f 1047/1007/968 1041/1001/966 1043/1003/967
f 1049/1009/969 1047/1007/968 1051/1011/970
f 1053/1013/971 1051/1011/970 1055/1015/972
f 1059/1019/973 1053/1013/971 1055/1015/972
f 967/927/931 1057/1017/974 1059/1019/973
s 30
f 890/850/909 1042/1002/975 886/846/976
s 32
f 941/901/977 985/945/905 945/905/907
f 904/864/978 1024/984/979 908/868/902
s 30
f 870/830/891 969/929/980 867/827/877
f 943/903/896 987/947/981 939/899/982
f 1022/982/893 902/862/983 906/866/894
s 32
f 957/917/984 965/925/898 961/921/899
f 920/880/985 1005/965/986 925/885/886
f 1048/1008/987 888/848/885 884/844/988
s 30
f 963/923/878 955/915/989 959/919/879
f 923/883/875 1007/967/990 917/877/991
f 1042/1002/975 882/842/992 886/846/976
s 32
f 937/897/993 989/949/994 941/901/977
f 1032/992/995 904/864/978 900/860/996
s 30
f 987/947/981 935/895/926 939/899/982
f 1026/986/997 898/858/925 902/862/983
s 32
f 953/913/924 973/933/998 957/917/984
f 916/876/922 1010/970/999 920/880/985
f 880/840/921 1048/1008/987 884/844/988
s 30
f 955/915/989 975/935/1000 951/911/919
f 917/877/991 1013/973/1001 913/873/917
f 882/842/992 1050/1010/915 878/838/916
s 32
f 933/893/914 993/953/1002 937/897/993
f 1036/996/1003 900/860/996 896/856/913
s 68
f 1145/1105/1004 833/793/1005 837/797/1006
s 69
f 1182/1142/1007 1089/1049/1008 1088/1048/1009
s 68
f 1131/1091/1010 804/764/1011 808/768/1012
s 69
f 1089/1049/1008 1186/1146/1013 1092/1052/1014
s 68
f 1117/1077/1015 776/736/1016 780/740/1017
f 861/821/1018 1155/1115/1019 857/817/1020
f 833/793/1005 1141/1101/1021 829/789/1022
s 69
f 1092/1052/1014 1188/1148/1023 1094/1054/1024
f 1206/1166/1025 1062/1022/1026 1065/1025/1027
s 68
f 804/764/1011 1127/1087/1028 800/760/1029
s 69
f 1188/1148/1023 1096/1056/1030 1094/1054/1024
s 68
f 1115/1075/1031 772/732/1032 776/736/1016
f 1155/1115/1019 853/813/1033 857/817/1020
s 69
f 1068/1028/1034 1164/1124/1035 1070/1030/1036
s 68
f 1141/1101/1021 825/785/1037 829/789/1022
s 69
f 1190/1150/1038 1098/1058/1039 1096/1056/1030
f 1164/1124/1035 1072/1032/1040 1070/1030/1036
s 68
f 800/760/1029 1125/1085/1041 796/756/1042
s 69
f 1192/1152/1043 1100/1060/1044 1098/1058/1039
s 68
f 1113/1073/1045 767/727/1046 772/732/1032
f 853/813/1033 1151/1111/1047 849/809/1048
s 69
f 1072/1032/1040 1168/1128/1049 1074/1034/1050
s 68
f 1139/1099/1051 819/779/1052 825/785/1037
s 69
f 1194/1154/1053 1102/1062/1054 1100/1060/1044
s 86
f 1114/1074/1055 1159/1119/1056 1112/1072/1057
f 1112/1072/1057 1204/1164/1058 1111/1071/1059
f 1158/1118/1060 1203/1163/1061 1156/1116/1062
f 1156/1116/1062 1201/1161/1063 1154/1114/1064
f 1154/1114/1064 1199/1159/1065 1152/1112/1066
f 1152/1112/1066 1197/1157/1067 1150/1110/1068
f 1150/1110/1068 1195/1155/1069 1148/1108/1070
f 1148/1108/1070 1193/1153/1071 1146/1106/1072
f 1146/1106/1072 1191/1151/1073 1144/1104/1074
f 1142/1102/1075 1191/1151/1073 1189/1149/1076
f 1142/1102/1075 1187/1147/1077 1140/1100/1078
f 1140/1100/1078 1185/1145/1079 1137/1097/1080
f 1138/1098/1081 1181/1141/1082 1135/1095/1083
f 1132/1092/1084 1181/1141/1082 1179/1139/1085
f 1130/1090/1086 1179/1139/1085 1177/1137/1087
f 1128/1088/1088 1177/1137/1087 1175/1135/1089
f 1128/1088/1088 1173/1133/1090 1126/1086/1091
f 1126/1086/1091 1171/1131/1092 1124/1084/1093
f 1124/1084/1093 1169/1129/1094 1122/1082/1095
f 1120/1080/1096 1169/1129/1094 1167/1127/1097
f 1120/1080/1096 1165/1125/1098 1118/1078/1099
f 1116/1076/1100 1165/1125/1098 1163/1123/1101
f 1114/1074/1055 1163/1123/1101 1161/1121/1102
f 1111/1071/1059 1207/1167/1103 1158/1118/1060
s 68
f 767/727/1046 1157/1117/1104 861/821/1018
f 1119/1079/1105 780/740/1017 784/744/1106
s 69
f 1086/1046/1107 1182/1142/1007 1088/1048/1009
s 68
f 1133/1093/1108 808/768/1012 812/772/1109
s 69
f 1160/1120/1110 1068/1028/1034 1064/1024/1111
f 1084/1044/1112 1180/1140/1113 1086/1046/1107
s 68
f 1147/1107/1114 837/797/1006 841/801/1115
s 69
f 1062/1022/1026 1160/1120/1110 1064/1024/1111
s 68
f 1121/1081/1116 784/744/1106 788/748/1117
s 69
f 1082/1042/1118 1178/1138/1119 1084/1044/1112
f 1108/1068/1120 1206/1166/1025 1065/1025/1027
s 68
f 1134/1094/1121 812/772/1109 815/775/1122
s 69
f 1080/1040/1123 1176/1136/1124 1082/1042/1118
s 68
f 845/805/1125 1147/1107/1114 841/801/1115
s 69
f 1106/1066/1126 1202/1162/1127 1108/1068/1120
s 68
f 1123/1083/1128 788/748/1117 792/752/1129
s 69
f 1172/1132/1130 1080/1040/1123 1078/1038/1131
f 1198/1158/1132 1106/1066/1126 1104/1064/1133
s 68
f 1136/1096/1134 815/775/1122 819/779/1052
s 69
f 1170/1130/1135 1078/1038/1131 1076/1036/1136
s 68
f 1151/1111/1047 845/805/1125 849/809/1048
s 69
f 1196/1156/1137 1104/1064/1133 1102/1062/1054
s 68
f 1125/1085/1041 792/752/1129 796/756/1042
s 69
f 1074/1034/1050 1170/1130/1135 1076/1036/1136
s 97
f 1219/1179/1138 1211/1171/1139 1243/1203/1140
s 25
f 1230/1190/1141 816/776/1142 811/771/1143
f 768/728/1144 1210/1170/1145 771/731/1146
f 1240/1200/1147 834/794/1148 830/790/1149
f 1216/1176/1150 787/747/1151 783/743/1152
f 1248/1208/1153 850/810/1154 846/806/1155
f 1224/1184/1156 803/763/1157 799/759/1158
f 862/822/821 1209/1169/1159 768/728/1144
f 816/776/1142 1236/1196/1160 820/780/1161
f 771/731/1146 1212/1172/1162 775/735/1163
f 1242/1202/1164 838/798/1165 834/794/1148
f 1218/1178/1166 791/751/1167 787/747/1151
f 1250/1210/1168 854/814/1169 850/810/1154
f 1226/1186/1170 807/767/1171 803/763/1157
f 1235/1195/1172 826/786/1173 821/781/1174
f 1212/1172/1162 779/739/1175 775/735/1163
f 1244/1204/1176 842/802/1177 838/798/1165
f 1220/1180/1178 795/755/1179 791/751/1167
f 1252/1212/1180 858/818/822 854/814/1169
f 807/767/1171 1230/1190/1141 811/771/1143
f 826/786/1173 1240/1200/1147 830/790/1149
f 779/739/1175 1216/1176/1150 783/743/1152
f 1246/1206/1181 846/806/1155 842/802/1177
f 1222/1182/1182 799/759/1158 795/755/1179
s 1
f 1317/1277/1183 869/829/1184 1315/1275/1185
f 1308/1268/1186 960/920/1187 1310/1270/767
s 2
f 1063/1023/1188 1319/1279/823 1313/1273/1189
s 1
f 1402/1362/769 952/912/1190 1398/1358/1191
f 1398/1358/1191 948/908/1192 1394/1354/1193
f 1390/1350/1194 948/908/1192 944/904/1195
f 1390/1350/1194 940/900/1196 1386/1346/1197
f 1382/1342/1198 940/900/1196 936/896/1199
f 1378/1338/1200 936/896/1199 932/892/1201
f 1374/1334/1202 932/892/1201 928/888/1203
f 1374/1334/1202 924/884/1204 1370/1330/1205
f 1370/1330/1205 919/879/1206 1366/1326/1207
f 1360/1320/1208 918/878/1209 914/874/1210
f 1360/1320/1208 909/869/1211 1355/1315/1212
f 1351/1311/1213 909/869/1211 905/865/1214
f 1347/1307/1215 905/865/1214 901/861/1216
f 1343/1303/1217 901/861/1216 897/857/1218
f 1343/1303/1217 893/853/1219 1339/1299/1220
f 1335/1295/1221 893/853/1219 889/849/1222
f 1335/1295/1221 885/845/1223 1331/1291/1224
f 1327/1287/1225 885/845/1223 881/841/1226
f 1323/1283/1227 881/841/1226 877/837/1228
f 1323/1283/1227 873/833/1229 1317/1277/1183
s 2
f 1063/1023/1188 1305/1265/819 1061/1021/1230
s 116
f 1381/1341/1231 1269/1229/1232 1385/1345/1233
s 117
f 1442/1402/1234 1326/1286/1235 1330/1290/1236
f 1403/1363/1237 1361/1321/1238 1367/1327/1239
f 1285/1245/1240 1399/1359/1241 1311/1271/1242
s 116
f 1328/1288/1243 1444/1404/1244 1332/1292/1245
f 1364/1324/1246 1405/1365/1247 1369/1329/1248
s 117
f 1422/1382/1249 1346/1306/1250 1350/1310/1251
f 1275/1235/1252 1383/1343/1253 1387/1347/1254
s 116
f 1289/1249/1255 1309/1269/1256 1401/1361/1257
f 1348/1308/1258 1424/1384/1259 1352/1312/1260
f 1269/1229/1232 1389/1349/1261 1385/1345/1233
s 117
f 1438/1398/1262 1330/1290/1236 1334/1294/1263
f 1371/1331/1264 1403/1363/1237 1367/1327/1239
s 116
f 1444/1404/1244 1336/1296/1265 1332/1292/1245
f 1369/1329/1248 1257/1217/1266 1373/1333/1267
s 117
f 1304/1264/1268 1306/1266/1269 1314/1274/1270
f 1418/1378/1271 1350/1310/1251 1354/1314/1272
f 1391/1351/1273 1275/1235/1252 1387/1347/1254
s 116
f 1293/1253/1274 1316/1276/1275 1307/1267/1276
f 1352/1312/1260 1420/1380/1277 1356/1316/1278
f 1273/1233/1279 1393/1353/1280 1389/1349/1261
s 117
f 1434/1394/1281 1334/1294/1263 1338/1298/1282
f 1263/1223/1283 1371/1331/1264 1375/1335/1284
f 1296/1256/1285 1311/1271/1242 1306/1266/1269
s 1
f 1315/1275/1185 868/828/1286 1308/1268/1186
s 21
f 1294/1254/1287 1303/1263/810 1301/1261/812
f 1290/1250/1288 1286/1246/1289 1288/1248/1290
f 1282/1242/1291 1292/1252/1292 1290/1250/1288
f 1280/1240/1293 1282/1242/1291 1278/1238/1294
f 1276/1236/1295 1278/1238/1294 1274/1234/1296
f 1270/1230/1297 1276/1236/1295 1274/1234/1296
f 1266/1226/1298 1272/1232/1299 1270/1230/1297
f 1262/1222/1300 1268/1228/1301 1266/1226/1298
f 1260/1220/1302 1262/1222/1300 1258/1218/1303
f 1404/1364/1304 1258/1218/1303 1406/1366/1305
f 1408/1368/1306 1406/1366/1305 1411/1371/1307
f 1416/1376/1308 1409/1369/1309 1412/1372/1310
f 1419/1379/1311 1413/1373/1312 1416/1376/1308
f 1421/1381/1313 1419/1379/1311 1423/1383/1314
f 1427/1387/1315 1421/1381/1313 1423/1383/1314
f 1431/1391/1316 1425/1385/1317 1427/1387/1315
f 1433/1393/1318 1431/1391/1316 1435/1395/1319
f 1437/1397/1320 1435/1395/1319 1439/1399/1321
f 1441/1401/1322 1439/1399/1321 1443/1403/1323
f 1447/1407/1324 1441/1401/1322 1443/1403/1323
f 1449/1409/1325 1447/1407/1324 1451/1411/1326
f 1297/1257/1327 1451/1411/1326 1299/1259/811
f 1288/1248/1290 1295/1255/1328 1294/1254/1287
s 116
f 1432/1392/1329 1348/1308/1258 1344/1304/1330
s 117
f 1383/1343/1253 1267/1227/1331 1379/1339/1332
f 1346/1306/1250 1430/1390/1333 1342/1302/1334
s 116
f 1281/1241/1335 1401/1361/1257 1397/1357/1336
f 1359/1319/1337 1410/1370/1338 1364/1324/1246
f 1324/1284/1339 1448/1408/1340 1328/1288/1243
s 117
f 1291/1251/1341 1395/1355/1342 1399/1359/1241
f 1407/1367/1343 1358/1318/1344 1361/1321/1238
f 1326/1286/1235 1450/1410/1345 1322/1282/1346
s 116
f 1377/1337/1347 1265/1225/1348 1381/1341/1231
f 1436/1396/1349 1344/1304/1330 1340/1300/1350
f 1300/1260/1351 1324/1284/1339 1318/1278/1352
f 1302/1262/1353 1318/1278/1352 1316/1276/1275
s 117
f 1267/1227/1331 1375/1335/1284 1379/1339/1332
f 1342/1302/1334 1434/1394/1281 1338/1298/1282
s 116
f 1393/1353/1280 1281/1241/1335 1397/1357/1336
f 1356/1316/1278 1415/1375/1354 1359/1319/1337
s 117
f 1322/1282/1346 1298/1258/1355 1320/1280/1356
f 1283/1243/1357 1391/1351/1273 1395/1355/1342
f 1358/1318/1344 1418/1378/1271 1354/1314/1272
s 116
f 1309/1269/1256 1293/1253/1274 1307/1267/1276
s 117
f 1298/1258/1355 1314/1274/1270 1320/1280/1356
s 116
f 1373/1333/1267 1261/1221/1358 1377/1337/1347
f 1440/1400/1359 1340/1300/1350 1336/1296/1265
s 153
f 1455/1415/1360 1531/1491/1361 1533/1493/1362
f 1465/1425/1363 1531/1491/1361 1459/1419/1364
s off
f 1471/1431/1365 1538/1498/1366 1464/1424/1367
f 1477/1437/1368 1542/1502/1369 1470/1430/1370
s 154
f 1481/1441/1371 1544/1504/1372 1476/1436/1373
f 1485/1445/1374 1547/1507/1375 1481/1441/1371
f 1489/1449/1376 1549/1509/1377 1485/1445/1374
f 1489/1449/1376 1553/1513/1378 1551/1511/1379
f 1493/1453/1380 1555/1515/1381 1553/1513/1378
f 1497/1457/1382 1557/1517/1383 1555/1515/1381
f 1506/1466/1384 1557/1517/1383 1501/1461/1385
s off
f 1512/1472/1386 1560/1520/1387 1505/1465/1388
s 160
f 1517/1477/1389 1564/1524/1390 1511/1471/1391
f 1521/1481/1392 1567/1527/1393 1517/1477/1389
s 162
f 1528/1488/1394 1602/1562/1395 1524/1484/1396
s 160
f 1521/1481/1392 1571/1531/1397 1569/1529/1398
f 1454/1414/1399 1571/1531/1397 1525/1485/1400
s 164
f 1472/1432/1401 1466/1426/1402 1482/1442/1403
s 165
f 1532/1492/1404 1461/1421/1405 1457/1417/1406
f 1529/1489/1407 1467/1427/1408 1461/1421/1405
f 1535/1495/1409 1473/1433/1410 1467/1427/1408
f 1539/1499/1411 1479/1439/1412 1473/1433/1410
f 1479/1439/1412 1546/1506/1413 1483/1443/1414
f 1483/1443/1414 1548/1508/1415 1487/1447/1416
f 1487/1447/1416 1550/1510/1417 1491/1451/1418
f 1491/1451/1418 1552/1512/1419 1495/1455/1420
f 1552/1512/1419 1499/1459/1421 1495/1455/1420
f 1554/1514/1422 1503/1463/1423 1499/1459/1421
f 1556/1516/1424 1509/1469/1425 1503/1463/1423
f 1559/1519/1426 1515/1475/1427 1509/1469/1425
f 1515/1475/1427 1566/1526/1428 1519/1479/1429
f 1519/1479/1429 1568/1528/1430 1523/1483/1431
f 1523/1483/1431 1570/1530/1432 1527/1487/1433
f 1527/1487/1433 1532/1492/1404 1457/1417/1406
s 174
f 1603/1563/1434 1575/1535/1435 1589/1549/1436
s 162
f 1496/1456/1437 1588/1548/1438 1492/1452/1439
f 1574/1534/1440 1458/1418/1441 1462/1422/1442
f 1458/1418/1441 1604/1564/1443 1528/1488/1394
f 1500/1460/1444 1590/1550/1445 1496/1456/1437
f 1578/1538/1446 1462/1422/1442 1468/1428/1447
f 1504/1464/1448 1592/1552/1449 1500/1460/1444
f 1474/1434/1450 1578/1538/1446 1468/1428/1447
f 1596/1556/1451 1504/1464/1448 1510/1470/1452
f 1480/1440/1453 1580/1540/1454 1474/1434/1450
f 1516/1476/1455 1596/1556/1451 1510/1470/1452
f 1484/1444/1456 1582/1542/1457 1480/1440/1453
f 1520/1480/1458 1598/1558/1459 1516/1476/1455
f 1488/1448/1460 1584/1544/1461 1484/1444/1456
f 1524/1484/1396 1600/1560/1462 1520/1480/1458
f 1492/1452/1439 1586/1546/1463 1488/1448/1460
s 185
f 1656/1616/1464 860/820/1465 1748/1708/1466
f 1657/1617/1467 773/733/1468 769/729/1469
f 1665/1625/1470 773/733/1468 1661/1621/1471
f 1669/1629/1472 777/737/1473 1665/1625/1470
f 1673/1633/1474 781/741/1475 1669/1629/1472
f 1673/1633/1474 789/749/1476 785/745/1477
f 1681/1641/1478 789/749/1476 1677/1637/1479
f 1681/1641/1478 797/757/1480 793/753/1481
f 1689/1649/1482 797/757/1480 1685/1645/1483
f 1693/1653/1484 801/761/1485 1689/1649/1482
f 1697/1657/1486 805/765/1487 1693/1653/1484
f 1697/1657/1486 813/773/1488 809/769/1489
f 1705/1665/1490 813/773/1488 1701/1661/1491
f 1711/1671/1492 817/777/1493 1705/1665/1490
f 1716/1676/1494 823/783/1495 1710/1670/1496
f 1720/1680/1497 828/788/1498 1716/1676/1494
f 1724/1684/1499 832/792/1500 1720/1680/1497
f 1728/1688/1501 836/796/1502 1724/1684/1499
f 1732/1692/1503 840/800/1504 1728/1688/1501
f 1736/1696/1505 844/804/1506 1732/1692/1503
f 1740/1700/1507 848/808/1508 1736/1696/1505
f 1740/1700/1507 856/816/1509 852/812/1510
f 1748/1708/1466 856/816/1509 1744/1704/1511
s 26
f 962/922/928 1660/1620/826 1654/1614/1512
s 207
f 1707/1667/1513 1754/1714/1514 1704/1664/1515
f 1634/1594/1516 1668/1628/1517 1672/1632/1518
s 209
f 1723/1683/1519 1777/1737/1520 1727/1687/1521
f 1686/1646/1522 1616/1576/1523 1690/1650/1524
s 207
f 1775/1735/1525 1721/1681/1526 1725/1685/1527
f 1618/1578/1528 1684/1644/1529 1688/1648/1530
s 209
f 1739/1699/1531 1793/1753/1532 1743/1703/1533
f 1752/1712/1534 1706/1666/1535 1702/1662/1536
f 1640/1600/1537 1670/1630/1538 1666/1626/1539
s 207
f 1791/1751/1540 1737/1697/1541 1741/1701/1542
f 1704/1664/1515 1606/1566/1543 1700/1660/1544
f 1638/1598/1545 1664/1624/1546 1668/1628/1517
s 209
f 1769/1729/1547 1723/1683/1519 1719/1679/1548
f 1624/1584/1549 1686/1646/1522 1682/1642/1550
s 207
f 1721/1681/1526 1767/1727/1551 1717/1677/1552
f 1622/1582/1553 1680/1640/1554 1684/1644/1529
s 209
f 1785/1745/1555 1739/1699/1531 1735/1695/1556
f 1698/1658/1557 1752/1712/1534 1702/1662/1536
f 1644/1604/1558 1666/1626/1539 1662/1622/1559
s 207
f 1737/1697/1541 1783/1743/1560 1733/1693/1561
f 1606/1566/1543 1696/1656/1562 1700/1660/1544
f 1664/1624/1546 1645/1605/1563 1659/1619/1564
s 209
f 1765/1725/1565 1719/1679/1548 1715/1675/1566
f 1628/1588/1567 1682/1642/1550 1678/1638/1568
s 185
f 1657/1617/1467 864/824/1569 1656/1616/1464
s 27
f 1646/1606/1570 1643/1603/1571 1647/1607/829
f 1643/1603/1571 1637/1597/1572 1639/1599/1573
f 1637/1597/1572 1635/1595/1574 1639/1599/1573
f 1635/1595/1574 1629/1589/1575 1631/1591/1576
f 1629/1589/1575 1627/1587/1577 1631/1591/1576
f 1625/1585/1578 1623/1583/1579 1627/1587/1577
f 1623/1583/1579 1617/1577/1580 1619/1579/1581
f 1619/1579/1581 1613/1573/1582 1615/1575/1583
f 1613/1573/1582 1611/1571/1584 1615/1575/1583
f 1609/1569/1585 1607/1567/1586 1611/1571/1584
f 1605/1565/1587 1751/1711/1588 1607/1567/1586
f 1751/1711/1588 1758/1718/1589 1755/1715/1590
f 1758/1718/1589 1761/1721/1591 1755/1715/1590
f 1760/1720/1592 1768/1728/1593 1766/1726/1594
f 1768/1728/1593 1770/1730/1595 1766/1726/1594
f 1772/1732/1596 1774/1734/1597 1770/1730/1595
f 1774/1734/1597 1780/1740/1598 1778/1738/1599
f 1778/1738/1599 1784/1744/1600 1782/1742/1601
f 1784/1744/1600 1786/1746/1602 1782/1742/1601
f 1788/1748/1603 1790/1750/1604 1786/1746/1602
f 1790/1750/1604 1796/1756/1605 1794/1754/1606
f 1796/1756/1605 1798/1758/1607 1794/1754/1606
f 1800/1760/1608 1650/1610/830 1798/1758/1607
s 207
f 1745/1705/1609 1791/1751/1540 1741/1701/1542
s 209
f 1670/1630/1538 1632/1592/1610 1674/1634/1611
f 1706/1666/1535 1759/1719/1612 1709/1669/1613
f 1743/1703/1533 1797/1757/1614 1747/1707/1615
s 207
f 1614/1574/1616 1688/1648/1530 1692/1652/1617
f 1729/1689/1618 1775/1735/1525 1725/1685/1527
s 209
f 1649/1609/1619 1658/1618/1620 1655/1615/1621
f 1616/1576/1523 1694/1654/1622 1690/1650/1524
f 1777/1737/1520 1731/1691/1623 1727/1687/1521
s 207
f 1630/1590/1624 1672/1632/1518 1676/1636/1625
f 1762/1722/1626 1707/1667/1513 1712/1672/1627
f 1749/1709/1628 1795/1755/1629 1745/1705/1609
s 209
f 1632/1592/1610 1678/1638/1568 1674/1634/1611
f 1759/1719/1612 1715/1675/1566 1709/1669/1613
f 1747/1707/1615 1649/1609/1619 1655/1615/1621
s 207
f 1645/1605/1563 1653/1613/1630 1659/1619/1564
f 1610/1570/1631 1692/1652/1617 1696/1656/1562
f 1733/1693/1561 1779/1739/1632 1729/1689/1618
f 1651/1611/1633 1749/1709/1628 1653/1613/1630
s 209
f 1658/1618/1620 1644/1604/1558 1662/1622/1559
f 1612/1572/1634 1698/1658/1557 1694/1654/1622
f 1731/1691/1623 1785/1745/1555 1735/1695/1556
s 207
f 1626/1586/1635 1676/1636/1625 1680/1640/1554
f 1717/1677/1552 1762/1722/1626 1712/1672/1627
s 1
f 1310/1270/767 960/920/1187 956/916/768
s 2
f 1071/1031/770 1325/1285/774 1321/1281/771
f 1073/1033/773 1329/1289/776 1325/1285/774
f 1075/1035/775 1333/1293/778 1329/1289/776
f 1077/1037/777 1337/1297/780 1333/1293/778
f 1077/1037/777 1079/1039/781 1341/1301/779
f 1079/1039/781 1081/1041/783 1345/1305/782
f 1081/1041/783 1083/1043/785 1349/1309/784
f 1083/1043/785 1085/1045/788 1353/1313/786
f 1087/1047/787 1357/1317/790 1353/1313/786
f 1087/1047/787 1091/1051/1636 1363/1323/789
f 1093/1053/791 1368/1328/795 1362/1322/792
f 1093/1053/791 1095/1055/796 1372/1332/794
f 1095/1055/796 1097/1057/799 1376/1336/797
f 1099/1059/798 1380/1340/801 1376/1336/797
f 1101/1061/800 1384/1344/803 1380/1340/801
f 1103/1063/802 1388/1348/805 1384/1344/803
f 1105/1065/804 1392/1352/807 1388/1348/805
f 1107/1067/806 1396/1356/809 1392/1352/807
f 1109/1069/808 1400/1360/814 1396/1356/809
s 21
f 1303/1263/810 1297/1257/1327 1299/1259/811
s 2
f 1109/1069/808 1066/1026/818 1312/1272/813
s 23
f 770/730/817 774/734/1637 778/738/1638
f 778/738/1638 782/742/1639 786/746/1640
f 786/746/1640 790/750/1641 794/754/1642
f 794/754/1642 798/758/1643 802/762/815
f 802/762/815 806/766/1644 818/778/1645
f 806/766/1644 810/770/1646 818/778/1645
f 810/770/1646 814/774/1647 818/778/1645
f 818/778/1645 822/782/1648 835/795/816
f 822/782/1648 827/787/1649 835/795/816
f 827/787/1649 831/791/1650 835/795/816
f 835/795/816 839/799/1651 851/811/1652
f 839/799/1651 843/803/1653 851/811/1652
f 843/803/1653 847/807/1654 851/811/1652
f 851/811/1652 855/815/1655 770/730/817
f 855/815/1655 859/819/1656 770/730/817
f 859/819/1656 863/823/1657 770/730/817
f 770/730/817 778/738/1638 786/746/1640
f 786/746/1640 794/754/1642 770/730/817
f 794/754/1642 802/762/815 770/730/817
f 802/762/815 818/778/1645 835/795/816
f 835/795/816 851/811/1652 770/730/817
s 2
f 1066/1026/818 1061/1021/1230 1305/1265/819
s 25
f 1254/1214/820 1256/1216/1658 862/822/821
s 2
f 1069/1029/772 1321/1281/771 1319/1279/823
s 26
f 871/831/825 1663/1623/873 1660/1620/826
s 27
f 1652/1612/828 1646/1606/1570 1647/1607/829
s 26
f 958/918/831 1750/1710/929 1746/1706/832
f 954/914/833 1746/1706/832 1742/1702/834
f 946/906/836 950/910/835 1742/1702/834
f 946/906/836 1738/1698/837 1734/1694/838
f 942/902/839 1734/1694/838 1730/1690/840
f 938/898/841 1730/1690/840 1726/1686/842
f 930/890/844 934/894/843 1726/1686/842
f 926/886/846 930/890/844 1722/1682/845
f 926/886/846 1718/1678/847 1713/1673/848
f 921/881/850 1714/1674/1659 1708/1668/851
f 915/875/852 1708/1668/851 1703/1663/853
f 911/871/854 1703/1663/853 1699/1659/855
f 907/867/856 1699/1659/855 1695/1655/857
f 903/863/858 1695/1655/857 1691/1651/859
f 899/859/860 1691/1651/859 1687/1647/861
f 891/851/863 895/855/862 1687/1647/861
f 887/847/865 891/851/863 1683/1643/864
f 887/847/865 1679/1639/866 1675/1635/867
f 883/843/868 1675/1635/867 1671/1631/869
f 879/839/870 1671/1631/869 1667/1627/871
f 871/831/825 875/835/872 1667/1627/871
s 30
f 999/959/874 1003/963/1660 923/883/875
f 867/827/877 969/929/980 963/923/878
s 32
f 968/928/880 1060/1020/900 872/832/881
f 1044/1004/883 1040/1000/912 892/852/884
f 925/885/886 1005/965/986 1001/961/887
s 30
f 874/834/889 1054/1014/1661 1058/1018/890
f 910/870/892 1018/978/918 1022/982/893
f 979/939/895 983/943/1662 943/903/896
s 32
f 965/925/898 968/928/880 866/826/882
f 1060/1020/900 1056/1016/1663 876/836/901
f 908/868/902 1024/984/979 1020/980/903
f 985/945/905 981/941/1664 949/909/906
s 30
f 1034/994/908 1038/998/1665 890/850/909
f 931/891/911 995/955/927 999/959/874
s 32
f 1040/1000/912 1036/996/1003 896/856/913
f 1001/961/887 997/957/1666 933/893/914
s 30
f 1050/1010/915 1054/1014/1661 874/834/889
f 913/873/917 1013/973/1001 1018/978/918
f 951/911/919 975/935/1000 979/939/895
s 32
f 876/836/901 1056/1016/1663 1052/1012/920
f 1020/980/903 1016/976/1667 916/876/922
f 949/909/906 981/941/1664 977/937/923
s 30
f 898/858/925 1030/990/1668 1034/994/908
f 935/895/926 991/951/1669 995/955/927
s 26
f 962/922/928 1654/1614/1512 1750/1710/929
s 49
f 964/924/930 970/930/1670 967/927/931
f 972/932/933 964/924/930 966/926/932
f 976/936/935 972/932/933 974/934/934
f 980/940/937 976/936/935 978/938/936
f 984/944/939 980/940/937 982/942/938
f 988/948/941 984/944/939 986/946/940
f 992/952/943 988/948/941 990/950/942
f 998/958/945 996/956/1671 992/952/943
f 1000/960/946 996/956/1671 998/958/945
f 1006/966/948 1004/964/1672 1000/960/946
f 1008/968/949 1004/964/1672 1006/966/948
f 1015/975/951 1014/974/955 1009/969/952
f 1019/979/954 1017/977/1673 1014/974/955
f 1021/981/956 1017/977/1673 1019/979/954
f 1025/985/958 1021/981/956 1023/983/957
f 1029/989/960 1025/985/958 1027/987/959
f 1033/993/962 1029/989/960 1031/991/961
f 1037/997/964 1033/993/962 1035/995/963
f 1041/1001/966 1037/997/964 1039/999/965
f 1047/1007/968 1045/1005/1674 1041/1001/966
f 1049/1009/969 1045/1005/1674 1047/1007/968
f 1053/1013/971 1049/1009/969 1051/1011/970
f 1059/1019/973 1057/1017/974 1053/1013/971
f 967/927/931 970/930/1670 1057/1017/974
s 30
f 890/850/909 1038/998/1665 1042/1002/975
s 32
f 941/901/977 989/949/994 985/945/905
f 904/864/978 1028/988/1675 1024/984/979
s 30
f 870/830/891 1058/1018/890 969/929/980
f 943/903/896 983/943/1662 987/947/981
f 1022/982/893 1026/986/997 902/862/983
s 32
f 957/917/984 973/933/998 965/925/898
f 920/880/985 1010/970/999 1005/965/986
f 1048/1008/987 1044/1004/883 888/848/885
s 30
f 963/923/878 971/931/1676 955/915/989
f 923/883/875 1003/963/1660 1007/967/990
f 1042/1002/975 1046/1006/1677 882/842/992
s 32
f 937/897/993 993/953/1002 989/949/994
f 1032/992/995 1028/988/1675 904/864/978
s 30
f 987/947/981 991/951/1669 935/895/926
f 1026/986/997 1030/990/1668 898/858/925
s 32
f 953/913/924 977/937/923 973/933/998
f 916/876/922 1016/976/1667 1010/970/999
f 880/840/921 1052/1012/920 1048/1008/987
s 30
f 955/915/989 971/931/1676 975/935/1000
f 917/877/991 1007/967/990 1013/973/1001
f 882/842/992 1046/1006/1677 1050/1010/915
s 32
f 933/893/914 997/957/1666 993/953/1002
f 1036/996/1003 1032/992/995 900/860/996
s 68
f 1145/1105/1004 1143/1103/1678 833/793/1005
s 69
f 1182/1142/1007 1183/1143/1679 1089/1049/1008
s 68
f 1131/1091/1010 1129/1089/1680 804/764/1011
s 69
f 1089/1049/1008 1183/1143/1679 1186/1146/1013
s 68
f 1117/1077/1015 1115/1075/1031 776/736/1016
f 861/821/1018 1157/1117/1104 1155/1115/1019
f 833/793/1005 1143/1103/1678 1141/1101/1021
s 69
f 1092/1052/1014 1186/1146/1013 1188/1148/1023
f 1206/1166/1025 1205/1165/1681 1062/1022/1026
s 68
f 804/764/1011 1129/1089/1680 1127/1087/1028
s 69
f 1188/1148/1023 1190/1150/1038 1096/1056/1030
s 68
f 1115/1075/1031 1113/1073/1045 772/732/1032
f 1155/1115/1019 1153/1113/1682 853/813/1033
s 69
f 1068/1028/1034 1162/1122/1683 1164/1124/1035
s 68
f 1141/1101/1021 1139/1099/1051 825/785/1037
s 69
f 1190/1150/1038 1192/1152/1043 1098/1058/1039
f 1164/1124/1035 1166/1126/1684 1072/1032/1040
s 68
f 800/760/1029 1127/1087/1028 1125/1085/1041
s 69
f 1192/1152/1043 1194/1154/1053 1100/1060/1044
s 68
f 1113/1073/1045 1110/1070/1685 767/727/1046
f 853/813/1033 1153/1113/1682 1151/1111/1047
s 69
f 1072/1032/1040 1166/1126/1684 1168/1128/1049
s 68
f 1139/1099/1051 1136/1096/1134 819/779/1052
s 69
f 1194/1154/1053 1196/1156/1137 1102/1062/1054
s 86
f 1114/1074/1055 1161/1121/1102 1159/1119/1056
f 1112/1072/1057 1159/1119/1056 1204/1164/1058
f 1158/1118/1060 1207/1167/1103 1203/1163/1061
f 1156/1116/1062 1203/1163/1061 1201/1161/1063
f 1154/1114/1064 1201/1161/1063 1199/1159/1065
f 1152/1112/1066 1199/1159/1065 1197/1157/1067
f 1150/1110/1068 1197/1157/1067 1195/1155/1069
f 1148/1108/1070 1195/1155/1069 1193/1153/1071
f 1146/1106/1072 1193/1153/1071 1191/1151/1073
f 1142/1102/1075 1144/1104/1074 1191/1151/1073
f 1142/1102/1075 1189/1149/1076 1187/1147/1077
f 1140/1100/1078 1187/1147/1077 1185/1145/1079
f 1138/1098/1081 1184/1144/1686 1181/1141/1082
f 1132/1092/1084 1135/1095/1083 1181/1141/1082
f 1130/1090/1086 1132/1092/1084 1179/1139/1085
f 1128/1088/1088 1130/1090/1086 1177/1137/1087
f 1128/1088/1088 1175/1135/1089 1173/1133/1090
f 1126/1086/1091 1173/1133/1090 1171/1131/1092
f 1124/1084/1093 1171/1131/1092 1169/1129/1094
f 1120/1080/1096 1122/1082/1095 1169/1129/1094
f 1120/1080/1096 1167/1127/1097 1165/1125/1098
f 1116/1076/1100 1118/1078/1099 1165/1125/1098
f 1114/1074/1055 1116/1076/1100 1163/1123/1101
f 1111/1071/1059 1204/1164/1058 1207/1167/1103
s 68
f 767/727/1046 1110/1070/1685 1157/1117/1104
f 1119/1079/1105 1117/1077/1015 780/740/1017
s 69
f 1086/1046/1107 1180/1140/1113 1182/1142/1007
s 68
f 1133/1093/1108 1131/1091/1010 808/768/1012
s 69
f 1160/1120/1110 1162/1122/1683 1068/1028/1034
f 1084/1044/1112 1178/1138/1119 1180/1140/1113
s 68
f 1147/1107/1114 1145/1105/1004 837/797/1006
s 69
f 1062/1022/1026 1205/1165/1681 1160/1120/1110
s 68
f 1121/1081/1116 1119/1079/1105 784/744/1106
s 69
f 1082/1042/1118 1176/1136/1124 1178/1138/1119
f 1108/1068/1120 1202/1162/1127 1206/1166/1025
s 68
f 1134/1094/1121 1133/1093/1108 812/772/1109
s 69
f 1080/1040/1123 1174/1134/1687 1176/1136/1124
s 68
f 845/805/1125 1149/1109/1688 1147/1107/1114
s 69
f 1106/1066/1126 1200/1160/1689 1202/1162/1127
s 68
f 1123/1083/1128 1121/1081/1116 788/748/1117
s 69
f 1172/1132/1130 1174/1134/1687 1080/1040/1123
f 1198/1158/1132 1200/1160/1689 1106/1066/1126
s 68
f 1136/1096/1134 1134/1094/1121 815/775/1122
s 69
f 1170/1130/1135 1172/1132/1130 1078/1038/1131
s 68
f 1151/1111/1047 1149/1109/1688 845/805/1125
s 69
f 1196/1156/1137 1198/1158/1132 1104/1064/1133
s 68
f 1125/1085/1041 1123/1083/1128 792/752/1129
s 69
f 1074/1034/1050 1168/1128/1049 1170/1130/1135
s 97
f 1211/1171/1139 1208/1168/1690 1255/1215/1691
f 1255/1215/1691 1253/1213/1692 1211/1171/1139
f 1253/1213/1692 1251/1211/1693 1211/1171/1139
f 1251/1211/1693 1249/1209/1694 1243/1203/1140
f 1249/1209/1694 1247/1207/1695 1243/1203/1140
f 1247/1207/1695 1245/1205/1696 1243/1203/1140
f 1243/1203/1140 1241/1201/1697 1234/1194/1698
f 1241/1201/1697 1239/1199/1699 1234/1194/1698
f 1239/1199/1699 1237/1197/1700 1234/1194/1698
f 1234/1194/1698 1232/1192/1701 1231/1191/1702
f 1231/1191/1702 1229/1189/1703 1227/1187/1704
f 1227/1187/1704 1225/1185/1705 1223/1183/1706
f 1223/1183/1706 1221/1181/1707 1227/1187/1704
f 1221/1181/1707 1219/1179/1138 1227/1187/1704
f 1219/1179/1138 1217/1177/1708 1215/1175/1709
f 1215/1175/1709 1213/1173/1710 1211/1171/1139
f 1234/1194/1698 1231/1191/1702 1243/1203/1140
f 1231/1191/1702 1227/1187/1704 1243/1203/1140
f 1219/1179/1138 1215/1175/1709 1211/1171/1139
f 1211/1171/1139 1251/1211/1693 1243/1203/1140
f 1227/1187/1704 1219/1179/1138 1243/1203/1140
s 25
f 1230/1190/1141 1233/1193/1711 816/776/1142
f 768/728/1144 1209/1169/1159 1210/1170/1145
f 1240/1200/1147 1242/1202/1164 834/794/1148
f 1216/1176/1150 1218/1178/1166 787/747/1151
f 1248/1208/1153 1250/1210/1168 850/810/1154
f 1224/1184/1156 1226/1186/1170 803/763/1157
f 862/822/821 1256/1216/1658 1209/1169/1159
f 816/776/1142 1233/1193/1711 1236/1196/1160
f 771/731/1146 1210/1170/1145 1212/1172/1162
f 1242/1202/1164 1244/1204/1176 838/798/1165
f 1218/1178/1166 1220/1180/1178 791/751/1167
f 1250/1210/1168 1252/1212/1180 854/814/1169
f 1226/1186/1170 1228/1188/1712 807/767/1171
f 1235/1195/1172 1238/1198/1713 826/786/1173
f 1212/1172/1162 1214/1174/1714 779/739/1175
f 1244/1204/1176 1246/1206/1181 842/802/1177
f 1220/1180/1178 1222/1182/1182 795/755/1179
f 1252/1212/1180 1254/1214/820 858/818/822
f 807/767/1171 1228/1188/1712 1230/1190/1141
f 826/786/1173 1238/1198/1713 1240/1200/1147
f 779/739/1175 1214/1174/1714 1216/1176/1150
f 1246/1206/1181 1248/1208/1153 846/806/1155
f 1222/1182/1182 1224/1184/1156 799/759/1158
s 1
f 1317/1277/1183 873/833/1229 869/829/1184
f 1308/1268/1186 868/828/1286 960/920/1187
s 2
f 1063/1023/1188 1067/1027/824 1319/1279/823
s 1
f 1402/1362/769 956/916/768 952/912/1190
f 1398/1358/1191 952/912/1190 948/908/1192
f 1390/1350/1194 1394/1354/1193 948/908/1192
f 1390/1350/1194 944/904/1195 940/900/1196
f 1382/1342/1198 1386/1346/1197 940/900/1196
f 1378/1338/1200 1382/1342/1198 936/896/1199
f 1374/1334/1202 1378/1338/1200 932/892/1201
f 1374/1334/1202 928/888/1203 924/884/1204
f 1370/1330/1205 924/884/1204 919/879/1206
f 1360/1320/1208 1365/1325/1715 918/878/1209
f 1360/1320/1208 914/874/1210 909/869/1211
f 1351/1311/1213 1355/1315/1212 909/869/1211
f 1347/1307/1215 1351/1311/1213 905/865/1214
f 1343/1303/1217 1347/1307/1215 901/861/1216
f 1343/1303/1217 897/857/1218 893/853/1219
f 1335/1295/1221 1339/1299/1220 893/853/1219
f 1335/1295/1221 889/849/1222 885/845/1223
f 1327/1287/1225 1331/1291/1224 885/845/1223
f 1323/1283/1227 1327/1287/1225 881/841/1226
f 1323/1283/1227 877/837/1228 873/833/1229
s 2
f 1063/1023/1188 1313/1273/1189 1305/1265/819
s 116
f 1381/1341/1231 1265/1225/1348 1269/1229/1232
s 117
f 1442/1402/1234 1446/1406/1716 1326/1286/1235
f 1403/1363/1237 1407/1367/1343 1361/1321/1238
f 1285/1245/1240 1291/1251/1341 1399/1359/1241
s 116
f 1328/1288/1243 1448/1408/1340 1444/1404/1244
f 1364/1324/1246 1410/1370/1338 1405/1365/1247
s 117
f 1422/1382/1249 1426/1386/1717 1346/1306/1250
f 1275/1235/1252 1271/1231/1718 1383/1343/1253
s 116
f 1289/1249/1255 1287/1247/1719 1309/1269/1256
f 1348/1308/1258 1428/1388/1720 1424/1384/1259
f 1269/1229/1232 1273/1233/1279 1389/1349/1261
s 117
f 1438/1398/1262 1442/1402/1234 1330/1290/1236
f 1371/1331/1264 1259/1219/1721 1403/1363/1237
s 116
f 1444/1404/1244 1440/1400/1359 1336/1296/1265
f 1369/1329/1248 1405/1365/1247 1257/1217/1266
s 117
f 1304/1264/1268 1296/1256/1285 1306/1266/1269
f 1418/1378/1271 1422/1382/1249 1350/1310/1251
f 1391/1351/1273 1279/1239/1722 1275/1235/1252
s 116
f 1293/1253/1274 1302/1262/1353 1316/1276/1275
f 1352/1312/1260 1424/1384/1259 1420/1380/1277
f 1273/1233/1279 1277/1237/1723 1393/1353/1280
s 117
f 1434/1394/1281 1438/1398/1262 1334/1294/1263
f 1263/1223/1283 1259/1219/1721 1371/1331/1264
f 1296/1256/1285 1285/1245/1240 1311/1271/1242
s 1
f 1315/1275/1185 869/829/1184 868/828/1286
s 21
f 1294/1254/1287 1295/1255/1328 1303/1263/810
f 1290/1250/1288 1292/1252/1292 1286/1246/1289
f 1282/1242/1291 1284/1244/1724 1292/1252/1292
f 1280/1240/1293 1284/1244/1724 1282/1242/1291
f 1276/1236/1295 1280/1240/1293 1278/1238/1294
f 1270/1230/1297 1272/1232/1299 1276/1236/1295
f 1266/1226/1298 1268/1228/1301 1272/1232/1299
f 1262/1222/1300 1264/1224/1725 1268/1228/1301
f 1260/1220/1302 1264/1224/1725 1262/1222/1300
f 1404/1364/1304 1260/1220/1302 1258/1218/1303
f 1408/1368/1306 1404/1364/1304 1406/1366/1305
f 1416/1376/1308 1413/1373/1312 1409/1369/1309
f 1419/1379/1311 1417/1377/1726 1413/1373/1312
f 1421/1381/1313 1417/1377/1726 1419/1379/1311
f 1427/1387/1315 1425/1385/1317 1421/1381/1313
f 1431/1391/1316 1429/1389/1727 1425/1385/1317
f 1433/1393/1318 1429/1389/1727 1431/1391/1316
f 1437/1397/1320 1433/1393/1318 1435/1395/1319
f 1441/1401/1322 1437/1397/1320 1439/1399/1321
f 1447/1407/1324 1445/1405/1728 1441/1401/1322
f 1449/1409/1325 1445/1405/1728 1447/1407/1324
f 1297/1257/1327 1449/1409/1325 1451/1411/1326
f 1288/1248/1290 1286/1246/1289 1295/1255/1328
s 116
f 1432/1392/1329 1428/1388/1720 1348/1308/1258
s 117
f 1383/1343/1253 1271/1231/1718 1267/1227/1331
f 1346/1306/1250 1426/1386/1717 1430/1390/1333
s 116
f 1281/1241/1335 1289/1249/1255 1401/1361/1257
f 1359/1319/1337 1415/1375/1354 1410/1370/1338
f 1324/1284/1339 1452/1412/1729 1448/1408/1340
s 117
f 1291/1251/1341 1283/1243/1357 1395/1355/1342
f 1407/1367/1343 1414/1374/1730 1358/1318/1344
f 1326/1286/1235 1446/1406/1716 1450/1410/1345
s 116
f 1377/1337/1347 1261/1221/1358 1265/1225/1348
f 1436/1396/1349 1432/1392/1329 1344/1304/1330
f 1300/1260/1351 1452/1412/1729 1324/1284/1339
f 1302/1262/1353 1300/1260/1351 1318/1278/1352
s 117
f 1267/1227/1331 1263/1223/1283 1375/1335/1284
f 1342/1302/1334 1430/1390/1333 1434/1394/1281
s 116
f 1393/1353/1280 1277/1237/1723 1281/1241/1335
f 1356/1316/1278 1420/1380/1277 1415/1375/1354
s 117
f 1322/1282/1346 1450/1410/1345 1298/1258/1355
f 1283/1243/1357 1279/1239/1722 1391/1351/1273
f 1358/1318/1344 1414/1374/1730 1418/1378/1271
s 116
f 1309/1269/1256 1287/1247/1719 1293/1253/1274
s 117
f 1298/1258/1355 1304/1264/1268 1314/1274/1270
s 116
f 1373/1333/1267 1257/1217/1266 1261/1221/1358
f 1440/1400/1359 1436/1396/1349 1340/1300/1350
s 153
f 1455/1415/1360 1459/1419/1364 1531/1491/1361
s off
f 1463/1423/1731 1536/1496/1732 1530/1490/1733
f 1469/1429/1734 1541/1501/1735 1537/1497/1736
f 1475/1435/1737 1545/1505/1738 1540/1500/1739
s 154
f 1481/1441/1371 1547/1507/1375 1544/1504/1372
f 1485/1445/1374 1549/1509/1377 1547/1507/1375
f 1489/1449/1376 1551/1511/1379 1549/1509/1377
f 1489/1449/1376 1493/1453/1380 1553/1513/1378
f 1493/1453/1380 1497/1457/1382 1555/1515/1381
f 1497/1457/1382 1501/1461/1385 1557/1517/1383
s off
f 1507/1467/1740 1561/1521/1741 1558/1518/1742
f 1513/1473/1743 1565/1525/1744 1562/1522/1745
s 160
f 1517/1477/1389 1567/1527/1393 1564/1524/1390
f 1521/1481/1392 1569/1529/1398 1567/1527/1393
s 162
f 1528/1488/1394 1604/1564/1443 1602/1562/1395
s 160
f 1521/1481/1392 1525/1485/1400 1571/1531/1397
s off
f 1453/1413/1746 1534/1494/1747 1572/1532/1748
s 164
f 1460/1420/1749 1456/1416/1750 1494/1454/1751
f 1456/1416/1750 1526/1486/1752 1498/1458/1753
f 1526/1486/1752 1522/1482/1754 1498/1458/1753
f 1522/1482/1754 1518/1478/1755 1502/1462/1756
f 1498/1458/1753 1522/1482/1754 1502/1462/1756
f 1518/1478/1755 1514/1474/1757 1508/1468/1758
f 1508/1468/1758 1502/1462/1756 1518/1478/1755
f 1498/1458/1753 1494/1454/1751 1456/1416/1750
f 1494/1454/1751 1490/1450/1759 1460/1420/1749
f 1490/1450/1759 1486/1446/1760 1460/1420/1749
f 1486/1446/1760 1482/1442/1403 1466/1426/1402
f 1460/1420/1749 1486/1446/1760 1466/1426/1402
f 1482/1442/1403 1478/1438/1761 1472/1432/1401
s 165
f 1532/1492/1404 1529/1489/1407 1461/1421/1405
f 1529/1489/1407 1535/1495/1409 1467/1427/1408
f 1535/1495/1409 1539/1499/1411 1473/1433/1410
f 1539/1499/1411 1543/1503/1762 1479/1439/1412
f 1479/1439/1412 1543/1503/1762 1546/1506/1413
f 1483/1443/1414 1546/1506/1413 1548/1508/1415
f 1487/1447/1416 1548/1508/1415 1550/1510/1417
f 1491/1451/1418 1550/1510/1417 1552/1512/1419
f 1552/1512/1419 1554/1514/1422 1499/1459/1421
f 1554/1514/1422 1556/1516/1424 1503/1463/1423
f 1556/1516/1424 1559/1519/1426 1509/1469/1425
f 1559/1519/1426 1563/1523/1763 1515/1475/1427
f 1515/1475/1427 1563/1523/1763 1566/1526/1428
f 1519/1479/1429 1566/1526/1428 1568/1528/1430
f 1523/1483/1431 1568/1528/1430 1570/1530/1432
f 1527/1487/1433 1570/1530/1432 1532/1492/1404
s 174
f 1575/1535/1435 1573/1533/1764 1589/1549/1436
f 1573/1533/1764 1577/1537/1765 1587/1547/1766
f 1589/1549/1436 1573/1533/1764 1587/1547/1766
f 1577/1537/1765 1579/1539/1767 1583/1543/1768
f 1579/1539/1767 1581/1541/1769 1583/1543/1768
f 1583/1543/1768 1585/1545/1770 1577/1537/1765
f 1585/1545/1770 1587/1547/1766 1577/1537/1765
f 1589/1549/1436 1591/1551/1771 1603/1563/1434
f 1591/1551/1771 1593/1553/1772 1601/1561/1773
f 1593/1553/1772 1595/1555/1774 1599/1559/1775
f 1595/1555/1774 1597/1557/1776 1599/1559/1775
f 1599/1559/1775 1601/1561/1773 1593/1553/1772
f 1601/1561/1773 1603/1563/1434 1591/1551/1771
s 162
f 1496/1456/1437 1590/1550/1445 1588/1548/1438
f 1574/1534/1440 1576/1536/1777 1458/1418/1441
f 1458/1418/1441 1576/1536/1777 1604/1564/1443
f 1500/1460/1444 1592/1552/1449 1590/1550/1445
f 1578/1538/1446 1574/1534/1440 1462/1422/1442
f 1504/1464/1448 1594/1554/1778 1592/1552/1449
f 1474/1434/1450 1580/1540/1454 1578/1538/1446
f 1596/1556/1451 1594/1554/1778 1504/1464/1448
f 1480/1440/1453 1582/1542/1457 1580/1540/1454
f 1516/1476/1455 1598/1558/1459 1596/1556/1451
f 1484/1444/1456 1584/1544/1461 1582/1542/1457
f 1520/1480/1458 1600/1560/1462 1598/1558/1459
f 1488/1448/1460 1586/1546/1463 1584/1544/1461
f 1524/1484/1396 1602/1562/1395 1600/1560/1462
f 1492/1452/1439 1588/1548/1438 1586/1546/1463
s 185
f 1656/1616/1464 864/824/1569 860/820/1465
f 1657/1617/1467 1661/1621/1471 773/733/1468
f 1665/1625/1470 777/737/1473 773/733/1468
f 1669/1629/1472 781/741/1475 777/737/1473
f 1673/1633/1474 785/745/1477 781/741/1475
f 1673/1633/1474 1677/1637/1479 789/749/1476
f 1681/1641/1478 793/753/1481 789/749/1476
f 1681/1641/1478 1685/1645/1483 797/757/1480
f 1689/1649/1482 801/761/1485 797/757/1480
f 1693/1653/1484 805/765/1487 801/761/1485
f 1697/1657/1486 809/769/1489 805/765/1487
f 1697/1657/1486 1701/1661/1491 813/773/1488
f 1705/1665/1490 817/777/1493 813/773/1488
f 1711/1671/1492 824/784/1779 817/777/1493
f 1716/1676/1494 828/788/1498 823/783/1495
f 1720/1680/1497 832/792/1500 828/788/1498
f 1724/1684/1499 836/796/1502 832/792/1500
f 1728/1688/1501 840/800/1504 836/796/1502
f 1732/1692/1503 844/804/1506 840/800/1504
f 1736/1696/1505 848/808/1508 844/804/1506
f 1740/1700/1507 852/812/1510 848/808/1508
f 1740/1700/1507 1744/1704/1511 856/816/1509
f 1748/1708/1466 860/820/1465 856/816/1509
s 26
f 962/922/928 865/825/827 1660/1620/826
s 207
f 1707/1667/1513 1757/1717/1780 1754/1714/1514
f 1634/1594/1516 1638/1598/1545 1668/1628/1517
s 209
f 1723/1683/1519 1773/1733/1781 1777/1737/1520
f 1686/1646/1522 1620/1580/1782 1616/1576/1523
s 207
f 1775/1735/1525 1771/1731/1783 1721/1681/1526
f 1618/1578/1528 1622/1582/1553 1684/1644/1529
s 209
f 1739/1699/1531 1789/1749/1784 1793/1753/1532
f 1752/1712/1534 1756/1716/1785 1706/1666/1535
f 1640/1600/1537 1636/1596/1786 1670/1630/1538
s 207
f 1791/1751/1540 1787/1747/1787 1737/1697/1541
f 1704/1664/1515 1754/1714/1514 1606/1566/1543
f 1638/1598/1545 1642/1602/1788 1664/1624/1546
s 209
f 1769/1729/1547 1773/1733/1781 1723/1683/1519
f 1624/1584/1549 1620/1580/1782 1686/1646/1522
s 207
f 1721/1681/1526 1771/1731/1783 1767/1727/1551
f 1622/1582/1553 1626/1586/1635 1680/1640/1554
s 209
f 1785/1745/1555 1789/1749/1784 1739/1699/1531
f 1698/1658/1557 1608/1568/1789 1752/1712/1534
f 1644/1604/1558 1640/1600/1537 1666/1626/1539
s 207
f 1737/1697/1541 1787/1747/1787 1783/1743/1560
f 1606/1566/1543 1610/1570/1631 1696/1656/1562
f 1664/1624/1546 1642/1602/1788 1645/1605/1563
s 209
f 1765/1725/1565 1769/1729/1547 1719/1679/1548
f 1628/1588/1567 1624/1584/1549 1682/1642/1550
s 185
f 1657/1617/1467 769/729/1469 864/824/1569
s 27
f 1646/1606/1570 1641/1601/1790 1643/1603/1571
f 1643/1603/1571 1641/1601/1790 1637/1597/1572
f 1637/1597/1572 1633/1593/1791 1635/1595/1574
f 1635/1595/1574 1633/1593/1791 1629/1589/1575
f 1629/1589/1575 1625/1585/1578 1627/1587/1577
f 1625/1585/1578 1621/1581/1792 1623/1583/1579
f 1623/1583/1579 1621/1581/1792 1617/1577/1580
f 1619/1579/1581 1617/1577/1580 1613/1573/1582
f 1613/1573/1582 1609/1569/1585 1611/1571/1584
f 1609/1569/1585 1605/1565/1587 1607/1567/1586
f 1605/1565/1587 1753/1713/1793 1751/1711/1588
f 1751/1711/1588 1753/1713/1793 1758/1718/1589
f 1758/1718/1589 1764/1724/1794 1761/1721/1591
f 1760/1720/1592 1763/1723/1795 1768/1728/1593
f 1768/1728/1593 1772/1732/1596 1770/1730/1595
f 1772/1732/1596 1776/1736/1796 1774/1734/1597
f 1774/1734/1597 1776/1736/1796 1780/1740/1598
f 1778/1738/1599 1780/1740/1598 1784/1744/1600
f 1784/1744/1600 1788/1748/1603 1786/1746/1602
f 1788/1748/1603 1792/1752/1797 1790/1750/1604
f 1790/1750/1604 1792/1752/1797 1796/1756/1605
f 1796/1756/1605 1800/1760/1608 1798/1758/1607
f 1800/1760/1608 1652/1612/828 1650/1610/830
s 207
f 1745/1705/1609 1795/1755/1629 1791/1751/1540
s 209
f 1670/1630/1538 1636/1596/1786 1632/1592/1610
f 1706/1666/1535 1756/1716/1785 1759/1719/1612
f 1743/1703/1533 1793/1753/1532 1797/1757/1614
s 207
f 1614/1574/1616 1618/1578/1528 1688/1648/1530
f 1729/1689/1618 1779/1739/1632 1775/1735/1525
s 209
f 1649/1609/1619 1648/1608/1798 1658/1618/1620
f 1616/1576/1523 1612/1572/1634 1694/1654/1622
f 1777/1737/1520 1781/1741/1799 1731/1691/1623
s 207
f 1630/1590/1624 1634/1594/1516 1672/1632/1518
f 1762/1722/1626 1757/1717/1780 1707/1667/1513
f 1749/1709/1628 1799/1759/1800 1795/1755/1629
s 209
f 1632/1592/1610 1628/1588/1567 1678/1638/1568
f 1759/1719/1612 1765/1725/1565 1715/1675/1566
f 1747/1707/1615 1797/1757/1614 1649/1609/1619
s 207
f 1645/1605/1563 1651/1611/1633 1653/1613/1630
f 1610/1570/1631 1614/1574/1616 1692/1652/1617
f 1733/1693/1561 1783/1743/1560 1779/1739/1632
f 1651/1611/1633 1799/1759/1800 1749/1709/1628
s 209
f 1658/1618/1620 1648/1608/1798 1644/1604/1558
f 1612/1572/1634 1608/1568/1789 1698/1658/1557
f 1731/1691/1623 1781/1741/1799 1785/1745/1555
s 207
f 1626/1586/1635 1630/1590/1624 1676/1636/1625
f 1717/1677/1552 1767/1727/1551 1762/1722/1626
g default
v -456.807137 -77.637203 150.057760
v -456.807137 -77.637203 150.057760
v -456.807137 -77.637203 150.057760
v -454.938876 -58.664975 150.057760
v -454.938876 -58.664975 150.057760
v -454.938876 -58.664975 150.057760
v -454.938848 -58.664978 112.608460
v -454.938848 -58.664978 112.608460
v -456.807109 -77.637203 112.608460
v -456.807109 -77.637203 112.608460
v -458.515595 -77.468962 150.057760
v -458.515595 -77.468962 150.057760
v -458.515595 -77.468962 150.057760
v -456.647277 -58.496737 150.057760
v -456.647277 -58.496737 150.057760
v -456.647277 -58.496737 150.057760
v -456.647249 -58.496740 112.608460
v -456.647249 -58.496740 112.608460
v -458.515566 -77.468962 112.608460
v -458.515566 -77.468962 112.608460
v -460.386226 -77.284749 150.057760
v -460.386226 -77.284749 150.057760
v -460.386226 -77.284749 150.057760
v -458.517909 -58.312527 150.057760
v -458.517909 -58.312527 150.057760
v -458.517909 -58.312527 150.057760
v -458.517880 -58.312531 112.608460
v -458.517880 -58.312531 112.608460
v -460.386198 -77.284756 112.608460
v -460.386198 -77.284756 112.608460
v -462.278755 -77.098391 150.057760
v -462.278755 -77.098391 150.057760
v -462.278755 -77.098391 150.057760
v -460.410438 -58.126163 150.057760
v -460.410438 -58.126163 150.057760
v -460.410438 -58.126163 150.057760
v -460.410438 -58.126163 112.608460
v -460.410438 -58.126163 112.608460
v -462.278755 -77.098391 112.608460
v -462.278755 -77.098391 112.608460
v -464.162057 -76.912923 150.057760
v -464.162057 -76.912923 150.057760
v -464.162057 -76.912923 150.057760
v -462.293796 -57.940701 150.057760
v -462.293796 -57.940701 150.057760
v -462.293796 -57.940701 150.057760
v -462.293796 -57.940701 112.608460
v -462.293796 -57.940701 112.608460
v -464.162057 -76.912923 112.608460
v -464.162057 -76.912923 112.608460
v -465.870515 -76.744689 150.057760
v -465.870515 -76.744689 150.057760
v -465.870515 -76.744689 150.057760
v -464.002197 -57.772463 150.057760
v -464.002197 -57.772463 150.057760
v -464.002197 -57.772463 150.057760
v -464.002197 -57.772463 112.608460
v -464.002197 -57.772463 112.608460
v -465.870515 -76.744689 112.608460
v -465.870515 -76.744689 112.608460
v -467.741090 -76.560483 150.057760
v -467.741090 -76.560483 150.057760
v -467.741090 -76.560483 150.057760
v -465.872829 -57.588254 150.057760
v -465.872829 -57.588254 150.057760
v -465.872829 -57.588254 150.057760
v -465.872829 -57.588254 112.608460
v -465.872829 -57.588254 112.608460
v -467.741090 -76.560483 112.608460
v -467.741090 -76.560483 112.608460
v -469.633647 -76.374111 150.057760
v -469.633647 -76.374111 150.057760
v -469.633647 -76.374111 150.057760
v -467.765386 -57.401886 150.057760
v -467.765386 -57.401886 150.057760
v -467.765386 -57.401886 150.057760
v -467.765358 -57.401889 112.608460
v -467.765358 -57.401889 112.608460
v -469.633619 -76.374111 112.608460
v -469.633619 -76.374111 112.608460
v -471.346112 -76.205475 150.057760
v -471.346112 -76.205475 150.057760
v -471.346112 -76.205475 150.057760
v -469.477851 -57.233249 150.057760
v -469.477851 -57.233249 150.057760
v -469.477851 -57.233249 150.057760
v -469.477851 -57.233249 112.608460
v -469.477851 -57.233249 112.608460
v -471.346112 -76.205475 112.608460
v -471.346112 -76.205475 112.608460
v -473.054569 -76.037233 150.057760
v -473.054569 -76.037233 150.057760
v -473.054569 -76.037233 150.057760
v -471.186252 -57.065012 150.057760
v -471.186252 -57.065012 150.057760
v -471.186252 -57.065012 150.057760
v -471.186252 -57.065012 112.608460
v -471.186252 -57.065012 112.608460
v -473.054569 -76.037233 112.608460
v -473.054569 -76.037233 112.608460
v -474.925201 -75.853027 150.057760
v -474.925201 -75.853027 150.057760
v -474.925201 -75.853027 150.057760
v -473.056883 -56.880802 150.057760
v -473.056883 -56.880802 150.057760
v -473.056883 -56.880802 150.057760
v -473.056883 -56.880802 112.608460
v -473.056883 -56.880802 112.608460
v -474.925201 -75.853027 112.608460
v -474.925201 -75.853027 112.608460
v -476.817730 -75.666663 150.057760
v -476.817730 -75.666663 150.057760
v -476.817730 -75.666663 150.057760
v -474.949413 -56.694434 150.057760
v -474.949413 -56.694434 150.057760
v -474.949413 -56.694434 150.057760
v -474.949413 -56.694434 112.608460
v -474.949413 -56.694434 112.608460
v -476.817730 -75.666663 112.608460
v -476.817730 -75.666663 112.608460
v -478.701060 -75.481194 150.057760
v -478.701060 -75.481194 150.057760
v -478.701060 -75.481194 150.057760
v -476.832799 -56.508972 150.057760
v -476.832799 -56.508972 150.057760
v -476.832799 -56.508972 150.057760
v -476.832799 -56.508972 112.608460
v -476.832799 -56.508972 112.608460
v -478.701060 -75.481194 112.608460
v -478.701060 -75.481194 112.608460
v -480.409546 -75.312953 150.057760
v -480.409546 -75.312953 150.057760
v -480.409546 -75.312953 150.057760
v -478.541228 -56.340731 150.057760
v -478.541228 -56.340731 150.057760
v -478.541228 -56.340731 150.057760
v -478.541172 -56.340731 112.608460
v -478.541172 -56.340731 112.608460
v -480.409489 -75.312953 112.608460
v -480.409489 -75.312953 112.608460
v -482.280121 -75.128754 150.057760
v -482.280121 -75.128754 150.057760
v -482.280121 -75.128754 150.057760
v -480.411860 -56.156525 150.057760
v -480.411860 -56.156525 150.057760
v -480.411860 -56.156525 150.057760
v -480.411803 -56.156525 112.608460
v -480.411803 -56.156525 112.608460
v -482.280064 -75.128754 112.608460
v -482.280064 -75.128754 112.608460
v -484.172650 -74.942382 150.057760
v -484.172650 -74.942382 150.057760
v -484.172650 -74.942382 150.057760
v -482.304389 -55.970157 150.057760
v -482.304389 -55.970157 150.057760
v -482.304389 -55.970157 150.057760
v -482.304389 -55.970157 112.608460
v -482.304389 -55.970157 112.608460
v -484.172650 -74.942382 112.608460
v -484.172650 -74.942382 112.608460
v -486.028043 -74.759665 150.057760
v -486.028043 -74.759665 150.057760
v -486.028043 -74.759665 150.057760
v -484.159782 -55.787443 150.057760
v -484.159782 -55.787443 150.057760
v -484.159782 -55.787443 150.057760
v -484.159782 -55.787443 112.608460
v -484.159782 -55.787443 112.608460
v -486.028043 -74.759665 112.608460
v -486.028043 -74.759665 112.608460
v -487.736529 -74.591431 150.057760
v -487.736529 -74.591431 150.057760
v -487.736529 -74.591431 150.057760
v -485.868211 -55.619205 150.057760
v -485.868211 -55.619205 150.057760
v -485.868211 -55.619205 150.057760
v -485.868211 -55.619205 112.608460
v -485.868211 -55.619205 112.608460
v -487.736529 -74.591431 112.608460
v -487.736529 -74.591431 112.608460
v -489.607104 -74.407225 150.057760
v -489.607104 -74.407225 150.057760
v -489.607104 -74.407225 150.057760
v -487.738843 -55.434996 150.057760
v -487.738843 -55.434996 150.057760
v -487.738843 -55.434996 150.057760
v -487.738843 -55.434996 112.608460
v -487.738843 -55.434996 112.608460
v -489.607104 -74.407225 112.608460
v -489.607104 -74.407225 112.608460
v -491.499633 -74.220853 150.057760
v -491.499633 -74.220853 150.057760
v -491.499633 -74.220853 150.057760
v -489.631372 -55.248631 150.057760
v -489.631372 -55.248631 150.057760
v -489.631372 -55.248631 150.057760
v -489.631372 -55.248631 112.608460
v -489.631372 -55.248631 112.608460
v -491.499633 -74.220853 112.608460
v -491.499633 -74.220853 112.608460
v -493.383020 -74.035391 150.057760
v -493.383020 -74.035391 150.057760
v -493.383020 -74.035391 150.057760
v -491.514702 -55.063166 150.057760
v -491.514702 -55.063166 150.057760
v -491.514702 -55.063166 150.057760
v -491.514702 -55.063169 112.608460
v -491.514702 -55.063169 112.608460
v -493.383020 -74.035398 112.608460
v -493.383020 -74.035398 112.608460
v -495.091393 -73.867157 150.057760
v -495.091393 -73.867157 150.057760
v -495.091393 -73.867157 150.057760
v -493.223132 -54.894928 150.057760
v -493.223132 -54.894928 150.057760
v -493.223132 -54.894928 150.057760
v -493.223132 -54.894928 112.608460
v -493.223132 -54.894928 112.608460
v -495.091393 -73.867157 112.608460
v -495.091393 -73.867157 112.608460
v -496.962024 -73.682944 150.057760
v -496.962024 -73.682944 150.057760
v -496.962024 -73.682944 150.057760
v -495.093763 -54.710719 150.057760
v -495.093763 -54.710719 150.057760
v -495.093763 -54.710719 150.057760
v -495.093763 -54.710722 112.608460
v -495.093763 -54.710722 112.608460
v -496.962024 -73.682944 112.608460
v -496.962024 -73.682944 112.608460
v -498.854553 -73.496572 150.057760
v -498.854553 -73.496572 150.057760
v -498.854553 -73.496572 150.057760
v -496.986236 -54.524351 150.057760
v -496.986236 -54.524351 150.057760
v -496.986236 -54.524351 150.057760
v -496.986236 -54.524351 112.608460
v -496.986236 -54.524351 112.608460
v -498.854553 -73.496572 112.608460
v -498.854553 -73.496572 112.608460
v -500.759499 -73.308987 150.057760
v -500.759499 -73.308987 150.057760
v -500.759499 -73.308987 150.057760
v -498.891182 -54.336765 150.057760
v -498.891182 -54.336765 150.057760
v -498.891182 -54.336765 150.057760
v -498.891182 -54.336765 112.608460
v -498.891182 -54.336765 112.608460
v -500.759499 -73.308987 112.608460
v -500.759499 -73.308987 112.608460
v -502.630074 -73.124781 150.057760
v -502.630074 -73.124781 150.057760
v -502.630074 -73.124781 150.057760
v -500.761813 -54.152556 150.057760
v -500.761813 -54.152556 150.057760
v -500.761813 -54.152556 150.057760
v -500.761813 -54.152559 112.608460
v -500.761813 -54.152559 112.608460
v -502.630074 -73.124788 112.608460
v -502.630074 -73.124788 112.608460
v -504.522604 -72.938416 150.057760
v -504.522604 -72.938416 150.057760
v -504.522604 -72.938416 150.057760
v -502.654342 -53.966188 150.057760
v -502.654342 -53.966188 150.057760
v -502.654342 -53.966188 150.057760
v -502.654342 -53.966188 112.608460
v -502.654342 -53.966188 112.608460
v -504.522604 -72.938416 112.608460
v -504.522604 -72.938416 112.608460
v -455.864823 -77.730001 150.057760
v -455.864823 -77.730001 150.057760
v -455.864823 -77.730001 150.057760
v -453.996562 -58.757772 150.057760
v -453.996562 -58.757772 150.057760
v -453.996562 -58.757772 150.057760
v -453.996562 -58.757772 112.608460
v -453.996562 -58.757772 112.608460
v -455.864823 -77.730001 112.608460
v -455.864823 -77.730001 112.608460
v -457.573281 -77.561760 150.057760
v -457.573281 -77.561760 150.057760
v -457.573281 -77.561760 150.057760
v -455.704963 -58.589531 150.057760
v -455.704963 -58.589531 150.057760
v -455.704963 -58.589531 150.057760
v -455.704963 -58.589531 112.608460
v -455.704963 -58.589531 112.608460
v -457.573281 -77.561760 112.608460
v -457.573281 -77.561760 112.608460
v -459.443856 -77.377547 150.057760
v -459.443856 -77.377547 150.057760
v -459.443856 -77.377547 150.057760
v -457.575595 -58.405325 150.057760
v -457.575595 -58.405325 150.057760
v -457.575595 -58.405325 150.057760
v -457.575595 -58.405325 112.608460
v -457.575595 -58.405325 112.608460
v -459.443856 -77.377547 112.608460
v -459.443856 -77.377547 112.608460
v -461.336385 -77.191189 150.057760
v -461.336385 -77.191189 150.057760
v -461.336385 -77.191189 150.057760
v -459.468124 -58.218957 150.057760
v -459.468124 -58.218957 150.057760
v -459.468124 -58.218957 150.057760
v -459.468124 -58.218957 112.608460
v -459.468124 -58.218957 112.608460
v -461.336385 -77.191189 112.608460
v -461.336385 -77.191189 112.608460
v -463.219771 -77.005721 150.057760
v -463.219771 -77.005721 150.057760
v -463.219771 -77.005721 150.057760
v -461.351454 -58.033492 150.057760
v -461.351454 -58.033492 150.057760
v -461.351454 -58.033492 150.057760
v -461.351454 -58.033492 112.608460
v -461.351454 -58.033492 112.608460
v -463.219771 -77.005721 112.608460
v -463.219771 -77.005721 112.608460
v -464.928172 -76.837479 150.057760
v -464.928172 -76.837479 150.057760
v -464.928172 -76.837479 150.057760
v -463.059911 -57.865254 150.057760
v -463.059911 -57.865254 150.057760
v -463.059911 -57.865254 150.057760
v -463.059911 -57.865254 112.608460
v -463.059911 -57.865254 112.608460
v -464.928172 -76.837479 112.608460
v -464.928172 -76.837479 112.608460
v -466.798804 -76.653266 150.057760
v -466.798804 -76.653266 150.057760
v -466.798804 -76.653266 150.057760
v -464.930543 -57.681045 150.057760
v -464.930543 -57.681045 150.057760
v -464.930543 -57.681045 150.057760
v -464.930543 -57.681045 112.608460
v -464.930543 -57.681045 112.608460
v -466.798804 -76.653266 112.608460
v -466.798804 -76.653266 112.608460
v -468.691333 -76.466909 150.057760
v -468.691333 -76.466909 150.057760
v -468.691333 -76.466909 150.057760
v -466.823016 -57.494680 150.057760
v -466.823016 -57.494680 150.057760
v -466.823016 -57.494680 150.057760
v -466.823016 -57.494680 112.608460
v -466.823016 -57.494680 112.608460
v -468.691333 -76.466909 112.608460
v -468.691333 -76.466909 112.608460
v -470.403826 -76.298265 150.057760
v -470.403826 -76.298265 150.057760
v -470.403826 -76.298265 150.057760
v -468.535565 -57.326040 150.057760
v -468.535565 -57.326040 150.057760
v -468.535565 -57.326040 150.057760
v -468.535565 -57.326040 112.608460
v -468.535565 -57.326040 112.608460
v -470.403826 -76.298265 112.608460
v -470.403826 -76.298265 112.608460
v -472.112283 -76.130031 150.057760
v -472.112283 -76.130031 150.057760
v -472.112283 -76.130031 150.057760
v -470.243966 -57.157803 150.057760
v -470.243966 -57.157803 150.057760
v -470.243966 -57.157803 150.057760
v -470.243966 -57.157803 112.608460
v -470.243966 -57.157803 112.608460
v -472.112283 -76.130031 112.608460
v -472.112283 -76.130031 112.608460
v -473.982858 -75.945818 150.057760
v -473.982858 -75.945818 150.057760
v -473.982858 -75.945818 150.057760
v -472.114597 -56.973593 150.057760
v -472.114597 -56.973593 150.057760
v -472.114597 -56.973593 150.057760
v -472.114597 -56.973593 112.608460
v -472.114597 -56.973593 112.608460
v -473.982858 -75.945818 112.608460
v -473.982858 -75.945818 112.608460
v -475.875388 -75.759454 150.057760
v -475.875388 -75.759454 150.057760
v -475.875388 -75.759454 150.057760
v -474.007127 -56.787228 150.057760
v -474.007127 -56.787228 150.057760
v -474.007127 -56.787228 150.057760
v -474.007127 -56.787228 112.608460
v -474.007127 -56.787228 112.608460
v -475.875388 -75.759454 112.608460
v -475.875388 -75.759454 112.608460
v -477.758774 -75.573992 150.057760
v -477.758774 -75.573992 150.057760
v -477.758774 -75.573992 150.057760
v -475.890457 -56.601763 150.057760
v -475.890457 -56.601763 150.057760
v -475.890457 -56.601763 150.057760
v -475.890457 -56.601767 112.608460
v -475.890457 -56.601767 112.608460
v -477.758774 -75.573992 112.608460
v -477.758774 -75.573992 112.608460
v -479.467147 -75.405751 150.057760
v -479.467147 -75.405751 150.057760
v -479.467147 -75.405751 150.057760
v -477.598886 -56.433526 150.057760
v -477.598886 -56.433526 150.057760
v -477.598886 -56.433526 150.057760
v -477.598886 -56.433526 112.608460
v -477.598886 -56.433526 112.608460
v -479.467147 -75.405751 112.608460
v -479.467147 -75.405751 112.608460
v -481.337778 -75.221538 150.057760
v -481.337778 -75.221538 150.057760
v -481.337778 -75.221538 150.057760
v -479.469517 -56.249316 150.057760
v -479.469517 -56.249316 150.057760
v -479.469517 -56.249316 150.057760
v -479.469517 -56.249316 112.608460
v -479.469517 -56.249316 112.608460
v -481.337778 -75.221538 112.608460
v -481.337778 -75.221538 112.608460
v -483.230308 -75.035180 150.057760
v -483.230308 -75.035180 150.057760
v -483.230308 -75.035180 150.057760
v -481.361990 -56.062951 150.057760
v -481.361990 -56.062951 150.057760
v -481.361990 -56.062951 150.057760
v -481.361990 -56.062951 112.608460
v -481.361990 -56.062951 112.608460
v -483.230308 -75.035180 112.608460
v -483.230308 -75.035180 112.608460
v -485.085758 -74.852463 150.057760
v -485.085758 -74.852463 150.057760
v -485.085758 -74.852463 150.057760
v -483.217440 -55.880237 150.057760
v -483.217440 -55.880237 150.057760
v -483.217440 -55.880237 150.057760
v -483.217440 -55.880237 112.608460
v -483.217440 -55.880237 112.608460
v -485.085758 -74.852463 112.608460
v -485.085758 -74.852463 112.608460
v -486.794187 -74.684221 150.057760
v -486.794187 -74.684221 150.057760
v -486.794187 -74.684221 150.057760
v -484.925926 -55.712000 150.057760
v -484.925926 -55.712000 150.057760
v -484.925926 -55.712000 150.057760
v -484.925926 -55.712000 112.608460
v -484.925926 -55.712000 112.608460
v -486.794187 -74.684221 112.608460
v -486.794187 -74.684221 112.608460
v -488.664818 -74.500015 150.057760
v -488.664818 -74.500015 150.057760
v -488.664818 -74.500015 150.057760
v -486.796557 -55.527790 150.057760
v -486.796557 -55.527790 150.057760
v -486.796557 -55.527790 150.057760
v -486.796557 -55.527790 112.608460
v -486.796557 -55.527790 112.608460
v -488.664818 -74.500015 112.608460
v -488.664818 -74.500015 112.608460
v -490.557348 -74.313651 150.057760
v -490.557348 -74.313651 150.057760
v -490.557348 -74.313651 150.057760
v -488.689030 -55.341422 150.057760
v -488.689030 -55.341422 150.057760
v -488.689030 -55.341422 150.057760
v -488.689030 -55.341426 112.608460
v -488.689030 -55.341426 112.608460
v -490.557348 -74.313651 112.608460
v -490.557348 -74.313651 112.608460
v -492.440734 -74.128182 150.057760
v -492.440734 -74.128182 150.057760
v -492.440734 -74.128182 150.057760
v -490.572417 -55.155960 150.057760
v -490.572417 -55.155960 150.057760
v -490.572417 -55.155960 150.057760
v -490.572360 -55.155960 112.608460
v -490.572360 -55.155960 112.608460
v -492.440678 -74.128182 112.608460
v -492.440678 -74.128182 112.608460
v -494.149107 -73.959948 150.057760
v -494.149107 -73.959948 150.057760
v -494.149107 -73.959948 150.057760
v -492.280846 -54.987723 150.057760
v -492.280846 -54.987723 150.057760
v -492.280846 -54.987723 150.057760
v -492.280846 -54.987723 112.608460
v -492.280846 -54.987723 112.608460
v -494.149107 -73.959948 112.608460
v -494.149107 -73.959948 112.608460
v -496.019738 -73.775742 150.057760
v -496.019738 -73.775742 150.057760
v -496.019738 -73.775742 150.057760
v -494.151421 -54.803513 150.057760
v -494.151421 -54.803513 150.057760
v -494.151421 -54.803513 150.057760
v -494.151421 -54.803513 112.608460
v -494.151421 -54.803513 112.608460
v -496.019738 -73.775742 112.608460
v -496.019738 -73.775742 112.608460
v -497.912268 -73.589370 150.057760
v -497.912268 -73.589370 150.057760
v -497.912268 -73.589370 150.057760
v -496.043950 -54.617148 150.057760
v -496.043950 -54.617148 150.057760
v -496.043950 -54.617148 150.057760
v -496.043950 -54.617148 112.608460
v -496.043950 -54.617148 112.608460
v -497.912268 -73.589370 112.608460
v -497.912268 -73.589370 112.608460
v -499.817157 -73.401785 150.057760
v -499.817157 -73.401785 150.057760
v -499.817157 -73.401785 150.057760
v -497.948896 -54.429560 150.057760
v -497.948896 -54.429560 150.057760
v -497.948896 -54.429560 150.057760
v -497.948896 -54.429560 112.608460
v -497.948896 -54.429560 112.608460
v -499.817157 -73.401785 112.608460
v -499.817157 -73.401785 112.608460
v -501.687788 -73.217572 150.057760
v -501.687788 -73.217572 150.057760
v -501.687788 -73.217572 150.057760
v -499.819471 -54.245350 150.057760
v -499.819471 -54.245350 150.057760
v -499.819471 -54.245350 150.057760
v -499.819471 -54.245350 112.608460
v -499.819471 -54.245350 112.608460
v -501.687788 -73.217572 112.608460
v -501.687788 -73.217572 112.608460
v -503.580318 -73.031214 150.057760
v -503.580318 -73.031214 150.057760
v -503.580318 -73.031214 150.057760
v -501.712000 -54.058985 150.057760
v -501.712000 -54.058985 150.057760
v -501.712000 -54.058985 150.057760
v -501.712000 -54.058985 112.608460
v -501.712000 -54.058985 112.608460
v -503.580318 -73.031214 112.608460
v -503.580318 -73.031214 112.608460
vt 0.552452 0.056745
vt 0.411729 0.208862
vt 0.631114 0.378210
vt 0.552452 0.076040
vt 0.631114 0.397505
vt 0.669100 0.311643
vt 0.590355 0.076039
vt 0.669100 0.273740
vt 0.590355 0.056745
vt 0.373826 0.208862
vt 0.956418 0.675040
vt 0.476478 0.213814
vt 0.713637 0.303665
vt 0.975713 0.675040
vt 0.694342 0.303665
vt 0.995008 0.301665
vt 0.975713 0.637137
vt 0.995008 0.263762
vt 0.956418 0.637137
vt 0.476478 0.175911
vt 0.631254 0.076036
vt 0.264573 0.281697
vt 0.586336 0.276749
vt 0.631254 0.056741
vt 0.605631 0.276749
vt 0.133134 0.281702
vt 0.593351 0.056741
vt 0.095231 0.281702
vt 0.593351 0.076036
vt 0.264573 0.243794
vt 0.634247 0.078040
vt 0.085741 0.277708
vt 0.878217 0.475370
vt 0.653542 0.078040
vt 0.878217 0.456075
vt 0.423871 0.205825
vt 0.653542 0.040137
vt 0.385968 0.205825
vt 0.634247 0.040137
vt 0.123644 0.277708
vt 0.511555 0.056741
vt 0.259864 0.273708
vt 0.137521 0.289689
vt 0.511555 0.076036
vt 0.118226 0.289689
vt 0.115529 0.273711
vt 0.549459 0.076036
vt 0.077626 0.273711
vt 0.549459 0.056741
vt 0.259864 0.235805
vt 0.286279 0.042100
vt 0.935732 0.159935
vt 0.609585 0.258414
vt 0.286279 0.022805
vt 0.609585 0.277709
vt 0.779252 0.177907
vt 0.248376 0.022805
vt 0.779252 0.215811
vt 0.248376 0.042100
vt 0.935732 0.197838
vt 0.216848 0.034113
vt 0.108386 0.268757
vt 0.578323 0.335605
vt 0.216848 0.014818
vt 0.578323 0.316310
vt 0.669181 0.269718
vt 0.178945 0.014818
vt 0.669181 0.231814
vt 0.178944 0.034113
vt 0.070483 0.268757
vt 0.422297 0.008827
vt 0.488396 0.856737
vt 0.612573 0.277708
vt 0.422297 0.028122
vt 0.612573 0.258413
vt 0.471351 0.211816
vt 0.460200 0.028122
vt 0.471351 0.173913
vt 0.460200 0.008827
vt 0.488396 0.818834
vt 0.694438 0.060062
vt 0.926083 0.262772
vt 0.956896 0.329617
vt 0.694438 0.040767
vt 0.937601 0.329617
vt 0.925738 0.267721
vt 0.656535 0.040767
vt 0.887835 0.267721
vt 0.656535 0.060062
vt 0.888180 0.262772
vt 0.867966 0.066724
vt 0.990392 0.219798
vt 0.037083 0.323622
vt 0.867966 0.086019
vt 0.037083 0.304327
vt 0.973910 0.261727
vt 0.905869 0.086019
vt 0.973910 0.223824
vt 0.905869 0.066724
vt 0.990392 0.181895
vt 0.419302 0.034113
vt 0.101328 0.175876
vt 0.877384 0.405487
vt 0.419302 0.014818
vt 0.877384 0.386192
vt 0.538584 0.119972
vt 0.381399 0.014818
vt 0.500681 0.119972
vt 0.381399 0.034113
vt 0.101328 0.137972
vt 0.704354 0.042767
vt 0.072554 0.135975
vt 0.858859 0.545260
vt 0.704354 0.062062
vt 0.858859 0.525965
vt 0.978813 0.223823
vt 0.742257 0.062062
vt 0.978813 0.261726
vt 0.742257 0.042767
vt 0.072554 0.173878
vt 0.536659 0.052078
vt 0.982770 0.261730
vt 0.001501 0.317635
vt 0.536659 0.032783
vt 0.001501 0.298340
vt 0.104322 0.173881
vt 0.498756 0.032783
vt 0.104322 0.135978
vt 0.498756 0.052078
vt 0.982770 0.223827
vt 0.908815 0.042769
vt 0.472577 0.169888
vt 0.161100 0.277706
vt 0.908815 0.062064
vt 0.161100 0.258411
vt 0.986724 0.223823
vt 0.946718 0.062064
vt 0.986724 0.261726
vt 0.946718 0.042769
vt 0.472577 0.131985
vt 0.577551 0.052081
vt 0.935737 0.118008
vt 0.106283 0.284736
vt 0.577551 0.032786
vt 0.125577 0.284736
vt 0.552695 0.325620
vt 0.539648 0.032786
vt 0.552695 0.287717
vt 0.539648 0.052081
vt 0.935737 0.155911
vt 0.735337 0.038107
vt 0.617148 0.151915
vt 0.192878 0.284730
vt 0.735337 0.018812
vt 0.212173 0.284730
vt 0.288179 0.337605
vt 0.697434 0.018812
vt 0.288179 0.299702
vt 0.697434 0.038107
vt 0.617148 0.114012
vt 0.277320 0.088019
vt 0.990680 0.261730
vt 0.622811 0.311647
vt 0.296615 0.088019
vt 0.603516 0.311647
vt 0.609324 0.147922
vt 0.296615 0.050116
vt 0.609324 0.110019
vt 0.277320 0.050116
vt 0.990680 0.223826
vt 0.738335 0.018813
vt 0.472665 0.127958
vt 0.006413 0.298337
vt 0.738335 0.038108
vt 0.006413 0.317632
vt 0.666584 0.110020
vt 0.776238 0.038108
vt 0.666584 0.147923
vt 0.776238 0.018813
vt 0.472665 0.090055
vt 0.783150 0.062063
vt 0.501762 0.127953
vt 0.214497 0.281697
vt 0.783150 0.042768
vt 0.195202 0.281697
vt 0.888516 0.258774
vt 0.745247 0.042768
vt 0.926419 0.258774
vt 0.745247 0.062063
vt 0.539665 0.127953
vt 0.495766 0.052079
vt 0.234634 0.252786
vt 0.620557 0.315642
vt 0.495766 0.032785
vt 0.601262 0.315642
vt 0.993677 0.259731
vt 0.457863 0.032784
vt 0.993677 0.221828
vt 0.457863 0.052079
vt 0.196731 0.252786
vt 0.541983 0.028124
vt 0.994338 0.217802
vt 0.674012 0.292350
vt 0.541983 0.008829
vt 0.674012 0.311645
vt 0.195147 0.248787
vt 0.504080 0.008829
vt 0.233050 0.248787
vt 0.504080 0.028124
vt 0.994338 0.179899
vt 0.817138 0.038106
vt 0.193114 0.245759
vt 0.935816 0.278372
vt 0.817138 0.018811
vt 0.935816 0.297667
vt 0.995375 0.125961
vt 0.779235 0.018811
vt 0.995375 0.088058
vt 0.779235 0.038107
vt 0.231017 0.245759
vt 0.391863 0.092013
vt 0.244144 0.240802
vt 0.626741 0.291676
vt 0.411158 0.092013
vt 0.626741 0.272381
vt 0.539227 0.123956
vt 0.411158 0.054110
vt 0.501324 0.123956
vt 0.391863 0.054110
vt 0.206241 0.240802
vt 0.470648 0.056746
vt 0.998298 0.217801
vt 0.352140 0.456079
vt 0.470648 0.076041
vt 0.352140 0.475374
vt 0.973617 0.219799
vt 0.508551 0.076041
vt 0.973617 0.181896
vt 0.508551 0.056746
vt 0.998298 0.179898
vt 0.544973 0.008829
vt 0.977572 0.181894
vt 0.170033 0.970547
vt 0.544973 0.028124
vt 0.150738 0.970547
vt 0.808991 0.177907
vt 0.582877 0.028124
vt 0.808991 0.215810
vt 0.582877 0.008829
vt 0.977572 0.219797
vt 0.820139 0.018811
vt 0.502878 0.215804
vt 0.166014 0.258413
vt 0.820139 0.038106
vt 0.166014 0.277708
vt 0.981520 0.219796
vt 0.858042 0.038106
vt 0.981520 0.181892
vt 0.858042 0.018811
vt 0.502878 0.177901
vt 0.174895 0.030120
vt 0.449074 0.679038
vt 0.653442 0.305653
vt 0.174895 0.010826
vt 0.653442 0.286358
vt 0.985477 0.219796
vt 0.136992 0.010825
vt 0.985477 0.181893
vt 0.136992 0.030120
vt 0.486977 0.679038
vt 0.411729 0.209821
vt 0.630156 0.378210
vt 0.289270 0.030120
vt 0.630156 0.397505
vt 0.670058 0.311643
vt 0.289270 0.010825
vt 0.670058 0.273740
vt 0.327174 0.010825
vt 0.373826 0.209821
vt 0.327174 0.030120
vt 0.475520 0.213814
vt 0.713637 0.302707
vt 0.742265 0.066726
vt 0.694342 0.302707
vt 0.995967 0.301665
vt 0.742265 0.086021
vt 0.995967 0.263762
vt 0.704362 0.086021
vt 0.475520 0.175911
vt 0.704362 0.066726
vt 0.263615 0.281697
vt 0.586336 0.277708
vt 0.898944 0.018813
vt 0.605631 0.277708
vt 0.133134 0.280744
vt 0.898944 0.038108
vt 0.095231 0.280744
vt 0.861041 0.038108
vt 0.263615 0.243794
vt 0.861041 0.018813
vt 0.085741 0.276749
vt 0.879176 0.475370
vt 0.824040 0.042764
vt 0.879176 0.456075
vt 0.423871 0.204867
vt 0.824040 0.062059
vt 0.385968 0.204867
vt 0.786137 0.062059
vt 0.123644 0.276749
vt 0.786137 0.042764
vt 0.258905 0.273708
vt 0.137521 0.288730
vt 0.701359 0.064727
vt 0.118226 0.288730
vt 0.115529 0.272753
vt 0.701359 0.084022
vt 0.077626 0.272753
vt 0.663456 0.084022
vt 0.258905 0.235805
vt 0.663456 0.064727
vt 0.936691 0.159935
vt 0.608626 0.258414
vt 0.987590 0.409480
vt 0.608626 0.277709
vt 0.778293 0.177907
vt 0.968295 0.409480
vt 0.778293 0.215811
vt 0.968295 0.371577
vt 0.936691 0.197838
vt 0.987590 0.371577
vt 0.108386 0.269715
vt 0.579282 0.335605
vt 0.271224 0.084023
vt 0.579282 0.316310
vt 0.670139 0.269718
vt 0.251929 0.084023
vt 0.670139 0.231814
vt 0.251929 0.046120
vt 0.070483 0.269715
vt 0.271224 0.046120
vt 0.487437 0.856737
vt 0.613531 0.277708
vt 0.378407 0.034778
vt 0.613531 0.258413
vt 0.472309 0.211816
vt 0.378407 0.054073
vt 0.472309 0.173913
vt 0.340504 0.054073
vt 0.487437 0.818834
vt 0.340504 0.034778
vt 0.926083 0.263730
vt 0.956896 0.328659
vt 0.337521 0.058743
vt 0.937601 0.328659
vt 0.925738 0.266763
vt 0.337521 0.078038
vt 0.887835 0.266763
vt 0.299618 0.078038
vt 0.888180 0.263730
vt 0.299618 0.058743
vt 0.989433 0.219798
vt 0.038042 0.323622
vt 0.200433 0.038133
vt 0.038042 0.304327
vt 0.974868 0.261727
vt 0.219728 0.038133
vt 0.974868 0.223824
vt 0.219728 0.076036
vt 0.989433 0.181895
vt 0.200433 0.076036
vt 0.100370 0.175876
vt 0.878342 0.405487
vt 0.908867 0.086023
vt 0.878342 0.386192
vt 0.538584 0.119013
vt 0.908867 0.066728
vt 0.500681 0.119013
vt 0.946770 0.066728
vt 0.100370 0.137972
vt 0.946770 0.086023
vt 0.073512 0.135975
vt 0.859817 0.545260
vt 0.905824 0.042768
vt 0.859817 0.525965
vt 0.977855 0.223823
vt 0.905824 0.062063
vt 0.977855 0.261726
vt 0.867921 0.062063
vt 0.073512 0.173878
vt 0.867921 0.042768
vt 0.981812 0.261730
vt 0.002459 0.317635
vt 0.618443 0.032781
vt 0.002459 0.298340
vt 0.105280 0.173881
vt 0.618443 0.052076
vt 0.105280 0.135978
vt 0.580540 0.052076
vt 0.981812 0.223827
vt 0.580540 0.032781
vt 0.471618 0.169888
vt 0.162058 0.277706
vt 0.988684 0.367555
vt 0.162058 0.258411
vt 0.985766 0.223823
vt 0.969389 0.367555
vt 0.985766 0.261726
vt 0.969389 0.329652
vt 0.471618 0.131985
vt 0.988684 0.329652
vt 0.936695 0.118008
vt 0.106283 0.285694
vt 0.939848 0.018813
vt 0.125577 0.285694
vt 0.553653 0.325620
vt 0.939848 0.038108
vt 0.553653 0.287717
vt 0.901945 0.038107
vt 0.936695 0.155911
vt 0.901945 0.018812
vt 0.616190 0.151915
vt 0.192878 0.285689
vt 0.745260 0.086023
vt 0.212173 0.285689
vt 0.289137 0.337605
vt 0.745260 0.066728
vt 0.289137 0.299702
vt 0.783164 0.066728
vt 0.616190 0.114012
vt 0.783164 0.086023
vt 0.989721 0.261730
vt 0.622811 0.310689
vt 0.337514 0.034781
vt 0.603516 0.310689
vt 0.610282 0.147922
vt 0.337514 0.054076
vt 0.610282 0.110019
vt 0.299611 0.054076
vt 0.989721 0.223826
vt 0.299611 0.034781
vt 0.471706 0.127958
vt 0.005454 0.298337
vt 0.980749 0.018813
vt 0.005454 0.317632
vt 0.665625 0.110020
vt 0.980749 0.038108
vt 0.665625 0.147923
vt 0.942846 0.038108
vt 0.471706 0.090055
vt 0.942846 0.018813
vt 0.501762 0.126995
vt 0.214497 0.280739
vt 0.621436 0.036111
vt 0.195202 0.280739
vt 0.888516 0.259732
vt 0.621436 0.016816
vt 0.926419 0.259732
vt 0.659339 0.016816
vt 0.539665 0.126995
vt 0.659339 0.036111
vt 0.234634 0.253744
vt 0.620557 0.314684
vt 0.824069 0.066729
vt 0.601262 0.314684
vt 0.994635 0.259731
vt 0.824069 0.086024
vt 0.994635 0.221828
vt 0.786166 0.086024
vt 0.196731 0.253744
vt 0.786166 0.066729
vt 0.993380 0.217802
vt 0.673053 0.292350
vt 0.368066 0.010824
vt 0.673053 0.311645
vt 0.195147 0.249746
vt 0.368066 0.030119
vt 0.233050 0.249746
vt 0.330163 0.030119
vt 0.993380 0.179899
vt 0.330163 0.010824
vt 0.193114 0.244800
vt 0.934858 0.278372
vt 0.501090 0.008828
vt 0.934858 0.297667
vt 0.996333 0.125961
vt 0.501090 0.028123
vt 0.996333 0.088058
vt 0.463187 0.028123
vt 0.231017 0.244800
vt 0.463187 0.008828
vt 0.244144 0.241760
vt 0.627700 0.291676
vt 0.378419 0.058743
vt 0.627700 0.272381
vt 0.539227 0.122998
vt 0.378419 0.078038
vt 0.501324 0.122998
vt 0.340516 0.078038
vt 0.206241 0.241760
vt 0.340516 0.058743
vt 0.997340 0.217801
vt 0.351181 0.456079
vt 0.827066 0.086019
vt 0.351181 0.475374
vt 0.974576 0.219799
vt 0.827066 0.066724
vt 0.974576 0.181896
vt 0.864969 0.066724
vt 0.997340 0.179898
vt 0.864969 0.086019
vt 0.978530 0.181894
vt 0.170033 0.969589
vt 0.990430 0.080035
vt 0.150738 0.969589
vt 0.808033 0.177907
vt 0.971135 0.080035
vt 0.808033 0.215810
vt 0.971135 0.042132
vt 0.978530 0.219797
vt 0.990430 0.042132
vt 0.501920 0.215804
vt 0.165055 0.258413
vt 0.245374 0.080032
vt 0.165055 0.277708
vt 0.982479 0.219796
vt 0.226079 0.080032
vt 0.982479 0.181892
vt 0.226079 0.042129
vt 0.501920 0.177901
vt 0.245374 0.042129
vt 0.449074 0.678079
vt 0.654400 0.305653
vt 0.864934 0.042770
vt 0.654400 0.286358
vt 0.986435 0.219796
vt 0.864934 0.062065
vt 0.986435 0.181893
vt 0.827030 0.062065
vt 0.486977 0.678079
vt 0.827030 0.042770
vn -0.995186 0.098001 -0.000000
vn -0.995186 0.098001 -0.000000
vn -0.995186 0.098001 -0.000000
vn -0.995186 0.098001 -0.000000
vn -0.995186 0.098001 -0.000000
vn -0.995186 0.098001 -0.000000
vn -0.995186 0.098001 -0.000000
vn -0.995186 0.098001 -0.000000
vn -0.995186 0.098001 -0.000000
vn -0.995186 0.098001 -0.000000
vn -0.995186 0.098001 -0.000000
vn -0.995186 0.098001 -0.000000
vn -0.995186 0.098001 -0.000000
vn -0.995186 0.098001 -0.000000
vn -0.995186 0.098001 -0.000000
vn -0.995186 0.098001 -0.000000
vn -0.995186 0.098001 -0.000000
vn -0.995186 0.098001 -0.000000
vn -0.995186 0.098001 -0.000000
vn -0.995186 0.098001 -0.000000
vn -0.995186 0.098001 -0.000000
vn -0.995186 0.098001 -0.000000
vn -0.995186 0.098001 -0.000000
vn -0.995186 0.098001 -0.000000
vn -0.995186 0.098001 -0.000000
vn -0.995186 0.098001 -0.000000
vn -0.995186 0.098001 -0.000000
vn -0.995186 0.098001 -0.000000
vn -0.995186 0.098001 -0.000000
vn -0.995186 0.098001 -0.000000
vn -0.995186 0.098001 -0.000000
vn -0.995186 0.098001 -0.000000
vn -0.995186 0.098001 -0.000000
vn -0.995186 0.098001 -0.000000
vn -0.995186 0.098001 -0.000000
vn -0.995186 0.098001 -0.000000
vn -0.995186 0.098001 -0.000000
vn -0.995186 0.098001 -0.000000
vn -0.995186 0.098001 -0.000000
vn -0.995186 0.098001 -0.000000
vn -0.995186 0.098001 -0.000000
vn -0.995186 0.098001 -0.000000
vn -0.995186 0.098001 -0.000000
vn -0.995186 0.098001 -0.000000
vn -0.995186 0.098001 -0.000000
vn -0.995186 0.098001 -0.000000
vn -0.995186 0.098001 -0.000000
vn -0.995186 0.098001 -0.000000
vn -0.995186 0.098001 -0.000000
vn -0.995186 0.098001 -0.000000
vn -0.995186 0.098001 -0.000000
vn -0.995186 0.098001 -0.000000
vn -0.995186 0.098001 -0.000000
vn -0.995186 0.098001 -0.000000
vn -0.995186 0.098001 -0.000000
vn -0.995186 0.098001 -0.000000
vn -0.995186 0.098001 -0.000000
vn -0.995186 0.098001 -0.000000
vn -0.995186 0.098001 -0.000000
vn -0.995186 0.098001 -0.000000
vn -0.995186 0.098001 -0.000000
vn -0.995186 0.098001 -0.000000
vn -0.995186 0.098001 -0.000000
vn -0.995186 0.098001 -0.000000
vn -0.995186 0.098001 -0.000000
vn -0.995186 0.098001 -0.000000
vn -0.995186 0.098001 -0.000000
vn -0.995186 0.098001 -0.000000
vn -0.995186 0.098001 -0.000000
vn -0.995186 0.098001 -0.000000
vn -0.995186 0.098001 -0.000000
vn -0.995186 0.098001 -0.000000
vn -0.995186 0.098001 -0.000000
vn -0.995186 0.098001 -0.000000
vn -0.995186 0.098001 -0.000000
vn -0.995186 0.098001 -0.000000
vn -0.995186 0.098001 -0.000000
vn -0.995186 0.098001 -0.000000
vn -0.995186 0.098001 -0.000000
vn -0.995186 0.098001 -0.000000
vn -0.995186 0.098001 -0.000000
vn 0.995186 -0.098001 0.000000
vn 0.995186 -0.098001 0.000000
vn 0.995186 -0.098001 0.000000
vn 0.995186 -0.098001 0.000000
vn 0.995186 -0.098001 0.000000
vn 0.995186 -0.098001 0.000000
vn 0.995186 -0.098001 0.000000
vn 0.995186 -0.098001 0.000000
vn 0.995186 -0.098001 0.000000
vn 0.995186 -0.098001 0.000000
vn 0.995186 -0.098001 0.000000
vn 0.995186 -0.098001 0.000000
vn 0.995186 -0.098001 0.000000
vn 0.995186 -0.098001 0.000000
vn 0.995186 -0.098001 0.000000
vn 0.995186 -0.098001 0.000000
vn 0.995186 -0.098001 0.000000
vn 0.995186 -0.098001 0.000000
vn 0.995186 -0.098001 0.000000
vn 0.995186 -0.098001 0.000000
vn 0.995186 -0.098001 0.000000
vn 0.995186 -0.098001 0.000000
vn 0.995186 -0.098001 0.000000
vn 0.995186 -0.098001 0.000000
vn 0.995186 -0.098001 0.000000
vn 0.995186 -0.098001 0.000000
vn 0.995186 -0.098001 0.000000
vn 0.995186 -0.098001 0.000000
vn 0.995186 -0.098001 0.000000
vn 0.995186 -0.098001 0.000000
vn 0.995186 -0.098001 0.000000
vn 0.995186 -0.098001 0.000000
vn 0.995186 -0.098001 0.000000
vn 0.995186 -0.098001 0.000000
vn 0.995186 -0.098001 0.000000
vn 0.995186 -0.098001 0.000000
vn 0.995186 -0.098001 0.000000
vn 0.995186 -0.098001 0.000000
vn 0.995186 -0.098001 0.000000
vn 0.995186 -0.098001 0.000000
vn 0.995186 -0.098001 0.000000
vn 0.995186 -0.098001 0.000000
vn 0.995186 -0.098001 0.000000
vn 0.995186 -0.098001 0.000000
vn 0.995186 -0.098001 0.000000
vn 0.995186 -0.098001 0.000000
vn 0.995186 -0.098001 0.000000
vn 0.995186 -0.098001 0.000000
vn 0.995186 -0.098001 0.000000
vn 0.995186 -0.098001 0.000000
vn 0.995186 -0.098001 0.000000
vn 0.995186 -0.098001 0.000000
vn 0.995186 -0.098001 0.000000
vn 0.995186 -0.098001 0.000000
vn 0.995186 -0.098001 0.000000
vn 0.995186 -0.098001 0.000000
vn 0.995186 -0.098001 0.000000
vn 0.995186 -0.098001 0.000000
vn 0.995186 -0.098001 0.000000
vn 0.995186 -0.098001 0.000000
vn 0.995186 -0.098001 0.000000
vn 0.995186 -0.098001 0.000000
vn 0.995186 -0.098001 0.000000
vn 0.995186 -0.098001 0.000000
vn 0.995186 -0.098001 0.000000
vn 0.995186 -0.098001 0.000000
vn 0.995186 -0.098001 0.000000
vn 0.995186 -0.098001 0.000000
vn 0.995186 -0.098001 0.000000
vn 0.995186 -0.098001 0.000000
vn 0.995186 -0.098001 0.000000
vn 0.995186 -0.098001 0.000000
vn 0.995186 -0.098001 0.000000
vn 0.995186 -0.098001 0.000000
vn 0.995186 -0.098001 0.000000
vn 0.995186 -0.098001 0.000000
vn 0.995186 -0.098001 0.000000
vn 0.995186 -0.098001 0.000000
vn 0.995186 -0.098001 0.000000
vn 0.995186 -0.098001 0.000000
vn 0.995186 -0.098001 0.000000
vn -0.000000 0.000000 1.000000
vn -0.000000 0.000000 1.000000
vn -0.000000 0.000000 1.000000
vn 0.098001 0.995186 -0.000000
vn 0.098001 0.995186 0.000000
vn 0.098001 0.995186 0.000000
vn -0.098001 -0.995186 0.000000
vn -0.098001 -0.995186 -0.000000
vn -0.098001 -0.995186 -0.000000
vn -0.000000 0.000000 1.000000
vn -0.000000 0.000000 1.000000
vn -0.000000 0.000000 1.000000
vn 0.098001 0.995186 -0.000000
vn 0.098001 0.995186 0.000000
vn 0.098001 0.995186 0.000000
vn -0.098001 -0.995186 0.000000
vn -0.098001 -0.995186 -0.000000
vn -0.098001 -0.995186 -0.000000
vn -0.000000 0.000000 1.000000
vn -0.000000 0.000000 1.000000
vn -0.000000 0.000000 1.000000
vn 0.098001 0.995186 -0.000000
vn 0.098001 0.995186 0.000000
vn 0.098001 0.995186 0.000000
vn -0.098001 -0.995186 0.000000
vn -0.098001 -0.995186 -0.000000
vn -0.098001 -0.995186 -0.000000
vn -0.000000 0.000000 1.000000
vn -0.000000 0.000000 1.000000
vn -0.000000 0.000000 1.000000
vn 0.098001 0.995186 -0.000000
vn 0.098001 0.995186 0.000000
vn 0.098001 0.995186 0.000000
vn -0.098001 -0.995186 0.000000
vn -0.098001 -0.995186 -0.000000
vn -0.098001 -0.995186 -0.000000
vn -0.000000 0.000000 1.000000
vn -0.000000 0.000000 1.000000
vn -0.000000 0.000000 1.000000
vn 0.098001 0.995186 -0.000000
vn 0.098001 0.995186 0.000000
vn 0.098001 0.995186 0.000000
vn -0.098001 -0.995186 0.000000
vn -0.098001 -0.995186 -0.000000
vn -0.098001 -0.995186 -0.000000
vn -0.000000 0.000000 1.000000
vn -0.000000 0.000000 1.000000
vn -0.000000 0.000000 1.000000
vn 0.098001 0.995186 -0.000000
vn 0.098001 0.995186 0.000000
vn 0.098001 0.995186 0.000000
vn -0.098001 -0.995186 0.000000
vn -0.098001 -0.995186 -0.000000
vn -0.098001 -0.995186 -0.000000
vn -0.000000 0.000000 1.000000
vn -0.000000 0.000000 1.000000
vn -0.000000 0.000000 1.000000
vn 0.098001 0.995186 -0.000000
vn 0.098001 0.995186 0.000000
vn 0.098001 0.995186 0.000000
vn -0.098001 -0.995186 0.000000
vn -0.098001 -0.995186 -0.000000
vn -0.098001 -0.995186 -0.000000
vn -0.000000 0.000000 1.000000
vn -0.000000 0.000000 1.000000
vn -0.000000 0.000000 1.000000
vn 0.098001 0.995186 -0.000000
vn 0.098001 0.995186 0.000000
vn 0.098001 0.995186 0.000000
vn -0.098001 -0.995186 0.000000
vn -0.098001 -0.995186 -0.000000
vn -0.098001 -0.995186 -0.000000
vn -0.000000 0.000000 1.000000
vn -0.000000 0.000000 1.000000
vn -0.000000 0.000000 1.000000
vn 0.098001 0.995186 -0.000000
vn 0.098001 0.995186 0.000000
vn 0.098001 0.995186 0.000000
vn -0.098001 -0.995186 0.000000
vn -0.098001 -0.995186 -0.000000
vn -0.098001 -0.995186 -0.000000
vn -0.000000 0.000000 1.000000
vn -0.000000 0.000000 1.000000
vn -0.000000 0.000000 1.000000
vn 0.098001 0.995186 -0.000000
vn 0.098001 0.995186 0.000000
vn 0.098001 0.995186 0.000000
vn -0.098001 -0.995186 0.000000
vn -0.098001 -0.995186 -0.000000
vn -0.098001 -0.995186 -0.000000
vn -0.000000 0.000000 1.000000
vn -0.000000 0.000000 1.000000
vn -0.000000 0.000000 1.000000
vn 0.098001 0.995186 -0.000000
vn 0.098001 0.995186 0.000000
vn 0.098001 0.995186 0.000000
vn -0.098001 -0.995186 0.000000
vn -0.098001 -0.995186 -0.000000
vn -0.098001 -0.995186 -0.000000
vn -0.000000 0.000000 1.000000
vn -0.000000 0.000000 1.000000
vn -0.000000 0.000000 1.000000
vn 0.098001 0.995186 -0.000000
vn 0.098001 0.995186 0.000000
vn 0.098001 0.995186 0.000000
vn -0.098001 -0.995186 0.000000
vn -0.098001 -0.995186 -0.000000
vn -0.098001 -0.995186 -0.000000
vn -0.000000 0.000000 1.000000
vn -0.000000 0.000000 1.000000
vn -0.000000 0.000000 1.000000
vn 0.098001 0.995186 -0.000000
vn 0.098001 0.995186 0.000000
vn 0.098001 0.995186 0.000000
vn -0.098001 -0.995186 0.000000
vn -0.098001 -0.995186 -0.000000
vn -0.098001 -0.995186 -0.000000
vn -0.000000 0.000000 1.000000
vn -0.000000 0.000000 1.000000
vn -0.000000 0.000000 1.000000
vn 0.098001 0.995186 -0.000000
vn 0.098001 0.995186 0.000000
vn 0.098001 0.995186 0.000000
vn -0.098001 -0.995186 0.000000
vn -0.098001 -0.995186 -0.000000
vn -0.098001 -0.995186 -0.000000
vn -0.000000 0.000000 1.000000
vn -0.000000 0.000000 1.000000
vn -0.000000 0.000000 1.000000
vn 0.098001 0.995186 -0.000000
vn 0.098001 0.995186 0.000000
vn 0.098001 0.995186 0.000000
vn -0.098001 -0.995186 0.000000
vn -0.098001 -0.995186 -0.000000
vn -0.098001 -0.995186 -0.000000
vn -0.000000 0.000000 1.000000
vn -0.000000 0.000000 1.000000
vn -0.000000 0.000000 1.000000
vn 0.098001 0.995186 -0.000000
vn 0.098001 0.995186 0.000000
vn 0.098001 0.995186 0.000000
vn -0.098001 -0.995186 0.000000
vn -0.098001 -0.995186 -0.000000
vn -0.098001 -0.995186 -0.000000
vn -0.000000 0.000000 1.000000
vn -0.000000 0.000000 1.000000
vn -0.000000 0.000000 1.000000
vn 0.098001 0.995186 -0.000000
vn 0.098001 0.995186 0.000000
vn 0.098001 0.995186 0.000000
vn -0.098001 -0.995186 0.000000
vn -0.098001 -0.995186 -0.000000
vn -0.098001 -0.995186 -0.000000
vn -0.000000 0.000000 1.000000
vn -0.000000 0.000000 1.000000
vn -0.000000 0.000000 1.000000
vn 0.098001 0.995186 -0.000000
vn 0.098001 0.995186 0.000000
vn 0.098001 0.995186 0.000000
vn -0.098001 -0.995186 0.000000
vn -0.098001 -0.995186 -0.000000
vn -0.098001 -0.995186 -0.000000
vn -0.000000 0.000000 1.000000
vn -0.000000 0.000000 1.000000
vn -0.000000 0.000000 1.000000
vn 0.098001 0.995186 -0.000000
vn 0.098001 0.995186 0.000000
vn 0.098001 0.995186 0.000000
vn -0.098001 -0.995186 0.000000
vn -0.098001 -0.995186 -0.000000
vn -0.098001 -0.995186 -0.000000
vn -0.000000 0.000000 1.000000
vn -0.000000 0.000000 1.000000
vn -0.000000 0.000000 1.000000
vn 0.098001 0.995186 -0.000000
vn 0.098001 0.995186 0.000000
vn 0.098001 0.995186 0.000000
vn -0.098001 -0.995186 0.000000
vn -0.098001 -0.995186 -0.000000
vn -0.098001 -0.995186 -0.000000
vn -0.000000 0.000000 1.000000
vn -0.000000 0.000000 1.000000
vn -0.000000 0.000000 1.000000
vn 0.098001 0.995186 -0.000000
vn 0.098001 0.995186 0.000000
vn 0.098001 0.995186 0.000000
vn -0.098001 -0.995186 0.000000
vn -0.098001 -0.995186 -0.000000
vn -0.098001 -0.995186 -0.000000
vn -0.000000 0.000000 1.000000
vn -0.000000 0.000000 1.000000
vn -0.000000 0.000000 1.000000
vn 0.098001 0.995186 -0.000000
vn 0.098001 0.995186 0.000000
vn 0.098001 0.995186 0.000000
vn -0.098001 -0.995186 0.000000
vn -0.098001 -0.995186 -0.000000
vn -0.098001 -0.995186 -0.000000
vn -0.000000 0.000000 1.000000
vn -0.000000 0.000000 1.000000
vn -0.000000 0.000000 1.000000
vn 0.098001 0.995186 -0.000000
vn 0.098001 0.995186 0.000000
vn 0.098001 0.995186 0.000000
vn -0.098001 -0.995186 0.000000
vn -0.098001 -0.995186 -0.000000
vn -0.098001 -0.995186 -0.000000
vn -0.000000 0.000000 1.000000
vn -0.000000 0.000000 1.000000
vn -0.000000 0.000000 1.000000
vn 0.098001 0.995186 -0.000000
vn 0.098001 0.995186 0.000000
vn 0.098001 0.995186 0.000000
vn -0.098001 -0.995186 0.000000
vn -0.098001 -0.995186 -0.000000
vn -0.098001 -0.995186 -0.000000
vn -0.000000 0.000000 1.000000
vn -0.000000 0.000000 1.000000
vn -0.000000 0.000000 1.000000
vn 0.098001 0.995186 -0.000000
vn 0.098001 0.995186 0.000000
vn 0.098001 0.995186 0.000000
vn -0.098001 -0.995186 0.000000
vn -0.098001 -0.995186 -0.000000
vn -0.098001 -0.995186 -0.000000
vn -0.000000 0.000000 1.000000
vn -0.000000 0.000000 1.000000
vn -0.000000 0.000000 1.000000
vn 0.098001 0.995186 -0.000000
vn 0.098001 0.995186 0.000000
vn 0.098001 0.995186 0.000000
vn -0.098001 -0.995186 0.000000
vn -0.098001 -0.995186 -0.000000
vn -0.098001 -0.995186 -0.000000
vn -0.000000 0.000000 1.000000
vn -0.000000 0.000000 1.000000
vn -0.000000 0.000000 1.000000
vn 0.098001 0.995186 -0.000000
vn 0.098001 0.995186 0.000000
vn 0.098001 0.995186 0.000000
vn -0.098001 -0.995186 0.000000
vn -0.098001 -0.995186 -0.000000
vn -0.098001 -0.995186 -0.000000
vn -0.995186 0.098001 -0.000000
vn -0.995186 0.098001 -0.000000
vn -0.995186 0.098001 -0.000000
vn -0.995186 0.098001 -0.000000
vn -0.995186 0.098001 -0.000000
vn -0.995186 0.098001 -0.000000
vn -0.995186 0.098001 -0.000000
vn -0.995186 0.098001 -0.000000
vn -0.995186 0.098001 -0.000000
vn -0.995186 0.098001 -0.000000
vn -0.995186 0.098001 -0.000000
vn -0.995186 0.098001 -0.000000
vn -0.995186 0.098001 -0.000000
vn -0.995186 0.098001 -0.000000
vn -0.995186 0.098001 -0.000000
vn -0.995186 0.098001 -0.000000
vn -0.995186 0.098001 -0.000000
vn -0.995186 0.098001 -0.000000
vn -0.995186 0.098001 -0.000000
vn -0.995186 0.098001 -0.000000
vn -0.995186 0.098001 -0.000000
vn -0.995186 0.098001 -0.000000
vn -0.995186 0.098001 -0.000000
vn -0.995186 0.098001 -0.000000
vn -0.995186 0.098001 -0.000000
vn -0.995186 0.098001 -0.000000
vn -0.995186 0.098001 -0.000000
vn 0.995186 -0.098001 0.000000
vn 0.995186 -0.098001 0.000000
vn 0.995186 -0.098001 0.000000
vn 0.995186 -0.098001 0.000000
vn 0.995186 -0.098001 0.000000
vn 0.995186 -0.098001 0.000000
vn 0.995186 -0.098001 0.000000
vn 0.995186 -0.098001 0.000000
vn 0.995186 -0.098001 0.000000
vn 0.995186 -0.098001 0.000000
vn 0.995186 -0.098001 0.000000
vn 0.995186 -0.098001 0.000000
vn 0.995186 -0.098001 0.000000
vn 0.995186 -0.098001 0.000000
vn 0.995186 -0.098001 0.000000
vn 0.995186 -0.098001 0.000000
vn 0.995186 -0.098001 0.000000
vn 0.995186 -0.098001 0.000000
vn 0.995186 -0.098001 0.000000
vn 0.995186 -0.098001 0.000000
vn 0.995186 -0.098001 0.000000
vn 0.995186 -0.098001 0.000000
vn 0.995186 -0.098001 0.000000
vn 0.995186 -0.098001 0.000000
vn 0.995186 -0.098001 0.000000
vn 0.995186 -0.098001 0.000000
vn 0.995186 -0.098001 0.000000
vn -0.000000 0.000000 1.000000
vn 0.098001 0.995186 -0.000000
vn -0.098001 -0.995186 0.000000
vn -0.000000 0.000000 1.000000
vn 0.098001 0.995186 -0.000000
vn -0.098001 -0.995186 0.000000
vn -0.000000 0.000000 1.000000
vn 0.098001 0.995186 -0.000000
vn -0.098001 -0.995186 0.000000
vn -0.000000 0.000000 1.000000
vn 0.098001 0.995186 -0.000000
vn -0.098001 -0.995186 0.000000
vn -0.000000 0.000000 1.000000
vn 0.098001 0.995186 -0.000000
vn -0.098001 -0.995186 0.000000
vn -0.000000 0.000000 1.000000
vn 0.098001 0.995186 -0.000000
vn -0.098001 -0.995186 0.000000
vn -0.000000 0.000000 1.000000
vn 0.098001 0.995186 -0.000000
vn -0.098001 -0.995186 0.000000
vn -0.000000 0.000000 1.000000
vn 0.098001 0.995186 -0.000000
vn -0.098001 -0.995186 0.000000
vn -0.000000 0.000000 1.000000
vn 0.098001 0.995186 -0.000000
vn -0.098001 -0.995186 0.000000
vn -0.000000 0.000000 1.000000
vn 0.098001 0.995186 -0.000000
vn -0.098001 -0.995186 0.000000
vn -0.000000 0.000000 1.000000
vn 0.098001 0.995186 -0.000000
vn -0.098001 -0.995186 0.000000
vn -0.000000 0.000000 1.000000
vn 0.098001 0.995186 -0.000000
vn -0.098001 -0.995186 0.000000
vn -0.000000 0.000000 1.000000
vn 0.098001 0.995186 -0.000000
vn -0.098001 -0.995186 0.000000
vn -0.000000 0.000000 1.000000
vn 0.098001 0.995186 -0.000000
vn -0.098001 -0.995186 0.000000
vn -0.000000 0.000000 1.000000
vn 0.098001 0.995186 -0.000000
vn -0.098001 -0.995186 0.000000
vn -0.000000 0.000000 1.000000
vn 0.098001 0.995186 -0.000000
vn -0.098001 -0.995186 0.000000
vn -0.000000 0.000000 1.000000
vn 0.098001 0.995186 -0.000000
vn -0.098001 -0.995186 0.000000
vn -0.000000 0.000000 1.000000
vn 0.098001 0.995186 -0.000000
vn -0.098001 -0.995186 0.000000
vn -0.000000 0.000000 1.000000
vn 0.098001 0.995186 -0.000000
vn -0.098001 -0.995186 0.000000
vn -0.000000 0.000000 1.000000
vn 0.098001 0.995186 -0.000000
vn -0.098001 -0.995186 0.000000
vn -0.000000 0.000000 1.000000
vn 0.098001 0.995186 -0.000000
vn -0.098001 -0.995186 0.000000
vn -0.000000 0.000000 1.000000
vn 0.098001 0.995186 -0.000000
vn -0.098001 -0.995186 0.000000
vn -0.000000 0.000000 1.000000
vn 0.098001 0.995186 -0.000000
vn -0.098001 -0.995186 0.000000
vn -0.000000 0.000000 1.000000
vn 0.098001 0.995186 -0.000000
vn -0.098001 -0.995186 0.000000
vn -0.000000 0.000000 1.000000
vn 0.098001 0.995186 -0.000000
vn -0.098001 -0.995186 0.000000
vn -0.000000 0.000000 1.000000
vn 0.098001 0.995186 -0.000000
vn -0.098001 -0.995186 0.000000
vn -0.000000 0.000000 1.000000
vn 0.098001 0.995186 -0.000000
vn -0.098001 -0.995186 0.000000
s 1
g Piece3 Supermarine_Spitfire_Mk:GLTF_SceneRootNode Supermarine_Spitfire_Mk:root Supermarine_Spitfire_Mk:Sketchfab_model Supermarine_Spitfire_Mk:Meshes Supermarine_Spitfire_Mk:scene Supermarine_Spitfire_Mk:Object_63
usemtl Supermarine_Spitfire_Mk:Object_63SG
f 1804/1764/1801 1809/1769/1802 1801/1761/1803
s 2
f 1814/1774/1804 1819/1779/1805 1811/1771/1806
s 3
f 1824/1784/1807 1829/1789/1808 1821/1781/1809
s 4
f 1834/1794/1810 1839/1799/1811 1831/1791/1812
s 5
f 1844/1804/1813 1849/1809/1814 1841/1801/1815
s 6
f 1854/1814/1816 1859/1819/1817 1851/1811/1818
s 7
f 1864/1824/1819 1869/1829/1820 1861/1821/1821
s 8
f 1874/1834/1822 1879/1839/1823 1871/1831/1824
s 9
f 1884/1844/1825 1889/1849/1826 1881/1841/1827
s 10
f 1894/1854/1828 1899/1859/1829 1891/1851/1830
s 11
f 1904/1864/1831 1909/1869/1832 1901/1861/1833
s 12
f 1914/1874/1834 1919/1879/1835 1911/1871/1836
s 13
f 1924/1884/1837 1929/1889/1838 1921/1881/1839
s 14
f 1934/1894/1840 1939/1899/1841 1931/1891/1842
s 15
f 1944/1904/1843 1949/1909/1844 1941/1901/1845
s 16
f 1954/1914/1846 1959/1919/1847 1951/1911/1848
s 17
f 1964/1924/1849 1969/1929/1850 1961/1921/1851
s 18
f 1974/1934/1852 1979/1939/1853 1971/1931/1854
s 19
f 1984/1944/1855 1989/1949/1856 1981/1941/1857
s 20
f 1994/1954/1858 1999/1959/1859 1991/1951/1860
s 21
f 2004/1964/1861 2009/1969/1862 2001/1961/1863
s 22
f 2014/1974/1864 2019/1979/1865 2011/1971/1866
s 23
f 2024/1984/1867 2029/1989/1868 2021/1981/1869
s 24
f 2034/1994/1870 2039/1999/1871 2031/1991/1872
s 25
f 2044/2004/1873 2049/2009/1874 2041/2001/1875
s 26
f 2054/2014/1876 2059/2019/1877 2051/2011/1878
s 27
f 2064/2024/1879 2069/2029/1880 2061/2021/1881
s 28
f 2080/2040/1882 2076/2036/1883 2073/2033/1884
s 29
f 2090/2050/1885 2086/2046/1886 2083/2043/1887
s 30
f 2100/2060/1888 2096/2056/1889 2093/2053/1890
s 31
f 2110/2070/1891 2106/2066/1892 2103/2063/1893
s 32
f 2120/2080/1894 2116/2076/1895 2113/2073/1896
s 33
f 2130/2090/1897 2126/2086/1898 2123/2083/1899
s 34
f 2140/2100/1900 2136/2096/1901 2133/2093/1902
s 35
f 2150/2110/1903 2146/2106/1904 2143/2103/1905
s 36
f 2160/2120/1906 2156/2116/1907 2153/2113/1908
s 37
f 2170/2130/1909 2166/2126/1910 2163/2123/1911
s 38
f 2180/2140/1912 2176/2136/1913 2173/2133/1914
s 39
f 2190/2150/1915 2186/2146/1916 2183/2143/1917
s 40
f 2200/2160/1918 2196/2156/1919 2193/2153/1920
s 41
f 2210/2170/1921 2206/2166/1922 2203/2163/1923
s 42
f 2220/2180/1924 2216/2176/1925 2213/2173/1926
s 43
f 2230/2190/1927 2226/2186/1928 2223/2183/1929
s 44
f 2240/2200/1930 2236/2196/1931 2233/2193/1932
s 45
f 2250/2210/1933 2246/2206/1934 2243/2203/1935
s 46
f 2260/2220/1936 2256/2216/1937 2253/2213/1938
s 47
f 2270/2230/1939 2266/2226/1940 2263/2223/1941
s 48
f 2280/2240/1942 2276/2236/1943 2273/2233/1944
s 49
f 2290/2250/1945 2286/2246/1946 2283/2243/1947
s 50
f 2300/2260/1948 2296/2256/1949 2293/2253/1950
s 51
f 2310/2270/1951 2306/2266/1952 2303/2263/1953
s 52
f 2320/2280/1954 2316/2276/1955 2313/2273/1956
s 53
f 2330/2290/1957 2326/2286/1958 2323/2283/1959
s 54
f 2340/2300/1960 2336/2296/1961 2333/2293/1962
s 55
f 1803/1763/1963 2074/2034/1964 1805/1765/1965
s 56
f 1806/1766/1966 2077/2037/1967 1808/1768/1968
s 57
f 1810/1770/1969 2071/2031/1970 1802/1762/1971
s 58
f 1813/1773/1972 2084/2044/1973 1815/1775/1974
s 59
f 1816/1776/1975 2087/2047/1976 1818/1778/1977
s 60
f 1820/1780/1978 2081/2041/1979 1812/1772/1980
s 61
f 1823/1783/1981 2094/2054/1982 1825/1785/1983
s 62
f 1826/1786/1984 2097/2057/1985 1828/1788/1986
s 63
f 1830/1790/1987 2091/2051/1988 1822/1782/1989
s 64
f 1833/1793/1990 2104/2064/1991 1835/1795/1992
s 65
f 1836/1796/1993 2107/2067/1994 1838/1798/1995
s 66
f 1840/1800/1996 2101/2061/1997 1832/1792/1998
s 67
f 1843/1803/1999 2114/2074/2000 1845/1805/2001
s 68
f 1846/1806/2002 2117/2077/2003 1848/1808/2004
s 69
f 1850/1810/2005 2111/2071/2006 1842/1802/2007
s 70
f 1853/1813/2008 2124/2084/2009 1855/1815/2010
s 71
f 1856/1816/2011 2127/2087/2012 1858/1818/2013
s 72
f 1860/1820/2014 2121/2081/2015 1852/1812/2016
s 73
f 1863/1823/2017 2134/2094/2018 1865/1825/2019
s 74
f 1866/1826/2020 2137/2097/2021 1868/1828/2022
s 75
f 1870/1830/2023 2131/2091/2024 1862/1822/2025
s 76
f 1873/1833/2026 2144/2104/2027 1875/1835/2028
s 77
f 1876/1836/2029 2147/2107/2030 1878/1838/2031
s 78
f 1880/1840/2032 2141/2101/2033 1872/1832/2034
s 79
f 1883/1843/2035 2154/2114/2036 1885/1845/2037
s 80
f 1886/1846/2038 2157/2117/2039 1888/1848/2040
s 81
f 1890/1850/2041 2151/2111/2042 1882/1842/2043
s 82
f 1893/1853/2044 2164/2124/2045 1895/1855/2046
s 83
f 1896/1856/2047 2167/2127/2048 1898/1858/2049
s 84
f 1900/1860/2050 2161/2121/2051 1892/1852/2052
s 85
f 1903/1863/2053 2174/2134/2054 1905/1865/2055
s 86
f 1906/1866/2056 2177/2137/2057 1908/1868/2058
s 87
f 1910/1870/2059 2171/2131/2060 1902/1862/2061
s 88
f 1913/1873/2062 2184/2144/2063 1915/1875/2064
s 89
f 1916/1876/2065 2187/2147/2066 1918/1878/2067
s 90
f 1920/1880/2068 2181/2141/2069 1912/1872/2070
s 91
f 1923/1883/2071 2194/2154/2072 1925/1885/2073
s 92
f 1926/1886/2074 2197/2157/2075 1928/1888/2076
s 93
f 1930/1890/2077 2191/2151/2078 1922/1882/2079
s 94
f 1933/1893/2080 2204/2164/2081 1935/1895/2082
s 95
f 1936/1896/2083 2207/2167/2084 1938/1898/2085
s 96
f 1940/1900/2086 2201/2161/2087 1932/1892/2088
s 97
f 1943/1903/2089 2214/2174/2090 1945/1905/2091
s 98
f 1946/1906/2092 2217/2177/2093 1948/1908/2094
s 99
f 1950/1910/2095 2211/2171/2096 1942/1902/2097
s 100
f 1953/1913/2098 2224/2184/2099 1955/1915/2100
s 101
f 1956/1916/2101 2227/2187/2102 1958/1918/2103
s 102
f 1960/1920/2104 2221/2181/2105 1952/1912/2106
s 103
f 1963/1923/2107 2234/2194/2108 1965/1925/2109
s 104
f 1966/1926/2110 2237/2197/2111 1968/1928/2112
s 105
f 1970/1930/2113 2231/2191/2114 1962/1922/2115
s 106
f 1973/1933/2116 2244/2204/2117 1975/1935/2118
s 107
f 1976/1936/2119 2247/2207/2120 1978/1938/2121
s 108
f 1980/1940/2122 2241/2201/2123 1972/1932/2124
s 109
f 1983/1943/2125 2254/2214/2126 1985/1945/2127
s 110
f 1986/1946/2128 2257/2217/2129 1988/1948/2130
s 111
f 1990/1950/2131 2251/2211/2132 1982/1942/2133
s 112
f 1993/1953/2134 2264/2224/2135 1995/1955/2136
s 113
f 1996/1956/2137 2267/2227/2138 1998/1958/2139
s 114
f 2000/1960/2140 2261/2221/2141 1992/1952/2142
s 115
f 2003/1963/2143 2274/2234/2144 2005/1965/2145
s 116
f 2006/1966/2146 2277/2237/2147 2008/1968/2148
s 117
f 2010/1970/2149 2271/2231/2150 2002/1962/2151
s 118
f 2013/1973/2152 2284/2244/2153 2015/1975/2154
s 119
f 2016/1976/2155 2287/2247/2156 2018/1978/2157
s 120
f 2020/1980/2158 2281/2241/2159 2012/1972/2160
s 121
f 2023/1983/2161 2294/2254/2162 2025/1985/2163
s 122
f 2026/1986/2164 2297/2257/2165 2028/1988/2166
s 123
f 2030/1990/2167 2291/2251/2168 2022/1982/2169
s 124
f 2033/1993/2170 2304/2264/2171 2035/1995/2172
s 125
f 2036/1996/2173 2307/2267/2174 2038/1998/2175
s 126
f 2040/2000/2176 2301/2261/2177 2032/1992/2178
s 127
f 2043/2003/2179 2314/2274/2180 2045/2005/2181
s 128
f 2046/2006/2182 2317/2277/2183 2048/2008/2184
s 129
f 2050/2010/2185 2311/2271/2186 2042/2002/2187
s 130
f 2053/2013/2188 2324/2284/2189 2055/2015/2190
s 131
f 2056/2016/2191 2327/2287/2192 2058/2018/2193
s 132
f 2060/2020/2194 2321/2281/2195 2052/2012/2196
s 133
f 2063/2023/2197 2334/2294/2198 2065/2025/2199
s 134
f 2066/2026/2200 2337/2297/2201 2068/2028/2202
s 135
f 2070/2030/2203 2331/2291/2204 2062/2022/2205
s 1
f 1804/1764/1801 1807/1767/2206 1809/1769/1802
s 2
f 1814/1774/1804 1817/1777/2207 1819/1779/1805
s 3
f 1824/1784/1807 1827/1787/2208 1829/1789/1808
s 4
f 1834/1794/1810 1837/1797/2209 1839/1799/1811
s 5
f 1844/1804/1813 1847/1807/2210 1849/1809/1814
s 6
f 1854/1814/1816 1857/1817/2211 1859/1819/1817
s 7
f 1864/1824/1819 1867/1827/2212 1869/1829/1820
s 8
f 1874/1834/1822 1877/1837/2213 1879/1839/1823
s 9
f 1884/1844/1825 1887/1847/2214 1889/1849/1826
s 10
f 1894/1854/1828 1897/1857/2215 1899/1859/1829
s 11
f 1904/1864/1831 1907/1867/2216 1909/1869/1832
s 12
f 1914/1874/1834 1917/1877/2217 1919/1879/1835
s 13
f 1924/1884/1837 1927/1887/2218 1929/1889/1838
s 14
f 1934/1894/1840 1937/1897/2219 1939/1899/1841
s 15
f 1944/1904/1843 1947/1907/2220 1949/1909/1844
s 16
f 1954/1914/1846 1957/1917/2221 1959/1919/1847
s 17
f 1964/1924/1849 1967/1927/2222 1969/1929/1850
s 18
f 1974/1934/1852 1977/1937/2223 1979/1939/1853
s 19
f 1984/1944/1855 1987/1947/2224 1989/1949/1856
s 20
f 1994/1954/1858 1997/1957/2225 1999/1959/1859
s 21
f 2004/1964/1861 2007/1967/2226 2009/1969/1862
s 22
f 2014/1974/1864 2017/1977/2227 2019/1979/1865
s 23
f 2024/1984/1867 2027/1987/2228 2029/1989/1868
s 24
f 2034/1994/1870 2037/1997/2229 2039/1999/1871
s 25
f 2044/2004/1873 2047/2007/2230 2049/2009/1874
s 26
f 2054/2014/1876 2057/2017/2231 2059/2019/1877
s 27
f 2064/2024/1879 2067/2027/2232 2069/2029/1880
s 28
f 2080/2040/1882 2078/2038/2233 2076/2036/1883
s 29
f 2090/2050/1885 2088/2048/2234 2086/2046/1886
s 30
f 2100/2060/1888 2098/2058/2235 2096/2056/1889
s 31
f 2110/2070/1891 2108/2068/2236 2106/2066/1892
s 32
f 2120/2080/1894 2118/2078/2237 2116/2076/1895
s 33
f 2130/2090/1897 2128/2088/2238 2126/2086/1898
s 34
f 2140/2100/1900 2138/2098/2239 2136/2096/1901
s 35
f 2150/2110/1903 2148/2108/2240 2146/2106/1904
s 36
f 2160/2120/1906 2158/2118/2241 2156/2116/1907
s 37
f 2170/2130/1909 2168/2128/2242 2166/2126/1910
s 38
f 2180/2140/1912 2178/2138/2243 2176/2136/1913
s 39
f 2190/2150/1915 2188/2148/2244 2186/2146/1916
s 40
f 2200/2160/1918 2198/2158/2245 2196/2156/1919
s 41
f 2210/2170/1921 2208/2168/2246 2206/2166/1922
s 42
f 2220/2180/1924 2218/2178/2247 2216/2176/1925
s 43
f 2230/2190/1927 2228/2188/2248 2226/2186/1928
s 44
f 2240/2200/1930 2238/2198/2249 2236/2196/1931
s 45
f 2250/2210/1933 2248/2208/2250 2246/2206/1934
s 46
f 2260/2220/1936 2258/2218/2251 2256/2216/1937
s 47
f 2270/2230/1939 2268/2228/2252 2266/2226/1940
s 48
f 2280/2240/1942 2278/2238/2253 2276/2236/1943
s 49
f 2290/2250/1945 2288/2248/2254 2286/2246/1946
s 50
f 2300/2260/1948 2298/2258/2255 2296/2256/1949
s 51
f 2310/2270/1951 2308/2268/2256 2306/2266/1952
s 52
f 2320/2280/1954 2318/2278/2257 2316/2276/1955
s 53
f 2330/2290/1957 2328/2288/2258 2326/2286/1958
s 54
f 2340/2300/1960 2338/2298/2259 2336/2296/1961
s 55
f 1803/1763/1963 2072/2032/2260 2074/2034/1964
s 56
f 1806/1766/1966 2075/2035/2261 2077/2037/1967
s 57
f 1810/1770/1969 2079/2039/2262 2071/2031/1970
s 58
f 1813/1773/1972 2082/2042/2263 2084/2044/1973
s 59
f 1816/1776/1975 2085/2045/2264 2087/2047/1976
s 60
f 1820/1780/1978 2089/2049/2265 2081/2041/1979
s 61
f 1823/1783/1981 2092/2052/2266 2094/2054/1982
s 62
f 1826/1786/1984 2095/2055/2267 2097/2057/1985
s 63
f 1830/1790/1987 2099/2059/2268 2091/2051/1988
s 64
f 1833/1793/1990 2102/2062/2269 2104/2064/1991
s 65
f 1836/1796/1993 2105/2065/2270 2107/2067/1994
s 66
f 1840/1800/1996 2109/2069/2271 2101/2061/1997
s 67
f 1843/1803/1999 2112/2072/2272 2114/2074/2000
s 68
f 1846/1806/2002 2115/2075/2273 2117/2077/2003
s 69
f 1850/1810/2005 2119/2079/2274 2111/2071/2006
s 70
f 1853/1813/2008 2122/2082/2275 2124/2084/2009
s 71
f 1856/1816/2011 2125/2085/2276 2127/2087/2012
s 72
f 1860/1820/2014 2129/2089/2277 2121/2081/2015
s 73
f 1863/1823/2017 2132/2092/2278 2134/2094/2018
s 74
f 1866/1826/2020 2135/2095/2279 2137/2097/2021
s 75
f 1870/1830/2023 2139/2099/2280 2131/2091/2024
s 76
f 1873/1833/2026 2142/2102/2281 2144/2104/2027
s 77
f 1876/1836/2029 2145/2105/2282 2147/2107/2030
s 78
f 1880/1840/2032 2149/2109/2283 2141/2101/2033
s 79
f 1883/1843/2035 2152/2112/2284 2154/2114/2036
s 80
f 1886/1846/2038 2155/2115/2285 2157/2117/2039
s 81
f 1890/1850/2041 2159/2119/2286 2151/2111/2042
s 82
f 1893/1853/2044 2162/2122/2287 2164/2124/2045
s 83
f 1896/1856/2047 2165/2125/2288 2167/2127/2048
s 84
f 1900/1860/2050 2169/2129/2289 2161/2121/2051
s 85
f 1903/1863/2053 2172/2132/2290 2174/2134/2054
s 86
f 1906/1866/2056 2175/2135/2291 2177/2137/2057
s 87
f 1910/1870/2059 2179/2139/2292 2171/2131/2060
s 88
f 1913/1873/2062 2182/2142/2293 2184/2144/2063
s 89
f 1916/1876/2065 2185/2145/2294 2187/2147/2066
s 90
f 1920/1880/2068 2189/2149/2295 2181/2141/2069
s 91
f 1923/1883/2071 2192/2152/2296 2194/2154/2072
s 92
f 1926/1886/2074 2195/2155/2297 2197/2157/2075
s 93
f 1930/1890/2077 2199/2159/2298 2191/2151/2078
s 94
f 1933/1893/2080 2202/2162/2299 2204/2164/2081
s 95
f 1936/1896/2083 2205/2165/2300 2207/2167/2084
s 96
f 1940/1900/2086 2209/2169/2301 2201/2161/2087
s 97
f 1943/1903/2089 2212/2172/2302 2214/2174/2090
s 98
f 1946/1906/2092 2215/2175/2303 2217/2177/2093
s 99
f 1950/1910/2095 2219/2179/2304 2211/2171/2096
s 100
f 1953/1913/2098 2222/2182/2305 2224/2184/2099
s 101
f 1956/1916/2101 2225/2185/2306 2227/2187/2102
s 102
f 1960/1920/2104 2229/2189/2307 2221/2181/2105
s 103
f 1963/1923/2107 2232/2192/2308 2234/2194/2108
s 104
f 1966/1926/2110 2235/2195/2309 2237/2197/2111
s 105
f 1970/1930/2113 2239/2199/2310 2231/2191/2114
s 106
f 1973/1933/2116 2242/2202/2311 2244/2204/2117
s 107
f 1976/1936/2119 2245/2205/2312 2247/2207/2120
s 108
f 1980/1940/2122 2249/2209/2313 2241/2201/2123
s 109
f 1983/1943/2125 2252/2212/2314 2254/2214/2126
s 110
f 1986/1946/2128 2255/2215/2315 2257/2217/2129
s 111
f 1990/1950/2131 2259/2219/2316 2251/2211/2132
s 112
f 1993/1953/2134 2262/2222/2317 2264/2224/2135
s 113
f 1996/1956/2137 2265/2225/2318 2267/2227/2138
s 114
f 2000/1960/2140 2269/2229/2319 2261/2221/2141
s 115
f 2003/1963/2143 2272/2232/2320 2274/2234/2144
s 116
f 2006/1966/2146 2275/2235/2321 2277/2237/2147
s 117
f 2010/1970/2149 2279/2239/2322 2271/2231/2150
s 118
f 2013/1973/2152 2282/2242/2323 2284/2244/2153
s 119
f 2016/1976/2155 2285/2245/2324 2287/2247/2156
s 120
f 2020/1980/2158 2289/2249/2325 2281/2241/2159
s 121
f 2023/1983/2161 2292/2252/2326 2294/2254/2162
s 122
f 2026/1986/2164 2295/2255/2327 2297/2257/2165
s 123
f 2030/1990/2167 2299/2259/2328 2291/2251/2168
s 124
f 2033/1993/2170 2302/2262/2329 2304/2264/2171
s 125
f 2036/1996/2173 2305/2265/2330 2307/2267/2174
s 126
f 2040/2000/2176 2309/2269/2331 2301/2261/2177
s 127
f 2043/2003/2179 2312/2272/2332 2314/2274/2180
s 128
f 2046/2006/2182 2315/2275/2333 2317/2277/2183
s 129
f 2050/2010/2185 2319/2279/2334 2311/2271/2186
s 130
f 2053/2013/2188 2322/2282/2335 2324/2284/2189
s 131
f 2056/2016/2191 2325/2285/2336 2327/2287/2192
s 132
f 2060/2020/2194 2329/2289/2337 2321/2281/2195
s 133
f 2063/2023/2197 2332/2292/2338 2334/2294/2198
s 134
f 2066/2026/2200 2335/2295/2339 2337/2297/2201
s 135
f 2070/2030/2203 2339/2299/2340 2331/2291/2204
g default
v -482.046242 -142.067477 178.870677
v -482.046242 -142.067477 178.870677
v -481.222137 -149.798951 182.091259
v -481.222137 -149.798951 182.091259
v -480.903264 -152.791298 192.011631
v -480.903264 -152.791298 192.011631
v -481.600271 -146.251721 200.025237
v -481.600271 -146.251721 200.025237
v -481.818854 -144.200615 200.650963
v -481.818854 -144.200615 200.650963
v -482.273574 -139.934396 200.650963
v -482.273574 -139.934396 200.650963
v -483.015167 -132.976304 183.757529
v -483.015167 -132.976304 183.757529
v -482.492214 -137.883305 179.707679
v -482.492214 -137.883305 179.707679
v -481.792103 -144.451721 177.812271
v -481.792103 -144.451721 177.812271
v -482.046242 -142.067477 177.576121
v -482.046242 -142.067477 177.576121
v -481.547727 -146.744296 178.511662
v -481.547727 -146.744296 178.511662
v -481.322597 -148.857144 179.647417
v -481.322597 -148.857144 179.647417
v -481.125177 -150.709151 181.175880
v -481.125177 -150.709151 181.175880
v -480.963201 -152.228994 183.038314
v -480.963201 -152.228994 183.038314
v -480.842819 -153.358371 185.163156
v -480.842819 -153.358371 185.163156
v -480.768660 -154.053826 187.468725
v -480.768660 -154.053826 187.468725
v -480.743658 -154.288635 189.866458
v -480.743658 -154.288635 189.866458
v -480.768660 -154.053826 192.264176
v -480.768660 -154.053826 192.264176
v -480.842819 -153.358371 194.569760
v -480.842819 -153.358371 194.569760
v -480.963201 -152.228994 196.694601
v -480.963201 -152.228994 196.694601
v -481.125177 -150.709151 198.557035
v -481.125177 -150.709151 198.557035
v -481.322597 -148.857144 200.085498
v -481.322597 -148.857144 200.085498
v -481.547727 -146.744296 201.221253
v -481.547727 -146.744296 201.221253
v -481.792103 -144.451721 201.920644
v -481.792103 -144.451721 201.920644
v -482.046242 -142.067477 202.156794
v -482.046242 -142.067477 202.156794
v -482.300325 -139.683290 201.920644
v -482.300325 -139.683290 201.920644
v -482.544645 -137.390687 201.221253
v -482.544645 -137.390687 201.221253
v -482.769945 -135.277796 200.085498
v -482.769945 -135.277796 200.085498
v -482.967251 -133.425860 198.557035
v -482.967251 -133.425860 198.557035
v -483.129228 -131.906032 196.694601
v -483.129228 -131.906032 196.694601
v -483.249666 -130.776654 194.569774
v -483.249666 -130.776654 194.569774
v -483.323769 -130.081199 192.264190
v -483.323769 -130.081199 192.264190
v -483.348771 -129.846404 189.866458
v -483.348771 -129.846404 189.866458
v -483.348771 -129.846404 189.866458
v -483.323769 -130.081199 187.468725
v -483.323769 -130.081199 187.468725
v -483.249666 -130.776654 185.163141
v -483.249666 -130.776654 185.163141
v -483.129228 -131.906032 183.038314
v -483.129228 -131.906032 183.038314
v -482.967251 -133.425860 181.175880
v -482.967251 -133.425860 181.175880
v -482.769945 -135.277796 179.647417
v -482.769945 -135.277796 179.647417
v -482.544645 -137.390687 178.511662
v -482.544645 -137.390687 178.511662
v -482.300325 -139.683290 177.812271
v -482.300325 -139.683290 177.812271
v -479.801654 -143.566720 181.175767
v -481.777147 -144.196128 179.081952
v -481.777147 -144.196128 179.081952
v -480.050150 -143.802658 180.128860
v -480.773231 -144.033051 179.362477
v -480.994693 -141.955434 179.156690
v -479.625512 -145.219628 181.680011
v -481.558563 -146.247276 179.707679
v -481.558563 -146.247276 179.707679
v -479.852843 -145.654637 180.693845
v -480.560291 -146.030809 179.971920
v -481.357080 -148.137576 180.723799
v -481.357080 -148.137576 180.723799
v -479.670831 -147.361500 181.611326
v -480.364057 -147.871966 180.961614
v -480.192147 -149.485692 182.293504
v -480.192147 -149.485692 182.293504
v -481.035554 -151.154234 183.757529
v -481.035554 -151.154234 183.757529
v -480.050940 -150.810090 183.916430
v -480.050940 -150.810090 183.916430
v -480.927814 -152.164655 185.658553
v -480.927814 -152.164655 185.658553
v -479.946078 -151.794197 185.768000
v -479.063786 -150.489495 188.137767
v -480.861556 -152.786797 187.721284
v -480.861556 -152.786797 187.721284
v -479.223448 -151.559387 187.929526
v -479.881513 -152.400226 187.777087
v -479.045782 -150.658823 189.866458
v -480.839150 -152.996943 189.866458
v -480.839150 -152.996943 189.866458
v -479.203187 -151.749103 189.866458
v -479.859616 -152.604870 189.866458
v -479.063786 -150.489495 191.595148
v -479.223448 -151.559387 191.803389
v -479.881513 -152.400226 191.955828
v -480.927814 -152.164655 194.074363
v -480.927814 -152.164655 194.074363
v -479.946078 -151.794197 193.964916
v -481.035554 -151.154234 195.975386
v -481.035554 -151.154234 195.975386
v -481.180486 -149.794464 197.641656
v -481.180486 -149.794464 197.641656
v -480.192147 -149.485692 197.439411
v -481.357080 -148.137576 199.009116
v -481.357080 -148.137576 199.009116
v -479.670831 -147.361500 198.121589
v -480.364057 -147.871966 198.771301
v -479.625512 -145.219628 198.052904
v -479.852843 -145.654637 199.039070
v -480.560291 -146.030809 199.760995
v -479.801654 -143.566734 198.557148
v -480.050150 -143.802658 199.604055
v -480.773231 -144.033051 200.370439
v -482.004535 -142.063047 200.862238
v -482.004535 -142.063047 200.862238
v -480.994693 -141.955434 200.576225
v -481.216155 -139.877845 200.370439
v -481.216155 -139.877845 200.370439
v -482.450450 -137.878846 200.025237
v -482.450450 -137.878846 200.025237
v -481.429038 -137.880059 199.760995
v -481.429038 -137.880059 199.760995
v -482.651933 -135.988546 199.009116
v -482.651933 -135.988546 199.009116
v -481.625329 -136.038902 198.771301
v -480.648955 -135.617453 196.132100
v -482.828583 -134.331658 197.641656
v -482.828583 -134.331658 197.641656
v -480.999547 -134.895740 196.886871
v -481.797295 -134.425120 197.439411
v -480.765668 -134.521699 194.789345
v -482.973459 -132.971860 195.975386
v -482.973459 -132.971860 195.975386
v -481.130370 -133.668006 195.382365
v -481.938446 -133.100721 195.816485
v -480.852470 -133.707470 193.257397
v -483.081199 -131.961468 194.074363
v -483.081199 -131.961468 194.074363
v -481.227555 -132.755703 193.665880
v -482.043364 -132.116615 193.964916
v -483.147457 -131.339325 192.011631
v -483.147457 -131.339325 192.011631
v -482.107929 -131.510586 191.955828
v -483.169863 -131.129179 189.866458
v -483.169863 -131.129179 189.866458
v -483.147457 -131.339325 187.721284
v -483.147457 -131.339325 187.721284
v -482.107929 -131.510586 187.777087
v -480.852470 -133.707470 186.475518
v -483.081199 -131.961468 185.658553
v -483.081199 -131.961468 185.658553
v -481.227555 -132.755703 186.067035
v -482.043364 -132.116615 185.768000
v -480.765668 -134.521699 184.943584
v -481.130370 -133.668006 184.350550
v -481.938446 -133.100721 183.916430
v -480.648955 -135.617453 183.600816
v -482.828583 -134.331658 182.091259
v -482.828583 -134.331658 182.091259
v -480.999547 -134.895740 182.846045
v -481.797295 -134.425120 182.293504
v -482.651933 -135.988546 180.723799
v -482.651933 -135.988546 180.723799
v -481.625329 -136.038902 180.961614
v -481.429038 -137.880059 179.971920
v -481.429038 -137.880059 179.971920
v -482.231866 -139.929994 179.081952
v -482.231866 -139.929994 179.081952
v -481.216155 -139.877831 179.362477
v -481.216155 -139.877831 179.362477
v -477.746922 -141.609245 177.576121
v -477.492783 -143.993517 177.812271
v -477.248463 -146.286091 178.511662
v -477.023333 -148.398926 179.647417
v -476.825857 -150.250919 181.175880
v -476.663881 -151.770775 183.038314
v -476.543499 -152.900152 185.163156
v -476.469452 -153.595537 187.468725
v -476.444450 -153.830374 189.866458
v -476.469452 -153.595537 192.264190
v -476.543499 -152.900152 194.569760
v -476.663881 -151.770775 196.694601
v -476.825857 -150.250919 198.557035
v -477.023333 -148.398940 200.085498
v -477.248463 -146.286091 201.221253
v -477.492783 -143.993517 201.920644
v -477.746922 -141.609245 202.156794
v -478.001062 -139.225057 201.920644
v -478.245381 -136.932482 201.221253
v -478.470624 -134.819592 200.085498
v -478.667987 -132.967655 198.557035
v -478.830020 -131.447742 196.694601
v -478.950346 -130.318422 194.569774
v -479.024505 -129.622953 192.264190
v -479.049507 -129.388143 189.866458
v -479.049507 -129.388143 189.866458
v -479.024505 -129.622953 187.468725
v -478.950346 -130.318422 185.163141
v -478.830020 -131.447742 183.038314
v -478.667987 -132.967655 181.175880
v -478.470624 -134.819592 179.647417
v -478.245381 -136.932482 178.511662
v -478.001062 -139.225057 177.812271
v -479.940999 -142.259239 181.046257
v -479.940999 -142.259239 181.046257
v -480.569152 -136.366129 182.982906
v -480.569152 -136.366129 182.982906
v -480.861161 -133.626129 186.744981
v -480.861161 -133.626129 186.744981
v -480.861218 -133.626158 192.987991
v -480.861218 -133.626158 192.987991
v -480.569095 -136.366157 196.750023
v -480.569095 -136.366157 196.750023
v -479.940999 -142.259239 198.686659
v -479.940999 -142.259239 198.686659
v -479.469348 -146.684684 197.265371
v -479.469348 -146.684684 197.265371
v -479.083088 -150.308316 192.195957
v -479.083088 -150.308316 192.195957
v -479.083144 -150.308344 187.537015
v -479.083144 -150.308344 187.537015
v -479.469348 -146.684754 182.467558
v -479.469348 -146.684754 182.467558
v -480.518979 -136.836298 189.866486
v -480.518979 -136.836298 189.866486
v -480.518979 -136.836298 189.866486
v -480.555099 -136.498024 192.065134
v -480.555099 -136.498024 192.065134
v -480.510852 -136.912899 190.605779
v -480.510852 -136.912899 190.605779
v -480.497814 -137.035072 191.093811
v -480.497814 -137.035072 191.093811
v -480.497814 -137.035072 188.639175
v -480.497814 -137.035072 188.639175
v -480.382738 -138.115334 194.303796
v -480.382738 -138.115334 194.303796
v -480.506449 -136.954409 191.684531
v -480.506449 -136.954409 191.684531
v -480.510852 -136.912899 189.127207
v -480.510852 -136.912899 189.127207
v -480.555099 -136.498024 187.667852
v -480.555099 -136.498024 187.667852
v -480.506449 -136.954409 188.048454
v -480.506449 -136.954409 188.048454
v -480.382738 -138.115334 185.429189
v -480.382738 -138.115334 185.429189
v -480.329291 -138.616361 185.748091
v -480.329291 -138.616361 185.748091
v -480.267097 -139.199914 194.090306
v -480.267097 -139.199914 194.090306
v -480.329291 -138.616361 193.984895
v -480.329291 -138.616361 193.984895
v -480.267097 -139.199914 185.642680
v -480.267097 -139.199914 185.642680
v -480.072894 -141.021967 184.918131
v -480.072894 -141.021967 184.918131
v -480.149988 -140.299125 185.073264
v -480.149988 -140.299125 185.073264
v -480.149988 -140.299125 185.073264
v -479.939419 -142.273913 184.070350
v -479.939419 -142.273913 184.070350
v -479.962784 -142.054948 184.624485
v -479.962784 -142.054948 184.624485
v -480.019673 -141.521258 184.884155
v -480.019673 -141.521258 184.884155
v -480.221890 -139.623720 194.357949
v -480.221890 -139.623720 194.357949
v -480.221890 -139.623720 185.375037
v -480.221890 -139.623720 185.375037
v -480.149988 -140.299125 194.659707
v -480.149988 -140.299125 194.659707
v -480.149988 -140.299125 194.659707
v -480.019673 -141.521258 194.848831
v -480.019673 -141.521258 194.848831
v -479.939419 -142.273913 195.662622
v -479.939419 -142.273913 195.662622
v -479.962784 -142.054948 195.108501
v -479.962784 -142.054948 195.108501
v -480.072894 -141.021967 194.814855
v -480.072894 -141.021967 194.814855
v -479.676193 -144.744027 185.503137
v -479.676193 -144.744027 185.503137
v -479.646337 -145.024057 193.704272
v -479.646337 -145.024057 193.704272
v -479.660559 -144.890779 194.807532
v -479.660559 -144.890779 194.807532
v -479.676193 -144.744027 194.229835
v -479.676193 -144.744027 194.229835
v -479.646337 -145.024057 186.028714
v -479.646337 -145.024057 186.028714
v -479.660559 -144.890779 184.925440
v -479.660559 -144.890779 184.925440
v -479.552707 -145.902215 186.904121
v -479.552707 -145.902215 186.904121
v -479.552707 -145.902215 186.904121
v -479.605420 -145.408088 186.351327
v -479.605420 -145.408088 186.351327
v -479.513313 -146.272292 192.185459
v -479.513313 -146.272292 192.185459
v -479.513313 -146.272292 187.547512
v -479.513313 -146.272292 187.547512
v -479.552707 -145.902215 192.828865
v -479.552707 -145.902215 192.828865
v -479.552707 -145.902215 192.828865
v -479.493447 -146.458692 188.014549
v -479.493447 -146.458692 188.014549
v -479.493447 -146.458692 191.718422
v -479.493447 -146.458692 191.718422
v -479.449651 -146.869207 188.444789
v -479.449651 -146.869207 188.444789
v -479.449651 -146.869207 191.288197
v -479.449651 -146.869207 191.288197
v -479.386610 -147.460901 191.250059
v -479.386610 -147.460901 191.250059
v -479.386610 -147.460901 188.482927
v -479.386610 -147.460901 188.482927
v -479.605420 -145.408088 193.381645
v -479.605420 -145.408088 193.381645
v -480.237072 -142.044479 179.956583
v -480.237072 -142.044479 179.956583
v -480.088471 -148.363074 181.686699
v -480.088471 -148.363074 181.686699
v -479.652771 -147.531096 181.751306
v -479.652771 -147.531096 181.751306
v -479.909619 -151.549863 185.458382
v -479.909619 -151.549863 185.458382
v -479.721286 -151.653159 186.243150
v -479.721286 -151.653159 186.243150
v -479.253812 -151.274150 186.983769
v -479.253812 -151.274150 186.983769
v -479.253812 -151.274122 192.749203
v -479.253812 -151.274122 192.749203
v -479.781562 -151.596566 193.890700
v -479.781562 -151.596566 193.890700
v -480.096146 -150.550138 196.144967
v -480.096146 -150.550138 196.144967
v -480.088584 -148.363060 198.046287
v -480.088584 -148.363060 198.046287
v -480.176909 -149.084899 197.687145
v -480.176909 -149.084899 197.687145
v -479.652771 -147.531067 197.981652
v -479.652771 -147.531067 197.981652
v -480.237072 -142.044493 199.776402
v -480.237072 -142.044493 199.776402
v -480.804272 -141.508334 200.285627
v -480.804272 -141.508334 200.285627
v -481.327845 -136.172575 198.525232
v -481.327845 -136.172575 198.525232
v -480.886445 -135.956108 197.761981
v -480.886445 -135.956108 197.761981
v -481.837535 -131.948064 192.682535
v -481.837535 -131.948064 192.682535
v -482.010179 -131.602326 191.975553
v -482.010179 -131.602326 191.975553
v -481.271746 -132.559158 193.089396
v -481.271746 -132.559158 193.089396
v -482.100084 -131.331156 189.866486
v -482.100084 -131.331156 189.866486
v -482.007865 -131.593959 187.795684
v -482.007865 -131.593959 187.795684
v -481.837535 -131.948007 187.050450
v -481.837535 -131.948007 187.050450
v -481.246180 -132.581719 186.643661
v -481.246180 -132.581719 186.643661
v -480.908287 -135.950944 181.948443
v -480.908287 -135.950944 181.948443
v -481.327845 -136.172604 181.207697
v -481.327845 -136.172604 181.207697
v -480.804215 -141.508306 179.447359
v -480.804215 -141.508306 179.447359
v -478.623232 -133.387637 186.744981
v -478.623232 -133.387637 192.987991
v -478.281106 -136.597722 189.866486
v -478.281106 -136.597722 189.866486
v -478.317170 -136.259504 192.065134
v -478.272923 -136.674406 190.605779
v -478.259886 -136.796580 191.093811
v -478.259886 -136.796580 188.639175
v -478.268521 -136.715916 191.684531
v -478.272923 -136.674406 189.127207
v -478.317170 -136.259504 187.667852
v -478.268521 -136.715916 188.048454
v -478.811057 -131.625493 192.682535
v -478.849379 -131.265462 191.975553
v -478.740284 -132.289329 193.089396
v -478.879008 -130.987845 189.866486
v -478.850282 -131.257448 187.795684
v -478.811057 -131.625493 187.050450
v -478.737632 -132.314359 186.643661
v -478.181324 -137.533898 179.971920
v -477.968384 -139.531656 179.362477
v -477.703070 -142.020719 181.046257
v -478.331223 -136.127637 182.982906
v -478.144752 -137.876842 185.429189
v -478.091362 -138.377841 185.748091
v -478.029168 -138.961422 185.642680
v -477.834965 -140.783475 184.918131
v -477.912003 -140.060633 185.073264
v -477.912003 -140.060633 185.073264
v -477.701546 -142.035336 184.070350
v -477.724855 -141.816428 184.624485
v -477.781744 -141.282738 184.884155
v -477.984018 -139.385143 185.375037
v -477.729032 -141.777175 179.956583
v -478.378744 -135.681355 181.948443
v -478.360063 -135.856298 181.207697
v -477.791903 -141.187231 179.447359
v -477.968384 -139.531656 200.370439
v -478.181324 -137.533898 199.760995
v -478.331167 -136.127665 196.750023
v -477.703070 -142.020719 198.686659
v -478.144752 -137.876842 194.303796
v -478.029168 -138.961422 194.090306
v -478.091362 -138.377841 193.984895
v -477.984018 -139.385143 194.357949
v -477.912003 -140.060633 194.659707
v -477.912003 -140.060633 194.659707
v -477.781744 -141.282752 194.848831
v -477.701546 -142.035336 195.662622
v -477.724855 -141.816428 195.108501
v -477.834965 -140.783475 194.814855
v -477.729032 -141.777175 199.776402
v -477.791903 -141.187231 200.285627
v -478.360063 -135.856298 198.525232
v -478.378010 -135.688692 197.761981
v -477.231419 -146.446191 197.265371
v -476.845159 -150.069824 192.195957
v -477.408465 -144.785480 193.704272
v -477.422631 -144.652259 194.807532
v -477.438207 -144.505506 194.229835
v -477.275384 -146.033744 192.185459
v -477.314834 -145.663653 192.828865
v -477.314834 -145.663653 192.828865
v -477.255462 -146.220200 191.718422
v -477.211722 -146.630658 191.288197
v -477.148738 -147.222324 191.250059
v -477.367491 -145.169568 193.381645
v -476.745377 -151.006692 192.749203
v -476.717271 -151.269946 193.890700
v -476.831049 -150.202185 196.144967
v -477.061485 -148.040419 198.046287
v -476.986366 -148.744918 197.687145
v -477.144336 -147.263651 197.981652
v -476.944320 -149.139588 182.293504
v -476.803169 -150.463957 183.916430
v -476.845159 -150.069824 187.537015
v -477.231419 -146.446206 182.467558
v -477.438207 -144.505506 185.503137
v -477.408465 -144.785480 186.028714
v -477.422631 -144.652259 184.925440
v -477.314778 -145.663695 186.904121
v -477.314778 -145.663695 186.904121
v -477.367491 -145.169568 186.351327
v -477.275384 -146.033744 187.547512
v -477.255462 -146.220200 188.014549
v -477.211722 -146.630658 188.444789
v -477.148738 -147.222324 188.482927
v -477.061485 -148.040419 181.686699
v -477.144279 -147.263750 181.751306
v -476.723648 -151.210291 185.458382
v -476.710611 -151.332225 186.243150
v -476.745377 -151.006720 186.983769
v -473.447659 -141.151040 178.870677
v -473.447659 -141.151040 178.870677
v -472.623610 -148.882457 182.091259
v -472.623610 -148.882457 182.091259
v -472.304680 -151.874846 192.011631
v -472.304680 -151.874846 192.011631
v -473.001659 -145.335269 200.025237
v -473.001659 -145.335269 200.025237
v -473.220355 -143.284122 200.650963
v -473.220355 -143.284122 200.650963
v -473.675047 -139.017987 200.650963
v -473.675047 -139.017987 200.650963
v -474.416640 -132.059853 183.757529
v -474.416640 -132.059853 183.757529
v -473.893574 -136.966881 179.707679
v -473.893574 -136.966881 179.707679
v -473.193576 -143.535227 177.812271
v -473.193576 -143.535227 177.812271
v -473.447659 -141.151040 177.576121
v -473.447659 -141.151040 177.576121
v -472.949200 -145.827887 178.511662
v -472.949200 -145.827887 178.511662
v -472.723985 -147.940721 179.647417
v -472.723985 -147.940721 179.647417
v -472.526593 -149.792714 181.175880
v -472.526593 -149.792714 181.175880
v -472.364589 -151.312542 183.038314
v -472.364589 -151.312542 183.038314
v -472.244263 -152.441863 185.163156
v -472.244263 -152.441863 185.163156
v -472.170104 -153.137318 187.468725
v -472.170104 -153.137318 187.468725
v -472.145102 -153.372170 189.866458
v -472.145102 -153.372170 189.866458
v -472.170104 -153.137318 192.264190
v -472.170104 -153.137318 192.264190
v -472.244263 -152.441863 194.569760
v -472.244263 -152.441863 194.569760
v -472.364589 -151.312542 196.694601
v -472.364589 -151.312542 196.694601
v -472.526593 -149.792714 198.557035
v -472.526593 -149.792714 198.557035
v -472.723985 -147.940721 200.085498
v -472.723985 -147.940721 200.085498
v -472.949200 -145.827887 201.221253
v -472.949200 -145.827887 201.221253
v -473.193576 -143.535227 201.920644
v -473.193576 -143.535227 201.920644
v -473.447659 -141.151040 202.156794
v -473.447659 -141.151040 202.156794
v -473.701742 -138.766853 201.920644
v -473.701742 -138.766853 201.920644
v -473.946117 -136.474221 201.221253
v -473.946117 -136.474221 201.221253
v -474.171361 -134.361345 200.085498
v -474.171361 -134.361345 200.085498
v -474.368724 -132.509366 198.557035
v -474.368724 -132.509366 198.557035
v -474.530757 -130.989524 196.694601
v -474.530757 -130.989524 196.694601
v -474.651082 -129.860203 194.569774
v -474.651082 -129.860203 194.569774
v -474.725185 -129.164748 192.264190
v -474.725185 -129.164748 192.264190
v -474.750243 -128.929938 189.866458
v -474.750243 -128.929938 189.866458
v -474.750243 -128.929938 189.866458
v -474.725185 -129.164748 187.468725
v -474.725185 -129.164748 187.468725
v -474.651082 -129.860203 185.163141
v -474.651082 -129.860203 185.163141
v -474.530757 -130.989524 183.038314
v -474.530757 -130.989524 183.038314
v -474.368724 -132.509366 181.175880
v -474.368724 -132.509366 181.175880
v -474.171361 -134.361345 179.647417
v -474.171361 -134.361345 179.647417
v -473.946117 -136.474221 178.511662
v -473.946117 -136.474221 178.511662
v -473.701742 -138.766853 177.812271
v -473.701742 -138.766853 177.812271
v -475.325796 -143.089707 181.175767
v -473.262035 -143.288608 179.081952
v -473.262035 -143.288608 179.081952
v -475.033166 -143.267952 180.128860
v -474.277746 -143.340729 179.362477
v -474.499208 -141.263140 179.156690
v -475.149597 -144.742616 181.680011
v -473.043395 -145.339672 179.707679
v -473.043395 -145.339672 179.707679
v -474.835747 -145.119931 180.693845
v -474.064806 -145.338515 179.971920
v -472.841912 -147.230028 180.723799
v -472.841912 -147.230028 180.723799
v -474.653848 -146.826752 181.611326
v -473.868628 -147.179615 180.961614
v -473.696549 -148.793454 182.293504
v -473.696549 -148.793454 182.293504
v -472.520442 -150.246658 183.757529
v -472.520442 -150.246658 183.757529
v -473.555398 -150.117852 183.916430
v -473.555398 -150.117852 183.916430
v -472.412730 -151.257050 185.658553
v -472.412730 -151.257050 185.658553
v -473.450537 -151.101959 185.768000
v -474.587928 -150.012483 188.137767
v -472.346416 -151.879249 187.721284
v -472.346416 -151.879249 187.721284
v -474.206409 -151.024681 187.929526
v -473.385944 -151.707988 187.777087
v -474.569868 -150.181811 189.866458
v -472.323982 -152.089338 189.866458
v -472.323982 -152.089338 189.866458
v -474.186204 -151.214340 189.866458
v -473.364159 -151.912575 189.866458
v -474.587928 -150.012483 191.595148
v -474.206409 -151.024681 191.803389
v -473.385944 -151.707988 191.955828
v -472.412730 -151.257050 194.074363
v -472.412730 -151.257050 194.074363
v -473.450537 -151.101959 193.964916
v -472.520442 -150.246658 195.975386
v -472.520442 -150.246658 195.975386
v -472.665346 -148.886859 197.641656
v -472.665346 -148.886859 197.641656
v -473.696549 -148.793454 197.439411
v -472.841912 -147.230028 199.009116
v -472.841912 -147.230028 199.009116
v -474.653848 -146.826752 198.121589
v -473.868628 -147.179615 198.771301
v -475.149597 -144.742616 198.052904
v -474.835747 -145.119931 199.039070
v -474.064806 -145.338515 199.760995
v -475.325796 -143.089721 198.557148
v -475.033166 -143.267952 199.604055
v -474.277802 -143.340686 200.370439
v -473.489310 -141.155527 200.862238
v -473.489310 -141.155527 200.862238
v -474.499208 -141.263140 200.576225
v -474.720614 -139.185523 200.370439
v -474.720614 -139.185523 200.370439
v -473.935338 -136.971298 200.025237
v -473.935338 -136.971298 200.025237
v -474.933553 -137.187765 199.760995
v -474.933553 -137.187765 199.760995
v -474.136821 -135.080941 199.009116
v -474.136821 -135.080941 199.009116
v -475.129788 -135.346608 198.771301
v -476.173097 -135.140356 196.132100
v -474.313415 -133.424054 197.641656
v -474.313415 -133.424054 197.641656
v -475.982450 -134.361034 196.886871
v -475.301810 -133.732825 197.439411
v -476.289811 -134.044630 194.789345
v -474.458347 -132.064340 195.975386
v -474.458347 -132.064340 195.975386
v -476.113330 -133.133272 195.382365
v -475.442961 -132.408427 195.816485
v -476.376612 -133.230401 193.257397
v -474.565974 -131.053919 194.074363
v -474.565974 -131.053919 194.074363
v -476.210516 -132.220997 193.665880
v -475.547823 -131.424321 193.964916
v -474.632345 -130.431721 192.011631
v -474.632345 -130.431721 192.011631
v -475.612444 -130.818291 191.955828
v -474.654751 -130.221631 189.866458
v -474.654751 -130.221631 189.866458
v -474.632345 -130.431721 187.721284
v -474.632345 -130.431721 187.721284
v -475.612444 -130.818291 187.777087
v -476.376612 -133.230401 186.475518
v -474.565974 -131.053919 185.658553
v -474.565974 -131.053919 185.658553
v -476.210516 -132.220997 186.067035
v -475.547823 -131.424321 185.768000
v -476.289811 -134.044630 184.943584
v -476.113330 -133.133272 184.350550
v -475.442961 -132.408427 183.916430
v -476.173097 -135.140356 183.600816
v -474.313415 -133.424054 182.091259
v -474.313415 -133.424054 182.091259
v -475.982450 -134.361034 182.846045
v -475.301810 -133.732825 182.293504
v -474.136821 -135.080941 180.723799
v -474.136821 -135.080941 180.723799
v -475.129788 -135.346608 180.961614
v -474.933553 -137.187765 179.971920
v -474.933553 -137.187765 179.971920
v -473.716754 -139.022389 179.081952
v -473.716754 -139.022389 179.081952
v -474.720614 -139.185523 179.362477
v -474.720614 -139.185523 179.362477
v -475.465198 -141.782142 181.046257
v -475.465198 -141.782142 181.046257
v -476.093294 -135.889060 182.982906
v -476.093294 -135.889060 182.982906
v -476.385303 -133.149117 186.744981
v -476.385303 -133.149117 186.744981
v -476.385303 -133.149145 192.987991
v -476.385303 -133.149145 192.987991
v -476.093294 -135.889088 196.750023
v -476.093294 -135.889088 196.750023
v -475.465198 -141.782142 198.686659
v -475.465198 -141.782142 198.686659
v -474.993490 -146.207671 197.265371
v -474.993490 -146.207671 197.265371
v -474.607286 -149.831247 192.195957
v -474.607286 -149.831247 192.195957
v -474.607286 -149.831275 187.537015
v -474.607286 -149.831275 187.537015
v -474.993490 -146.207685 182.467558
v -474.993490 -146.207685 182.467558
v -476.043177 -136.359229 189.866486
v -476.043177 -136.359229 189.866486
v -476.043177 -136.359229 189.866486
v -476.079241 -136.021012 192.065134
v -476.079241 -136.021012 192.065134
v -476.034994 -136.435886 190.605779
v -476.034994 -136.435886 190.605779
v -476.021957 -136.558060 191.093811
v -476.021957 -136.558060 191.093811
v -476.021957 -136.558060 188.639175
v -476.021957 -136.558060 188.639175
v -475.906824 -137.638322 194.303796
v -475.906824 -137.638322 194.303796
v -476.030592 -136.477396 191.684531
v -476.030592 -136.477396 191.684531
v -476.034994 -136.435886 189.127207
v -476.034994 -136.435886 189.127207
v -476.079241 -136.021012 187.667852
v -476.079241 -136.021012 187.667852
v -476.030592 -136.477396 188.048454
v -476.030592 -136.477396 188.048454
v -475.906824 -137.638322 185.429189
v -475.906824 -137.638322 185.429189
v -475.853433 -138.139321 185.748091
v -475.853433 -138.139321 185.748091
v -475.791239 -138.722845 194.090306
v -475.791239 -138.722845 194.090306
v -475.853433 -138.139321 193.984895
v -475.853433 -138.139321 193.984895
v -475.791239 -138.722845 185.642680
v -475.791239 -138.722845 185.642680
v -475.597036 -140.544898 184.918131
v -475.597036 -140.544898 184.918131
v -475.674074 -139.822113 185.073264
v -475.674074 -139.822113 185.073264
v -475.674074 -139.822113 185.073264
v -475.463617 -141.796816 184.070350
v -475.463617 -141.796816 184.070350
v -475.486926 -141.577936 184.624485
v -475.486926 -141.577936 184.624485
v -475.543816 -141.044232 184.884155
v -475.543816 -141.044232 184.884155
v -475.746032 -139.146651 194.357949
v -475.746032 -139.146651 194.357949
v -475.746032 -139.146651 185.375037
v -475.746032 -139.146651 185.375037
v -475.674074 -139.822113 194.659707
v -475.674074 -139.822113 194.659707
v -475.674074 -139.822113 194.659707
v -475.543816 -141.044232 194.848831
v -475.543816 -141.044232 194.848831
v -475.463617 -141.796816 195.662622
v -475.463617 -141.796816 195.662622
v -475.486926 -141.577936 195.108501
v -475.486926 -141.577936 195.108501
v -475.597093 -140.544898 194.814855
v -475.597093 -140.544898 194.814855
v -475.200335 -144.266930 185.503137
v -475.200335 -144.266930 185.503137
v -475.170479 -144.546960 193.704272
v -475.170479 -144.546960 193.704272
v -475.184758 -144.413682 194.807532
v -475.184758 -144.413682 194.807532
v -475.200335 -144.266930 194.229835
v -475.200335 -144.266930 194.229835
v -475.170479 -144.546960 186.028714
v -475.170479 -144.546960 186.028714
v -475.184758 -144.413682 184.925440
v -475.184758 -144.413682 184.925440
v -475.076906 -145.425133 186.904121
v -475.076906 -145.425133 186.904121
v -475.076906 -145.425133 186.904121
v -475.129562 -144.931076 186.351327
v -475.129562 -144.931076 186.351327
v -475.037456 -145.795223 192.185459
v -475.037456 -145.795223 192.185459
v -475.037456 -145.795223 187.547512
v -475.037456 -145.795223 187.547512
v -475.076906 -145.425133 192.828865
v -475.076906 -145.425133 192.828865
v -475.076906 -145.425133 192.828865
v -475.017589 -145.981623 188.014549
v -475.017589 -145.981623 188.014549
v -475.017589 -145.981623 191.718422
v -475.017589 -145.981623 191.718422
v -474.973794 -146.392138 188.444789
v -474.973794 -146.392138 188.444789
v -474.973794 -146.392138 191.288197
v -474.973794 -146.392138 191.288197
v -474.910753 -146.983832 191.250059
v -474.910753 -146.983832 191.250059
v -474.910753 -146.983832 188.482927
v -474.910753 -146.983832 188.482927
v -475.129562 -144.931076 193.381645
v -475.129562 -144.931076 193.381645
v -475.220935 -141.509872 179.956583
v -475.220935 -141.509872 179.956583
v -474.034443 -147.717792 181.686699
v -474.034443 -147.717792 181.686699
v -474.635731 -146.996375 181.751306
v -474.635731 -146.996375 181.751306
v -473.537620 -150.870705 185.458382
v -473.537620 -150.870705 185.458382
v -473.699992 -151.011320 186.243150
v -473.699992 -151.011320 186.243150
v -474.236829 -150.739430 186.983769
v -474.236829 -150.739430 186.983769
v -474.236829 -150.739360 192.749203
v -474.236829 -150.739360 192.749203
v -473.652979 -150.943340 193.890700
v -473.652979 -150.943340 193.890700
v -473.566065 -149.854175 196.144967
v -473.566065 -149.854175 196.144967
v -474.034386 -147.717806 198.046287
v -474.034386 -147.717806 198.046287
v -473.795936 -148.404866 197.687145
v -473.795936 -148.404866 197.687145
v -474.635731 -146.996333 197.981652
v -474.635731 -146.996333 197.981652
v -475.220935 -141.509858 199.776402
v -475.220935 -141.509858 199.776402
v -474.779535 -140.866184 200.285627
v -474.779535 -140.866184 200.285627
v -475.392337 -135.539936 198.525232
v -475.392337 -135.539936 198.525232
v -475.869462 -135.421346 197.761981
v -475.869462 -135.421346 197.761981
v -475.784466 -131.302909 192.682535
v -475.784466 -131.302909 192.682535
v -475.688579 -130.928585 191.975553
v -475.688579 -130.928585 191.975553
v -476.208822 -132.019542 193.089396
v -476.208822 -132.019542 193.089396
v -475.657933 -130.644533 189.866486
v -475.657933 -130.644533 189.866486
v -475.692755 -130.920881 187.795684
v -475.692755 -130.920881 187.795684
v -475.784523 -131.302951 187.050450
v -475.784523 -131.302951 187.050450
v -476.229140 -132.047013 186.643661
v -476.229140 -132.047013 186.643661
v -475.849257 -135.411723 181.948443
v -475.849257 -135.411723 181.948443
v -475.392337 -135.539978 181.207697
v -475.392337 -135.539978 181.207697
v -474.779591 -140.866184 179.447359
v -474.779591 -140.866184 179.447359
v -479.984851 -141.847807 188.542567
v -479.984851 -141.847807 188.542567
v -481.142278 -141.971194 188.542567
v -481.142278 -141.971194 188.542567
v -479.914699 -142.506042 188.719937
v -479.914699 -142.506042 188.719937
v -481.072126 -142.629429 188.719937
v -481.072126 -142.629429 188.719937
v -479.863397 -142.987837 189.204527
v -479.863397 -142.987837 189.204527
v -481.020767 -143.111224 189.204527
v -481.020767 -143.111224 189.204527
v -479.844490 -143.164248 189.866472
v -479.844490 -143.164248 189.866472
v -481.001973 -143.287635 189.866472
v -481.001973 -143.287635 189.866472
v -479.863397 -142.987837 190.528431
v -479.863397 -142.987837 190.528431
v -481.020767 -143.111224 190.528431
v -481.020767 -143.111224 190.528431
v -479.914699 -142.506042 191.013006
v -479.914699 -142.506042 191.013006
v -481.072126 -142.629429 191.013006
v -481.072126 -142.629429 191.013006
v -479.984851 -141.847807 191.190376
v -479.984851 -141.847807 191.190376
v -481.142278 -141.971194 191.190376
v -481.142278 -141.971194 191.190376
v -480.055060 -141.189531 191.013006
v -480.055060 -141.189531 191.013006
v -481.212430 -141.312918 191.013006
v -481.212430 -141.312918 191.013006
v -480.106362 -140.707735 190.528431
v -480.106362 -140.707735 190.528431
v -481.263789 -140.831122 190.528431
v -481.263789 -140.831122 190.528431
v -480.125212 -140.531325 189.866472
v -480.125212 -140.531325 189.866472
v -480.125212 -140.531325 189.866472
v -481.282639 -140.654712 189.866472
v -481.282639 -140.654712 189.866472
v -481.282639 -140.654712 189.866472
v -480.106362 -140.707735 189.204527
v -480.106362 -140.707735 189.204527
v -481.263789 -140.831122 189.204527
v -481.263789 -140.831122 189.204527
v -480.055060 -141.189531 188.719937
v -480.055060 -141.189531 188.719937
v -481.212430 -141.312918 188.719937
v -481.212430 -141.312918 188.719937
v -475.508993 -141.370738 185.903112
v -475.508993 -141.370738 185.903112
v -471.552307 -140.949021 185.903112
v -471.552307 -140.949021 185.903112
v -475.299045 -143.341251 186.434107
v -475.299045 -143.341251 186.434107
v -471.342218 -142.919561 186.434107
v -471.342218 -142.919561 186.434107
v -475.145252 -144.783787 187.884813
v -475.145252 -144.783787 187.884813
v -471.188481 -144.362126 187.884813
v -471.188481 -144.362126 187.884813
v -475.088983 -145.311791 189.866514
v -475.088983 -145.311791 189.866514
v -471.132269 -144.890074 189.866514
v -471.132269 -144.890074 189.866514
v -475.145252 -144.783787 191.848215
v -475.145252 -144.783787 191.848215
v -471.188481 -144.362126 191.848215
v -471.188481 -144.362126 191.848215
v -475.299045 -143.341251 193.298907
v -475.299045 -143.341251 193.298907
v -471.342218 -142.919561 193.298907
v -471.342218 -142.919561 193.298907
v -475.508993 -141.370738 193.829902
v -475.508993 -141.370738 193.829902
v -471.552307 -140.949021 193.829902
v -471.552307 -140.949021 193.829902
v -475.719055 -139.400198 193.298907
v -475.719055 -139.400198 193.298907
v -471.762312 -138.978480 193.298907
v -471.762312 -138.978480 193.298907
v -475.872848 -137.957661 191.848201
v -475.872848 -137.957661 191.848201
v -471.916106 -137.535916 191.848201
v -471.916106 -137.535916 191.848201
v -475.929117 -137.429657 189.866514
v -475.929117 -137.429657 189.866514
v -475.929117 -137.429657 189.866514
v -471.972318 -137.007968 189.866514
v -471.972318 -137.007968 189.866514
v -471.972318 -137.007968 189.866514
v -475.872848 -137.957661 187.884813
v -475.872848 -137.957661 187.884813
v -471.916106 -137.535916 187.884813
v -471.916106 -137.535916 187.884813
v -475.719055 -139.400198 186.434107
v -475.719055 -139.400198 186.434107
v -471.762312 -138.978480 186.434107
v -471.762312 -138.978480 186.434107
v -480.324437 -138.662005 189.406814
v -480.324437 -138.662005 189.406814
v -480.711657 -138.703275 189.406814
v -480.711657 -138.703275 189.406814
v -480.300056 -138.890536 189.468388
v -480.300056 -138.890536 189.468388
v -480.687333 -138.931792 189.468388
v -480.687333 -138.931792 189.468388
v -480.282278 -139.057818 189.636643
v -480.282278 -139.057818 189.636643
v -480.669442 -139.099116 189.636643
v -480.669442 -139.099116 189.636643
v -480.275732 -139.119053 189.866472
v -480.275732 -139.119053 189.866472
v -480.662895 -139.160379 189.866472
v -480.662895 -139.160379 189.866472
v -480.282278 -139.057818 190.096315
v -480.282278 -139.057818 190.096315
v -480.669442 -139.099116 190.096315
v -480.669442 -139.099116 190.096315
v -480.300056 -138.890536 190.264556
v -480.300056 -138.890536 190.264556
v -480.687333 -138.931792 190.264556
v -480.687333 -138.931792 190.264556
v -480.324437 -138.662005 190.326144
v -480.324437 -138.662005 190.326144
v -480.711657 -138.703275 190.326144
v -480.711657 -138.703275 190.326144
v -480.348706 -138.433503 190.264556
v -480.348706 -138.433503 190.264556
v -480.736038 -138.474745 190.264556
v -480.736038 -138.474745 190.264556
v -480.366597 -138.266165 190.096315
v -480.366597 -138.266165 190.096315
v -480.753816 -138.307477 190.096315
v -480.753816 -138.307477 190.096315
v -480.373087 -138.204915 189.866472
v -480.373087 -138.204915 189.866472
v -480.373087 -138.204915 189.866472
v -480.760363 -138.246242 189.866472
v -480.760363 -138.246242 189.866472
v -480.760363 -138.246242 189.866472
v -480.366597 -138.266165 189.636643
v -480.366597 -138.266165 189.636643
v -480.753816 -138.307477 189.636643
v -480.753816 -138.307477 189.636643
v -480.348706 -138.433503 189.468388
v -480.348706 -138.433503 189.468388
v -480.736038 -138.474745 189.468388
v -480.736038 -138.474745 189.468388
v -480.136048 -140.428622 192.771467
v -480.136048 -140.428622 192.771467
v -480.523381 -140.469892 192.771467
v -480.523381 -140.469892 192.771467
v -480.122390 -140.557498 192.571903
v -480.122390 -140.557498 192.571903
v -480.509610 -140.598768 192.571903
v -480.509610 -140.598768 192.571903
v -480.099928 -140.768279 192.463881
v -480.099928 -140.768279 192.463881
v -480.487148 -140.809577 192.463881
v -480.487148 -140.809577 192.463881
v -480.074700 -141.004598 192.476340
v -480.074700 -141.004598 192.476340
v -480.462033 -141.045840 192.476340
v -480.462033 -141.045840 192.476340
v -480.053592 -141.202991 192.605935
v -480.053592 -141.202991 192.605935
v -480.440869 -141.244261 192.605935
v -480.440869 -141.244261 192.605935
v -480.042192 -141.310392 192.817930
v -480.042192 -141.310392 192.817930
v -480.429355 -141.351719 192.817930
v -480.429355 -141.351719 192.817930
v -480.043434 -141.298032 193.055547
v -480.043434 -141.298032 193.055547
v -480.430766 -141.339303 193.055547
v -480.430766 -141.339303 193.055547
v -480.057204 -141.169185 193.255111
v -480.057204 -141.169185 193.255111
v -480.444424 -141.210427 193.255111
v -480.444424 -141.210427 193.255111
v -480.079667 -140.958347 193.363133
v -480.079667 -140.958347 193.363133
v -480.466999 -140.999617 193.363133
v -480.466999 -140.999617 193.363133
v -480.104838 -140.722084 193.350675
v -480.104838 -140.722084 193.350675
v -480.492114 -140.763355 193.350675
v -480.492114 -140.763355 193.350675
v -480.125946 -140.523663 193.221079
v -480.125946 -140.523663 193.221079
v -480.513278 -140.564933 193.221079
v -480.513278 -140.564933 193.221079
v -480.137459 -140.416234 193.009071
v -480.137459 -140.416234 193.009071
v -480.137459 -140.416234 193.009071
v -480.524735 -140.457476 193.009071
v -480.524735 -140.457476 193.009071
v -480.524735 -140.457476 193.009071
v -479.738782 -144.156523 192.121529
v -479.738782 -144.156523 192.121529
v -480.126059 -144.197793 192.121529
v -480.126059 -144.197793 192.121529
v -479.754641 -144.007570 191.936611
v -479.754641 -144.007570 191.936611
v -480.141974 -144.048840 191.936611
v -480.141974 -144.048840 191.936611
v -479.758592 -143.970575 191.701590
v -479.758592 -143.970575 191.701590
v -479.758592 -143.970575 191.701590
v -480.145868 -144.011873 191.701590
v -480.145868 -144.011873 191.701590
v -480.145868 -144.011873 191.701590
v -479.749562 -144.055373 191.479465
v -479.749562 -144.055373 191.479465
v -480.136838 -144.096643 191.479465
v -480.136838 -144.096643 191.479465
v -479.729978 -144.239219 191.329721
v -479.729978 -144.239219 191.329721
v -480.117254 -144.280489 191.329721
v -480.117254 -144.280489 191.329721
v -479.705089 -144.472942 191.292500
v -479.705089 -144.472942 191.292500
v -480.092309 -144.514184 191.292500
v -480.092309 -144.514184 191.292500
v -479.681498 -144.693839 191.377764
v -479.681498 -144.693839 191.377764
v -480.068774 -144.735110 191.377764
v -480.068774 -144.735110 191.377764
v -479.665639 -144.842737 191.562682
v -479.665639 -144.842737 191.562682
v -480.052915 -144.883978 191.562682
v -480.052915 -144.883978 191.562682
v -479.661688 -144.879732 191.797689
v -479.661688 -144.879732 191.797689
v -480.049021 -144.921002 191.797689
v -480.049021 -144.921002 191.797689
v -479.670775 -144.794934 192.019828
v -479.670775 -144.794934 192.019828
v -480.057995 -144.836218 192.019828
v -480.057995 -144.836218 192.019828
v -479.690359 -144.611088 192.169572
v -479.690359 -144.611088 192.169572
v -480.077578 -144.652358 192.169572
v -480.077578 -144.652358 192.169572
v -479.715248 -144.377364 192.206793
v -479.715248 -144.377364 192.206793
v -480.102468 -144.418677 192.206793
v -480.102468 -144.418677 192.206793
v -479.681498 -144.693839 188.355180
v -479.681498 -144.693839 188.355180
v -480.068774 -144.735110 188.355180
v -480.068774 -144.735110 188.355180
v -479.705089 -144.472942 188.440457
v -479.705089 -144.472942 188.440457
v -480.092309 -144.514184 188.440457
v -480.092309 -144.514184 188.440457
v -479.729978 -144.239219 188.403237
v -479.729978 -144.239219 188.403237
v -480.117254 -144.280489 188.403237
v -480.117254 -144.280489 188.403237
v -479.749562 -144.055373 188.253493
v -479.749562 -144.055373 188.253493
v -480.136838 -144.096643 188.253493
v -480.136838 -144.096643 188.253493
v -479.758592 -143.970575 188.031354
v -479.758592 -143.970575 188.031354
v -479.758592 -143.970575 188.031354
v -480.145868 -144.011873 188.031354
v -480.145868 -144.011873 188.031354
v -480.145868 -144.011873 188.031354
v -479.754641 -144.007570 187.796347
v -479.754641 -144.007570 187.796347
v -480.141974 -144.048840 187.796347
v -480.141974 -144.048840 187.796347
v -479.738782 -144.156523 187.611428
v -479.738782 -144.156523 187.611428
v -480.126059 -144.197793 187.611428
v -480.126059 -144.197793 187.611428
v -479.715248 -144.377350 187.526151
v -479.715248 -144.377350 187.526151
v -480.102468 -144.418677 187.526151
v -480.102468 -144.418677 187.526151
v -479.690359 -144.611088 187.563385
v -479.690359 -144.611088 187.563385
v -480.077578 -144.652358 187.563385
v -480.077578 -144.652358 187.563385
v -479.670775 -144.794934 187.713115
v -479.670775 -144.794934 187.713115
v -480.057995 -144.836218 187.713115
v -480.057995 -144.836218 187.713115
v -479.661688 -144.879732 187.935254
v -479.661688 -144.879732 187.935254
v -480.049021 -144.921002 187.935254
v -480.049021 -144.921002 187.935254
v -479.665639 -144.842737 188.170275
v -479.665639 -144.842737 188.170275
v -480.052915 -144.883978 188.170275
v -480.052915 -144.883978 188.170275
v -480.043434 -141.298032 186.677396
v -480.043434 -141.298032 186.677396
v -480.430766 -141.339303 186.677396
v -480.430766 -141.339303 186.677396
v -480.042192 -141.310392 186.915014
v -480.042192 -141.310392 186.915014
v -480.429355 -141.351719 186.915014
v -480.429355 -141.351719 186.915014
v -480.053592 -141.202991 187.127022
v -480.053592 -141.202991 187.127022
v -480.440869 -141.244261 187.127022
v -480.440869 -141.244261 187.127022
v -480.074700 -141.004598 187.256618
v -480.074700 -141.004598 187.256618
v -480.462033 -141.045840 187.256618
v -480.462033 -141.045840 187.256618
v -480.099928 -140.768279 187.269062
v -480.099928 -140.768279 187.269062
v -480.487148 -140.809577 187.269062
v -480.487148 -140.809577 187.269062
v -480.122390 -140.557498 187.161040
v -480.122390 -140.557498 187.161040
v -480.509610 -140.598768 187.161040
v -480.509610 -140.598768 187.161040
v -480.136048 -140.428622 186.961490
v -480.136048 -140.428622 186.961490
v -480.136048 -140.428622 186.961490
v -480.523381 -140.469892 186.961490
v -480.523381 -140.469892 186.961490
v -480.523381 -140.469892 186.961490
v -480.137459 -140.416234 186.723873
v -480.137459 -140.416234 186.723873
v -480.524735 -140.457476 186.723873
v -480.524735 -140.457476 186.723873
v -480.125946 -140.523663 186.511864
v -480.125946 -140.523663 186.511864
v -480.513278 -140.564933 186.511864
v -480.513278 -140.564933 186.511864
v -480.104838 -140.722084 186.382269
v -480.104838 -140.722084 186.382269
v -480.492114 -140.763355 186.382269
v -480.492114 -140.763355 186.382269
v -480.079667 -140.958347 186.369824
v -480.079667 -140.958347 186.369824
v -480.466999 -140.999617 186.369824
v -480.466999 -140.999617 186.369824
v -480.057204 -141.169185 186.477846
v -480.057204 -141.169185 186.477846
v -480.444424 -141.210427 186.477846
v -480.444424 -141.210427 186.477846
vt 0.351570 0.802580
vt 0.992961 0.505190
vt 0.357914 0.797591
vt 0.993673 0.497906
vt 0.358128 0.787772
vt 0.987300 0.491531
vt 0.349959 0.782109
vt 0.978458 0.493289
vt 0.347898 0.782127
vt 0.977133 0.494614
vt 0.975376 0.497906
vt 0.344029 0.783405
vt 0.985463 0.510196
vt 0.341929 0.800520
vt 0.990592 0.508072
vt 0.347536 0.802817
vt 0.981376 0.558972
vt 0.994752 0.503783
vt 0.981376 0.556877
vt 0.993953 0.505720
vt 0.995160 0.501728
vt 0.981376 0.561067
vt 0.995159 0.499634
vt 0.981376 0.563161
vt 0.994751 0.497579
vt 0.981376 0.565256
vt 0.993949 0.495644
vt 0.981376 0.567351
vt 0.992785 0.493901
vt 0.981376 0.569446
vt 0.991304 0.492420
vt 0.981376 0.571540
vt 0.989562 0.491256
vt 0.981376 0.573635
vt 0.987626 0.490454
vt 0.981376 0.575730
vt 0.985572 0.490045
vt 0.981376 0.577825
vt 0.983477 0.490045
vt 0.981376 0.579920
vt 0.981422 0.490454
vt 0.981376 0.582014
vt 0.979487 0.491256
vt 0.981376 0.584109
vt 0.977744 0.492419
vt 0.981376 0.586204
vt 0.981376 0.588299
vt 0.976263 0.493901
vt 0.981376 0.590394
vt 0.975100 0.495643
vt 0.981376 0.592488
vt 0.974299 0.497579
vt 0.981376 0.594583
vt 0.973890 0.499634
vt 0.981376 0.596678
vt 0.973890 0.501729
vt 0.981376 0.598773
vt 0.974299 0.503784
vt 0.981376 0.600868
vt 0.975101 0.505719
vt 0.981376 0.602962
vt 0.976265 0.507461
vt 0.981376 0.605057
vt 0.977746 0.508943
vt 0.981376 0.540118
vt 0.981376 0.607152
vt 0.979488 0.510107
vt 0.981376 0.542213
vt 0.981424 0.510908
vt 0.981376 0.544308
vt 0.983478 0.511317
vt 0.981376 0.546403
vt 0.985574 0.511317
vt 0.981376 0.548497
vt 0.987629 0.510908
vt 0.981376 0.550592
vt 0.989564 0.510106
vt 0.981376 0.552687
vt 0.991306 0.508943
vt 0.981376 0.554782
vt 0.992788 0.507462
vt 0.352288 0.799296
vt 0.353523 0.801888
vt 0.993674 0.503457
vt 0.352697 0.800130
vt 0.353108 0.800991
vt 0.351337 0.801606
vt 0.353530 0.798504
vt 0.355328 0.800789
vt 0.994039 0.501619
vt 0.354110 0.799248
vt 0.354700 0.799992
vt 0.356806 0.799294
vt 0.994039 0.499744
vt 0.355310 0.798104
vt 0.356041 0.798686
vt 0.369321 0.543747
vt 0.357034 0.797129
vt 0.358672 0.795725
vt 0.992956 0.496174
vt 0.369321 0.541921
vt 0.357746 0.795429
vt 0.359093 0.793767
vt 0.991915 0.494616
vt 0.358152 0.793642
vt 0.356357 0.791934
vt 0.359199 0.791759
vt 0.990589 0.493290
vt 0.357292 0.791862
vt 0.358231 0.791811
vt 0.356098 0.790480
vt 0.358878 0.789707
vt 0.989031 0.492249
vt 0.357004 0.790227
vt 0.357915 0.789974
vt 0.355564 0.789100
vt 0.356405 0.788675
vt 0.357243 0.788235
vt 0.356975 0.786085
vt 0.985461 0.491166
vt 0.356216 0.786691
vt 0.355547 0.784632
vt 0.983587 0.491166
vt 0.353882 0.783430
vt 0.981749 0.491531
vt 0.353384 0.784296
vt 0.351983 0.782568
vt 0.980018 0.492249
vt 0.351376 0.784385
vt 0.351680 0.783506
vt 0.349668 0.784992
vt 0.349762 0.784059
vt 0.349863 0.783121
vt 0.348205 0.784979
vt 0.348113 0.784059
vt 0.348008 0.783118
vt 0.345890 0.782599
vt 0.976094 0.496174
vt 0.346197 0.783536
vt 0.733269 0.519298
vt 0.344498 0.784275
vt 0.975011 0.499744
vt 0.342377 0.784504
vt 0.342954 0.785269
vt 0.735095 0.519298
vt 0.975011 0.501619
vt 0.340875 0.785837
vt 0.341581 0.786488
vt 0.342108 0.788886
vt 0.975376 0.503457
vt 0.339658 0.787473
vt 0.341301 0.788435
vt 0.340492 0.787967
vt 0.341524 0.790226
vt 0.976094 0.505188
vt 0.338818 0.789344
vt 0.340631 0.789937
vt 0.339741 0.789649
vt 0.341215 0.791659
vt 0.977135 0.506747
vt 0.338395 0.791350
vt 0.340290 0.791549
vt 0.339358 0.791457
vt 0.978460 0.508072
vt 0.338395 0.793380
vt 0.339363 0.793297
vt 0.980019 0.509113
vt 0.338751 0.795380
vt 0.981750 0.509830
vt 0.339491 0.797278
vt 0.340363 0.796844
vt 0.342776 0.797271
vt 0.983589 0.510196
vt 0.340549 0.799016
vt 0.342056 0.797859
vt 0.341312 0.798425
vt 0.343800 0.798332
vt 0.343190 0.799050
vt 0.342578 0.799765
vt 0.345005 0.799171
vt 0.987302 0.509830
vt 0.343636 0.801679
vt 0.344553 0.799983
vt 0.344107 0.800805
vt 0.989033 0.509113
vt 0.345556 0.802437
vt 0.345818 0.801505
vt 0.347634 0.801830
vt 0.561090 0.519605
vt 0.991918 0.506747
vt 0.349546 0.802832
vt 0.561090 0.521430
vt 0.349485 0.801852
vt 0.977617 0.556877
vt 0.977617 0.558972
vt 0.977617 0.561067
vt 0.977617 0.563161
vt 0.977617 0.565256
vt 0.977617 0.567351
vt 0.977617 0.569446
vt 0.977617 0.571540
vt 0.977617 0.573635
vt 0.977617 0.575730
vt 0.977617 0.577825
vt 0.977617 0.579920
vt 0.977617 0.582014
vt 0.977617 0.584109
vt 0.977617 0.586204
vt 0.977617 0.588299
vt 0.977617 0.590394
vt 0.977617 0.592488
vt 0.977617 0.594583
vt 0.977617 0.596678
vt 0.977617 0.598773
vt 0.977617 0.600868
vt 0.977617 0.602962
vt 0.977617 0.605057
vt 0.977617 0.607152
vt 0.977617 0.540118
vt 0.977617 0.542213
vt 0.977617 0.544308
vt 0.977617 0.546403
vt 0.977617 0.548497
vt 0.977617 0.550592
vt 0.977617 0.552687
vt 0.977617 0.554782
vt 0.561973 0.524530
vt 0.351269 0.799693
vt 0.345751 0.799506
vt 0.561973 0.516144
vt 0.683390 0.534491
vt 0.342644 0.797070
vt 0.691755 0.534491
vt 0.341209 0.791898
vt 0.342564 0.788215
vt 0.738553 0.518415
vt 0.730169 0.518415
vt 0.347137 0.785179
vt 0.351064 0.785278
vt 0.728453 0.498259
vt 0.728453 0.506569
vt 0.355276 0.788646
vt 0.368438 0.538086
vt 0.356348 0.792468
vt 0.354562 0.797516
vt 0.368438 0.546472
vt 0.696512 0.534491
vt 0.678633 0.534491
vt 0.344582 0.793726
vt 0.694391 0.534491
vt 0.343785 0.791988
vt 0.695865 0.534491
vt 0.344473 0.793096
vt 0.695428 0.534491
vt 0.344460 0.792664
vt 0.679717 0.534491
vt 0.345035 0.794696
vt 0.344596 0.789747
vt 0.741172 0.518415
vt 0.694909 0.534491
vt 0.344254 0.792194
vt 0.679279 0.534491
vt 0.344819 0.794321
vt 0.680754 0.534491
vt 0.344813 0.795630
vt 0.680235 0.534491
vt 0.345105 0.795207
vt 0.346685 0.797121
vt 0.561973 0.513524
vt 0.561973 0.513006
vt 0.347036 0.796738
vt 0.742209 0.518415
vt 0.345557 0.789660
vt 0.741691 0.518415
vt 0.345093 0.789889
vt 0.561973 0.512487
vt 0.347554 0.796690
vt 0.561973 0.528634
vt 0.349262 0.796862
vt 0.561973 0.511403
vt 0.561973 0.529280
vt 0.348615 0.796904
vt 0.561973 0.527160
vt 0.350525 0.797259
vt 0.561973 0.527678
vt 0.350206 0.796854
vt 0.561973 0.528196
vt 0.349695 0.796770
vt 0.742647 0.518415
vt 0.345851 0.789336
vt 0.561973 0.512050
vt 0.347975 0.796813
vt 0.725419 0.518415
vt 0.743293 0.518415
vt 0.346346 0.788926
vt 0.726503 0.518415
vt 0.347332 0.788477
vt 0.727540 0.518415
vt 0.347781 0.787627
vt 0.727021 0.518415
vt 0.347722 0.788138
vt 0.726065 0.518415
vt 0.346917 0.788625
vt 0.352230 0.795474
vt 0.368438 0.549642
vt 0.350521 0.788617
vt 0.728453 0.494571
vt 0.350153 0.787733
vt 0.728453 0.495608
vt 0.350165 0.788246
vt 0.728453 0.495090
vt 0.352337 0.794972
vt 0.368438 0.550160
vt 0.352490 0.795916
vt 0.368438 0.549123
vt 0.352857 0.794040
vt 0.368438 0.533343
vt 0.368438 0.551244
vt 0.352579 0.794614
vt 0.368438 0.550598
vt 0.351917 0.789588
vt 0.728453 0.510665
vt 0.353012 0.793421
vt 0.368438 0.533989
vt 0.351458 0.789139
vt 0.728453 0.511312
vt 0.728453 0.493488
vt 0.353056 0.792992
vt 0.368438 0.534427
vt 0.352181 0.789932
vt 0.728453 0.510228
vt 0.353295 0.792540
vt 0.368438 0.534945
vt 0.352625 0.790193
vt 0.728453 0.509709
vt 0.728453 0.509191
vt 0.353127 0.790086
vt 0.368438 0.535463
vt 0.353777 0.792367
vt 0.350917 0.788795
vt 0.728453 0.494134
vt 0.561737 0.523559
vt 0.351304 0.800644
vt 0.369128 0.544843
vt 0.356212 0.797896
vt 0.355420 0.797950
vt 0.368675 0.545524
vt 0.369267 0.540430
vt 0.357999 0.793955
vt 0.369114 0.539740
vt 0.357870 0.793257
vt 0.368675 0.539035
vt 0.357276 0.792700
vt 0.728689 0.505619
vt 0.355955 0.787958
vt 0.729175 0.504600
vt 0.356031 0.786840
vt 0.729351 0.502429
vt 0.354623 0.785132
vt 0.352251 0.784084
vt 0.729143 0.499889
vt 0.729286 0.500579
vt 0.352974 0.784190
vt 0.351549 0.784455
vt 0.728689 0.499207
vt 0.731140 0.518651
vt 0.346669 0.784360
vt 0.731820 0.519092
vt 0.345950 0.783983
vt 0.341842 0.786730
vt 0.736913 0.519053
vt 0.341957 0.787491
vt 0.737593 0.518651
vt 0.690111 0.533801
vt 0.339642 0.792571
vt 0.339474 0.793253
vt 0.689420 0.533684
vt 0.690791 0.534234
vt 0.340250 0.792065
vt 0.687570 0.533631
vt 0.339731 0.795104
vt 0.340469 0.796793
vt 0.685755 0.533687
vt 0.685031 0.533801
vt 0.340982 0.797332
vt 0.684332 0.534254
vt 0.341778 0.797439
vt 0.345610 0.800471
vt 0.561718 0.517124
vt 0.345915 0.801160
vt 0.561335 0.517786
vt 0.561296 0.522879
vt 0.350887 0.801349
vt 0.683390 0.536448
vt 0.691755 0.536448
vt 0.678633 0.536448
vt 0.696512 0.536448
vt 0.694391 0.536448
vt 0.695865 0.536448
vt 0.695428 0.536448
vt 0.679717 0.536448
vt 0.694909 0.536448
vt 0.679279 0.536448
vt 0.680754 0.536448
vt 0.680235 0.536448
vt 0.690111 0.536448
vt 0.689420 0.536448
vt 0.690791 0.536448
vt 0.687570 0.536448
vt 0.685754 0.536448
vt 0.685031 0.536448
vt 0.684332 0.536448
vt 0.563930 0.519605
vt 0.563930 0.521430
vt 0.563930 0.524530
vt 0.563930 0.516144
vt 0.563930 0.513524
vt 0.563930 0.513006
vt 0.563930 0.512487
vt 0.563930 0.528634
vt 0.563930 0.529280
vt 0.563930 0.511403
vt 0.563930 0.527160
vt 0.563930 0.527678
vt 0.563930 0.528196
vt 0.563930 0.512050
vt 0.563930 0.523559
vt 0.563930 0.517124
vt 0.563930 0.517786
vt 0.563930 0.522879
vt 0.733269 0.516458
vt 0.735095 0.516458
vt 0.738553 0.516458
vt 0.730169 0.516458
vt 0.741172 0.516458
vt 0.742209 0.516458
vt 0.741691 0.516458
vt 0.742647 0.516458
vt 0.725419 0.516458
vt 0.743293 0.516458
vt 0.726503 0.516458
vt 0.727540 0.516458
vt 0.727021 0.516458
vt 0.726065 0.516458
vt 0.731140 0.516458
vt 0.731820 0.516458
vt 0.736913 0.516458
vt 0.737593 0.516458
vt 0.726496 0.498259
vt 0.726496 0.506569
vt 0.726496 0.494571
vt 0.726496 0.495608
vt 0.726496 0.495090
vt 0.726496 0.510665
vt 0.726496 0.493488
vt 0.726496 0.511312
vt 0.726496 0.510228
vt 0.726496 0.509709
vt 0.726496 0.509191
vt 0.726496 0.494134
vt 0.726496 0.505619
vt 0.726496 0.504600
vt 0.726496 0.502429
vt 0.726496 0.499889
vt 0.726496 0.500579
vt 0.726496 0.499207
vt 0.366482 0.543747
vt 0.366482 0.541921
vt 0.366482 0.538086
vt 0.366482 0.546472
vt 0.366482 0.549642
vt 0.366482 0.550160
vt 0.366482 0.549123
vt 0.366482 0.533343
vt 0.366482 0.551244
vt 0.366482 0.550598
vt 0.366482 0.533989
vt 0.366482 0.534427
vt 0.366482 0.534945
vt 0.366482 0.535463
vt 0.366482 0.544843
vt 0.366482 0.545524
vt 0.366482 0.540430
vt 0.366482 0.539740
vt 0.366482 0.539035
vt 0.353158 0.494771
vt 0.540839 0.714705
vt 0.534532 0.709665
vt 0.346702 0.498218
vt 0.534394 0.699841
vt 0.338373 0.494769
vt 0.542539 0.694227
vt 0.336611 0.485928
vt 0.544611 0.694219
vt 0.337328 0.484197
vt 0.339695 0.481314
vt 0.548527 0.695533
vt 0.354911 0.485927
vt 0.550500 0.712669
vt 0.354913 0.491479
vt 0.544888 0.714974
vt 0.352544 0.496965
vt 0.973858 0.558972
vt 0.354028 0.495484
vt 0.973858 0.556877
vt 0.350802 0.498128
vt 0.973858 0.561067
vt 0.348867 0.498929
vt 0.973858 0.563161
vt 0.346812 0.499338
vt 0.973858 0.565256
vt 0.344717 0.499338
vt 0.973858 0.567351
vt 0.342662 0.498930
vt 0.973858 0.569446
vt 0.340726 0.498128
vt 0.973858 0.571540
vt 0.338985 0.496964
vt 0.973858 0.573635
vt 0.337503 0.495483
vt 0.973858 0.575730
vt 0.336338 0.493741
vt 0.973858 0.577825
vt 0.335536 0.491806
vt 0.973858 0.579920
vt 0.335127 0.489752
vt 0.973858 0.582014
vt 0.335126 0.487657
vt 0.973858 0.584109
vt 0.335534 0.485602
vt 0.973858 0.586204
vt 0.336335 0.483666
vt 0.973858 0.588299
vt 0.337500 0.481925
vt 0.973858 0.590394
vt 0.338981 0.480443
vt 0.973858 0.592488
vt 0.973858 0.594583
vt 0.340723 0.479279
vt 0.973858 0.596678
vt 0.342659 0.478477
vt 0.973858 0.598773
vt 0.344713 0.478068
vt 0.973858 0.600868
vt 0.346808 0.478068
vt 0.973858 0.602962
vt 0.348863 0.478476
vt 0.973858 0.605057
vt 0.350799 0.479278
vt 0.973858 0.607152
vt 0.973858 0.540118
vt 0.352541 0.480441
vt 0.973858 0.542213
vt 0.354023 0.481923
vt 0.973858 0.544308
vt 0.355186 0.483665
vt 0.973858 0.546403
vt 0.355988 0.485600
vt 0.973858 0.548497
vt 0.356398 0.487655
vt 0.973858 0.550592
vt 0.356398 0.489750
vt 0.973858 0.552687
vt 0.355990 0.491805
vt 0.355190 0.493741
vt 0.973858 0.554782
vt 0.540144 0.711410
vt 0.538889 0.713996
vt 0.351830 0.496093
vt 0.539728 0.712244
vt 0.539312 0.713102
vt 0.541081 0.713731
vt 0.538906 0.710610
vt 0.537093 0.712884
vt 0.350272 0.497135
vt 0.538317 0.711352
vt 0.537727 0.712092
vt 0.535629 0.711378
vt 0.348540 0.497852
vt 0.537132 0.710194
vt 0.536400 0.710777
vt 0.535412 0.709211
vt 0.363642 0.543747
vt 0.533796 0.707805
vt 0.344827 0.498217
vt 0.534707 0.707510
vt 0.363642 0.541921
vt 0.533350 0.705846
vt 0.342989 0.497852
vt 0.534314 0.705715
vt 0.536125 0.704011
vt 0.533254 0.703797
vt 0.341257 0.497135
vt 0.535191 0.703935
vt 0.534249 0.703870
vt 0.536391 0.702557
vt 0.533637 0.701749
vt 0.339699 0.496094
vt 0.535483 0.702298
vt 0.534576 0.702030
vt 0.536936 0.701184
vt 0.536100 0.700754
vt 0.535269 0.700308
vt 0.535553 0.698171
vt 0.337331 0.493210
vt 0.536303 0.698779
vt 0.536984 0.696736
vt 0.336614 0.491479
vt 0.538636 0.695566
vt 0.336248 0.489641
vt 0.539128 0.696410
vt 0.540512 0.694681
vt 0.336247 0.487767
vt 0.541129 0.696507
vt 0.540829 0.695629
vt 0.542836 0.697109
vt 0.542740 0.696168
vt 0.542642 0.695227
vt 0.544305 0.697103
vt 0.544398 0.696180
vt 0.544505 0.695236
vt 0.338370 0.482639
vt 0.546649 0.694706
vt 0.546333 0.695656
vt 0.548044 0.696414
vt 0.733269 0.513618
vt 0.341254 0.480272
vt 0.550204 0.696667
vt 0.549594 0.697445
vt 0.735095 0.513618
vt 0.342986 0.479555
vt 0.551695 0.698062
vt 0.550961 0.698694
vt 0.550397 0.701087
vt 0.344824 0.479189
vt 0.552863 0.699733
vt 0.551210 0.700648
vt 0.552019 0.700193
vt 0.550958 0.702429
vt 0.346698 0.479189
vt 0.553641 0.701596
vt 0.551849 0.702154
vt 0.552739 0.701874
vt 0.551251 0.703856
vt 0.348536 0.479554
vt 0.554045 0.703569
vt 0.552170 0.703754
vt 0.553095 0.703669
vt 0.350268 0.480271
vt 0.554041 0.705581
vt 0.553081 0.705496
vt 0.351827 0.481312
vt 0.553681 0.707568
vt 0.353152 0.482637
vt 0.552938 0.709454
vt 0.552072 0.709020
vt 0.549667 0.709437
vt 0.354193 0.484195
vt 0.551881 0.711179
vt 0.550385 0.710027
vt 0.551125 0.710588
vt 0.548641 0.710488
vt 0.549247 0.711205
vt 0.549858 0.711918
vt 0.547437 0.711322
vt 0.355277 0.487766
vt 0.548806 0.713810
vt 0.547889 0.712133
vt 0.548336 0.712958
vt 0.355277 0.489640
vt 0.546896 0.714603
vt 0.546620 0.713653
vt 0.544795 0.713979
vt 0.566770 0.519605
vt 0.354196 0.493211
vt 0.542867 0.714974
vt 0.542935 0.713991
vt 0.566770 0.521430
vt 0.565887 0.524530
vt 0.541161 0.711815
vt 0.546692 0.711654
vt 0.565887 0.516144
vt 0.683390 0.538405
vt 0.549801 0.709237
vt 0.691755 0.538405
vt 0.551254 0.704094
vt 0.549949 0.700410
vt 0.738553 0.514501
vt 0.730169 0.514501
vt 0.545377 0.697307
vt 0.541439 0.697398
vt 0.724539 0.498259
vt 0.724539 0.506569
vt 0.537226 0.700733
vt 0.364525 0.538085
vt 0.536130 0.704546
vt 0.537882 0.709612
vt 0.364525 0.546472
vt 0.678633 0.538405
vt 0.696512 0.538405
vt 0.547881 0.705895
vt 0.694391 0.538405
vt 0.548686 0.704165
vt 0.695865 0.538405
vt 0.547992 0.705267
vt 0.695428 0.538405
vt 0.548006 0.704836
vt 0.679717 0.538405
vt 0.547426 0.706860
vt 0.547896 0.701916
vt 0.741172 0.514501
vt 0.694909 0.538405
vt 0.548216 0.704368
vt 0.679279 0.538405
vt 0.547643 0.706487
vt 0.680754 0.538405
vt 0.547644 0.707793
vt 0.680235 0.538405
vt 0.547354 0.707369
vt 0.545769 0.709273
vt 0.565887 0.513524
vt 0.545420 0.708889
vt 0.565887 0.513006
vt 0.742209 0.514501
vt 0.546932 0.701819
vt 0.547396 0.702053
vt 0.741691 0.514501
vt 0.565887 0.512487
vt 0.544903 0.708838
vt 0.543193 0.708993
vt 0.565887 0.528634
vt 0.565887 0.529280
vt 0.565887 0.511403
vt 0.543841 0.709042
vt 0.565887 0.527160
vt 0.541925 0.709382
vt 0.565887 0.527678
vt 0.542248 0.708978
vt 0.565887 0.528196
vt 0.542761 0.708897
vt 0.742647 0.514501
vt 0.546640 0.701491
vt 0.565887 0.512050
vt 0.544482 0.708957
vt 0.725419 0.514501
vt 0.743293 0.514501
vt 0.546147 0.701074
vt 0.726503 0.514501
vt 0.545160 0.700614
vt 0.727540 0.514501
vt 0.544718 0.699760
vt 0.727021 0.514501
vt 0.544772 0.700272
vt 0.545575 0.700766
vt 0.726065 0.514501
vt 0.540229 0.707585
vt 0.364525 0.549642
vt 0.541971 0.700734
vt 0.724539 0.494571
vt 0.542342 0.699853
vt 0.724539 0.495608
vt 0.542328 0.700365
vt 0.724539 0.495090
vt 0.540125 0.707081
vt 0.364525 0.550160
vt 0.539966 0.708026
vt 0.364525 0.549123
vt 0.539611 0.706144
vt 0.364525 0.551244
vt 0.364525 0.533343
vt 0.539885 0.706721
vt 0.364525 0.550598
vt 0.540574 0.701695
vt 0.724539 0.510665
vt 0.539461 0.705523
vt 0.364525 0.533989
vt 0.541034 0.701250
vt 0.724539 0.493488
vt 0.724539 0.511312
vt 0.539420 0.705093
vt 0.364525 0.534427
vt 0.540309 0.702037
vt 0.724539 0.510228
vt 0.539183 0.704638
vt 0.364525 0.534945
vt 0.539864 0.702295
vt 0.724539 0.509709
vt 0.539364 0.702185
vt 0.724539 0.509191
vt 0.538703 0.704463
vt 0.364525 0.535463
vt 0.541575 0.700910
vt 0.724539 0.494134
vt 0.566123 0.523559
vt 0.541121 0.712767
vt 0.536231 0.709982
vt 0.363835 0.544843
vt 0.537023 0.710039
vt 0.364288 0.545524
vt 0.363696 0.540430
vt 0.534464 0.706030
vt 0.363849 0.539740
vt 0.534600 0.705330
vt 0.364288 0.539035
vt 0.535199 0.704773
vt 0.724302 0.505619
vt 0.536554 0.700042
vt 0.723816 0.504600
vt 0.536486 0.698929
vt 0.537895 0.697236
vt 0.723641 0.502429
vt 0.540257 0.696204
vt 0.723849 0.499889
vt 0.723706 0.500579
vt 0.539537 0.696306
vt 0.540956 0.696577
vt 0.724302 0.499207
vt 0.731140 0.514265
vt 0.545853 0.696486
vt 0.731820 0.513824
vt 0.546580 0.696109
vt 0.550695 0.698933
vt 0.736913 0.513863
vt 0.550568 0.699695
vt 0.737593 0.514264
vt 0.552807 0.704773
vt 0.690111 0.539094
vt 0.552970 0.705451
vt 0.689420 0.539212
vt 0.690791 0.538661
vt 0.552206 0.704267
vt 0.552708 0.707290
vt 0.687570 0.539264
vt 0.551967 0.708968
vt 0.685755 0.539209
vt 0.551455 0.709503
vt 0.685031 0.539094
vt 0.684332 0.538641
vt 0.550663 0.709608
vt 0.546830 0.712619
vt 0.566142 0.517124
vt 0.546524 0.713307
vt 0.566525 0.517786
vt 0.566564 0.522879
vt 0.541533 0.713477
vt 0.576912 0.894734
vt 0.984372 0.601792
vt 0.985384 0.601792
vt 0.558347 0.900371
vt 0.577213 0.895248
vt 0.984372 0.602388
vt 0.558648 0.899857
vt 0.985384 0.602388
vt 0.577217 0.895844
vt 0.984372 0.602984
vt 0.558653 0.899261
vt 0.985384 0.602984
vt 0.576923 0.896362
vt 0.984372 0.603580
vt 0.558358 0.898743
vt 0.985384 0.603580
vt 0.576409 0.896664
vt 0.984372 0.604176
vt 0.557844 0.898442
vt 0.985384 0.604176
vt 0.575813 0.896667
vt 0.984372 0.604771
vt 0.557248 0.898438
vt 0.985384 0.604771
vt 0.575295 0.896373
vt 0.984372 0.605367
vt 0.985384 0.605367
vt 0.556730 0.898732
vt 0.984372 0.605963
vt 0.574993 0.895859
vt 0.985384 0.605963
vt 0.556429 0.899246
vt 0.984372 0.606559
vt 0.574989 0.895263
vt 0.985384 0.606559
vt 0.556425 0.899842
vt 0.984372 0.607155
vt 0.984372 0.600005
vt 0.575284 0.894745
vt 0.985384 0.600005
vt 0.985384 0.607155
vt 0.556719 0.900360
vt 0.984372 0.600600
vt 0.575798 0.894444
vt 0.985384 0.600600
vt 0.557233 0.900661
vt 0.984372 0.601196
vt 0.576394 0.894440
vt 0.985384 0.601196
vt 0.557829 0.900665
vt 0.559957 0.466029
vt 0.022056 0.351807
vt 0.896990 0.401721
vt 0.563417 0.466029
vt 0.021164 0.353351
vt 0.559957 0.464246
vt 0.898535 0.400828
vt 0.563417 0.464246
vt 0.021163 0.355135
vt 0.559957 0.462462
vt 0.900319 0.400827
vt 0.563417 0.462462
vt 0.022054 0.356680
vt 0.559957 0.460678
vt 0.901864 0.401718
vt 0.563417 0.460678
vt 0.023599 0.357573
vt 0.559957 0.458894
vt 0.902756 0.403263
vt 0.563417 0.458894
vt 0.025383 0.357574
vt 0.559957 0.457111
vt 0.902757 0.405047
vt 0.563417 0.457111
vt 0.559957 0.455327
vt 0.026928 0.356682
vt 0.901866 0.406592
vt 0.563417 0.455327
vt 0.559957 0.453543
vt 0.027820 0.355138
vt 0.563417 0.453543
vt 0.900321 0.407484
vt 0.559957 0.451759
vt 0.027821 0.353354
vt 0.563417 0.451759
vt 0.898538 0.407485
vt 0.559957 0.449975
vt 0.559957 0.471381
vt 0.026930 0.351809
vt 0.563417 0.471381
vt 0.563417 0.449975
vt 0.896992 0.406594
vt 0.559957 0.469597
vt 0.025385 0.350917
vt 0.563417 0.469597
vt 0.896100 0.405049
vt 0.559957 0.467813
vt 0.023602 0.350916
vt 0.563417 0.467813
vt 0.896099 0.403266
vt 0.640562 0.972061
vt 0.479662 0.920007
vt 0.479323 0.920007
vt 0.298477 0.952091
vt 0.640562 0.972268
vt 0.479662 0.919800
vt 0.298477 0.952298
vt 0.479323 0.919800
vt 0.640459 0.972447
vt 0.479662 0.919593
vt 0.298581 0.952477
vt 0.479323 0.919593
vt 0.640280 0.972551
vt 0.479662 0.919386
vt 0.298760 0.952581
vt 0.479323 0.919386
vt 0.640073 0.972551
vt 0.479662 0.919179
vt 0.298967 0.952581
vt 0.479323 0.919179
vt 0.639894 0.972447
vt 0.479662 0.918973
vt 0.299146 0.952477
vt 0.479323 0.918973
vt 0.639790 0.972268
vt 0.479662 0.918766
vt 0.479323 0.918766
vt 0.299249 0.952298
vt 0.479662 0.918559
vt 0.639790 0.972061
vt 0.479323 0.918559
vt 0.299249 0.952091
vt 0.479662 0.918352
vt 0.639894 0.971882
vt 0.479323 0.918352
vt 0.299146 0.951912
vt 0.479662 0.920628
vt 0.479662 0.918145
vt 0.640073 0.971778
vt 0.479323 0.920628
vt 0.479323 0.918145
vt 0.298967 0.951809
vt 0.479662 0.920421
vt 0.640280 0.971778
vt 0.479323 0.920421
vt 0.298760 0.951809
vt 0.479662 0.920214
vt 0.640459 0.971882
vt 0.479323 0.920214
vt 0.298581 0.951912
vt 0.747919 0.916305
vt 0.448616 0.978251
vt 0.747919 0.916644
vt 0.292884 0.961893
vt 0.747712 0.916305
vt 0.448616 0.978045
vt 0.747712 0.916644
vt 0.292781 0.962073
vt 0.448720 0.977865
vt 0.747505 0.916305
vt 0.747505 0.916644
vt 0.292781 0.962280
vt 0.448899 0.977762
vt 0.747299 0.916305
vt 0.292884 0.962459
vt 0.747299 0.916644
vt 0.449106 0.977762
vt 0.747092 0.916305
vt 0.293063 0.962562
vt 0.747092 0.916644
vt 0.449285 0.977865
vt 0.746885 0.916305
vt 0.293270 0.962562
vt 0.746885 0.916644
vt 0.449388 0.978045
vt 0.746678 0.916305
vt 0.293450 0.962459
vt 0.746678 0.916644
vt 0.449388 0.978251
vt 0.746471 0.916305
vt 0.293553 0.962280
vt 0.746471 0.916644
vt 0.449285 0.978431
vt 0.746264 0.916305
vt 0.746264 0.916644
vt 0.293553 0.962073
vt 0.746057 0.916305
vt 0.449106 0.978534
vt 0.746057 0.916644
vt 0.293450 0.961893
vt 0.745851 0.916305
vt 0.448899 0.978534
vt 0.745851 0.916644
vt 0.293270 0.961790
vt 0.745644 0.916305
vt 0.748126 0.916305
vt 0.448720 0.978431
vt 0.748126 0.916644
vt 0.745644 0.916644
vt 0.293063 0.961790
vt 0.551012 0.910237
vt 0.612228 0.966067
vt 0.551350 0.910237
vt 0.279909 0.937939
vt 0.551012 0.910444
vt 0.612332 0.965888
vt 0.551350 0.910444
vt 0.279730 0.937835
vt 0.551012 0.908168
vt 0.551012 0.910651
vt 0.612511 0.965785
vt 0.551350 0.908168
vt 0.551350 0.910651
vt 0.279523 0.937835
vt 0.551012 0.908375
vt 0.612718 0.965785
vt 0.551350 0.908375
vt 0.279344 0.937939
vt 0.551012 0.908582
vt 0.612897 0.965888
vt 0.551350 0.908582
vt 0.279241 0.938118
vt 0.613000 0.966067
vt 0.551012 0.908789
vt 0.551350 0.908789
vt 0.279241 0.938325
vt 0.613000 0.966274
vt 0.551012 0.908996
vt 0.279344 0.938504
vt 0.551350 0.908996
vt 0.612897 0.966454
vt 0.551012 0.909203
vt 0.279523 0.938607
vt 0.551350 0.909203
vt 0.612718 0.966557
vt 0.551012 0.909409
vt 0.279730 0.938607
vt 0.551350 0.909409
vt 0.612511 0.966557
vt 0.551012 0.909616
vt 0.279909 0.938504
vt 0.551350 0.909616
vt 0.612332 0.966454
vt 0.551012 0.909823
vt 0.280013 0.938325
vt 0.551350 0.909823
vt 0.612228 0.966274
vt 0.551012 0.910030
vt 0.551350 0.910030
vt 0.280013 0.938118
vt 0.310283 0.952577
vt 0.556664 0.919800
vt 0.178729 0.971877
vt 0.557002 0.919800
vt 0.310076 0.952577
vt 0.556664 0.920007
vt 0.557002 0.920007
vt 0.178550 0.971773
vt 0.556664 0.920214
vt 0.309897 0.952474
vt 0.557002 0.920214
vt 0.178343 0.971773
vt 0.556664 0.920421
vt 0.309794 0.952295
vt 0.557002 0.920421
vt 0.178164 0.971877
vt 0.556664 0.918145
vt 0.556664 0.920628
vt 0.309794 0.952088
vt 0.557002 0.920628
vt 0.557002 0.918145
vt 0.178061 0.972056
vt 0.556664 0.918352
vt 0.309897 0.951909
vt 0.557002 0.918352
vt 0.178061 0.972263
vt 0.556664 0.918559
vt 0.310076 0.951805
vt 0.557002 0.918559
vt 0.178164 0.972442
vt 0.310283 0.951805
vt 0.556664 0.918766
vt 0.557002 0.918766
vt 0.178343 0.972546
vt 0.310462 0.951909
vt 0.556664 0.918973
vt 0.178550 0.972546
vt 0.557002 0.918973
vt 0.310566 0.952088
vt 0.556664 0.919179
vt 0.178729 0.972442
vt 0.557002 0.919179
vt 0.310566 0.952295
vt 0.556664 0.919386
vt 0.178833 0.972263
vt 0.557002 0.919386
vt 0.310462 0.952474
vt 0.556664 0.919593
vt 0.178833 0.972056
vt 0.557002 0.919593
vt 0.186851 0.974544
vt 0.429472 0.915394
vt 0.649596 0.955905
vt 0.429810 0.915394
vt 0.186644 0.974544
vt 0.429472 0.915601
vt 0.649417 0.955801
vt 0.429810 0.915601
vt 0.186465 0.974440
vt 0.429472 0.915808
vt 0.649210 0.955801
vt 0.429810 0.915808
vt 0.186361 0.974261
vt 0.429472 0.916015
vt 0.649031 0.955905
vt 0.429810 0.916015
vt 0.186361 0.974054
vt 0.429472 0.916222
vt 0.429810 0.916222
vt 0.648927 0.956084
vt 0.429472 0.916428
vt 0.186465 0.973875
vt 0.429810 0.916428
vt 0.648927 0.956291
vt 0.429472 0.916635
vt 0.429472 0.914153
vt 0.186644 0.973772
vt 0.429810 0.916635
vt 0.429810 0.914153
vt 0.649031 0.956470
vt 0.429472 0.914360
vt 0.186851 0.973772
vt 0.429810 0.914360
vt 0.649210 0.956573
vt 0.429472 0.914567
vt 0.187030 0.973875
vt 0.429810 0.914567
vt 0.649417 0.956573
vt 0.429472 0.914773
vt 0.187133 0.974054
vt 0.429810 0.914773
vt 0.649596 0.956470
vt 0.187133 0.974261
vt 0.429472 0.914980
vt 0.429810 0.914980
vt 0.649700 0.956291
vt 0.187030 0.974440
vt 0.429472 0.915187
vt 0.649700 0.956084
vt 0.429810 0.915187
vn -0.000000 -0.000000 -1.000000
vn 0.020676 -0.193992 -0.980785
vn -0.000000 0.000000 -1.000000
vn 0.040558 -0.380529 -0.923879
vn 0.020676 -0.193991 -0.980785
vn 0.058881 -0.552442 -0.831469
vn 0.040558 -0.380529 -0.923879
vn 0.074941 -0.703124 -0.707107
vn 0.058880 -0.552441 -0.831470
vn 0.088121 -0.826786 -0.555571
vn 0.074941 -0.703124 -0.707107
vn 0.088121 -0.826787 -0.555571
vn 0.097914 -0.918676 -0.382683
vn 0.103946 -0.975262 -0.195090
vn 0.097915 -0.918677 -0.382683
vn 0.105982 -0.994368 -0.000000
vn 0.103945 -0.975261 -0.195091
vn 0.103946 -0.975262 0.195089
vn 0.105982 -0.994368 -0.000000
vn 0.097914 -0.918676 0.382683
vn 0.103945 -0.975261 0.195091
vn 0.088121 -0.826787 0.555569
vn 0.097915 -0.918677 0.382682
vn 0.074941 -0.703124 0.707107
vn 0.088120 -0.826787 0.555571
vn 0.058881 -0.552441 0.831470
vn 0.074941 -0.703124 0.707107
vn 0.040558 -0.380529 0.923879
vn 0.058881 -0.552442 0.831469
vn 0.040558 -0.380529 0.923879
vn 0.020676 -0.193991 0.980785
vn 0.020676 -0.193991 0.980785
vn 0.000000 0.000000 1.000000
vn -0.020676 0.193991 0.980785
vn 0.000000 0.000000 1.000000
vn -0.040558 0.380528 0.923879
vn -0.020676 0.193992 0.980785
vn -0.058881 0.552442 0.831469
vn -0.040558 0.380529 0.923879
vn -0.074941 0.703124 0.707108
vn -0.058880 0.552439 0.831471
vn -0.088121 0.826787 0.555570
vn -0.074941 0.703125 0.707107
vn -0.097915 0.918676 0.382684
vn -0.088121 0.826786 0.555571
vn -0.097915 0.918676 0.382683
vn -0.103945 0.975262 0.195089
vn -0.103946 0.975262 0.195089
vn -0.105471 0.989580 0.098016
vn -0.103946 0.975262 -0.195090
vn -0.105472 0.989580 -0.098016
vn -0.105472 0.989580 -0.098018
vn -0.097914 0.918676 -0.382683
vn -0.103945 0.975262 -0.195089
vn -0.088121 0.826787 -0.555569
vn -0.097915 0.918676 -0.382685
vn -0.088121 0.826787 -0.555570
vn -0.074941 0.703125 -0.707106
vn -0.058880 0.552442 -0.831469
vn -0.074941 0.703124 -0.707107
vn -0.040558 0.380528 -0.923880
vn -0.058880 0.552439 -0.831471
vn -0.020676 0.193991 -0.980785
vn -0.040558 0.380529 -0.923879
vn -0.020676 0.193992 -0.980785
vn -0.994315 -0.105977 0.010314
vn -0.993979 -0.106217 0.026889
vn -0.993453 -0.109168 0.033655
vn -0.995160 -0.093601 0.029919
vn -0.996044 -0.086838 0.018834
vn -0.996566 -0.079951 0.021520
vn -0.995088 -0.098721 0.007295
vn -0.996037 -0.086876 0.019062
vn -0.996113 -0.084262 0.025680
vn -0.997022 -0.076131 0.012286
vn -0.997023 -0.076126 0.012282
vn -0.997213 -0.074338 0.006322
vn -0.997213 -0.074336 0.006327
vn -0.997236 -0.073718 -0.009260
vn -0.996817 -0.079553 -0.005211
vn -0.995387 -0.095918 -0.002015
vn -0.996810 -0.079661 -0.004973
vn -0.997366 -0.072452 -0.003367
vn -0.996708 -0.079080 -0.017887
vn -0.996707 -0.079086 -0.017894
vn -0.996283 -0.083066 -0.022817
vn -0.996282 -0.083074 -0.022825
vn -0.994895 -0.095689 -0.032072
vn -0.995108 -0.095587 -0.024956
vn -0.994337 -0.106114 -0.005853
vn -0.994368 -0.105982 0.000007
vn -0.994696 -0.102759 -0.004612
vn -0.994164 -0.105960 -0.020262
vn -0.993847 -0.105926 -0.032381
vn -0.994102 -0.107977 -0.010125
vn -0.993438 -0.111259 -0.026503
vn -0.993397 -0.109737 -0.033459
vn -0.991929 -0.123910 -0.026876
vn -0.991928 -0.123920 -0.026873
vn -0.991420 -0.128696 -0.022900
vn -0.991420 -0.128693 -0.022896
vn -0.990992 -0.132706 -0.017994
vn -0.990675 -0.135683 -0.012395
vn -0.990675 -0.135684 -0.012396
vn -0.990480 -0.137512 -0.006317
vn -0.990415 -0.138126 0.000001
vn -0.990415 -0.138124 0.000002
vn -0.990480 -0.137512 0.006317
vn -0.991654 -0.128031 0.015172
vn -0.991024 -0.131960 0.021418
vn -0.993406 -0.114504 0.005728
vn -0.991623 -0.128329 0.014711
vn -0.990641 -0.135557 0.015985
vn -0.992713 -0.116154 0.032077
vn -0.992900 -0.116299 0.024974
vn -0.993897 -0.109901 0.009526
vn -0.993745 -0.109891 0.019865
vn -0.993177 -0.112210 0.031750
vn -0.994932 -0.081838 0.058422
vn -0.995114 -0.066673 0.072817
vn -0.994368 -0.105983 -0.000002
vn -0.287800 0.157154 0.944708
vn -0.441397 -0.033581 0.896684
vn -0.259615 -0.027669 0.965316
vn -0.840837 -0.041467 0.539697
vn -0.516410 0.116028 0.848445
vn -0.870880 0.008553 0.491421
vn -0.991195 -0.096688 0.090461
vn -0.993387 -0.090460 0.070709
vn -0.308601 0.337547 0.889285
vn -0.878162 0.100008 0.467792
vn -0.540412 0.273001 0.795880
vn -0.509470 0.429189 0.745813
vn -0.324815 0.504365 0.800070
vn -0.885124 0.153099 0.439450
vn -0.345526 0.645741 0.680904
vn -0.331955 0.651064 0.682584
vn -0.765226 0.359305 0.534162
vn -0.838236 0.291183 0.461057
vn -0.352733 0.766520 0.536681
vn -0.355053 0.766914 0.534584
vn -0.422718 0.832146 0.358946
vn -0.363811 0.855545 0.368354
vn -0.795614 0.517554 0.314858
vn -0.369639 0.910179 0.186928
vn -0.566352 0.808157 0.161641
vn -0.790543 0.578043 0.202256
vn -0.999420 -0.022803 0.025297
vn -0.909627 0.407282 0.081855
vn -0.999283 -0.036350 0.010565
vn -0.370059 0.929006 -0.002005
vn -0.594022 0.804449 -0.000000
vn -0.999235 -0.039098 -0.000003
vn -0.917102 0.398652 -0.000000
vn -0.574707 0.801338 -0.166041
vn -0.359951 0.913766 -0.188325
vn -0.909627 0.407282 -0.081851
vn -0.362346 0.856540 -0.367484
vn -0.859621 0.480863 -0.172693
vn -0.999421 -0.022803 -0.025254
vn -0.385046 0.762896 -0.519354
vn -0.507860 0.787596 -0.348957
vn -0.384281 0.741010 -0.550665
vn -0.785974 0.542585 -0.296390
vn -0.341184 0.643296 -0.685393
vn -0.790598 0.343431 -0.506962
vn -0.425256 0.614548 -0.664446
vn -0.507182 0.430520 -0.746605
vn -0.324613 0.502506 -0.801320
vn -0.765210 0.359307 -0.534184
vn -0.995115 -0.066670 -0.072814
vn -0.838223 0.291173 -0.461086
vn -0.885121 0.153094 -0.439458
vn -0.531640 0.275202 -0.801013
vn -0.298537 0.337565 -0.892707
vn -0.878164 0.100007 -0.467790
vn -0.994932 -0.081839 -0.058418
vn -0.507555 0.118806 -0.853389
vn -0.279893 0.162634 -0.946155
vn -0.993387 -0.090460 -0.070704
vn -0.870884 0.008558 -0.491414
vn -0.266465 -0.028401 -0.963426
vn -0.840840 -0.041463 -0.539694
vn -0.450910 -0.034206 -0.891914
vn -0.991197 -0.096680 -0.090450
vn -0.252318 -0.214288 -0.943619
vn -0.239654 -0.214933 -0.946768
vn -0.716896 -0.138786 -0.683227
vn -0.229064 -0.393983 -0.890116
vn -0.212811 -0.561206 -0.799849
vn -0.241574 -0.397199 -0.885367
vn -0.681827 -0.436697 -0.586863
vn -0.384732 -0.549250 -0.741826
vn -0.197363 -0.706135 -0.680016
vn -0.780082 -0.445626 -0.439192
vn -0.426544 -0.665740 -0.612250
vn -0.984485 -0.161520 -0.068563
vn -0.819710 -0.452792 -0.350791
vn -0.986536 -0.156303 -0.048123
vn -0.184692 -0.825041 -0.534038
vn -0.817300 -0.504932 -0.277606
vn -0.431570 -0.765396 -0.477406
vn -0.986216 -0.161212 -0.037274
vn -0.175281 -0.913339 -0.367544
vn -0.374308 -0.859054 -0.349171
vn -0.812469 -0.542747 -0.212884
vn -0.169491 -0.967642 -0.186927
vn -0.225880 -0.957291 -0.180478
vn -0.648677 -0.734153 -0.200592
vn -0.981002 -0.192771 -0.021787
vn -0.754986 -0.636162 -0.159043
vn -0.180177 -0.983634 0.000002
vn -0.187913 -0.982186 0.000002
vn -0.667818 -0.735700 -0.112983
vn -0.221399 -0.958117 0.181641
vn -0.169492 -0.967642 0.186927
vn -0.648013 -0.753755 0.109232
vn -0.375289 -0.858800 0.348741
vn -0.173764 -0.912818 0.369553
vn -0.648671 -0.734157 0.200598
vn -0.981622 -0.189114 0.025569
vn -0.811527 -0.542825 0.216252
vn -0.984953 -0.169789 0.032227
vn -0.423609 -0.768032 0.480294
vn -0.174547 -0.825781 0.536301
vn -0.814680 -0.508143 0.279440
vn -0.986490 -0.159814 0.036024
vn -0.195677 -0.707075 0.679526
vn -0.426848 -0.665486 0.612315
vn -0.986131 -0.158345 0.049726
vn -0.823403 -0.448462 0.347692
vn -0.382311 -0.549264 0.743066
vn -0.211406 -0.559632 0.801323
vn -0.779441 -0.443652 0.442318
vn -0.984150 -0.161707 0.072798
vn -0.234146 -0.396379 0.887727
vn -0.220465 -0.395001 0.891835
vn -0.681870 -0.436283 0.587120
vn -0.716910 -0.138775 0.683214
vn -0.246538 -0.215294 0.944917
vn -0.259867 -0.214602 0.941496
vn -0.999283 -0.036350 -0.010553
vn -0.994368 -0.105980 -0.000007
vn -0.994368 -0.105983 -0.000001
vn -0.994368 -0.105980 0.000004
vn -0.984954 -0.169790 -0.032220
vn -0.994368 -0.105980 -0.000005
vn -0.994368 -0.105980 0.000008
vn -0.994368 -0.105984 0.000000
vn -0.994369 -0.105972 0.000000
vn -0.994368 -0.105980 -0.000028
vn -0.994368 -0.105980 0.000000
vn -0.994368 -0.105984 0.000019
vn -0.994368 -0.105980 0.000004
vn -0.994369 -0.105976 0.000003
vn -0.994369 -0.105975 0.000000
vn -0.994368 -0.105979 -0.000028
vn -0.994368 -0.105980 0.000025
vn -0.994368 -0.105981 -0.000000
vn -0.994368 -0.105983 -0.000000
vn -0.994368 -0.105983 -0.000001
vn -0.994368 -0.105982 0.000002
vn -0.038459 0.360842 -0.931834
vn -0.092627 0.869063 -0.485953
vn -0.092627 0.869063 -0.485953
vn 0.079247 -0.743528 -0.663992
vn 0.028910 -0.271243 -0.962077
vn 0.083332 -0.781856 -0.617865
vn -0.025435 0.238646 0.970774
vn 0.019327 -0.181338 0.983231
vn 0.028659 -0.268889 0.962745
vn -0.026336 0.247091 -0.968634
vn -0.025189 0.236333 -0.971345
vn -0.104603 0.981431 0.160782
vn -0.105411 0.989006 0.103710
vn -0.104604 0.981431 0.160783
vn 0.019443 -0.182418 -0.983029
vn 0.083669 -0.785014 0.613801
vn 0.103392 -0.970067 0.219729
vn 0.103545 -0.971500 0.213230
vn -0.105411 0.989006 -0.103709
vn -0.104603 0.981431 -0.160782
vn -0.104604 0.981431 -0.160781
vn -0.105903 0.993624 0.038673
vn 0.105982 -0.994366 -0.001980
vn 0.105982 -0.994366 -0.002019
vn -0.105903 0.993624 -0.038674
vn -0.038459 0.360840 0.931834
vn -0.038459 0.360840 0.931835
vn -0.105903 0.993624 -0.038674
vn -0.092627 0.869063 0.485952
vn -0.092627 0.869063 0.485952
vn 0.079451 -0.745436 0.661825
vn -0.105903 0.993624 0.038673
vn 0.103394 -0.970085 -0.219648
vn 0.103554 -0.971582 -0.212851
vn 0.020359 -0.191017 -0.981376
vn -0.036624 0.343619 -0.938395
vn -0.036623 0.343617 -0.938396
vn -0.019128 0.179463 0.983579
vn 0.015435 -0.144813 0.989339
vn 0.015824 -0.148465 0.988791
vn -0.016118 0.151224 -0.988368
vn -0.028828 0.270477 -0.962295
vn -0.016118 0.151223 -0.988368
vn 0.075850 -0.711652 0.698426
vn 0.105832 -0.992967 -0.053071
vn 0.072191 -0.677327 0.732132
vn -0.105808 0.992734 -0.057307
vn -0.105698 0.991703 0.073171
vn -0.105808 0.992734 -0.057307
vn -0.048530 0.455333 -0.888997
vn -0.043027 0.403695 -0.913881
vn -0.043027 0.403700 -0.913879
vn 0.090107 -0.845423 -0.526441
vn 0.082018 -0.769522 -0.633331
vn 0.082019 -0.769526 -0.633326
vn -0.077605 0.728125 -0.681037
vn -0.077607 0.728128 -0.681033
vn -0.093230 0.874728 0.475562
vn -0.088223 0.827744 0.554127
vn -0.024844 0.233099 0.972136
vn 0.104961 -0.984790 -0.138460
vn -0.022120 0.207542 -0.977976
vn 0.046900 -0.440034 0.896755
vn 0.046617 -0.437380 0.898068
vn 0.072516 -0.680372 -0.729271
vn 0.046900 -0.440031 -0.896757
vn 0.046617 -0.437377 -0.898069
vn -0.105808 0.992734 0.057309
vn -0.077606 0.728124 0.681038
vn -0.077606 0.728130 0.681032
vn 0.020359 -0.191018 0.981375
vn 0.082018 -0.769523 0.633330
vn 0.082018 -0.769525 0.633328
vn 0.015436 -0.144829 -0.989336
vn -0.019124 0.179430 -0.983585
vn 0.015825 -0.148478 -0.988789
vn 0.089983 -0.844259 0.528328
vn -0.036624 0.343619 0.938395
vn 0.020359 -0.191014 0.981376
vn 0.104946 -0.984649 0.139475
vn 0.105822 -0.992863 0.054999
vn -0.024841 0.233071 -0.972143
vn -0.088223 0.827746 -0.554124
vn -0.016118 0.151225 0.988368
vn -0.022120 0.207542 0.977976
vn -0.016118 0.151224 0.988368
vn -0.093232 0.874736 -0.475546
vn -0.105698 0.991703 -0.073171
vn -0.105808 0.992734 0.057306
vn -0.048530 0.455332 0.888998
vn -0.036624 0.343620 0.938394
vn 0.076310 -0.715971 -0.693947
vn -0.028828 0.270475 0.962295
vn -0.028829 0.270479 0.962294
vn -0.043027 0.403696 0.913881
vn -0.048531 0.455333 0.888997
vn 0.094642 -0.887969 0.450059
vn 0.091740 -0.860732 0.500724
vn 0.094642 -0.887966 0.450066
vn -0.070679 0.663139 -0.745152
vn -0.087995 0.825601 -0.557351
vn -0.087953 0.825204 -0.557944
vn 0.078819 -0.739512 0.668512
vn 0.074610 -0.700022 0.710213
vn 0.078820 -0.739514 0.668511
vn -0.029470 0.276504 -0.960561
vn -0.070005 0.656815 -0.750795
vn 0.036098 -0.338684 -0.940207
vn -0.022738 0.213338 -0.976714
vn 0.083268 -0.781255 0.618633
vn 0.083267 -0.781252 0.618637
vn 0.088086 -0.826462 0.556060
vn 0.088086 -0.826459 0.556063
vn 0.080944 -0.759448 -0.645513
vn 0.045184 -0.423931 -0.904567
vn 0.044663 -0.419052 0.906863
vn 0.105209 -0.987115 0.120565
vn 0.089145 -0.836402 -0.540819
vn 0.105209 -0.987114 0.120572
vn -0.101522 0.952518 -0.287059
vn -0.087367 0.819715 0.566069
vn -0.039835 0.373746 0.926675
vn -0.093009 0.872651 0.479406
vn 0.081656 -0.766130 -0.637477
vn -0.026905 0.252438 0.967239
vn -0.026905 0.252437 0.967239
vn -0.102573 0.962382 -0.251595
vn -0.038842 0.364434 0.930419
vn 0.045182 -0.423918 0.904573
vn 0.080943 -0.759447 0.645514
vn 0.036096 -0.338670 0.940213
vn -0.071904 0.674628 0.734647
vn -0.037301 0.349964 0.936020
vn -0.072351 0.678820 0.730731
vn 0.083268 -0.781253 -0.618636
vn 0.074610 -0.700020 -0.710215
vn 0.074610 -0.700019 -0.710215
vn 0.094642 -0.887969 -0.450060
vn 0.088085 -0.826457 -0.556066
vn 0.094641 -0.887964 -0.450069
vn -0.039835 0.373751 -0.926673
vn -0.076579 0.718501 -0.691297
vn -0.082727 0.776170 -0.625073
vn -0.105872 0.993339 -0.045474
vn -0.099112 0.929909 0.354185
vn -0.098786 0.926852 0.362197
vn -0.088491 0.830259 0.550309
vn -0.088456 0.829933 0.550805
vn 0.105209 -0.987115 -0.120565
vn 0.105209 -0.987114 -0.120568
vn 0.078820 -0.739511 -0.668513
vn 0.089146 -0.836402 0.540818
vn 0.089146 -0.836404 0.540816
vn 0.088086 -0.826463 -0.556057
vn 0.044663 -0.419050 -0.906864
vn 0.091739 -0.860731 -0.500725
vn -0.105314 0.988100 -0.112101
vn -0.026905 0.252438 -0.967239
vn -0.026905 0.252438 -0.967239
vn -0.031374 0.294365 0.955178
vn 0.000000 -0.000000 -1.000000
vn 0.040558 -0.380529 -0.923879
vn 0.074941 -0.703125 -0.707106
vn 0.097915 -0.918677 -0.382683
vn 0.103946 -0.975262 -0.195088
vn 0.105982 -0.994368 -0.000000
vn 0.097915 -0.918676 0.382685
vn 0.088121 -0.826787 0.555570
vn 0.074941 -0.703125 0.707106
vn 0.040558 -0.380529 0.923879
vn 0.020676 -0.193992 0.980785
vn -0.000000 -0.000000 1.000000
vn -0.040558 0.380527 0.923880
vn -0.058880 0.552441 0.831470
vn -0.074941 0.703123 0.707108
vn -0.097914 0.918677 0.382683
vn -0.103946 0.975262 0.195090
vn -0.105472 0.989580 0.098018
vn -0.105472 0.989580 0.098016
vn -0.105472 0.989580 -0.098018
vn -0.097915 0.918676 -0.382684
vn -0.088121 0.826787 -0.555570
vn -0.058880 0.552440 -0.831470
vn -0.020676 0.193992 -0.980785
vn 0.994315 0.105977 0.010317
vn 0.993997 0.106013 0.027028
vn 0.994368 0.105983 0.000004
vn 0.994098 0.103172 0.033549
vn 0.992522 0.118354 0.029874
vn 0.992521 0.118365 0.029873
vn 0.991972 0.125047 0.018816
vn 0.993542 0.113228 0.007286
vn 0.991032 0.131889 0.021487
vn 0.992013 0.124665 0.019220
vn 0.994368 0.105980 -0.000013
vn 0.990680 0.135637 0.012513
vn 0.991519 0.127304 0.026132
vn 0.990480 0.137512 0.006316
vn 0.990679 0.135640 0.012502
vn 0.991219 0.132117 -0.005523
vn 0.990480 0.137512 0.006318
vn 0.993243 0.116039 -0.002013
vn 0.990367 0.138119 -0.009776
vn 0.991206 0.132232 -0.004977
vn 0.994368 0.105985 -0.000004
vn 0.990985 0.132776 -0.017886
vn 0.990231 0.139395 -0.003369
vn 0.991410 0.128784 -0.022804
vn 0.990986 0.132769 -0.017894
vn 0.992713 0.116154 -0.032076
vn 0.991411 0.128775 -0.022817
vn 0.994365 0.105847 -0.005857
vn 0.992900 0.116299 -0.024968
vn 0.994009 0.109202 -0.004609
vn 0.994368 0.105983 0.000003
vn 0.994164 0.105960 -0.020261
vn 0.994368 0.105982 0.000003
vn 0.994528 0.103976 -0.010125
vn 0.993847 0.105926 -0.032381
vn 0.994536 0.100993 -0.026430
vn 0.994368 0.105982 -0.000009
vn 0.995754 0.088033 -0.026928
vn 0.994156 0.102572 -0.033646
vn 0.996274 0.083153 -0.022900
vn 0.995754 0.088032 -0.026933
vn 0.996693 0.079218 -0.018095
vn 0.996274 0.083153 -0.022896
vn 0.997012 0.076222 -0.012508
vn 0.996694 0.079212 -0.018091
vn 0.997211 0.074361 -0.006442
vn 0.997013 0.076216 -0.012500
vn 0.997279 0.073721 -0.000130
vn 0.997211 0.074359 -0.006431
vn 0.997213 0.074338 0.006324
vn 0.997279 0.073721 -0.000114
vn 0.996362 0.083857 0.015174
vn 0.997213 0.074336 0.006327
vn 0.995224 0.097445 0.005730
vn 0.996574 0.079888 0.021420
vn 0.996383 0.083621 0.015083
vn 0.994368 0.105979 -0.000000
vn 0.996925 0.076638 0.016348
vn 0.995072 0.095961 0.024951
vn 0.994734 0.102051 0.009525
vn 0.994845 0.096106 0.032354
vn 0.994583 0.102029 0.019876
vn 0.994368 0.105982 -0.000011
vn 0.994516 0.099643 0.031770
vn 0.989831 0.129700 0.058416
vn 0.990137 0.120948 0.070712
vn 0.994368 0.105983 0.000009
vn 0.248215 0.214284 0.944707
vn 0.438564 0.060208 0.896681
vn 0.480358 0.222267 0.848442
vn 0.830698 0.136694 0.539680
vn 0.989308 0.114403 0.090452
vn 0.849515 0.191916 0.491419
vn 0.230521 0.395004 0.889287
vn 0.473633 0.381204 0.793949
vn 0.835410 0.284742 0.470119
vn 0.403029 0.528389 0.747243
vn 0.211213 0.561495 0.800070
vn 0.836369 0.334212 0.434498
vn 0.986813 0.144564 0.072807
vn 0.201662 0.704061 0.680904
vn 0.187274 0.706408 0.682580
vn 0.672284 0.512518 0.534191
vn 0.758026 0.461320 0.461065
vn 0.183216 0.824136 0.535940
vn 0.185378 0.825014 0.533841
vn 0.175279 0.913339 0.367545
vn 0.238325 0.902749 0.358114
vn 0.668588 0.673632 0.314977
vn 0.169510 0.967473 0.187784
vn 0.380427 0.910290 0.163239
vn 0.650959 0.731671 0.202263
vn 0.981775 0.188365 0.025230
vn 0.809837 0.581059 0.080845
vn 0.765842 0.622021 0.163022
vn 0.413130 0.910671 0.001336
vn 0.165953 0.986133 -0.001121
vn 0.807745 0.589532 0.000600
vn 0.983963 0.178049 0.010774
vn 0.985350 0.170543 -0.000251
vn 0.392897 0.904468 -0.166040
vn 0.159270 0.969106 -0.188325
vn 0.803352 0.589853 -0.081852
vn 0.984496 0.175088 -0.010533
vn 0.173672 0.913672 -0.367481
vn 0.330450 0.876946 -0.348954
vn 0.738960 0.651243 -0.172686
vn 0.981776 0.188362 -0.025208
vn 0.215603 0.826911 -0.519359
vn 0.219468 0.805354 -0.550672
vn 0.653949 0.696071 -0.296372
vn 0.197998 0.700146 -0.685998
vn 0.285388 0.689907 -0.665268
vn 0.700399 0.502362 -0.507025
vn 0.211470 0.558908 -0.801812
vn 0.401588 0.528479 -0.747955
vn 0.672291 0.512522 -0.534178
vn 0.986813 0.144563 -0.072819
vn 0.836363 0.334207 -0.434513
vn 0.758023 0.461311 -0.461079
vn 0.463567 0.381211 -0.799865
vn 0.220771 0.392139 -0.893022
vn 0.837984 0.283079 -0.466530
vn 0.239416 0.217154 -0.946322
vn 0.472295 0.222635 -0.852860
vn 0.846932 0.192111 -0.495782
vn 0.989652 0.130194 -0.060314
vn 0.990381 0.120223 -0.068493
vn 0.266461 0.028401 -0.963427
vn 0.447983 0.061601 -0.891917
vn 0.830695 0.136695 -0.539685
vn 0.989309 0.114397 -0.090448
vn 0.291815 -0.156293 -0.943619
vn 0.279573 -0.159594 -0.946767
vn 0.730067 0.015434 -0.683202
vn 0.306855 -0.336044 -0.890458
vn 0.319882 -0.336545 -0.885671
vn 0.491758 -0.454826 -0.742501
vn 0.326165 -0.502302 -0.800817
vn 0.758547 -0.283192 -0.586863
vn 0.560382 -0.559112 -0.611037
vn 0.341629 -0.647446 -0.681252
vn 0.856480 -0.271192 -0.439200
vn 0.996412 0.049609 -0.068572
vn 0.894997 -0.273304 -0.352542
vn 0.579406 -0.659852 -0.478419
vn 0.354382 -0.767096 -0.534768
vn 0.906872 -0.319218 -0.275106
vn 0.998040 0.050273 -0.037275
vn 0.363847 -0.855879 -0.367540
vn 0.546963 -0.760864 -0.349168
vn 0.908610 -0.359308 -0.212898
vn 0.998613 0.041625 -0.032230
vn 0.369638 -0.910179 -0.186929
vn 0.422579 -0.888175 -0.180479
vn 0.872112 -0.462737 -0.159044
vn 0.788838 -0.580947 -0.200587
vn 0.999595 0.018329 -0.021789
vn 0.383454 -0.923560 0.000002
vn 0.390710 -0.920514 0.000002
vn 0.807893 -0.578397 -0.112988
vn 0.418373 -0.889926 0.181647
vn 0.369638 -0.910178 0.186933
vn 0.792340 -0.600217 0.109258
vn 0.551726 -0.757639 0.348686
vn 0.362253 -0.855686 0.369558
vn 0.788840 -0.580945 0.200584
vn 0.999434 0.022030 0.025418
vn 0.905412 -0.363730 0.218931
vn 0.874084 -0.456592 0.165832
vn 0.573099 -0.662782 0.481952
vn 0.344678 -0.770443 0.536297
vn 0.906754 -0.318117 0.276767
vn 0.998040 0.050274 0.037272
vn 0.340258 -0.649322 0.680151
vn 0.556420 -0.560767 0.613137
vn 0.896982 -0.268277 0.351355
vn 0.997318 0.055138 0.048133
vn 0.324522 -0.501781 0.801811
vn 0.490451 -0.455492 0.742957
vn 0.855438 -0.269399 0.442324
vn 0.996123 0.049364 0.072811
vn 0.312427 -0.338122 0.887729
vn 0.298759 -0.339654 0.891840
vn 0.758485 -0.282753 0.587155
vn 0.730049 0.015443 0.683220
vn 0.286383 -0.158499 0.944914
vn 0.259616 0.027670 0.965315
vn 0.299268 -0.155012 0.941494
vn 0.994368 0.105981 0.000005
vn 0.994368 0.105983 -0.000005
vn 0.994368 0.105980 -0.000002
vn 0.994368 0.105980 0.000004
vn 0.994368 0.105979 -0.000007
vn 0.994368 0.105984 0.000020
vn 0.994368 0.105979 0.000001
vn 0.994369 0.105972 -0.000006
vn 0.994368 0.105982 0.000000
vn 0.994368 0.105982 -0.000004
vn 0.994369 0.105972 0.000009
vn 0.994369 0.105977 -0.000000
vn 0.994368 0.105981 -0.000003
vn 0.994368 0.105984 -0.000042
vn 0.994368 0.105983 0.000007
vn 0.994368 0.105983 -0.000001
vn 0.994368 0.105983 0.000001
vn 0.994368 0.105984 0.000000
vn -0.092626 0.869058 -0.485961
vn -0.038459 0.360842 -0.931834
vn -0.038459 0.360838 -0.931835
vn 0.028910 -0.271244 -0.962076
vn 0.083332 -0.781858 -0.617862
vn -0.025436 0.238647 0.970773
vn -0.026491 0.248546 0.968258
vn -0.025189 0.236334 -0.971345
vn -0.104603 0.981431 0.160785
vn -0.105411 0.989007 0.103701
vn 0.083669 -0.785013 0.613803
vn -0.104604 0.981431 -0.160785
vn -0.105410 0.989007 -0.103701
vn -0.105411 0.989006 -0.103705
vn -0.105903 0.993624 0.038675
vn 0.103545 -0.971500 0.213230
vn -0.105902 0.993624 -0.038672
vn -0.038459 0.360835 0.931836
vn -0.092625 0.869058 0.485961
vn 0.028659 -0.268888 0.962745
vn 0.103553 -0.971582 -0.212848
vn 0.105982 -0.994366 -0.002021
vn 0.020359 -0.191015 -0.981376
vn 0.020358 -0.191012 -0.981377
vn -0.019128 0.179461 0.983579
vn -0.016118 0.151227 -0.988368
vn -0.028828 0.270473 -0.962296
vn 0.105833 -0.992967 -0.053067
vn 0.072192 -0.677331 0.732128
vn -0.105809 0.992734 -0.057307
vn -0.105771 0.992393 0.062999
vn -0.048530 0.455332 -0.888998
vn -0.048531 0.455333 -0.888998
vn 0.082018 -0.769523 -0.633330
vn 0.089495 -0.839684 -0.535651
vn 0.090107 -0.845423 -0.526441
vn -0.077605 0.728123 -0.681039
vn -0.028828 0.270476 -0.962295
vn -0.105698 0.991702 0.073174
vn -0.088223 0.827739 0.554134
vn -0.036624 0.343620 -0.938394
vn -0.022121 0.207548 -0.977975
vn -0.022121 0.207546 -0.977975
vn 0.046617 -0.437381 0.898067
vn 0.015824 -0.148464 0.988791
vn 0.072516 -0.680372 -0.729270
vn -0.077605 0.728119 0.681043
vn -0.105808 0.992734 0.057310
vn 0.020358 -0.191011 0.981377
vn -0.019124 0.179430 -0.983585
vn 0.015825 -0.148477 -0.988789
vn 0.089983 -0.844257 0.528330
vn 0.082018 -0.769526 0.633327
vn -0.036624 0.343619 0.938395
vn 0.089414 -0.838922 0.536856
vn -0.088223 0.827746 -0.554125
vn -0.016118 0.151227 0.988368
vn -0.022121 0.207545 0.977975
vn -0.105699 0.991702 -0.073173
vn -0.105772 0.992393 -0.062998
vn -0.048531 0.455332 0.888998
vn 0.105822 -0.992862 0.055010
vn 0.046617 -0.437375 -0.898070
vn -0.043027 0.403695 0.913881
vn -0.043026 0.403687 0.913885
vn -0.028827 0.270471 0.962296
vn 0.091739 -0.860733 0.500722
vn 0.094641 -0.887965 0.450067
vn -0.070678 0.663138 -0.745153
vn 0.078820 -0.739512 0.668513
vn 0.074610 -0.700021 0.710214
vn -0.029470 0.276502 -0.960561
vn 0.036098 -0.338683 -0.940208
vn 0.074611 -0.700021 0.710214
vn 0.088086 -0.826463 0.556058
vn 0.080945 -0.759451 -0.645509
vn 0.044664 -0.419058 0.906860
vn 0.044664 -0.419058 0.906860
vn 0.089147 -0.836404 -0.540815
vn 0.105210 -0.987114 0.120570
vn -0.101522 0.952519 -0.287057
vn -0.087952 0.825204 -0.557945
vn -0.039835 0.373751 0.926673
vn -0.093010 0.872652 0.479404
vn 0.089146 -0.836402 -0.540819
vn -0.026905 0.252438 0.967239
vn 0.083268 -0.781254 0.618635
vn 0.080944 -0.759445 0.645516
vn 0.036097 -0.338674 0.940211
vn -0.037300 0.349969 0.936019
vn -0.072351 0.678825 0.730727
vn 0.074610 -0.700022 -0.710213
vn 0.083268 -0.781258 -0.618629
vn 0.083268 -0.781254 -0.618635
vn 0.094643 -0.887970 -0.450059
vn -0.039835 0.373753 -0.926673
vn -0.038843 0.364438 -0.930417
vn -0.105873 0.993339 -0.045474
vn -0.088456 0.829935 0.550803
vn 0.105210 -0.987114 -0.120572
vn 0.078819 -0.739511 -0.668514
vn 0.089146 -0.836401 0.540820
vn 0.044664 -0.419059 -0.906860
vn 0.088086 -0.826466 -0.556054
vn 0.091740 -0.860738 -0.500714
vn 0.091741 -0.860736 -0.500717
vn -0.082725 0.776173 -0.625070
vn -0.098786 0.926854 0.362193
vn -0.026905 0.252437 -0.967239
vn 0.044664 -0.419058 -0.906860
vn 0.081656 -0.766128 0.637480
vn 0.052991 -0.497184 -0.866026
vn 0.000000 -0.000000 -1.000000
vn -0.000000 -0.000000 -1.000000
vn 0.091782 -0.861151 -0.499994
vn 0.052991 -0.497188 -0.866023
vn 0.105982 -0.994368 0.000000
vn 0.091784 -0.861149 -0.499997
vn 0.091784 -0.861150 0.499997
vn 0.105986 -0.994368 -0.000000
vn 0.091782 -0.861150 0.499997
vn 0.052991 -0.497189 0.866023
vn 0.052991 -0.497184 0.866025
vn -0.000000 0.000002 1.000000
vn -0.052992 0.497190 0.866022
vn -0.000000 -0.000000 1.000000
vn -0.091782 0.861150 0.499996
vn -0.052991 0.497187 0.866023
vn -0.091784 0.861150 0.499996
vn -0.102371 0.960487 0.258816
vn -0.091785 0.861153 -0.499991
vn -0.102371 0.960488 -0.258812
vn -0.102375 0.960488 -0.258809
vn -0.994368 -0.105985 0.000005
vn -0.994367 -0.105989 -0.000002
vn -0.994368 -0.105984 0.000004
vn -0.052992 0.497188 -0.866023
vn -0.091783 0.861152 -0.499994
vn -0.052992 0.497190 -0.866022
vn 0.994368 0.105981 -0.000001
vn 0.994368 0.105985 -0.000002
vn 0.994368 0.105982 -0.000001
vn 0.000000 -0.000000 -1.000000
vn 0.052991 -0.497184 -0.866025
vn 0.052991 -0.497183 -0.866026
vn 0.091784 -0.861148 -0.500000
vn 0.091783 -0.861148 -0.500000
vn 0.105982 -0.994368 -0.000001
vn 0.091783 -0.861149 0.499998
vn 0.091783 -0.861148 0.500000
vn 0.052991 -0.497184 0.866025
vn 0.052991 -0.497182 0.866026
vn 0.000000 0.000000 1.000000
vn -0.000000 -0.000000 1.000000
vn -0.052991 0.497184 0.866026
vn -0.052991 0.497184 0.866026
vn -0.091783 0.861148 0.500000
vn -0.102371 0.960486 0.258817
vn -0.102371 0.960486 0.258818
vn -0.102371 0.960486 -0.258818
vn -0.091783 0.861147 -0.500002
vn -0.102372 0.960486 -0.258819
vn 0.994368 0.105982 0.000004
vn 0.994368 0.105982 0.000006
vn 0.994368 0.105982 -0.000001
vn -0.091783 0.861149 -0.499999
vn -0.052991 0.497184 -0.866025
vn 0.000000 0.000000 -1.000000
vn -0.994368 -0.105982 -0.000001
vn -0.994368 -0.105981 -0.000002
vn -0.994368 -0.105982 0.000001
vn 0.000001 0.000005 -1.000000
vn 0.052992 -0.497163 -0.866037
vn 0.000001 0.000004 -1.000000
vn 0.052992 -0.497180 -0.866027
vn 0.091788 -0.861142 -0.500010
vn 0.091784 -0.861168 -0.499965
vn 0.105985 -0.994368 -0.000003
vn 0.091784 -0.861167 0.499967
vn 0.105976 -0.994369 0.000009
vn 0.052992 -0.497180 0.866027
vn 0.091788 -0.861146 0.500002
vn 0.000001 0.000005 1.000000
vn 0.052992 -0.497164 0.866037
vn -0.052990 0.497168 0.866034
vn 0.000001 0.000004 1.000000
vn -0.091787 0.861157 0.499984
vn -0.052992 0.497199 0.866017
vn -0.102376 0.960489 0.258806
vn -0.091787 0.861129 0.500032
vn -0.091785 0.861157 -0.499984
vn -0.102376 0.960487 -0.258814
vn -0.102374 0.960490 -0.258803
vn -0.994369 -0.105972 -0.000035
vn -0.994369 -0.105972 -0.000060
vn -0.994369 -0.105977 -0.000000
vn -0.052990 0.497174 -0.866031
vn -0.091787 0.861133 -0.500024
vn -0.052990 0.497199 -0.866017
vn 0.994369 0.105974 -0.000006
vn 0.994364 0.106023 -0.000000
vn 0.994369 0.105972 -0.000005
vn -0.070918 0.665374 -0.743134
vn -0.100796 0.945696 -0.309030
vn -0.100799 0.945702 -0.309009
vn -0.022037 0.206753 -0.978145
vn -0.070917 0.665376 -0.743133
vn 0.032750 -0.307269 -0.951059
vn -0.022035 0.206745 -0.978147
vn 0.078754 -0.738922 -0.669173
vn 0.032751 -0.307288 -0.951053
vn 0.078758 -0.738941 -0.669151
vn 0.103666 -0.972632 -0.207944
vn 0.103670 -0.972642 -0.207893
vn 0.100795 -0.945701 0.309014
vn 0.070916 -0.665371 0.743136
vn 0.100794 -0.945698 0.309023
vn 0.022038 -0.206753 0.978145
vn 0.070916 -0.665371 0.743136
vn 0.022037 -0.206746 0.978146
vn -0.032751 0.307270 0.951059
vn -0.078757 0.738940 0.669153
vn -0.032753 0.307284 0.951054
vn -0.994369 -0.105971 0.000035
vn -0.994369 -0.105976 0.000010
vn -0.994369 -0.105973 -0.000001
vn -0.094426 0.885979 0.454009
vn -0.078757 0.738941 0.669151
vn -0.105841 0.993005 -0.052338
vn -0.105841 0.993006 -0.052307
vn 0.994369 0.105973 -0.000029
vn 0.994369 0.105974 -0.000034
vn 0.994369 0.105977 -0.000028
vn -0.062297 0.584469 0.809021
vn -0.096817 0.908396 0.406748
vn -0.062293 0.584461 0.809027
vn -0.096820 0.908397 0.406745
vn -0.104673 0.982125 0.156443
vn -0.098936 0.928318 -0.358383
vn -0.085738 0.804457 -0.587791
vn -0.098949 0.928332 -0.358342
vn -0.043105 0.404455 -0.913542
vn -0.085730 0.804449 -0.587803
vn 0.011080 -0.103946 -0.994521
vn -0.043105 0.404449 -0.913544
vn 0.062293 -0.584472 -0.809019
vn 0.011078 -0.103940 -0.994522
vn 0.062299 -0.584507 -0.808993
vn 0.096811 -0.908400 -0.406740
vn 0.096819 -0.908415 -0.406704
vn 0.105396 -0.988923 0.104517
vn 0.105407 -0.988920 0.104533
vn 0.085745 -0.804466 0.587777
vn 0.043109 -0.404442 0.913547
vn 0.085752 -0.804469 0.587773
vn -0.994368 -0.105982 0.000002
vn -0.994368 -0.105981 -0.000006
vn -0.994368 -0.105981 -0.000017
vn -0.011078 0.103931 0.994523
vn 0.043107 -0.404448 0.913545
vn -0.011078 0.103931 0.994523
vn 0.994368 0.105979 -0.000032
vn 0.994368 0.105981 -0.000012
vn 0.994368 0.105980 -0.000033
vn 0.011081 -0.103946 0.994521
vn 0.062294 -0.584478 0.809014
vn 0.062298 -0.584502 0.808997
vn -0.043105 0.404444 0.913547
vn 0.011078 -0.103939 0.994522
vn -0.085733 0.804447 0.587805
vn -0.043109 0.404462 0.913538
vn -0.098936 0.928318 0.358382
vn -0.085744 0.804479 0.587760
vn -0.096820 0.908400 -0.406737
vn -0.104673 0.982125 -0.156444
vn -0.104673 0.982127 -0.156432
vn -0.062295 0.584458 -0.809029
vn -0.096817 0.908396 -0.406746
vn -0.011079 0.103935 -0.994522
vn -0.062293 0.584461 -0.809027
vn 0.043108 -0.404436 -0.913550
vn -0.011079 0.103936 -0.994522
vn 0.085740 -0.804479 -0.587761
vn 0.043105 -0.404465 -0.913537
vn 0.085746 -0.804452 -0.587797
vn 0.105398 -0.988923 -0.104515
vn -0.994368 -0.105983 -0.000002
vn -0.994368 -0.105981 0.000011
vn -0.994368 -0.105981 0.000035
vn 0.096818 -0.908408 0.406720
vn 0.105406 -0.988918 -0.104554
vn 0.096812 -0.908400 0.406740
vn 0.994368 0.105980 0.000005
vn 0.994368 0.105979 -0.000000
vn 0.994368 0.105980 -0.000012
vn 0.100793 -0.945704 -0.309007
vn 0.103666 -0.972633 0.207940
vn 0.100789 -0.945696 -0.309030
vn 0.078760 -0.738945 0.669147
vn 0.103670 -0.972641 0.207898
vn 0.032748 -0.307262 0.951061
vn 0.078755 -0.738910 0.669185
vn -0.022036 0.206749 0.978146
vn 0.032747 -0.307271 0.951058
vn -0.022036 0.206748 0.978146
vn -0.070917 0.665370 0.743138
vn -0.088888 0.833959 0.544621
vn -0.070921 0.665391 0.743118
vn -0.105838 0.993006 0.052321
vn -0.103663 0.972642 -0.207898
vn -0.105833 0.993005 0.052355
vn -0.103667 0.972632 -0.207941
vn -0.078757 0.738959 -0.669132
vn -0.032750 0.307281 -0.951055
vn -0.078759 0.738929 -0.669164
vn 0.022034 -0.206747 -0.978146
vn -0.032750 0.307289 -0.951053
vn -0.994369 -0.105971 0.000012
vn -0.994370 -0.105968 0.000025
vn -0.994369 -0.105974 0.000013
vn 0.070913 -0.665376 -0.743132
vn 0.022034 -0.206751 -0.978146
vn 0.070914 -0.665371 -0.743137
vn 0.994368 0.105981 0.000037
vn 0.994368 0.105980 0.000060
vn 0.994369 0.105978 0.000022
vn -0.994368 -0.105983 0.000000
vn -0.995160 -0.093600 0.029920
vn -0.994368 -0.105980 0.000000
vn -0.994368 -0.105985 -0.000006
vn -0.994368 -0.105982 0.000008
vn -0.994368 -0.105982 -0.000017
vn -0.990992 -0.132708 -0.017993
vn -0.990480 -0.137511 -0.006318
vn -0.990480 -0.137511 0.006316
vn -0.994368 -0.105980 -0.000004
vn -0.994368 -0.105981 0.000000
vn -0.994368 -0.105983 -0.000008
vn -0.879744 0.446628 0.163017
vn -0.758212 -0.630570 0.165820
vn -0.994368 -0.105981 -0.000004
vn -0.994369 -0.105973 0.000000
vn -0.994368 -0.105986 0.000001
vn -0.994368 -0.105982 0.000000
vn -0.994370 -0.105962 0.000000
vn -0.994370 -0.105964 0.000000
vn -0.994378 -0.105890 0.000000
vn -0.994368 -0.105985 0.000000
vn -0.994368 -0.105986 -0.000001
vn -0.994369 -0.105972 -0.000164
vn -0.994367 -0.105991 0.000000
vn -0.994367 -0.105993 0.000351
vn -0.994367 -0.105990 0.000000
vn -0.994369 -0.105970 0.000161
vn -0.994366 -0.105996 -0.000562
vn -0.994362 -0.106042 0.000114
vn -0.994366 -0.105999 0.000003
vn -0.994372 -0.105942 0.000002
vn -0.994368 -0.105980 0.000012
vn -0.994368 -0.105981 -0.000003
vn -0.994366 -0.106006 -0.000135
vn -0.994372 -0.105943 0.000001
vn -0.994363 -0.106034 0.000229
vn -0.994368 -0.105983 0.000000
vn 0.091741 -0.860741 0.500709
vn 0.078819 -0.739506 -0.668519
vn 0.020676 -0.193992 -0.980785
vn 0.058881 -0.552440 -0.831470
vn 0.088121 -0.826788 -0.555569
vn 0.103945 -0.975262 0.195089
vn 0.058880 -0.552441 0.831470
vn -0.020676 0.193991 0.980785
vn -0.088120 0.826787 0.555570
vn -0.103946 0.975261 -0.195091
vn -0.074941 0.703125 -0.707106
vn -0.040558 0.380527 -0.923880
vn 0.997318 0.055136 -0.048127
vn 0.998614 0.041625 0.032219
vn 0.994368 0.105985 0.000032
vn 0.994368 0.105985 -0.000009
vn 0.994369 0.105975 -0.000000
vn 0.994368 0.105983 -0.000002
vn 0.994368 0.105982 0.000004
vn 0.994368 0.105979 -0.000038
vn 0.994371 0.105959 0.000002
vn 0.994367 0.105989 0.000229
vn 0.994370 0.105962 -0.000065
vn 0.994378 0.105890 -0.000000
vn 0.994370 0.105964 -0.000000
vn 0.994370 0.105962 -0.000000
vn 0.994368 0.105983 -0.000003
vn 0.994368 0.105981 0.000002
vn 0.994367 0.105990 -0.000000
vn 0.994371 0.105957 -0.000140
vn 0.994370 0.105960 -0.000002
vn 0.994368 0.105986 0.000018
vn 0.994365 0.106010 -0.000000
vn 0.994373 0.105933 0.000021
vn 0.994377 0.105898 -0.000000
vn 0.994368 0.105985 -0.000001
vn 0.994373 0.105936 -0.000000
vn 0.994368 0.105985 -0.000018
vn 0.994377 0.105897 -0.000000
vn 0.994365 0.106008 -0.000000
vn -0.105410 0.989007 0.103704
vn -0.043026 0.403692 -0.913883
vn -0.022121 0.207549 0.977975
vn -0.102375 0.960487 0.258813
vn -0.994369 -0.105969 0.000111
vn -0.994368 -0.105986 -0.000035
vn -0.994370 -0.105968 0.000015
vn -0.994369 -0.105977 0.000010
vn -0.994370 -0.105967 -0.000111
vn -0.994366 -0.105999 0.000111
vn -0.994368 -0.105979 -0.000015
vn -0.994366 -0.106000 0.000035
vn -0.994366 -0.105997 -0.000111
vn 0.994368 0.105984 0.000111
vn 0.994368 0.105984 -0.000035
vn 0.994367 0.105989 -0.000005
vn 0.994368 0.105980 0.000001
vn 0.994365 0.106007 0.000056
vn 0.994368 0.105984 -0.000111
vn 0.994368 0.105986 -0.000005
vn 0.994370 0.105962 -0.000002
vn 0.994365 0.106008 -0.000056
vn 0.105982 -0.994368 -0.000002
vn -0.091783 0.861148 0.500000
vn 0.994368 0.105982 -0.000016
vn 0.994368 0.105982 -0.000001
vn 0.994368 0.105982 0.000017
vn 0.994368 0.105982 -0.000000
vn 0.994368 0.105980 -0.000000
vn 0.994368 0.105982 -0.000000
vn 0.994368 0.105982 -0.000001
vn 0.994368 0.105982 -0.000004
vn 0.994368 0.105978 0.000000
vn -0.052991 0.497186 -0.866025
vn -0.994368 -0.105981 0.000000
vn -0.994368 -0.105982 -0.000003
vn -0.994368 -0.105983 0.000000
vn -0.994368 -0.105982 -0.000004
vn -0.994368 -0.105983 0.000000
vn -0.994368 -0.105982 0.000014
vn -0.994368 -0.105982 -0.000050
vn -0.994368 -0.105984 0.000000
vn -0.994368 -0.105984 0.000025
vn -0.102374 0.960492 0.258795
vn -0.994361 -0.106052 0.000000
vn -0.994367 -0.105995 0.000000
vn -0.994368 -0.105987 0.000000
vn -0.994361 -0.106052 0.000000
vn -0.994369 -0.105977 0.000137
vn -0.994370 -0.105968 0.000000
vn -0.994369 -0.105977 0.000020
vn -0.994367 -0.105993 0.000000
vn -0.994370 -0.105968 0.000000
vn 0.994370 0.105964 -0.000461
vn 0.994370 0.105965 0.000011
vn 0.994351 0.106138 -0.000230
vn 0.994370 0.105967 0.000010
vn 0.994352 0.106132 0.000230
vn 0.994370 0.105967 -0.000124
vn 0.994370 0.105964 0.000461
vn 0.994360 0.106056 -0.000000
vn 0.994361 0.106050 -0.000000
vn -0.994369 -0.105975 0.000000
vn -0.994369 -0.105970 -0.000137
vn -0.994371 -0.105950 0.000000
vn -0.994364 -0.106017 0.000000
vn -0.994365 -0.106011 0.000041
vn -0.994368 -0.105984 -0.000027
vn -0.994370 -0.105968 0.000024
vn -0.994371 -0.105950 0.000000
vn -0.994364 -0.106017 0.000000
vn -0.094431 0.885997 0.453974
vn 0.994368 0.105987 -0.000000
vn 0.994365 0.106012 -0.000000
vn 0.994368 0.105983 -0.000016
vn 0.994371 0.105956 0.000085
vn 0.994368 0.105982 -0.000000
vn 0.994367 0.105987 -0.000000
vn 0.994371 0.105957 0.000230
vn 0.994372 0.105949 -0.000072
vn 0.994369 0.105975 0.000074
vn -0.104673 0.982127 0.156432
vn -0.994365 -0.106013 0.000000
vn -0.994368 -0.105983 -0.000039
vn -0.994374 -0.105922 0.000230
vn -0.994367 -0.105989 -0.000922
vn -0.994368 -0.105982 -0.000036
vn -0.994368 -0.105985 0.000000
vn -0.994368 -0.105984 0.000002
vn -0.994355 -0.106102 0.000230
vn -0.994370 -0.105964 0.000000
vn 0.994369 0.105976 0.000021
vn 0.994369 0.105971 0.000162
vn 0.994365 0.106012 -0.000000
vn 0.994365 0.106015 -0.000000
vn 0.994366 0.106003 -0.000041
vn 0.994370 0.105965 0.000059
vn 0.994366 0.105999 0.000085
vn 0.994372 0.105947 -0.000002
vn 0.994365 0.106015 -0.000058
vn -0.098949 0.928332 0.358341
vn -0.994367 -0.105987 0.000461
vn -0.994368 -0.105979 -0.000144
vn -0.994369 -0.105975 0.000149
vn -0.994368 -0.105984 0.000000
vn -0.994368 -0.105983 -0.000003
vn -0.994368 -0.105981 0.000000
vn -0.994370 -0.105967 0.000000
vn -0.994354 -0.106115 -0.000230
vn -0.994366 -0.106000 0.000000
vn 0.994372 0.105941 0.000461
vn 0.994368 0.105981 -0.000060
vn 0.994367 0.105991 -0.000000
vn 0.994372 0.105940 -0.000000
vn 0.994367 0.105987 -0.000000
vn 0.994368 0.105980 -0.000000
vn 0.994368 0.105980 0.000001
vn 0.994366 0.106002 0.000058
vn 0.994365 0.106011 0.000461
vn -0.088881 0.833918 0.544685
vn -0.994369 -0.105977 -0.000001
vn -0.994366 -0.106005 -0.000115
vn -0.994372 -0.105942 -0.000461
vn -0.994367 -0.105992 -0.000001
vn -0.994366 -0.106002 -0.000010
vn -0.994366 -0.106006 0.000000
vn -0.994372 -0.105944 0.000000
vn -0.994369 -0.105971 0.000000
vn -0.994369 -0.105971 0.000000
vn 0.994369 0.105969 -0.000000
vn 0.994368 0.105981 -0.000003
vn 0.994371 0.105958 -0.000018
vn 0.994371 0.105952 -0.000461
vn 0.994370 0.105964 0.000230
vn 0.994367 0.105987 -0.000000
vn 0.994369 0.105974 -0.000000
vn 0.994372 0.105949 -0.000009
vn 0.994370 0.105964 -0.000230
s 1
g Piece3 Supermarine_Spitfire_Mk:GLTF_SceneRootNode Supermarine_Spitfire_Mk:root Supermarine_Spitfire_Mk:Sketchfab_model Supermarine_Spitfire_Mk:Meshes Supermarine_Spitfire_Mk:scene Supermarine_Spitfire_Mk:Object_100
usemtl Supermarine_Spitfire_Mk:Object_100SG
f 2534/2494/2341 2357/2317/2342 2359/2319/2343
f 2536/2496/2344 2357/2317/2342 2535/2495/2345
f 2536/2496/2344 2364/2324/2346 2362/2322/2347
f 2538/2498/2348 2364/2324/2346 2537/2497/2349
f 2538/2498/2348 2368/2328/2350 2366/2326/2351
f 2539/2499/2352 2370/2330/2353 2368/2328/2350
f 2541/2501/2354 2370/2330/2353 2540/2500/2355
f 2541/2501/2354 2374/2334/2356 2372/2332/2357
f 2543/2503/2358 2374/2334/2356 2542/2502/2359
f 2543/2503/2358 2378/2338/2360 2376/2336/2361
f 2545/2505/2362 2378/2338/2360 2544/2504/2363
f 2545/2505/2362 2382/2342/2364 2380/2340/2365
f 2547/2507/2366 2382/2342/2364 2546/2506/2367
f 2547/2507/2366 2386/2346/2368 2384/2344/2369
f 2548/2508/2370 2387/2347/2371 2386/2346/2368
f 2549/2509/2372 2389/2349/2373 2387/2347/2371
f 2551/2511/2374 2389/2349/2373 2550/2510/2375
f 2551/2511/2374 2393/2353/2376 2391/2351/2377
f 2553/2513/2378 2393/2353/2376 2552/2512/2379
f 2553/2513/2378 2397/2357/2380 2395/2355/2381
f 2555/2515/2382 2397/2357/2380 2554/2514/2383
f 2555/2515/2382 2401/2361/2384 2399/2359/2385
f 2556/2516/2386 2403/2363/2387 2401/2361/2384
f 2557/2517/2388 2406/2366/2389 2403/2363/2387
f 2560/2520/2390 2405/2365/2391 2559/2519/2392
f 2561/2521/2393 2408/2368/2394 2560/2520/2390
f 2561/2521/2393 2412/2372/2395 2410/2370/2396
f 2562/2522/2397 2414/2374/2398 2412/2372/2395
f 2564/2524/2399 2414/2374/2398 2563/2523/2400
f 2564/2524/2399 2418/2378/2401 2416/2376/2402
f 2566/2526/2403 2418/2378/2401 2565/2525/2404
f 2566/2526/2403 2359/2319/2343 2420/2380/2405
s 32
f 2342/2302/2406 2358/2318/2407 2424/2384/2408
f 2358/2318/2407 2430/2390/2409 2424/2384/2408
f 2430/2390/2409 2363/2323/2410 2434/2394/2411
f 2363/2323/2410 2344/2304/2412 2434/2394/2411
f 2344/2304/2412 2367/2327/2413 2440/2400/2414
f 2440/2400/2414 2369/2329/2415 2444/2404/2416
f 2444/2404/2416 2371/2331/2417 2448/2408/2418
f 2371/2331/2417 2453/2413/2419 2448/2408/2418
f 2373/2333/2420 2346/2306/2421 2453/2413/2419
f 2346/2306/2421 2377/2337/2422 2460/2420/2423
f 2377/2337/2422 2463/2423/2424 2460/2420/2423
f 2379/2339/2425 2465/2425/2426 2463/2423/2424
f 2381/2341/2427 2468/2428/2428 2465/2425/2426
f 2383/2343/2429 2348/2308/2430 2468/2428/2428
f 2385/2345/2431 2350/2310/2432 2348/2308/2430
f 2350/2310/2432 2390/2350/2433 2478/2438/2434
f 2390/2350/2433 2351/2311/2435 2478/2438/2434
f 2351/2311/2435 2394/2354/2436 2482/2442/2437
f 2482/2442/2437 2396/2356/2438 2486/2446/2439
f 2486/2446/2439 2398/2358/2440 2490/2450/2441
f 2398/2358/2440 2495/2455/2442 2490/2450/2441
f 2495/2455/2442 2402/2362/2443 2500/2460/2444
f 2402/2362/2443 2504/2464/2445 2500/2460/2444
f 2504/2464/2445 2407/2367/2446 2507/2467/2447
f 2407/2367/2446 2509/2469/2448 2507/2467/2447
f 2509/2469/2448 2411/2371/2449 2513/2473/2450
f 2411/2371/2449 2353/2313/2451 2513/2473/2450
f 2353/2313/2451 2415/2375/2452 2521/2481/2453
f 2415/2375/2452 2525/2485/2454 2521/2481/2453
f 2417/2377/2455 2355/2315/2456 2525/2485/2454
f 2355/2315/2456 2421/2381/2457 2530/2490/2458
f 2421/2381/2457 2342/2302/2406 2530/2490/2458
s 49
f 2428/2388/2459 2585/2545/2460 2654/2614/2461
f 2423/2383/2462 2427/2387/2463 2341/2301/2464
f 2683/2643/2465 2426/2386/2466 2425/2385/2467
f 2568/2528/2468 2425/2385/2467 2422/2382/2469
f 2429/2389/2470 2426/2386/2466 2423/2383/2462
f 2431/2391/2471 2426/2386/2466 2432/2392/2472
f 2431/2391/2471 2422/2382/2469 2425/2385/2467
f 2436/2396/2473 2429/2389/2470 2433/2393/2474
f 2435/2395/2475 2432/2392/2472 2436/2396/2473
f 2585/2545/2460 2431/2391/2471 2435/2395/2475
f 2438/2398/2476 2433/2393/2474 2343/2303/2477
f 2436/2396/2473 2438/2398/2476 2685/2645/2478
f 2686/2646/2479 2585/2545/2460 2435/2395/2475
f 2438/2398/2476 2439/2399/2480 2442/2402/2481
f 2445/2405/2482 2439/2399/2480 2443/2403/2483
f 2689/2649/2484 2442/2402/2481 2445/2405/2482
f 2447/2407/2485 2445/2405/2482 2443/2403/2483
f 2445/2405/2482 2450/2410/2486 2691/2651/2487
f 2584/2544/2488 2449/2409/2489 2446/2406/2490
f 2452/2412/2491 2450/2410/2486 2447/2407/2485
f 2455/2415/2492 2449/2409/2489 2450/2410/2486
f 2451/2411/2493 2449/2409/2489 2454/2414/2494
f 2458/2418/2495 2452/2412/2491 2345/2305/2496
f 2457/2417/2497 2455/2415/2492 2458/2418/2495
f 2457/2417/2497 2451/2411/2493 2454/2414/2494
f 2459/2419/2498 2458/2418/2495 2345/2305/2496
f 2695/2655/2499 2457/2417/2497 2458/2418/2495
f 2582/2542/2500 2457/2417/2497 2695/2655/2499
f 2462/2422/2501 2461/2421/2502 2459/2419/2498
f 2699/2659/2503 2697/2657/2504 2461/2421/2502
f 2464/2424/2505 2699/2659/2503 2462/2422/2501
f 2703/2663/2506 2699/2659/2503 2466/2426/2507
f 2470/2430/2508 2464/2424/2505 2467/2427/2509
f 2700/2660/2510 2703/2663/2506 2470/2430/2508
f 2579/2539/2511 2704/2664/2512 2469/2429/2513
f 2473/2433/2514 2467/2427/2509 2347/2307/2515
f 2473/2433/2514 2469/2429/2513 2470/2430/2508
f 2579/2539/2511 2472/2432/2516 2471/2431/2517
f 2476/2436/2518 2347/2307/2515 2349/2309/2519
f 2476/2436/2518 2472/2432/2516 2473/2433/2514
f 2474/2434/2520 2472/2432/2516 2475/2435/2521
f 2477/2437/2522 2476/2436/2518 2349/2309/2519
f 2707/2667/2523 2476/2436/2518 2479/2439/2524
f 2578/2538/2525 2475/2435/2521 2707/2667/2523
f 2481/2441/2526 2477/2437/2522 2352/2312/2527
f 2479/2439/2524 2709/2669/2528 2707/2667/2523
f 2483/2443/2529 2481/2441/2526 2352/2312/2527
f 2487/2447/2530 2484/2444/2531 2483/2443/2529
f 2710/2670/2532 2484/2444/2531 2488/2448/2533
f 2491/2451/2534 2488/2448/2533 2487/2447/2530
f 2712/2672/2535 2488/2448/2533 2493/2453/2536
f 2575/2535/2537 2492/2452/2538 2489/2449/2539
f 2496/2456/2540 2493/2453/2536 2491/2451/2534
f 2497/2457/2541 2493/2453/2536 2498/2458/2542
f 2494/2454/2543 2492/2452/2538 2497/2457/2541
f 2501/2461/2544 2498/2458/2542 2496/2456/2540
f 2503/2463/2545 2497/2457/2541 2498/2458/2542
f 2502/2462/2546 2494/2454/2543 2497/2457/2541
f 2505/2465/2547 2503/2463/2545 2501/2461/2544
f 2503/2463/2545 2506/2466/2548 2715/2675/2549
f 2574/2534/2550 2502/2462/2546 2719/2679/2551
f 2508/2468/2552 2506/2466/2548 2505/2465/2547
f 2721/2681/2553 2716/2676/2554 2506/2466/2548
f 2511/2471/2555 2508/2468/2552 2510/2470/2556
f 2511/2471/2555 2722/2682/2557 2721/2681/2553
f 2516/2476/2558 2510/2470/2556 2514/2474/2559
f 2725/2685/2560 2511/2471/2555 2516/2476/2558
f 2572/2532/2561 2515/2475/2562 2512/2472/2563
f 2519/2479/2564 2514/2474/2559 2354/2314/2565
f 2518/2478/2566 2516/2476/2558 2519/2479/2564
f 2517/2477/2567 2515/2475/2562 2518/2478/2566
f 2522/2482/2568 2519/2479/2564 2354/2314/2565
f 2524/2484/2569 2518/2478/2566 2519/2479/2564
f 2520/2480/2570 2518/2478/2566 2523/2483/2571
f 2527/2487/2572 2522/2482/2568 2526/2486/2573
f 2728/2688/2574 2523/2483/2571 2524/2484/2569
f 2569/2529/2575 2523/2483/2571 2728/2688/2574
f 2528/2488/2576 2526/2486/2573 2356/2316/2577
f 2528/2488/2576 2730/2690/2578 2527/2487/2572
f 2683/2643/2465 2733/2693/2579 2427/2387/2463
f 2427/2387/2463 2531/2491/2580 2341/2301/2464
f 2427/2387/2463 2733/2693/2579 2533/2493/2581
f 2456/2416/2582 2582/2542/2500 2677/2637/2583
f 2639/2599/2584 2474/2434/2520 2578/2538/2525
f 2520/2480/2570 2569/2529/2575 2608/2568/2585
f 2494/2454/2543 2499/2459/2586 2591/2551/2587
f 2605/2565/2588 2611/2571/2589 2607/2567/2590
f 2650/2610/2591 2639/2599/2584 2641/2601/2592
f 2591/2551/2587 2615/2575/2593 2598/2558/2594
f 2672/2632/2595 2677/2637/2583 2674/2634/2596
f 2626/2586/2597 2654/2614/2461 2644/2604/2598
f 2670/2630/2599 2637/2597/2600 2628/2588/2601
f 2471/2431/2517 2639/2599/2584 2648/2608/2602
f 2579/2539/2511 2471/2431/2517 2648/2608/2602
f 2528/2488/2576 2531/2491/2580 2533/2493/2581
s 92
f 2590/2550/2603 2742/2702/2604 2600/2560/2605
f 2746/2706/2606 2718/2678/2607 2714/2674/2608
f 2571/2531/2609 2752/2712/2610 2726/2686/2611
f 2735/2695/2612 2590/2550/2603 2573/2533/2613
f 2739/2699/2614 2587/2547/2615 2592/2552/2616
f 2748/2708/2617 2573/2533/2613 2718/2678/2607
f 2724/2684/2618 2750/2710/2619 2723/2683/2620
f 2588/2548/2621 2743/2703/2622 2602/2562/2623
f 2594/2554/2624 2739/2699/2614 2592/2552/2616
f 2723/2683/2620 2749/2709/2625 2720/2680/2626
f 2743/2703/2622 2596/2556/2627 2602/2562/2623
f 2744/2704/2628 2571/2531/2609 2604/2564/2629
f 2741/2701/2630 2606/2566/2631 2596/2556/2627
f 2745/2705/2632 2604/2564/2629 2606/2566/2631
f 2726/2686/2611 2751/2711/2633 2724/2684/2618
f 2600/2560/2605 2740/2700/2634 2594/2554/2624
f 2747/2707/2635 2714/2674/2608 2717/2677/2636
f 2749/2709/2625 2717/2677/2636 2720/2680/2626
s 101
f 2610/2570/2637 2759/2719/2638 2616/2576/2639
f 2732/2692/2640 2754/2714/2641 2532/2492/2642
f 2760/2720/2643 2627/2587/2644 2618/2578/2645
f 2769/2729/2646 2729/2689/2647 2731/2691/2648
f 2763/2723/2649 2567/2527/2650 2623/2583/2651
f 2631/2591/2652 2762/2722/2653 2620/2580/2654
f 2570/2530/2655 2757/2717/2656 2609/2569/2657
f 2627/2587/2644 2764/2724/2658 2625/2585/2659
f 2567/2527/2650 2767/2727/2660 2682/2642/2661
f 2682/2642/2661 2770/2730/2662 2732/2692/2640
f 2768/2728/2663 2570/2530/2655 2729/2689/2647
f 2759/2719/2638 2631/2591/2652 2616/2576/2639
f 2621/2581/2664 2760/2720/2643 2618/2578/2645
f 2532/2492/2642 2753/2713/2665 2529/2489/2666
f 2753/2713/2665 2731/2691/2648 2529/2489/2666
f 2764/2724/2658 2623/2583/2651 2625/2585/2659
f 2757/2717/2656 2610/2570/2637 2609/2569/2657
s 111
f 2711/2671/2667 2772/2732/2668 2485/2445/2669
f 2638/2598/2670 2783/2743/2671 2640/2600/2672
f 2614/2574/2673 2775/2735/2674 2599/2559/2675
f 2771/2731/2676 2708/2668/2677 2480/2440/2678
f 2775/2735/2674 2576/2536/2679 2599/2559/2675
f 2612/2572/2680 2777/2737/2681 2614/2574/2673
f 2576/2536/2679 2788/2748/2682 2713/2673/2683
f 2786/2746/2684 2706/2666/2685 2708/2668/2677
f 2784/2744/2686 2633/2593/2687 2642/2602/2688
f 2785/2745/2689 2577/2537/2690 2706/2666/2685
f 2577/2537/2690 2782/2742/2691 2638/2598/2670
f 2629/2589/2692 2776/2736/2693 2612/2572/2680
f 2713/2673/2683 2787/2747/2694 2711/2671/2667
f 2640/2600/2672 2781/2741/2695 2636/2596/2696
f 2772/2732/2668 2480/2440/2678 2485/2445/2669
f 2634/2594/2697 2778/2738/2698 2629/2589/2692
f 2636/2596/2696 2784/2744/2686 2642/2602/2688
s 123
f 2794/2754/2699 2666/2626/2700 2662/2622/2701
f 2702/2662/2702 2803/2763/2703 2698/2658/2704
f 2795/2755/2705 2681/2641/2706 2667/2627/2707
f 2701/2661/2708 2805/2765/2709 2702/2662/2702
f 2705/2665/2710 2804/2764/2711 2701/2661/2708
f 2681/2641/2706 2791/2751/2712 2647/2607/2713
f 2797/2757/2714 2662/2622/2701 2671/2631/2715
f 2580/2540/2716 2806/2766/2717 2705/2665/2710
f 2675/2635/2718 2797/2757/2714 2671/2631/2715
f 2793/2753/2719 2649/2609/2720 2651/2611/2721
f 2803/2763/2703 2696/2656/2722 2698/2658/2704
f 2801/2761/2723 2581/2541/2724 2694/2654/2725
f 2649/2609/2720 2789/2749/2726 2580/2540/2716
f 2799/2759/2727 2675/2635/2718 2676/2636/2728
f 2791/2751/2712 2651/2611/2721 2647/2607/2713
f 2802/2762/2729 2694/2654/2725 2696/2656/2722
f 2790/2750/2730 2676/2636/2728 2581/2541/2724
s 134
f 2822/2782/2731 2586/2546/2732 2687/2647/2733
f 2807/2767/2734 2684/2644/2735 2437/2397/2736
f 2653/2613/2737 2816/2776/2738 2660/2620/2739
f 2817/2777/2740 2669/2629/2741 2664/2624/2742
f 2583/2543/2743 2825/2785/2744 2692/2652/2745
f 2690/2650/2746 2823/2783/2747 2688/2648/2748
f 2808/2768/2749 2437/2397/2736 2441/2401/2750
f 2811/2771/2751 2653/2613/2737 2645/2605/2752
f 2816/2776/2738 2658/2618/2753 2660/2620/2739
f 2813/2773/2754 2645/2605/2752 2655/2615/2755
f 2818/2778/2756 2673/2633/2757 2669/2629/2741
f 2657/2617/2758 2817/2777/2740 2664/2624/2742
f 2692/2652/2745 2824/2784/2759 2690/2650/2746
f 2688/2648/2748 2808/2768/2749 2441/2401/2750
f 2673/2633/2757 2820/2780/2760 2678/2638/2761
f 2586/2546/2732 2813/2773/2754 2655/2615/2755
f 2821/2781/2762 2687/2647/2733 2684/2644/2735
f 2820/2780/2760 2583/2543/2743 2678/2638/2761
s 49
f 2481/2441/2526 2709/2669/2528 2479/2439/2524
s 1
f 2845/2805/2763 2535/2495/2345 2534/2494/2341
f 2535/2495/2345 2847/2807/2764 2536/2496/2344
f 2847/2807/2764 2537/2497/2349 2536/2496/2344
f 2537/2497/2349 2851/2811/2765 2538/2498/2348
f 2851/2811/2765 2539/2499/2352 2538/2498/2348
f 2539/2499/2352 2855/2815/2766 2540/2500/2355
f 2540/2500/2355 2857/2817/2767 2541/2501/2354
f 2541/2501/2354 2859/2819/2768 2542/2502/2359
f 2859/2819/2768 2543/2503/2358 2542/2502/2359
f 2543/2503/2358 2863/2823/2769 2544/2504/2363
f 2544/2504/2363 2865/2825/2770 2545/2505/2362
f 2545/2505/2362 2867/2827/2771 2546/2506/2367
f 2867/2827/2771 2547/2507/2366 2546/2506/2367
f 2547/2507/2366 2871/2831/2772 2548/2508/2370
f 2871/2831/2772 2549/2509/2372 2548/2508/2370
f 2873/2833/2773 2550/2510/2375 2549/2509/2372
f 2875/2835/2774 2551/2511/2374 2550/2510/2375
f 2551/2511/2374 2878/2838/2775 2552/2512/2379
f 2552/2512/2379 2880/2840/2776 2553/2513/2378
f 2880/2840/2776 2554/2514/2383 2553/2513/2378
f 2882/2842/2777 2555/2515/2382 2554/2514/2383
f 2555/2515/2382 2886/2846/2778 2556/2516/2386
f 2556/2516/2386 2888/2848/2779 2557/2517/2388
f 2557/2517/2388 2890/2850/2780 2558/2518/2781
f 2891/2851/2782 2560/2520/2390 2559/2519/2392
f 2560/2520/2390 2895/2855/2783 2561/2521/2393
f 2895/2855/2783 2562/2522/2397 2561/2521/2393
f 2897/2857/2784 2563/2523/2400 2562/2522/2397
f 2563/2523/2400 2901/2861/2785 2564/2524/2399
f 2901/2861/2785 2565/2525/2404 2564/2524/2399
f 2565/2525/2404 2906/2866/2786 2566/2526/2403
f 2566/2526/2403 2845/2805/2763 2534/2494/2341
s 151
f 2826/2786/2787 2842/2802/2788 2844/2804/2789
f 2909/2869/2790 2846/2806/2791 2842/2802/2788
f 2915/2875/2792 2848/2808/2793 2846/2806/2791
f 2829/2789/2794 2848/2808/2793 2919/2879/2795
f 2829/2789/2794 2852/2812/2796 2850/2810/2797
f 2929/2889/2798 2852/2812/2796 2925/2885/2799
f 2933/2893/2800 2854/2814/2801 2929/2889/2798
f 2933/2893/2800 2858/2818/2802 2856/2816/2803
f 2831/2791/2804 2858/2818/2802 2938/2898/2805
f 2831/2791/2804 2862/2822/2806 2860/2820/2807
f 2948/2908/2808 2862/2822/2806 2945/2905/2809
f 2950/2910/2810 2864/2824/2811 2948/2908/2808
f 2953/2913/2812 2866/2826/2813 2950/2910/2810
f 2833/2793/2814 2868/2828/2815 2953/2913/2812
f 2835/2795/2816 2870/2830/2817 2833/2793/2814
f 2835/2795/2816 2874/2834/2818 2872/2832/2819
f 2836/2796/2820 2874/2834/2818 2962/2922/2821
f 2836/2796/2820 2879/2839/2822 2876/2836/2823
f 2971/2931/2824 2879/2839/2822 2967/2927/2825
f 2971/2931/2824 2883/2843/2826 2881/2841/2827
f 2980/2940/2828 2883/2843/2826 2975/2935/2829
f 2985/2945/2830 2885/2845/2831 2980/2940/2828
f 2989/2949/2832 2887/2847/2833 2985/2945/2830
f 2992/2952/2834 2889/2849/2835 2989/2949/2832
f 2994/2954/2836 2892/2852/2837 2992/2952/2834
f 2994/2954/2836 2896/2856/2838 2894/2854/2839
f 2838/2798/2840 2896/2856/2838 2998/2958/2841
f 2838/2798/2840 2900/2860/2842 2898/2858/2843
f 3006/2966/2844 2902/2862/2845 2900/2860/2842
f 2840/2800/2846 2902/2862/2845 3010/2970/2847
f 2840/2800/2846 2905/2865/2848 2904/2864/2849
f 2826/2786/2787 2905/2865/2848 3015/2975/2850
s 182
f 2913/2873/2851 2907/2867/2852 3076/3036/2853
f 2908/2868/2854 2912/2872/2855 2911/2871/2856
f 3135/3095/2857 2911/2871/2856 2912/2872/2855
f 3020/2980/2858 2910/2870/2859 3135/3095/2857
f 2914/2874/2860 2911/2871/2856 2917/2877/2861
f 2911/2871/2856 2916/2876/2862 2917/2877/2861
f 2916/2876/2862 2907/2867/2852 2913/2873/2851
f 2914/2874/2860 2921/2881/2863 2918/2878/2864
f 2921/2881/2863 2916/2876/2862 2920/2880/2865
f 3037/2997/2866 2916/2876/2862 2913/2873/2851
f 2918/2878/2864 2922/2882/2867 2828/2788/2868
f 3136/3096/2869 2921/2881/2863 3138/3098/2870
f 3138/3098/2870 2920/2880/2865 3037/2997/2866
f 2924/2884/2871 2922/2882/2867 2926/2886/2872
f 2928/2888/2873 2926/2886/2872 2930/2890/2874
f 3141/3101/2875 2930/2890/2874 2926/2886/2872
f 2932/2892/2876 2930/2890/2874 2935/2895/2877
f 2930/2890/2874 3141/3101/2875 3143/3103/2878
f 3036/2996/2879 2934/2894/2880 3145/3105/2881
f 2932/2892/2876 2940/2900/2882 2937/2897/2883
f 2935/2895/2877 2939/2899/2884 2940/2900/2882
f 2939/2899/2884 2931/2891/2885 2936/2896/2886
f 2937/2897/2883 2943/2903/2887 2830/2790/2888
f 2940/2900/2882 2942/2902/2889 2943/2903/2887
f 2942/2902/2889 2936/2896/2886 2941/2901/2890
f 2944/2904/2891 2943/2903/2887 2946/2906/2892
f 2943/2903/2887 2942/2902/2889 3147/3107/2893
f 2942/2902/2889 3034/2994/2894 3147/3107/2893
f 2947/2907/2895 2946/2906/2892 3150/3110/2896
f 3150/3110/2896 2946/2906/2892 3149/3109/2897
f 2949/2909/2898 3150/3110/2896 2951/2911/2899
f 3155/3115/2900 2951/2911/2899 3150/3110/2896
f 2952/2912/2901 2951/2911/2899 2955/2915/2902
f 2955/2915/2902 3155/3115/2900 3152/3112/2903
f 3031/2991/2904 2954/2914/2905 3156/3116/2906
f 2952/2912/2901 2958/2918/2907 2832/2792/2908
f 2955/2915/2902 2957/2917/2909 2958/2918/2907
f 3031/2991/2904 2957/2917/2909 2954/2914/2905
f 2834/2794/2910 2958/2918/2907 2961/2921/2911
f 2961/2921/2911 2957/2917/2909 2960/2920/2912
f 2960/2920/2912 2956/2916/2913 2959/2919/2914
f 2963/2923/2915 2961/2921/2911 2964/2924/2916
f 3159/3119/2917 2961/2921/2911 2960/2920/2912
f 2960/2920/2912 3030/2990/2918 3159/3119/2917
f 2963/2923/2915 2965/2925/2919 2837/2797/2920
f 2964/2924/2916 3159/3119/2917 3161/3121/2921
f 2968/2928/2922 2965/2925/2919 2969/2929/2923
f 2968/2928/2922 2973/2933/2924 2972/2932/2925
f 3162/3122/2926 2973/2933/2924 2969/2929/2923
f 2972/2932/2925 2978/2938/2927 2976/2936/2928
f 2973/2933/2924 3162/3122/2926 3164/3124/2929
f 3027/2987/2930 2977/2937/2931 3164/3124/2929
f 2976/2936/2928 2983/2943/2932 2981/2941/2933
f 2983/2943/2932 2977/2937/2931 2982/2942/2934
f 2977/2937/2931 2979/2939/2935 2982/2942/2934
f 2986/2946/2936 2983/2943/2932 2988/2948/2937
f 2988/2948/2937 2982/2942/2934 2987/2947/2938
f 2987/2947/2938 2979/2939/2935 2984/2944/2939
f 2990/2950/2940 2988/2948/2937 2991/2951/2941
f 2988/2948/2937 3171/3131/2942 3166/3126/2943
f 2987/2947/2938 3026/2986/2944 3171/3131/2942
f 2993/2953/2945 2991/2951/2941 3172/3132/2946
f 3172/3132/2946 2991/2951/2941 3168/3128/2947
f 2993/2953/2945 2996/2956/2948 2995/2955/2949
f 2996/2956/2948 3172/3132/2946 3174/3134/2950
f 2995/2955/2949 3001/2961/2951 2999/2959/2952
f 2996/2956/2948 3174/3134/2950 3176/3136/2953
f 3024/2984/2954 3000/2960/2955 3179/3139/2956
f 2999/2959/2952 3004/2964/2957 2839/2799/2958
f 3004/2964/2957 3000/2960/2955 3003/2963/2959
f 3000/2960/2955 3002/2962/2960 3003/2963/2959
f 3007/2967/2961 3004/2964/2957 3009/2969/2962
f 3009/2969/2962 3003/2963/2959 3008/2968/2963
f 3008/2968/2963 3002/2962/2960 3005/2965/2964
f 3011/2971/2965 3009/2969/2962 3012/2972/2966
f 3009/2969/2962 3008/2968/2963 3180/3140/2967
f 3008/2968/2963 3021/2981/2968 3180/3140/2967
f 3011/2971/2965 3013/2973/2969 2841/2801/2970
f 3013/2973/2969 3012/2972/2966 3182/3142/2971
f 3135/3095/2857 2912/2872/2855 3185/3145/2972
f 3016/2976/2973 2912/2872/2855 2827/2787/2974
f 2912/2872/2855 3017/2977/2975 3185/3145/2972
f 2941/2901/2890 2936/2896/2886 3128/3088/2976
f 3091/3051/2977 3030/2990/2918 2959/2919/2914
f 3005/2965/2964 3002/2962/2960 3060/3020/2978
f 3050/3010/2979 3043/3003/2980 2979/2939/2935
f 3062/3022/2981 3057/3017/2982 3059/3019/2983
f 3102/3062/2984 3091/3051/2977 3100/3060/2985
f 3050/3010/2979 3053/3013/2986 3043/3003/2980
f 3124/3084/2987 3128/3088/2976 3130/3090/2988
f 3078/3038/2989 3106/3066/2990 3076/3036/2853
f 3080/3040/2991 3089/3049/2992 3122/3082/2993
f 3091/3051/2977 2956/2916/2913 3100/3060/2985
f 3031/2991/2904 3100/3060/2985 2956/2916/2913
f 3016/2976/2973 3013/2973/2969 3017/2977/2975
s 92
f 3052/3012/2994 2738/2698/2995 3042/3002/2996
f 3170/3130/2997 2746/2706/2606 3167/3127/2998
f 3023/2983/2999 2752/2712/2610 2734/2694/3000
f 3025/2985/3001 2738/2698/2995 2735/2695/2612
f 3044/3004/3002 2737/2697/3003 2739/2699/2614
f 3025/2985/3001 2748/2708/2617 3170/3130/2997
f 3177/3137/3004 2750/2710/2619 2751/2711/2633
f 3054/3014/3005 2736/2696/3006 3039/2999/3007
f 3046/3006/3008 2739/2699/2614 2740/2700/2634
f 3175/3135/3009 2749/2709/2625 2750/2710/2619
f 3048/3008/3010 2743/2703/2622 3054/3014/3005
f 3023/2983/2999 2744/2704/2628 3056/3016/3011
f 3048/3008/3010 2745/2705/2632 2741/2701/2630
f 3058/3018/3012 2744/2704/2628 2745/2705/2632
f 3178/3138/3013 2751/2711/2633 2752/2712/2610
f 3046/3006/3008 2742/2702/2604 3052/3012/2994
f 3167/3127/2998 2747/2707/2635 3169/3129/3014
f 3169/3129/3014 2749/2709/2625 3173/3133/3015
s 101
f 3063/3023/3016 2759/2719/2638 2758/2718/3017
f 3184/3144/3018 2754/2714/2641 2770/2730/2662
f 3071/3031/3019 2765/2725/3020 2760/2720/2643
f 3181/3141/3021 2769/2729/2646 3183/3143/3022
f 3075/3035/3023 2755/2715/3024 2763/2723/2649
f 3083/3043/3025 2762/2722/2653 2766/2726/3026
f 3061/3021/3027 2756/2716/3028 3022/2982/3029
f 3077/3037/3030 2765/2725/3020 3079/3039/3031
f 3019/2979/3032 2767/2727/2660 2755/2715/3024
f 3134/3094/3033 2770/2730/2662 2767/2727/2660
f 3022/2982/3029 2768/2728/2663 3181/3141/3021
f 3068/3028/3034 2766/2726/3026 2759/2719/2638
f 3072/3032/3035 2760/2720/2643 2761/2721/3036
f 3014/2974/3037 2754/2714/2641 3018/2978/3038
f 3183/3143/3022 2753/2713/2665 3014/2974/3037
f 3077/3037/3030 2763/2723/2649 2764/2724/2658
f 3061/3021/3027 2758/2718/3017 2757/2717/2656
s 111
f 3163/3123/3039 2772/2732/2668 2787/2747/2694
f 3092/3052/3040 2782/2742/2691 3090/3050/3041
f 3067/3027/3042 2775/2735/2674 2777/2737/2681
f 3160/3120/3043 2771/2731/2676 2966/2926/3044
f 3028/2988/3045 2775/2735/2674 3051/3011/3046
f 3067/3027/3042 2776/2736/2693 3064/3024/3047
f 3028/2988/3045 2788/2748/2682 2773/2733/3048
f 3158/3118/3049 2786/2746/2684 3160/3120/3043
f 3095/3055/3050 2779/2739/3051 2784/2744/2686
f 3029/2989/3052 2785/2745/2689 3158/3118/3049
f 3090/3050/3041 2774/2734/3053 3029/2989/3052
f 3064/3024/3047 2778/2738/2698 3081/3041/3054
f 3165/3125/3055 2787/2747/2694 2788/2748/2682
f 3092/3052/3040 2781/2741/2695 2783/2743/2671
f 2966/2926/3044 2772/2732/2668 2970/2930/3056
f 3081/3041/3054 2780/2740/3057 3086/3046/3058
f 3095/3055/3050 2781/2741/2695 3088/3048/3059
s 123
f 3119/3079/3060 2794/2754/2699 3114/3074/3061
f 3154/3114/3062 2803/2763/2703 2805/2765/2709
f 3118/3078/3063 2800/2760/3064 2795/2755/2705
f 3153/3113/3065 2805/2765/2709 2804/2764/2711
f 3157/3117/3066 2804/2764/2711 2806/2766/2717
f 3133/3093/3067 2791/2751/2712 2800/2760/3064
f 3123/3083/3068 2794/2754/2699 2797/2757/2714
f 3032/2992/3069 2806/2766/2717 2789/2749/2726
f 3127/3087/3070 2797/2757/2714 2798/2758/3071
f 3101/3061/3072 2793/2753/2719 3103/3063/3073
f 3148/3108/3074 2803/2763/2703 3151/3111/3075
f 3033/2993/3076 2801/2761/2723 3146/3106/3077
f 3101/3061/3072 2789/2749/2726 2792/2752/3078
f 3129/3089/3079 2798/2758/3071 2799/2759/2727
f 3103/3063/3073 2791/2751/2712 3099/3059/3080
f 3146/3106/3077 2802/2762/2729 3148/3108/3074
f 3033/2993/3076 2799/2759/2727 2790/2750/2730
s 134
f 3038/2998/3081 2822/2782/2731 3139/3099/3082
f 3137/3097/3083 2807/2767/2734 2923/2883/3084
f 3112/3072/3085 2812/2772/3086 3105/3065/3087
f 3116/3076/3088 2818/2778/2756 2817/2777/2740
f 3035/2995/3089 2825/2785/2744 2809/2769/3090
f 3142/3102/3091 2823/2783/2747 2824/2784/2759
f 2923/2883/3084 2808/2768/2749 2927/2887/3092
f 3097/3057/3093 2812/2772/3086 2811/2771/2751
f 3109/3069/3094 2816/2776/2738 3112/3072/3085
f 3097/3057/3093 2813/2773/2754 3107/3067/3095
f 3125/3085/3096 2818/2778/2756 3121/3081/3097
f 3116/3076/3088 2814/2774/3098 3110/3070/3099
f 3144/3104/3100 2824/2784/2759 2825/2785/2744
f 3140/3100/3101 2808/2768/2749 2823/2783/2747
f 3131/3091/3102 2819/2779/3103 3125/3085/3096
f 3107/3067/3095 2810/2770/3104 3038/2998/3081
f 3139/3099/3082 2821/2781/2762 3137/3097/3083
f 3131/3091/3102 2809/2769/3090 2820/2780/2760
s 182
f 2965/2925/2919 2964/2924/2916 3161/3121/2921
s 248
f 3191/3151/3105 3188/3148/3106 3187/3147/3107
f 3195/3155/3108 3193/3153/3109 3191/3151/3105
f 3199/3159/3110 3197/3157/3111 3195/3155/3108
f 3199/3159/3110 3205/3165/3112 3201/3161/3113
f 3203/3163/3114 3209/3169/3115 3205/3165/3112
f 3207/3167/3116 3212/3172/3117 3209/3169/3115
f 3214/3174/3118 3212/3172/3117 3211/3171/3119
f 3214/3174/3118 3220/3180/3120 3216/3176/3121
f 3218/3178/3122 3226/3186/3123 3220/3180/3120
f 3228/3188/3124 3225/3185/3125 3223/3183/3126
s 258
f 3213/3173/3127 3221/3181/3128 3189/3149/3129
s 248
f 3232/3192/3130 3230/3190/3131 3228/3188/3124
f 3232/3192/3130 3188/3148/3106 3234/3194/3132
s 260
f 3215/3175/3133 3206/3166/3134 3190/3150/3135
s 261
f 3236/3196/3136 3243/3203/3137 3241/3201/3138
f 3241/3201/3138 3247/3207/3139 3245/3205/3140
f 3247/3207/3139 3249/3209/3141 3245/3205/3140
f 3249/3209/3141 3255/3215/3142 3253/3213/3143
f 3253/3213/3143 3259/3219/3144 3257/3217/3145
f 3259/3219/3144 3260/3220/3146 3257/3217/3145
f 3263/3223/3147 3264/3224/3148 3260/3220/3146
f 3266/3226/3149 3268/3228/3150 3264/3224/3148
f 3268/3228/3150 3276/3236/3151 3272/3232/3152
f 3275/3235/3153 3278/3238/3154 3273/3233/3155
s 267
f 3271/3231/3156 3262/3222/3157 3246/3206/3158
s 261
f 3280/3240/3159 3282/3242/3160 3278/3238/3154
f 3282/3242/3160 3239/3199/3161 3236/3196/3136
s 270
f 3265/3225/3162 3274/3234/3163 3283/3243/3164
s 271
f 3287/3247/3165 3293/3253/3166 3288/3248/3167
f 3291/3251/3168 3297/3257/3169 3293/3253/3166
f 3295/3255/3170 3301/3261/3171 3297/3257/3169
f 3303/3263/3172 3301/3261/3171 3299/3259/3173
f 3307/3267/3174 3305/3265/3175 3303/3263/3172
f 3311/3271/3176 3309/3269/3177 3307/3267/3174
f 3311/3271/3176 3316/3276/3178 3312/3272/3179
f 3318/3278/3180 3316/3276/3178 3314/3274/3181
f 3318/3278/3180 3326/3286/3182 3320/3280/3183
f 3328/3288/3184 3325/3285/3185 3322/3282/3186
s 281
f 3331/3291/3187 3289/3249/3188 3304/3264/3189
s 271
f 3328/3288/3184 3334/3294/3190 3330/3290/3191
f 3287/3247/3165 3334/3294/3190 3332/3292/3192
s 283
f 3306/3266/3193 3298/3258/3194 3290/3250/3195
s 284
f 3340/3300/3196 3338/3298/3197 3336/3296/3198
f 3340/3300/3196 3346/3306/3199 3342/3302/3200
f 3349/3309/3201 3346/3306/3199 3345/3305/3202
f 3349/3309/3201 3355/3315/3203 3351/3311/3204
f 3353/3313/3205 3359/3319/3206 3355/3315/3203
f 3357/3317/3207 3363/3323/3208 3359/3319/3206
f 3365/3325/3209 3363/3323/3208 3361/3321/3210
f 3365/3325/3209 3370/3330/3211 3367/3327/3212
f 3369/3329/3213 3374/3334/3214 3370/3330/3211
f 3376/3336/3215 3374/3334/3214 3372/3332/3216
s 294
f 3379/3339/3217 3339/3299/3218 3354/3314/3219
s 284
f 3380/3340/3220 3378/3338/3221 3376/3336/3215
f 3336/3296/3198 3383/3343/3222 3381/3341/3223
s 296
f 3373/3333/3224 3356/3316/3225 3341/3301/3226
s 297
f 3386/3346/3227 3392/3352/3228 3388/3348/3229
f 3390/3350/3230 3398/3358/3231 3392/3352/3228
f 3394/3354/3232 3402/3362/3233 3397/3357/3234
f 3404/3364/3235 3402/3362/3233 3400/3360/3236
f 3409/3369/3237 3406/3366/3238 3404/3364/3235
f 3409/3369/3237 3415/3375/3239 3410/3370/3240
f 3413/3373/3241 3419/3379/3242 3415/3375/3239
f 3417/3377/3243 3423/3383/3244 3419/3379/3242
f 3421/3381/3245 3427/3387/3246 3423/3383/3244
f 3429/3389/3247 3427/3387/3246 3425/3385/3248
s 307
f 3430/3390/3249 3389/3349/3250 3407/3367/3251
s 297
f 3429/3389/3247 3434/3394/3252 3431/3391/3253
f 3386/3346/3227 3434/3394/3252 3433/3393/3254
s 309
f 3424/3384/3255 3408/3368/3256 3391/3351/3257
s 310
f 3441/3401/3258 3439/3399/3259 3437/3397/3260
f 3444/3404/3261 3442/3402/3262 3441/3401/3258
f 3448/3408/3263 3446/3406/3264 3444/3404/3261
f 3453/3413/3265 3450/3410/3266 3448/3408/3263
f 3458/3418/3267 3456/3416/3268 3452/3412/3269
f 3462/3422/3270 3460/3420/3271 3458/3418/3267
f 3462/3422/3270 3468/3428/3272 3464/3424/3273
f 3471/3431/3274 3468/3428/3272 3467/3427/3275
f 3471/3431/3274 3477/3437/3276 3473/3433/3277
f 3475/3435/3278 3481/3441/3279 3477/3437/3276
s 320
f 3480/3440/3280 3438/3398/3281 3457/3417/3282
s 310
f 3483/3443/3283 3481/3441/3279 3479/3439/3284
f 3437/3397/3260 3485/3445/3285 3483/3443/3283
s 322
f 3449/3409/3286 3440/3400/3287 3474/3434/3288
s 323
f 3487/3447/3289 3493/3453/3290 3489/3449/3291
f 3495/3455/3292 3493/3453/3290 3491/3451/3293
f 3499/3459/3294 3497/3457/3295 3495/3455/3292
f 3499/3459/3294 3504/3464/3296 3501/3461/3297
f 3503/3463/3298 3508/3468/3299 3504/3464/3296
f 3510/3470/3300 3508/3468/3299 3506/3466/3301
f 3511/3471/3302 3518/3478/3303 3514/3474/3304
f 3516/3476/3305 3522/3482/3306 3518/3478/3303
f 3524/3484/3307 3522/3482/3306 3520/3480/3308
f 3529/3489/3309 3526/3486/3310 3524/3484/3307
s 333
f 3496/3456/3311 3505/3465/3312 3523/3483/3313
s 323
f 3529/3489/3309 3535/3495/3314 3530/3490/3315
f 3533/3493/3316 3489/3449/3291 3535/3495/3314
s 335
f 3517/3477/3317 3507/3467/3318 3490/3450/3319
s 1
f 2534/2494/2341 2535/2495/2345 2357/2317/2342
f 2536/2496/2344 2362/2322/2347 2357/2317/2342
f 2536/2496/2344 2537/2497/2349 2364/2324/2346
f 2538/2498/2348 2366/2326/2351 2364/2324/2346
f 2538/2498/2348 2539/2499/2352 2368/2328/2350
f 2539/2499/2352 2540/2500/2355 2370/2330/2353
f 2541/2501/2354 2372/2332/2357 2370/2330/2353
f 2541/2501/2354 2542/2502/2359 2374/2334/2356
f 2543/2503/2358 2376/2336/2361 2374/2334/2356
f 2543/2503/2358 2544/2504/2363 2378/2338/2360
f 2545/2505/2362 2380/2340/2365 2378/2338/2360
f 2545/2505/2362 2546/2506/2367 2382/2342/2364
f 2547/2507/2366 2384/2344/2369 2382/2342/2364
f 2547/2507/2366 2548/2508/2370 2386/2346/2368
f 2548/2508/2370 2549/2509/2372 2387/2347/2371
f 2549/2509/2372 2550/2510/2375 2389/2349/2373
f 2551/2511/2374 2391/2351/2377 2389/2349/2373
f 2551/2511/2374 2552/2512/2379 2393/2353/2376
f 2553/2513/2378 2395/2355/2381 2393/2353/2376
f 2553/2513/2378 2554/2514/2383 2397/2357/2380
f 2555/2515/2382 2399/2359/2385 2397/2357/2380
f 2555/2515/2382 2556/2516/2386 2401/2361/2384
f 2556/2516/2386 2557/2517/2388 2403/2363/2387
f 2557/2517/2388 2558/2518/2781 2406/2366/2389
f 2560/2520/2390 2408/2368/2394 2405/2365/2391
f 2561/2521/2393 2410/2370/2396 2408/2368/2394
f 2561/2521/2393 2562/2522/2397 2412/2372/2395
f 2562/2522/2397 2563/2523/2400 2414/2374/2398
f 2564/2524/2399 2416/2376/2402 2414/2374/2398
f 2564/2524/2399 2565/2525/2404 2418/2378/2401
f 2566/2526/2403 2420/2380/2405 2418/2378/2401
f 2566/2526/2403 2534/2494/2341 2359/2319/2343
s 32
f 2342/2302/2406 2360/2320/3320 2358/2318/2407
f 2358/2318/2407 2361/2321/3321 2430/2390/2409
f 2430/2390/2409 2361/2321/3321 2363/2323/2410
f 2363/2323/2410 2365/2325/3322 2344/2304/2412
f 2344/2304/2412 2365/2325/3322 2367/2327/2413
f 2440/2400/2414 2367/2327/2413 2369/2329/2415
f 2444/2404/2416 2369/2329/2415 2371/2331/2417
f 2371/2331/2417 2373/2333/2420 2453/2413/2419
f 2373/2333/2420 2375/2335/3323 2346/2306/2421
f 2346/2306/2421 2375/2335/3323 2377/2337/2422
f 2377/2337/2422 2379/2339/2425 2463/2423/2424
f 2379/2339/2425 2381/2341/2427 2465/2425/2426
f 2381/2341/2427 2383/2343/2429 2468/2428/2428
f 2383/2343/2429 2385/2345/2431 2348/2308/2430
f 2385/2345/2431 2388/2348/3324 2350/2310/2432
f 2350/2310/2432 2388/2348/3324 2390/2350/2433
f 2390/2350/2433 2392/2352/3325 2351/2311/2435
f 2351/2311/2435 2392/2352/3325 2394/2354/2436
f 2482/2442/2437 2394/2354/2436 2396/2356/2438
f 2486/2446/2439 2396/2356/2438 2398/2358/2440
f 2398/2358/2440 2400/2360/3326 2495/2455/2442
f 2495/2455/2442 2400/2360/3326 2402/2362/2443
f 2402/2362/2443 2404/2364/3327 2504/2464/2445
f 2504/2464/2445 2404/2364/3327 2407/2367/2446
f 2407/2367/2446 2409/2369/3328 2509/2469/2448
f 2509/2469/2448 2409/2369/3328 2411/2371/2449
f 2411/2371/2449 2413/2373/3329 2353/2313/2451
f 2353/2313/2451 2413/2373/3329 2415/2375/2452
f 2415/2375/2452 2417/2377/2455 2525/2485/2454
f 2417/2377/2455 2419/2379/3330 2355/2315/2456
f 2355/2315/2456 2419/2379/3330 2421/2381/2457
f 2421/2381/2457 2360/2320/3320 2342/2302/2406
s 49
f 2654/2614/2461 2624/2584/3331 2428/2388/2459
f 2624/2584/3331 2568/2528/2468 2422/2382/2469
f 2428/2388/2459 2624/2584/3331 2422/2382/2469
f 2423/2383/2462 2426/2386/2466 2427/2387/2463
f 2683/2643/2465 2427/2387/2463 2426/2386/2466
f 2568/2528/2468 2683/2643/2465 2425/2385/2467
f 2429/2389/2470 2432/2392/2472 2426/2386/2466
f 2431/2391/2471 2425/2385/2467 2426/2386/2466
f 2431/2391/2471 2428/2388/2459 2422/2382/2469
f 2436/2396/2473 2432/2392/2472 2429/2389/2470
f 2435/2395/2475 2431/2391/2471 2432/2392/2472
f 2585/2545/2460 2428/2388/2459 2431/2391/2471
f 2438/2398/2476 2436/2396/2473 2433/2393/2474
f 2685/2645/2478 2686/2646/2479 2436/2396/2473
f 2686/2646/2479 2435/2395/2475 2436/2396/2473
f 2438/2398/2476 2343/2303/2477 2439/2399/2480
f 2445/2405/2482 2442/2402/2481 2439/2399/2480
f 2447/2407/2485 2450/2410/2486 2445/2405/2482
f 2449/2409/2489 2693/2653/3332 2450/2410/2486
f 2693/2653/3332 2691/2651/2487 2450/2410/2486
f 2691/2651/2487 2689/2649/2484 2445/2405/2482
f 2584/2544/2488 2693/2653/3332 2449/2409/2489
f 2452/2412/2491 2455/2415/2492 2450/2410/2486
f 2455/2415/2492 2454/2414/2494 2449/2409/2489
f 2451/2411/2493 2446/2406/2490 2449/2409/2489
f 2458/2418/2495 2455/2415/2492 2452/2412/2491
f 2457/2417/2497 2454/2414/2494 2455/2415/2492
f 2457/2417/2497 2456/2416/2582 2451/2411/2493
f 2459/2419/2498 2461/2421/2502 2458/2418/2495
f 2458/2418/2495 2461/2421/2502 2695/2655/2499
f 2461/2421/2502 2697/2657/2504 2695/2655/2499
f 2582/2542/2500 2456/2416/2582 2457/2417/2497
f 2462/2422/2501 2699/2659/2503 2461/2421/2502
f 2464/2424/2505 2466/2426/2507 2699/2659/2503
f 2470/2430/2508 2466/2426/2507 2464/2424/2505
f 2469/2429/2513 2704/2664/2512 2470/2430/2508
f 2704/2664/2512 2700/2660/2510 2470/2430/2508
f 2703/2663/2506 2466/2426/2507 2470/2430/2508
f 2473/2433/2514 2470/2430/2508 2467/2427/2509
f 2473/2433/2514 2472/2432/2516 2469/2429/2513
f 2579/2539/2511 2469/2429/2513 2472/2432/2516
f 2476/2436/2518 2473/2433/2514 2347/2307/2515
f 2476/2436/2518 2475/2435/2521 2472/2432/2516
f 2474/2434/2520 2471/2431/2517 2472/2432/2516
f 2477/2437/2522 2479/2439/2524 2476/2436/2518
f 2707/2667/2523 2475/2435/2521 2476/2436/2518
f 2578/2538/2525 2474/2434/2520 2475/2435/2521
f 2481/2441/2526 2479/2439/2524 2477/2437/2522
f 2483/2443/2529 2484/2444/2531 2481/2441/2526
f 2487/2447/2530 2488/2448/2533 2484/2444/2531
f 2491/2451/2534 2493/2453/2536 2488/2448/2533
f 2493/2453/2536 2492/2452/2538 2712/2672/2535
f 2712/2672/2535 2710/2670/2532 2488/2448/2533
f 2575/2535/2537 2712/2672/2535 2492/2452/2538
f 2496/2456/2540 2498/2458/2542 2493/2453/2536
f 2497/2457/2541 2492/2452/2538 2493/2453/2536
f 2494/2454/2543 2489/2449/2539 2492/2452/2538
f 2501/2461/2544 2503/2463/2545 2498/2458/2542
f 2503/2463/2545 2502/2462/2546 2497/2457/2541
f 2502/2462/2546 2499/2459/2586 2494/2454/2543
f 2505/2465/2547 2506/2466/2548 2503/2463/2545
f 2506/2466/2548 2716/2676/2554 2715/2675/2549
f 2715/2675/2549 2719/2679/2551 2503/2463/2545
f 2719/2679/2551 2502/2462/2546 2503/2463/2545
f 2574/2534/2550 2499/2459/2586 2502/2462/2546
f 2508/2468/2552 2721/2681/2553 2506/2466/2548
f 2511/2471/2555 2721/2681/2553 2508/2468/2552
f 2516/2476/2558 2511/2471/2555 2510/2470/2556
f 2515/2475/2562 2727/2687/3333 2516/2476/2558
f 2727/2687/3333 2725/2685/2560 2516/2476/2558
f 2725/2685/2560 2722/2682/2557 2511/2471/2555
f 2572/2532/2561 2727/2687/3333 2515/2475/2562
f 2519/2479/2564 2516/2476/2558 2514/2474/2559
f 2518/2478/2566 2515/2475/2562 2516/2476/2558
f 2517/2477/2567 2512/2472/2563 2515/2475/2562
f 2522/2482/2568 2524/2484/2569 2519/2479/2564
f 2524/2484/2569 2523/2483/2571 2518/2478/2566
f 2520/2480/2570 2517/2477/2567 2518/2478/2566
f 2527/2487/2572 2524/2484/2569 2522/2482/2568
f 2524/2484/2569 2527/2487/2572 2728/2688/2574
f 2527/2487/2572 2730/2690/2578 2728/2688/2574
f 2569/2529/2575 2520/2480/2570 2523/2483/2571
f 2528/2488/2576 2527/2487/2572 2526/2486/2573
f 2427/2387/2463 2533/2493/2581 2531/2491/2580
f 2677/2637/2583 2679/2639/3334 2451/2411/2493
f 2679/2639/3334 2584/2544/2488 2446/2406/2490
f 2451/2411/2493 2679/2639/3334 2446/2406/2490
f 2451/2411/2493 2456/2416/2582 2677/2637/2583
f 2608/2568/2585 2605/2565/2588 2517/2477/2567
f 2605/2565/2588 2572/2532/2561 2512/2472/2563
f 2517/2477/2567 2605/2565/2588 2512/2472/2563
f 2517/2477/2567 2520/2480/2570 2608/2568/2585
f 2499/2459/2586 2574/2534/2550 2591/2551/2587
f 2591/2551/2587 2598/2558/2594 2494/2454/2543
f 2598/2558/2594 2575/2535/2537 2489/2449/2539
f 2494/2454/2543 2598/2558/2594 2489/2449/2539
f 2605/2565/2588 2608/2568/2585 2611/2571/2589
f 2650/2610/2591 2648/2608/2602 2639/2599/2584
f 2591/2551/2587 2601/2561/3335 2615/2575/2593
f 2672/2632/2595 2679/2639/3334 2677/2637/2583
f 2626/2586/2597 2624/2584/3331 2654/2614/2461
f 2615/2575/2593 2601/2561/3335 2613/2573/3336
f 2601/2561/3335 2595/2555/3337 2613/2573/3336
f 2595/2555/3337 2593/2553/3338 2603/2563/3339
f 2593/2553/3338 2589/2549/3340 2603/2563/3339
f 2603/2563/3339 2597/2557/3341 2595/2555/3337
f 2597/2557/3341 2607/2567/2590 2617/2577/3342
f 2607/2567/2590 2611/2571/2589 2617/2577/3342
f 2617/2577/3342 2632/2592/3343 2628/2588/2601
f 2632/2592/3343 2622/2582/3344 2619/2579/3345
f 2628/2588/2601 2632/2592/3343 2619/2579/3345
f 2635/2595/3346 2630/2590/3347 2643/2603/3348
f 2630/2590/3347 2613/2573/3336 2637/2597/2600
f 2637/2597/2600 2643/2603/3348 2630/2590/3347
f 2650/2610/2591 2641/2601/2592 2637/2597/2600
f 2665/2625/3349 2680/2640/3350 2661/2621/3351
f 2680/2640/3350 2646/2606/3352 2661/2621/3351
f 2646/2606/3352 2650/2610/2591 2637/2597/2600
f 2613/2573/3336 2595/2555/3337 2597/2557/3341
f 2597/2557/3341 2617/2577/3342 2628/2588/2601
f 2628/2588/2601 2626/2586/2597 2644/2604/2598
f 2652/2612/3353 2659/2619/3354 2663/2623/3355
f 2659/2619/3354 2656/2616/3356 2663/2623/3355
f 2628/2588/2601 2644/2604/2598 2652/2612/3353
f 2637/2597/2600 2613/2573/3336 2597/2557/3341
f 2646/2606/3352 2637/2597/2600 2670/2630/2599
f 2670/2630/2599 2661/2621/3351 2646/2606/3352
f 2672/2632/2595 2674/2634/2596 2670/2630/2599
f 2663/2623/3355 2668/2628/3357 2652/2612/3353
f 2668/2628/3357 2672/2632/2595 2670/2630/2599
f 2637/2597/2600 2597/2557/3341 2628/2588/2601
f 2628/2588/2601 2652/2612/3353 2670/2630/2599
f 2670/2630/2599 2652/2612/3353 2668/2628/3357
f 2471/2431/2517 2474/2434/2520 2639/2599/2584
f 2528/2488/2576 2356/2316/2577 2531/2491/2580
s 92
f 2590/2550/2603 2738/2698/2995 2742/2702/2604
f 2746/2706/2606 2748/2708/2617 2718/2678/2607
f 2571/2531/2609 2734/2694/3000 2752/2712/2610
f 2735/2695/2612 2738/2698/2995 2590/2550/2603
f 2739/2699/2614 2737/2697/3003 2587/2547/2615
f 2748/2708/2617 2735/2695/2612 2573/2533/2613
f 2724/2684/2618 2751/2711/2633 2750/2710/2619
f 2588/2548/2621 2736/2696/3006 2743/2703/2622
f 2594/2554/2624 2740/2700/2634 2739/2699/2614
f 2723/2683/2620 2750/2710/2619 2749/2709/2625
f 2743/2703/2622 2741/2701/2630 2596/2556/2627
f 2744/2704/2628 2734/2694/3000 2571/2531/2609
f 2741/2701/2630 2745/2705/2632 2606/2566/2631
f 2745/2705/2632 2744/2704/2628 2604/2564/2629
f 2726/2686/2611 2752/2712/2610 2751/2711/2633
f 2600/2560/2605 2742/2702/2604 2740/2700/2634
f 2747/2707/2635 2746/2706/2606 2714/2674/2608
f 2749/2709/2625 2747/2707/2635 2717/2677/2636
s 101
f 2610/2570/2637 2758/2718/3017 2759/2719/2638
f 2732/2692/2640 2770/2730/2662 2754/2714/2641
f 2760/2720/2643 2765/2725/3020 2627/2587/2644
f 2769/2729/2646 2768/2728/2663 2729/2689/2647
f 2763/2723/2649 2755/2715/3024 2567/2527/2650
f 2631/2591/2652 2766/2726/3026 2762/2722/2653
f 2570/2530/2655 2756/2716/3028 2757/2717/2656
f 2627/2587/2644 2765/2725/3020 2764/2724/2658
f 2567/2527/2650 2755/2715/3024 2767/2727/2660
f 2682/2642/2661 2767/2727/2660 2770/2730/2662
f 2768/2728/2663 2756/2716/3028 2570/2530/2655
f 2759/2719/2638 2766/2726/3026 2631/2591/2652
f 2621/2581/2664 2761/2721/3036 2760/2720/2643
f 2532/2492/2642 2754/2714/2641 2753/2713/2665
f 2753/2713/2665 2769/2729/2646 2731/2691/2648
f 2764/2724/2658 2763/2723/2649 2623/2583/2651
f 2757/2717/2656 2758/2718/3017 2610/2570/2637
s 111
f 2711/2671/2667 2787/2747/2694 2772/2732/2668
f 2638/2598/2670 2782/2742/2691 2783/2743/2671
f 2614/2574/2673 2777/2737/2681 2775/2735/2674
f 2771/2731/2676 2786/2746/2684 2708/2668/2677
f 2775/2735/2674 2773/2733/3048 2576/2536/2679
f 2612/2572/2680 2776/2736/2693 2777/2737/2681
f 2576/2536/2679 2773/2733/3048 2788/2748/2682
f 2786/2746/2684 2785/2745/2689 2706/2666/2685
f 2784/2744/2686 2779/2739/3051 2633/2593/2687
f 2785/2745/2689 2774/2734/3053 2577/2537/2690
f 2577/2537/2690 2774/2734/3053 2782/2742/2691
f 2629/2589/2692 2778/2738/2698 2776/2736/2693
f 2713/2673/2683 2788/2748/2682 2787/2747/2694
f 2640/2600/2672 2783/2743/2671 2781/2741/2695
f 2772/2732/2668 2771/2731/2676 2480/2440/2678
f 2634/2594/2697 2780/2740/3057 2778/2738/2698
f 2636/2596/2696 2781/2741/2695 2784/2744/2686
s 123
f 2794/2754/2699 2796/2756/3358 2666/2626/2700
f 2702/2662/2702 2805/2765/2709 2803/2763/2703
f 2795/2755/2705 2800/2760/3064 2681/2641/2706
f 2701/2661/2708 2804/2764/2711 2805/2765/2709
f 2705/2665/2710 2806/2766/2717 2804/2764/2711
f 2681/2641/2706 2800/2760/3064 2791/2751/2712
f 2797/2757/2714 2794/2754/2699 2662/2622/2701
f 2580/2540/2716 2789/2749/2726 2806/2766/2717
f 2675/2635/2718 2798/2758/3071 2797/2757/2714
f 2793/2753/2719 2792/2752/3078 2649/2609/2720
f 2803/2763/2703 2802/2762/2729 2696/2656/2722
f 2801/2761/2723 2790/2750/2730 2581/2541/2724
f 2649/2609/2720 2792/2752/3078 2789/2749/2726
f 2799/2759/2727 2798/2758/3071 2675/2635/2718
f 2791/2751/2712 2793/2753/2719 2651/2611/2721
f 2802/2762/2729 2801/2761/2723 2694/2654/2725
f 2790/2750/2730 2799/2759/2727 2676/2636/2728
s 134
f 2822/2782/2731 2810/2770/3104 2586/2546/2732
f 2807/2767/2734 2821/2781/2762 2684/2644/2735
f 2653/2613/2737 2812/2772/3086 2816/2776/2738
f 2817/2777/2740 2818/2778/2756 2669/2629/2741
f 2583/2543/2743 2809/2769/3090 2825/2785/2744
f 2690/2650/2746 2824/2784/2759 2823/2783/2747
f 2808/2768/2749 2807/2767/2734 2437/2397/2736
f 2811/2771/2751 2812/2772/3086 2653/2613/2737
f 2816/2776/2738 2815/2775/3359 2658/2618/2753
f 2813/2773/2754 2811/2771/2751 2645/2605/2752
f 2818/2778/2756 2819/2779/3103 2673/2633/2757
f 2657/2617/2758 2814/2774/3098 2817/2777/2740
f 2692/2652/2745 2825/2785/2744 2824/2784/2759
f 2688/2648/2748 2823/2783/2747 2808/2768/2749
f 2673/2633/2757 2819/2779/3103 2820/2780/2760
f 2586/2546/2732 2810/2770/3104 2813/2773/2754
f 2821/2781/2762 2822/2782/2731 2687/2647/2733
f 2820/2780/2760 2809/2769/3090 2583/2543/2743
s 1
f 2845/2805/2763 2843/2803/3360 2535/2495/2345
f 2535/2495/2345 2843/2803/3360 2847/2807/2764
f 2847/2807/2764 2849/2809/3361 2537/2497/2349
f 2537/2497/2349 2849/2809/3361 2851/2811/2765
f 2851/2811/2765 2853/2813/3362 2539/2499/2352
f 2539/2499/2352 2853/2813/3362 2855/2815/2766
f 2540/2500/2355 2855/2815/2766 2857/2817/2767
f 2541/2501/2354 2857/2817/2767 2859/2819/2768
f 2859/2819/2768 2861/2821/3363 2543/2503/2358
f 2543/2503/2358 2861/2821/3363 2863/2823/2769
f 2544/2504/2363 2863/2823/2769 2865/2825/2770
f 2545/2505/2362 2865/2825/2770 2867/2827/2771
f 2867/2827/2771 2869/2829/3364 2547/2507/2366
f 2547/2507/2366 2869/2829/3364 2871/2831/2772
f 2871/2831/2772 2873/2833/2773 2549/2509/2372
f 2873/2833/2773 2875/2835/2774 2550/2510/2375
f 2875/2835/2774 2877/2837/3365 2551/2511/2374
f 2551/2511/2374 2877/2837/3365 2878/2838/2775
f 2552/2512/2379 2878/2838/2775 2880/2840/2776
f 2880/2840/2776 2882/2842/2777 2554/2514/2383
f 2882/2842/2777 2884/2844/3366 2555/2515/2382
f 2555/2515/2382 2884/2844/3366 2886/2846/2778
f 2556/2516/2386 2886/2846/2778 2888/2848/2779
f 2557/2517/2388 2888/2848/2779 2890/2850/2780
f 2891/2851/2782 2893/2853/3367 2560/2520/2390
f 2560/2520/2390 2893/2853/3367 2895/2855/2783
f 2895/2855/2783 2897/2857/2784 2562/2522/2397
f 2897/2857/2784 2899/2859/3368 2563/2523/2400
f 2563/2523/2400 2899/2859/3368 2901/2861/2785
f 2901/2861/2785 2903/2863/3369 2565/2525/2404
f 2565/2525/2404 2903/2863/3369 2906/2866/2786
f 2566/2526/2403 2906/2866/2786 2845/2805/2763
s 151
f 2826/2786/2787 2909/2869/2790 2842/2802/2788
f 2909/2869/2790 2915/2875/2792 2846/2806/2791
f 2915/2875/2792 2919/2879/2795 2848/2808/2793
f 2829/2789/2794 2850/2810/2797 2848/2808/2793
f 2829/2789/2794 2925/2885/2799 2852/2812/2796
f 2929/2889/2798 2854/2814/2801 2852/2812/2796
f 2933/2893/2800 2856/2816/2803 2854/2814/2801
f 2933/2893/2800 2938/2898/2805 2858/2818/2802
f 2831/2791/2804 2860/2820/2807 2858/2818/2802
f 2831/2791/2804 2945/2905/2809 2862/2822/2806
f 2948/2908/2808 2864/2824/2811 2862/2822/2806
f 2950/2910/2810 2866/2826/2813 2864/2824/2811
f 2953/2913/2812 2868/2828/2815 2866/2826/2813
f 2833/2793/2814 2870/2830/2817 2868/2828/2815
f 2835/2795/2816 2872/2832/2819 2870/2830/2817
f 2835/2795/2816 2962/2922/2821 2874/2834/2818
f 2836/2796/2820 2876/2836/2823 2874/2834/2818
f 2836/2796/2820 2967/2927/2825 2879/2839/2822
f 2971/2931/2824 2881/2841/2827 2879/2839/2822
f 2971/2931/2824 2975/2935/2829 2883/2843/2826
f 2980/2940/2828 2885/2845/2831 2883/2843/2826
f 2985/2945/2830 2887/2847/2833 2885/2845/2831
f 2989/2949/2832 2889/2849/2835 2887/2847/2833
f 2992/2952/2834 2892/2852/2837 2889/2849/2835
f 2994/2954/2836 2894/2854/2839 2892/2852/2837
f 2994/2954/2836 2998/2958/2841 2896/2856/2838
f 2838/2798/2840 2898/2858/2843 2896/2856/2838
f 2838/2798/2840 3006/2966/2844 2900/2860/2842
f 3006/2966/2844 3010/2970/2847 2902/2862/2845
f 2840/2800/2846 2904/2864/2849 2902/2862/2845
f 2840/2800/2846 3015/2975/2850 2905/2865/2848
f 2826/2786/2787 2844/2804/2789 2905/2865/2848
s 182
f 3020/2980/2858 3076/3036/2853 2907/2867/2852
f 3076/3036/2853 3106/3066/2990 2913/2873/2851
f 3106/3066/2990 3037/2997/2866 2913/2873/2851
f 2908/2868/2854 2827/2787/2974 2912/2872/2855
f 3135/3095/2857 2910/2870/2859 2911/2871/2856
f 3020/2980/2858 2907/2867/2852 2910/2870/2859
f 2914/2874/2860 2908/2868/2854 2911/2871/2856
f 2911/2871/2856 2910/2870/2859 2916/2876/2862
f 2916/2876/2862 2910/2870/2859 2907/2867/2852
f 2914/2874/2860 2917/2877/2861 2921/2881/2863
f 2921/2881/2863 2917/2877/2861 2916/2876/2862
f 3037/2997/2866 2920/2880/2865 2916/2876/2862
f 2918/2878/2864 2921/2881/2863 2922/2882/2867
f 3136/3096/2869 2922/2882/2867 2921/2881/2863
f 2921/2881/2863 2920/2880/2865 3138/3098/2870
f 2924/2884/2871 2828/2788/2868 2922/2882/2867
f 2928/2888/2873 2924/2884/2871 2926/2886/2872
f 2932/2892/2876 2928/2888/2873 2930/2890/2874
f 3143/3103/2878 3145/3105/2881 2935/2895/2877
f 3145/3105/2881 2934/2894/2880 2935/2895/2877
f 2935/2895/2877 2930/2890/2874 3143/3103/2878
f 3036/2996/2879 2931/2891/2885 2934/2894/2880
f 2932/2892/2876 2935/2895/2877 2940/2900/2882
f 2935/2895/2877 2934/2894/2880 2939/2899/2884
f 2939/2899/2884 2934/2894/2880 2931/2891/2885
f 2937/2897/2883 2940/2900/2882 2943/2903/2887
f 2940/2900/2882 2939/2899/2884 2942/2902/2889
f 2942/2902/2889 2939/2899/2884 2936/2896/2886
f 2944/2904/2891 2830/2790/2888 2943/2903/2887
f 3149/3109/2897 2946/2906/2892 3147/3107/2893
f 2946/2906/2892 2943/2903/2887 3147/3107/2893
f 2942/2902/2889 2941/2901/2890 3034/2994/2894
f 2947/2907/2895 2944/2904/2891 2946/2906/2892
f 2949/2909/2898 2947/2907/2895 3150/3110/2896
f 2952/2912/2901 2949/2909/2898 2951/2911/2899
f 3152/3112/2903 3156/3116/2906 2955/2915/2902
f 3156/3116/2906 2954/2914/2905 2955/2915/2902
f 2955/2915/2902 2951/2911/2899 3155/3115/2900
f 2952/2912/2901 2955/2915/2902 2958/2918/2907
f 2955/2915/2902 2954/2914/2905 2957/2917/2909
f 3031/2991/2904 2956/2916/2913 2957/2917/2909
f 2834/2794/2910 2832/2792/2908 2958/2918/2907
f 2961/2921/2911 2958/2918/2907 2957/2917/2909
f 2960/2920/2912 2957/2917/2909 2956/2916/2913
f 2963/2923/2915 2834/2794/2910 2961/2921/2911
f 3159/3119/2917 2964/2924/2916 2961/2921/2911
f 2960/2920/2912 2959/2919/2914 3030/2990/2918
f 2963/2923/2915 2964/2924/2916 2965/2925/2919
f 2968/2928/2922 2837/2797/2920 2965/2925/2919
f 2968/2928/2922 2969/2929/2923 2973/2933/2924
f 2972/2932/2925 2973/2933/2924 2978/2938/2927
f 3164/3124/2929 2977/2937/2931 2978/2938/2927
f 2978/2938/2927 2973/2933/2924 3164/3124/2929
f 3027/2987/2930 2974/2934/3370 2977/2937/2931
f 2976/2936/2928 2978/2938/2927 2983/2943/2932
f 2983/2943/2932 2978/2938/2927 2977/2937/2931
f 2977/2937/2931 2974/2934/3370 2979/2939/2935
f 2986/2946/2936 2981/2941/2933 2983/2943/2932
f 2988/2948/2937 2983/2943/2932 2982/2942/2934
f 2987/2947/2938 2982/2942/2934 2979/2939/2935
f 2990/2950/2940 2986/2946/2936 2988/2948/2937
f 3166/3126/2943 3168/3128/2947 2991/2951/2941
f 2988/2948/2937 2987/2947/2938 3171/3131/2942
f 3166/3126/2943 2991/2951/2941 2988/2948/2937
f 2987/2947/2938 2984/2944/2939 3026/2986/2944
f 2993/2953/2945 2990/2950/2940 2991/2951/2941
f 2993/2953/2945 3172/3132/2946 2996/2956/2948
f 2995/2955/2949 2996/2956/2948 3001/2961/2951
f 3176/3136/2953 3179/3139/2956 3001/2961/2951
f 3179/3139/2956 3000/2960/2955 3001/2961/2951
f 3001/2961/2951 2996/2956/2948 3176/3136/2953
f 3024/2984/2954 2997/2957/3371 3000/2960/2955
f 2999/2959/2952 3001/2961/2951 3004/2964/2957
f 3004/2964/2957 3001/2961/2951 3000/2960/2955
f 3000/2960/2955 2997/2957/3371 3002/2962/2960
f 3007/2967/2961 2839/2799/2958 3004/2964/2957
f 3009/2969/2962 3004/2964/2957 3003/2963/2959
f 3008/2968/2963 3003/2963/2959 3002/2962/2960
f 3011/2971/2965 3007/2967/2961 3009/2969/2962
f 3182/3142/2971 3012/2972/2966 3180/3140/2967
f 3012/2972/2966 3009/2969/2962 3180/3140/2967
f 3008/2968/2963 3005/2965/2964 3021/2981/2968
f 3011/2971/2965 3012/2972/2966 3013/2973/2969
f 3016/2976/2973 3017/2977/2975 2912/2872/2855
f 3036/2996/2879 3130/3090/2988 2931/2891/2885
f 3130/3090/2988 3128/3088/2976 2936/2896/2886
f 2931/2891/2885 3130/3090/2988 2936/2896/2886
f 3128/3088/2976 3034/2994/2894 2941/2901/2890
f 3024/2984/2954 3057/3017/2982 2997/2957/3371
f 3057/3017/2982 3060/3020/2978 3002/2962/2960
f 2997/2957/3371 3057/3017/2982 3002/2962/2960
f 3060/3020/2978 3021/2981/2968 3005/2965/2964
f 3043/3003/2980 3026/2986/2944 2984/2944/2939
f 2984/2944/2939 2979/2939/2935 3043/3003/2980
f 2979/2939/2935 2974/2934/3370 3050/3010/2979
f 2974/2934/3370 3027/2987/2930 3050/3010/2979
f 3062/3022/2981 3060/3020/2978 3057/3017/2982
f 3102/3062/2984 3093/3053/3372 3091/3051/2977
f 3050/3010/2979 3066/3026/3373 3053/3013/2986
f 3124/3084/2987 3126/3086/3374 3128/3088/2976
f 3078/3038/2989 3096/3056/3375 3106/3066/2990
f 3047/3007/3376 3053/3013/2986 3065/3025/3377
f 3053/3013/2986 3066/3026/3373 3065/3025/3377
f 3065/3025/3377 3082/3042/3378 3089/3049/2992
f 3082/3042/3378 3087/3047/3379 3094/3054/3380
f 3089/3049/2992 3082/3042/3378 3094/3054/3380
f 3041/3001/3381 3045/3005/3382 3055/3015/3383
f 3045/3005/3382 3047/3007/3376 3049/3009/3384
f 3049/3009/3384 3055/3015/3383 3045/3005/3382
f 3062/3022/2981 3059/3019/2983 3069/3029/3385
f 3059/3019/2983 3049/3009/3384 3069/3029/3385
f 3074/3034/3386 3084/3044/3387 3070/3030/3388
f 3084/3044/3387 3069/3029/3385 3070/3030/3388
f 3047/3007/3376 3065/3025/3377 3089/3049/2992
f 3089/3049/2992 3093/3053/3372 3102/3062/2984
f 3098/3058/3389 3132/3092/3390 3113/3073/3391
f 3132/3092/3390 3117/3077/3392 3113/3073/3391
f 3089/3049/2992 3102/3062/2984 3098/3058/3389
f 3069/3029/3385 3049/3009/3384 3047/3007/3376
f 3096/3056/3375 3078/3038/2989 3080/3040/2991
f 3080/3040/2991 3070/3030/3388 3069/3029/3385
f 3069/3029/3385 3047/3007/3376 3089/3049/2992
f 3089/3049/2992 3098/3058/3389 3122/3082/2993
f 3122/3082/2993 3098/3058/3389 3113/3073/3391
f 3122/3082/2993 3126/3086/3374 3124/3084/2987
f 3120/3080/3393 3115/3075/3394 3104/3064/3395
f 3115/3075/3394 3108/3068/3396 3111/3071/3397
f 3104/3064/3395 3115/3075/3394 3111/3071/3397
f 3122/3082/2993 3124/3084/2987 3120/3080/3393
f 3080/3040/2991 3069/3029/3385 3089/3049/2992
f 3104/3064/3395 3096/3056/3375 3080/3040/2991
f 3122/3082/2993 3120/3080/3393 3080/3040/2991
f 3080/3040/2991 3120/3080/3393 3104/3064/3395
f 3091/3051/2977 2959/2919/2914 2956/2916/2913
f 3016/2976/2973 2841/2801/2970 3013/2973/2969
s 92
f 3052/3012/2994 2742/2702/2604 2738/2698/2995
f 3170/3130/2997 2748/2708/2617 2746/2706/2606
f 3023/2983/2999 3178/3138/3013 2752/2712/2610
f 3025/2985/3001 3042/3002/2996 2738/2698/2995
f 3044/3004/3002 3040/3000/3398 2737/2697/3003
f 3025/2985/3001 2735/2695/2612 2748/2708/2617
f 3177/3137/3004 3175/3135/3009 2750/2710/2619
f 3054/3014/3005 2743/2703/2622 2736/2696/3006
f 3046/3006/3008 3044/3004/3002 2739/2699/2614
f 3175/3135/3009 3173/3133/3015 2749/2709/2625
f 3048/3008/3010 2741/2701/2630 2743/2703/2622
f 3023/2983/2999 2734/2694/3000 2744/2704/2628
f 3048/3008/3010 3058/3018/3012 2745/2705/2632
f 3058/3018/3012 3056/3016/3011 2744/2704/2628
f 3178/3138/3013 3177/3137/3004 2751/2711/2633
f 3046/3006/3008 2740/2700/2634 2742/2702/2604
f 3167/3127/2998 2746/2706/2606 2747/2707/2635
f 3169/3129/3014 2747/2707/2635 2749/2709/2625
s 101
f 3063/3023/3016 3068/3028/3034 2759/2719/2638
f 3184/3144/3018 3018/2978/3038 2754/2714/2641
f 3071/3031/3019 3079/3039/3031 2765/2725/3020
f 3181/3141/3021 2768/2728/2663 2769/2729/2646
f 3075/3035/3023 3019/2979/3032 2755/2715/3024
f 3083/3043/3025 3073/3033/3399 2762/2722/2653
f 3061/3021/3027 2757/2717/2656 2756/2716/3028
f 3077/3037/3030 2764/2724/2658 2765/2725/3020
f 3019/2979/3032 3134/3094/3033 2767/2727/2660
f 3134/3094/3033 3184/3144/3018 2770/2730/2662
f 3022/2982/3029 2756/2716/3028 2768/2728/2663
f 3068/3028/3034 3083/3043/3025 2766/2726/3026
f 3072/3032/3035 3071/3031/3019 2760/2720/2643
f 3014/2974/3037 2753/2713/2665 2754/2714/2641
f 3183/3143/3022 2769/2729/2646 2753/2713/2665
f 3077/3037/3030 3075/3035/3023 2763/2723/2649
f 3061/3021/3027 3063/3023/3016 2758/2718/3017
s 111
f 3163/3123/3039 2970/2930/3056 2772/2732/2668
f 3092/3052/3040 2783/2743/2671 2782/2742/2691
f 3067/3027/3042 3051/3011/3046 2775/2735/2674
f 3160/3120/3043 2786/2746/2684 2771/2731/2676
f 3028/2988/3045 2773/2733/3048 2775/2735/2674
f 3067/3027/3042 2777/2737/2681 2776/2736/2693
f 3028/2988/3045 3165/3125/3055 2788/2748/2682
f 3158/3118/3049 2785/2745/2689 2786/2746/2684
f 3095/3055/3050 3085/3045/3400 2779/2739/3051
f 3029/2989/3052 2774/2734/3053 2785/2745/2689
f 3090/3050/3041 2782/2742/2691 2774/2734/3053
f 3064/3024/3047 2776/2736/2693 2778/2738/2698
f 3165/3125/3055 3163/3123/3039 2787/2747/2694
f 3092/3052/3040 3088/3048/3059 2781/2741/2695
f 2966/2926/3044 2771/2731/2676 2772/2732/2668
f 3081/3041/3054 2778/2738/2698 2780/2740/3057
f 3095/3055/3050 2784/2744/2686 2781/2741/2695
s 123
f 3119/3079/3060 2796/2756/3358 2794/2754/2699
f 3154/3114/3062 3151/3111/3075 2803/2763/2703
f 3118/3078/3063 3133/3093/3067 2800/2760/3064
f 3153/3113/3065 3154/3114/3062 2805/2765/2709
f 3157/3117/3066 3153/3113/3065 2804/2764/2711
f 3133/3093/3067 3099/3059/3080 2791/2751/2712
f 3123/3083/3068 3114/3074/3061 2794/2754/2699
f 3032/2992/3069 3157/3117/3066 2806/2766/2717
f 3127/3087/3070 3123/3083/3068 2797/2757/2714
f 3101/3061/3072 2792/2752/3078 2793/2753/2719
f 3148/3108/3074 2802/2762/2729 2803/2763/2703
f 3033/2993/3076 2790/2750/2730 2801/2761/2723
f 3101/3061/3072 3032/2992/3069 2789/2749/2726
f 3129/3089/3079 3127/3087/3070 2798/2758/3071
f 3103/3063/3073 2793/2753/2719 2791/2751/2712
f 3146/3106/3077 2801/2761/2723 2802/2762/2729
f 3033/2993/3076 3129/3089/3079 2799/2759/2727
s 134
f 3038/2998/3081 2810/2770/3104 2822/2782/2731
f 3137/3097/3083 2821/2781/2762 2807/2767/2734
f 3112/3072/3085 2816/2776/2738 2812/2772/3086
f 3116/3076/3088 3121/3081/3097 2818/2778/2756
f 3035/2995/3089 3144/3104/3100 2825/2785/2744
f 3142/3102/3091 3140/3100/3101 2823/2783/2747
f 2923/2883/3084 2807/2767/2734 2808/2768/2749
f 3097/3057/3093 3105/3065/3087 2812/2772/3086
f 3109/3069/3094 2815/2775/3359 2816/2776/2738
f 3097/3057/3093 2811/2771/2751 2813/2773/2754
f 3125/3085/3096 2819/2779/3103 2818/2778/2756
f 3116/3076/3088 2817/2777/2740 2814/2774/3098
f 3144/3104/3100 3142/3102/3091 2824/2784/2759
f 3140/3100/3101 2927/2887/3092 2808/2768/2749
f 3131/3091/3102 2820/2780/2760 2819/2779/3103
f 3107/3067/3095 2813/2773/2754 2810/2770/3104
f 3139/3099/3082 2822/2782/2731 2821/2781/2762
f 3131/3091/3102 3035/2995/3089 2809/2769/3090
s 248
f 3191/3151/3105 3193/3153/3109 3188/3148/3106
f 3195/3155/3108 3197/3157/3111 3193/3153/3109
f 3199/3159/3110 3201/3161/3113 3197/3157/3111
f 3199/3159/3110 3203/3163/3114 3205/3165/3112
f 3203/3163/3114 3207/3167/3116 3209/3169/3115
f 3207/3167/3116 3211/3171/3119 3212/3172/3117
f 3214/3174/3118 3216/3176/3121 3212/3172/3117
f 3214/3174/3118 3218/3178/3122 3220/3180/3120
f 3218/3178/3122 3222/3182/3401 3226/3186/3123
f 3228/3188/3124 3230/3190/3131 3225/3185/3125
s 258
f 3189/3149/3129 3192/3152/3402 3196/3156/3403
f 3196/3156/3403 3200/3160/3404 3189/3149/3129
f 3200/3160/3404 3204/3164/3405 3189/3149/3129
f 3204/3164/3405 3208/3168/3406 3213/3173/3127
f 3213/3173/3127 3217/3177/3407 3221/3181/3128
f 3221/3181/3128 3227/3187/3408 3189/3149/3129
f 3227/3187/3408 3231/3191/3409 3189/3149/3129
f 3231/3191/3409 3235/3195/3410 3189/3149/3129
f 3204/3164/3405 3213/3173/3127 3189/3149/3129
s 248
f 3232/3192/3130 3234/3194/3132 3230/3190/3131
f 3232/3192/3130 3187/3147/3107 3188/3148/3106
s 260
f 3190/3150/3135 3186/3146/3411 3233/3193/3412
f 3233/3193/3412 3229/3189/3413 3190/3150/3135
f 3229/3189/3413 3224/3184/3414 3190/3150/3135
f 3224/3184/3414 3219/3179/3415 3215/3175/3133
f 3215/3175/3133 3210/3170/3416 3206/3166/3134
f 3206/3166/3134 3202/3162/3417 3190/3150/3135
f 3202/3162/3417 3198/3158/3418 3190/3150/3135
f 3198/3158/3418 3194/3154/3419 3190/3150/3135
f 3224/3184/3414 3215/3175/3133 3190/3150/3135
s 261
f 3236/3196/3136 3239/3199/3161 3243/3203/3137
f 3241/3201/3138 3243/3203/3137 3247/3207/3139
f 3247/3207/3139 3251/3211/3420 3249/3209/3141
f 3249/3209/3141 3251/3211/3420 3255/3215/3142
f 3253/3213/3143 3255/3215/3142 3259/3219/3144
f 3259/3219/3144 3263/3223/3147 3260/3220/3146
f 3263/3223/3147 3266/3226/3149 3264/3224/3148
f 3266/3226/3149 3270/3230/3421 3268/3228/3150
f 3268/3228/3150 3270/3230/3421 3276/3236/3151
f 3275/3235/3153 3280/3240/3159 3278/3238/3154
s 267
f 3246/3206/3158 3242/3202/3422 3281/3241/3423
f 3242/3202/3422 3238/3198/3424 3281/3241/3423
f 3238/3198/3424 3285/3245/3425 3281/3241/3423
f 3281/3241/3423 3277/3237/3426 3271/3231/3156
f 3271/3231/3156 3267/3227/3427 3262/3222/3157
f 3262/3222/3157 3258/3218/3428 3246/3206/3158
f 3258/3218/3428 3254/3214/3429 3246/3206/3158
f 3254/3214/3429 3250/3210/3430 3246/3206/3158
f 3281/3241/3423 3271/3231/3156 3246/3206/3158
s 261
f 3280/3240/3159 3284/3244/3431 3282/3242/3160
f 3282/3242/3160 3284/3244/3431 3239/3199/3161
s 270
f 3283/3243/3164 3237/3197/3432 3240/3200/3433
f 3240/3200/3433 3244/3204/3434 3248/3208/3435
f 3248/3208/3435 3252/3212/3436 3256/3216/3437
f 3256/3216/3437 3261/3221/3438 3265/3225/3162
f 3265/3225/3162 3269/3229/3439 3274/3234/3163
f 3274/3234/3163 3279/3239/3440 3283/3243/3164
f 3283/3243/3164 3240/3200/3433 3265/3225/3162
f 3240/3200/3433 3248/3208/3435 3265/3225/3162
f 3248/3208/3435 3256/3216/3437 3265/3225/3162
s 271
f 3287/3247/3165 3291/3251/3168 3293/3253/3166
f 3291/3251/3168 3295/3255/3170 3297/3257/3169
f 3295/3255/3170 3299/3259/3173 3301/3261/3171
f 3303/3263/3172 3305/3265/3175 3301/3261/3171
f 3307/3267/3174 3309/3269/3177 3305/3265/3175
f 3311/3271/3176 3312/3272/3179 3309/3269/3177
f 3311/3271/3176 3314/3274/3181 3316/3276/3178
f 3318/3278/3180 3320/3280/3183 3316/3276/3178
f 3318/3278/3180 3323/3283/3441 3326/3286/3182
f 3328/3288/3184 3330/3290/3191 3325/3285/3185
s 281
f 3289/3249/3188 3292/3252/3442 3296/3256/3443
f 3296/3256/3443 3300/3260/3444 3304/3264/3189
f 3304/3264/3189 3308/3268/3445 3313/3273/3446
f 3313/3273/3446 3317/3277/3447 3321/3281/3448
f 3321/3281/3448 3327/3287/3449 3331/3291/3187
f 3331/3291/3187 3335/3295/3450 3289/3249/3188
f 3289/3249/3188 3296/3256/3443 3304/3264/3189
f 3304/3264/3189 3313/3273/3446 3321/3281/3448
f 3321/3281/3448 3331/3291/3187 3304/3264/3189
s 271
f 3328/3288/3184 3332/3292/3192 3334/3294/3190
f 3287/3247/3165 3288/3248/3167 3334/3294/3190
s 283
f 3290/3250/3195 3286/3246/3451 3333/3293/3452
f 3333/3293/3452 3329/3289/3453 3324/3284/3454
f 3324/3284/3454 3319/3279/3455 3315/3275/3456
f 3315/3275/3456 3310/3270/3457 3306/3266/3193
f 3306/3266/3193 3302/3262/3458 3298/3258/3194
f 3298/3258/3194 3294/3254/3459 3290/3250/3195
f 3290/3250/3195 3333/3293/3452 3306/3266/3193
f 3333/3293/3452 3324/3284/3454 3306/3266/3193
f 3324/3284/3454 3315/3275/3456 3306/3266/3193
s 284
f 3340/3300/3196 3342/3302/3200 3338/3298/3197
f 3340/3300/3196 3345/3305/3202 3346/3306/3199
f 3349/3309/3201 3351/3311/3204 3346/3306/3199
f 3349/3309/3201 3353/3313/3205 3355/3315/3203
f 3353/3313/3205 3357/3317/3207 3359/3319/3206
f 3357/3317/3207 3361/3321/3210 3363/3323/3208
f 3365/3325/3209 3367/3327/3212 3363/3323/3208
f 3365/3325/3209 3369/3329/3213 3370/3330/3211
f 3369/3329/3213 3372/3332/3216 3374/3334/3214
f 3376/3336/3215 3378/3338/3221 3374/3334/3214
s 294
f 3339/3299/3218 3343/3303/3460 3347/3307/3461
f 3347/3307/3461 3350/3310/3462 3354/3314/3219
f 3354/3314/3219 3358/3318/3463 3362/3322/3464
f 3362/3322/3464 3366/3326/3465 3354/3314/3219
f 3366/3326/3465 3371/3331/3466 3354/3314/3219
f 3371/3331/3466 3375/3335/3467 3379/3339/3217
f 3379/3339/3217 3385/3345/3468 3339/3299/3218
f 3339/3299/3218 3347/3307/3461 3354/3314/3219
f 3371/3331/3466 3379/3339/3217 3354/3314/3219
s 284
f 3380/3340/3220 3384/3344/3469 3378/3338/3221
f 3336/3296/3198 3338/3298/3197 3383/3343/3222
s 296
f 3341/3301/3226 3337/3297/3470 3382/3342/3471
f 3382/3342/3471 3377/3337/3472 3341/3301/3226
f 3377/3337/3472 3373/3333/3224 3341/3301/3226
f 3373/3333/3224 3368/3328/3473 3356/3316/3225
f 3368/3328/3473 3364/3324/3474 3356/3316/3225
f 3364/3324/3474 3360/3320/3475 3356/3316/3225
f 3356/3316/3225 3352/3312/3476 3348/3308/3477
f 3348/3308/3477 3344/3304/3478 3356/3316/3225
f 3344/3304/3478 3341/3301/3226 3356/3316/3225
s 297
f 3386/3346/3227 3390/3350/3230 3392/3352/3228
f 3390/3350/3230 3395/3355/3479 3398/3358/3231
f 3394/3354/3232 3400/3360/3236 3402/3362/3233
f 3404/3364/3235 3406/3366/3238 3402/3362/3233
f 3409/3369/3237 3410/3370/3240 3406/3366/3238
f 3409/3369/3237 3413/3373/3241 3415/3375/3239
f 3413/3373/3241 3417/3377/3243 3419/3379/3242
f 3417/3377/3243 3421/3381/3245 3423/3383/3244
f 3421/3381/3245 3425/3385/3248 3427/3387/3246
f 3429/3389/3247 3431/3391/3253 3427/3387/3246
s 307
f 3389/3349/3250 3393/3353/3480 3399/3359/3481
f 3399/3359/3481 3403/3363/3482 3407/3367/3251
f 3407/3367/3251 3411/3371/3483 3414/3374/3484
f 3414/3374/3484 3418/3378/3485 3407/3367/3251
f 3418/3378/3485 3422/3382/3486 3407/3367/3251
f 3422/3382/3486 3426/3386/3487 3430/3390/3249
f 3430/3390/3249 3435/3395/3488 3389/3349/3250
f 3389/3349/3250 3399/3359/3481 3407/3367/3251
f 3422/3382/3486 3430/3390/3249 3407/3367/3251
s 297
f 3429/3389/3247 3433/3393/3254 3434/3394/3252
f 3386/3346/3227 3388/3348/3229 3434/3394/3252
s 309
f 3391/3351/3257 3387/3347/3489 3424/3384/3255
f 3387/3347/3489 3432/3392/3490 3424/3384/3255
f 3432/3392/3490 3428/3388/3491 3424/3384/3255
f 3424/3384/3255 3420/3380/3492 3416/3376/3493
f 3416/3376/3493 3412/3372/3494 3424/3384/3255
f 3412/3372/3494 3408/3368/3256 3424/3384/3255
f 3408/3368/3256 3405/3365/3495 3391/3351/3257
f 3405/3365/3495 3401/3361/3496 3391/3351/3257
f 3401/3361/3496 3396/3356/3497 3391/3351/3257
s 310
f 3441/3401/3258 3442/3402/3262 3439/3399/3259
f 3444/3404/3261 3446/3406/3264 3442/3402/3262
f 3448/3408/3263 3450/3410/3266 3446/3406/3264
f 3453/3413/3265 3455/3415/3498 3450/3410/3266
f 3458/3418/3267 3460/3420/3271 3456/3416/3268
f 3462/3422/3270 3464/3424/3273 3460/3420/3271
f 3462/3422/3270 3467/3427/3275 3468/3428/3272
f 3471/3431/3274 3473/3433/3277 3468/3428/3272
f 3471/3431/3274 3475/3435/3278 3477/3437/3276
f 3475/3435/3278 3479/3439/3284 3481/3441/3279
s 320
f 3438/3398/3281 3443/3403/3499 3447/3407/3500
f 3447/3407/3500 3451/3411/3501 3438/3398/3281
f 3451/3411/3501 3457/3417/3282 3438/3398/3281
f 3457/3417/3282 3461/3421/3502 3472/3432/3503
f 3461/3421/3502 3465/3425/3504 3472/3432/3503
f 3465/3425/3504 3469/3429/3505 3472/3432/3503
f 3472/3432/3503 3476/3436/3506 3480/3440/3280
f 3480/3440/3280 3484/3444/3507 3438/3398/3281
f 3472/3432/3503 3480/3440/3280 3457/3417/3282
s 310
f 3483/3443/3283 3485/3445/3285 3481/3441/3279
f 3437/3397/3260 3439/3399/3259 3485/3445/3285
s 322
f 3440/3400/3287 3436/3396/3508 3482/3442/3509
f 3482/3442/3509 3478/3438/3510 3474/3434/3288
f 3474/3434/3288 3470/3430/3511 3466/3426/3512
f 3466/3426/3512 3463/3423/3513 3474/3434/3288
f 3463/3423/3513 3459/3419/3514 3474/3434/3288
f 3459/3419/3514 3454/3414/3515 3449/3409/3286
f 3449/3409/3286 3445/3405/3516 3440/3400/3287
f 3440/3400/3287 3482/3442/3509 3474/3434/3288
f 3459/3419/3514 3449/3409/3286 3474/3434/3288
s 323
f 3487/3447/3289 3491/3451/3293 3493/3453/3290
f 3495/3455/3292 3497/3457/3295 3493/3453/3290
f 3499/3459/3294 3501/3461/3297 3497/3457/3295
f 3499/3459/3294 3503/3463/3298 3504/3464/3296
f 3503/3463/3298 3506/3466/3301 3508/3468/3299
f 3510/3470/3300 3513/3473/3517 3508/3468/3299
f 3511/3471/3302 3516/3476/3305 3518/3478/3303
f 3516/3476/3305 3520/3480/3308 3522/3482/3306
f 3524/3484/3307 3526/3486/3310 3522/3482/3306
f 3529/3489/3309 3530/3490/3315 3526/3486/3310
s 333
f 3488/3448/3518 3492/3452/3519 3496/3456/3311
f 3496/3456/3311 3500/3460/3520 3505/3465/3312
f 3505/3465/3312 3509/3469/3521 3523/3483/3313
f 3509/3469/3521 3515/3475/3522 3523/3483/3313
f 3515/3475/3522 3519/3479/3523 3523/3483/3313
f 3523/3483/3313 3527/3487/3524 3531/3491/3525
f 3531/3491/3525 3534/3494/3526 3523/3483/3313
f 3534/3494/3526 3488/3448/3518 3523/3483/3313
f 3488/3448/3518 3496/3456/3311 3523/3483/3313
s 323
f 3529/3489/3309 3533/3493/3316 3535/3495/3314
f 3533/3493/3316 3487/3447/3289 3489/3449/3291
s 335
f 3490/3450/3319 3486/3446/3527 3525/3485/3528
f 3486/3446/3527 3532/3492/3529 3525/3485/3528
f 3532/3492/3529 3528/3488/3530 3525/3485/3528
f 3525/3485/3528 3521/3481/3531 3517/3477/3317
f 3517/3477/3317 3512/3472/3532 3507/3467/3318
f 3507/3467/3318 3502/3462/3533 3490/3450/3319
f 3502/3462/3533 3498/3458/3534 3490/3450/3319
f 3498/3458/3534 3494/3454/3535 3490/3450/3319
f 3525/3485/3528 3517/3477/3317 3490/3450/3319
g default
v -455.936302 -77.722961 150.057760
v -455.936302 -77.722961 150.057760
v -455.936302 -77.722961 150.057760
v -454.068041 -58.750732 150.057760
v -454.068041 -58.750732 150.057760
v -454.068041 -58.750732 150.057760
v -452.989401 -52.599130 47.302701
v -452.989401 -52.599130 47.302701
v -452.989401 -52.599130 47.302701
v -452.355350 -83.615231 133.307143
v -452.355350 -83.615231 133.307143
v -451.446532 -84.206452 116.556518
v -451.446532 -84.206452 116.556518
v -450.342919 -82.362058 99.805894
v -450.342919 -82.362058 99.805894
v -450.347885 -79.694468 83.055276
v -450.347885 -79.694468 83.055276
v -451.193352 -76.539093 66.304645
v -451.193352 -76.539093 66.304645
v -448.906605 -53.317541 66.304645
v -447.845150 -54.279449 83.055276
v -447.885673 -57.409441 99.805894
v -448.790399 -57.233620 116.556518
v -449.750350 -57.161372 133.307143
v -453.765731 -73.076252 54.539024
v -453.765731 -73.076252 54.539024
v -453.765731 -73.076252 54.539024
v -450.562349 -52.171797 54.947952
v -478.192894 -50.117213 46.976279
v -478.192894 -50.117213 46.976279
v -480.671982 -75.292134 150.057760
v -480.671982 -75.292134 150.057760
v -478.800221 -56.284815 150.057760
v -478.800221 -56.284815 150.057760
v -480.510457 -73.652080 66.304645
v -480.810085 -76.694699 83.055276
v -481.070207 -79.336179 99.805894
v -481.260684 -81.270501 116.556518
v -481.211753 -80.773601 133.307143
v -480.197452 -70.473389 54.539024
v -480.197452 -70.473389 54.539024
v -452.445623 -57.059693 150.057760
v -452.445623 -57.059693 150.057760
v -454.675086 -79.699448 150.057760
v -454.675086 -79.699448 150.057760
v -454.675086 -79.699448 150.057760
v -480.852639 -77.126921 150.057760
v -480.852639 -77.126921 150.057760
v -478.619564 -54.450025 150.057760
v -478.800221 -56.284815 112.608460
v -478.800221 -56.284815 112.608460
v -480.671982 -75.292134 112.608460
v -480.671982 -75.292134 112.608460
v -454.068041 -58.750732 112.608460
v -454.068041 -58.750732 112.608460
v -454.068041 -58.750732 112.608460
v -455.936302 -77.722961 112.608460
v -455.936302 -77.722961 112.608460
v -455.936302 -77.722961 112.608460
v -478.070875 -48.878357 46.976279
v -451.893830 -51.456147 47.302701
v -451.893830 -51.456147 47.302701
v -452.747113 -74.358018 54.947952
v -452.747113 -74.358018 54.947952
v -452.747113 -74.358018 54.947952
v -480.312698 -71.643493 54.947959
v -480.312698 -71.643493 54.947959
v -480.598048 -74.541406 90.777910
v -480.598048 -74.541406 90.777910
v -478.568262 -53.929369 86.538378
v -478.568262 -53.929369 86.538378
v -453.367929 -56.443233 86.549553
v -453.367929 -56.443233 86.549553
v -453.367929 -56.443233 86.549553
v -453.863595 -77.166152 90.775165
v -453.863595 -77.166152 90.775165
v -453.863595 -77.166152 90.775165
v -505.406646 -72.851361 150.057760
v -505.406646 -72.851361 150.057760
v -505.406646 -72.851361 150.057760
v -503.538384 -53.879136 150.057760
v -503.538384 -53.879136 150.057760
v -503.538384 -53.879136 150.057760
v -503.396387 -47.635296 47.302701
v -503.396387 -47.635296 47.302701
v -503.396387 -47.635296 47.302701
v -510.068127 -77.931957 133.307143
v -510.068127 -77.931957 133.307143
v -511.074865 -78.334549 116.556518
v -511.074865 -78.334549 116.556518
v -511.797551 -76.310308 99.805894
v -511.797551 -76.310308 99.805894
v -511.272284 -73.694930 83.055276
v -511.272284 -73.694930 83.055276
v -509.827646 -70.765074 66.304645
v -509.827646 -70.765074 66.304645
v -507.540898 -47.543522 66.304645
v -508.769549 -48.279908 83.055276
v -509.340305 -51.357692 99.805894
v -508.418732 -51.361720 116.556518
v -507.463070 -51.478098 133.307143
v -506.629202 -67.870526 54.539024
v -506.629202 -67.870526 54.539024
v -506.629202 -67.870526 54.539024
v -505.693463 -46.742754 54.947952
v -504.799770 -51.904112 150.057760
v -504.799770 -51.904112 150.057760
v -507.029233 -74.543868 150.057760
v -507.029233 -74.543868 150.057760
v -507.029233 -74.543868 150.057760
v -503.538384 -53.879136 112.608460
v -503.538384 -53.879136 112.608460
v -503.538384 -53.879136 112.608460
v -505.406646 -72.851361 112.608460
v -505.406646 -72.851361 112.608460
v -505.406646 -72.851361 112.608460
v -504.247921 -46.300567 47.302701
v -504.247921 -46.300567 47.302701
v -507.878227 -68.928975 54.947952
v -507.878227 -68.928975 54.947952
v -507.878227 -68.928975 54.947952
v -503.774915 -51.479400 86.549553
v -503.774915 -51.479400 86.549553
v -503.774915 -51.479400 86.549553
v -507.331006 -71.900941 90.775165
v -507.331006 -71.900941 90.775165
v -507.331006 -71.900941 90.775165
vt 0.972771 0.303657
vt 0.556164 0.110130
vt 0.605847 0.587472
vt 0.992010 0.303657
vt 0.553166 0.132091
vt 0.586608 0.587472
vt 0.784699 0.218943
vt 0.613194 0.191518
vt 0.294846 0.600043
vt 0.494997 0.701000
vt 0.542928 0.314654
vt 0.495968 0.717912
vt 0.544349 0.297774
vt 0.496895 0.734930
vt 0.543308 0.280763
vt 0.496626 0.752046
vt 0.541550 0.263736
vt 0.495464 0.769229
vt 0.539388 0.246649
vt 0.515874 0.245372
vt 0.515815 0.262339
vt 0.518041 0.279391
vt 0.517037 0.296291
vt 0.516141 0.313200
vt 0.804566 0.209653
vt 0.932735 0.191526
vt 0.316563 0.601858
vt 0.515518 0.233738
vt 0.294728 0.574707
vt 0.587636 0.191846
vt 0.581247 0.110130
vt 0.605852 0.612555
vt 0.528083 0.132091
vt 0.586577 0.612555
vt 0.465735 0.769229
vt 0.465735 0.752046
vt 0.465735 0.734930
vt 0.465735 0.717912
vt 0.465735 0.701000
vt 0.316946 0.574867
vt 0.932735 0.164723
vt 0.584749 0.586010
vt 0.515377 0.330305
vt 0.607707 0.586010
vt 0.492280 0.683695
vt 0.538301 0.331550
vt 0.465735 0.683696
vt 0.607712 0.612555
vt 0.584716 0.612555
vt 0.528083 0.169884
vt 0.631176 0.280575
vt 0.581247 0.147923
vt 0.650450 0.280575
vt 0.992010 0.265864
vt 0.553166 0.169884
vt 0.631206 0.255492
vt 0.972771 0.265864
vt 0.556164 0.147923
vt 0.650445 0.255492
vt 0.293468 0.574698
vt 0.293606 0.601069
vt 0.515356 0.225875
vt 0.493688 0.780870
vt 0.317806 0.603037
vt 0.537983 0.234958
vt 0.465735 0.780870
vt 0.318211 0.574876
vt 0.337189 0.450143
vt 0.895931 0.164723
vt 0.587636 0.151733
vt 0.315853 0.450141
vt 0.784699 0.179144
vt 0.613194 0.151719
vt 0.315885 0.475699
vt 0.805101 0.172856
vt 0.895935 0.191832
vt 0.337178 0.477253
vt 0.605847 0.637638
vt 0.606330 0.110130
vt 0.972491 0.084167
vt 0.586608 0.637638
vt 0.503000 0.132091
vt 0.991731 0.084167
vt 0.295210 0.549376
vt 0.562077 0.191518
vt 0.076963 0.131249
vt 0.938812 0.418482
vt 0.436473 0.701000
vt 0.937392 0.401602
vt 0.435501 0.717912
vt 0.938433 0.384590
vt 0.434575 0.734930
vt 0.940192 0.367563
vt 0.434844 0.752046
vt 0.942355 0.350477
vt 0.436005 0.769229
vt 0.965868 0.349201
vt 0.965927 0.366167
vt 0.963700 0.383219
vt 0.964704 0.400120
vt 0.965599 0.417028
vt 0.316951 0.547873
vt 0.932735 0.137919
vt 0.096830 0.140538
vt 0.966225 0.337567
vt 0.966362 0.434134
vt 0.584749 0.639100
vt 0.943438 0.435378
vt 0.439190 0.683695
vt 0.607707 0.639100
vt 0.631206 0.305659
vt 0.503000 0.169884
vt 0.991731 0.121960
vt 0.650445 0.305659
vt 0.606330 0.147923
vt 0.972491 0.121960
vt 0.966387 0.329704
vt 0.293985 0.548333
vt 0.943760 0.338786
vt 0.318211 0.546712
vt 0.437782 0.780870
vt 0.315890 0.424583
vt 0.562077 0.151719
vt 0.076963 0.171048
vt 0.337183 0.423033
vt 0.895935 0.137613
vt 0.097366 0.177336
vn -0.999465 0.032401 -0.004415
vn -0.999614 0.027699 -0.001970
vn -0.999343 0.035719 -0.006140
vn 0.989579 -0.097449 0.106010
vn 0.982576 -0.096759 0.158690
vn 0.989794 -0.097470 0.103963
vn -0.097286 -0.987923 0.120599
vn -0.095671 -0.972158 0.213906
vn -0.095737 -0.972196 0.213704
vn -0.096489 -0.979833 -0.174978
vn -0.096440 -0.979338 -0.177757
vn -0.096489 -0.979833 -0.174977
vn -0.096438 -0.979313 -0.177890
vn -0.096610 -0.981056 -0.167918
vn -0.096613 -0.981089 -0.167720
vn -0.097089 -0.985923 -0.136120
vn -0.097895 -0.994114 -0.046415
vn -0.097907 -0.994229 -0.043861
vn -0.097340 -0.988470 0.115979
vn 0.982996 -0.096801 -0.156041
vn 0.989779 -0.097469 -0.104108
vn 0.990456 -0.097535 -0.097384
vn 0.994240 -0.097908 -0.043612
vn 0.994407 -0.097924 -0.039562
vn 0.995037 -0.097986 0.017331
vn 0.994913 -0.097974 0.023437
vn 0.993622 -0.097847 0.056054
vn 0.993621 -0.097847 0.056066
vn 0.979017 -0.096409 -0.179530
vn 0.981636 -0.096667 -0.164460
vn 0.097271 0.988935 0.112005
vn 0.097385 0.988929 0.111965
vn 0.097106 0.988965 0.111885
vn -0.995186 0.098001 -0.000000
vn -0.995186 0.098001 -0.000000
vn -0.995186 0.098001 -0.000000
vn 0.000000 -0.000000 1.000000
vn 0.000001 -0.000000 1.000000
vn 0.000001 -0.000000 1.000000
vn 0.000000 -0.000000 1.000000
vn -0.000000 -0.000000 1.000000
vn -0.000000 0.000000 1.000000
vn -0.000000 0.000000 1.000000
vn -0.000000 0.000000 1.000000
vn -0.000000 0.000000 1.000000
vn -0.000000 0.000000 1.000000
vn 0.097801 0.995206 -0.000000
vn 0.098001 0.995186 -0.000000
vn 0.098001 0.995186 -0.000000
vn -0.098001 -0.995186 0.000000
vn -0.099213 -0.995066 0.000000
vn -0.099213 -0.995066 0.000000
vn 0.159792 -0.153030 -0.975217
vn -0.000031 -0.000315 -1.000000
vn 0.135158 -0.137927 -0.981177
vn -0.022435 -0.322371 -0.946347
vn -0.026354 -0.322786 -0.946105
vn -0.032193 -0.326918 -0.944504
vn -0.032193 -0.326918 -0.944504
vn -0.019641 -0.199452 -0.979711
vn -0.019589 -0.199422 -0.979718
vn -0.019668 -0.199308 -0.979739
vn -0.097182 -0.990535 -0.096939
vn -0.097535 -0.990457 -0.097373
vn -0.097545 -0.990554 -0.096374
vn 0.985816 -0.167816 -0.001970
vn 0.986587 -0.163176 -0.004415
vn 0.987115 -0.159898 -0.006140
vn -0.982576 0.096759 0.158690
vn -0.989579 0.097449 0.106010
vn -0.989794 0.097470 0.103963
vn -0.095794 -0.972146 0.213906
vn -0.097340 -0.988470 0.115979
vn -0.096489 -0.979833 -0.174978
vn -0.096438 -0.979313 -0.177890
vn -0.096613 -0.981089 -0.167720
vn -0.097895 -0.994114 -0.046415
vn -0.097088 -0.985908 -0.136232
vn -0.982996 0.096801 -0.156041
vn -0.989779 0.097469 -0.104108
vn -0.981636 0.096667 -0.164460
vn -0.990456 0.097535 -0.097384
vn -0.994240 0.097908 -0.043612
vn -0.994407 0.097924 -0.039562
vn -0.995037 0.097986 0.017331
vn -0.994913 0.097974 0.023437
vn -0.993622 0.097847 0.056054
vn -0.993621 0.097847 0.056066
vn -0.979017 0.096409 -0.179530
vn 0.097498 0.988913 0.112005
vn 0.097384 0.988915 0.112088
vn 0.995186 -0.098001 -0.000000
vn 0.995186 -0.098001 -0.000000
vn 0.995186 -0.098001 -0.000000
vn -0.000001 0.000000 1.000000
vn -0.000000 -0.000000 1.000000
vn -0.000001 0.000000 1.000000
vn 0.000000 -0.000000 1.000000
vn 0.000000 -0.000000 1.000000
vn 0.000000 -0.000000 1.000000
vn 0.098201 0.995167 -0.000000
vn -0.096789 -0.995305 0.000000
vn -0.096789 -0.995305 0.000000
vn -0.186572 -0.118921 -0.975217
vn 0.000000 -0.000000 -1.000000
vn -0.040878 -0.320555 -0.946347
vn -0.159466 -0.108914 -0.981177
vn -0.019686 -0.199413 -0.979718
vn -0.019653 -0.199569 -0.979687
vn -0.097897 -0.990464 -0.096939
vn -0.999714 0.023910 0.000000
vn 0.982576 -0.096759 0.158690
vn -0.097087 -0.985908 -0.136232
vn -0.995186 0.098001 -0.000000
vn -0.000000 0.000000 1.000000
vn 0.097801 0.995206 -0.000000
vn -0.098001 -0.995186 0.000000
vn -0.098742 -0.990281 -0.097947
vn 0.985175 -0.171552 0.000000
vn -0.982576 0.096759 0.158690
vn 0.097665 0.988910 0.111885
vn 0.995186 -0.098001 -0.000000
vn -0.000000 -0.000000 1.000000
vn 0.098201 0.995167 -0.000000
vn -0.037115 -0.321727 -0.946105
vn -0.019586 -0.199317 -0.979739
vn -0.096317 -0.990520 -0.097947
s 1
g Piece3 Supermarine_Spitfire_Mk:GLTF_SceneRootNode Supermarine_Spitfire_Mk:root Supermarine_Spitfire_Mk:Sketchfab_model Supermarine_Spitfire_Mk:Meshes Supermarine_Spitfire_Mk:scene Supermarine_Spitfire_Mk:Object_62
usemtl Supermarine_Spitfire_Mk:Object_62SG
f 3560/3520/3536 3607/3567/3537 3542/3502/3538
s 2
f 3559/3519/3539 3581/3541/3540 3546/3506/3541
s 3
f 3574/3534/3542 3580/3540/3543 3582/3542/3544
f 3598/3558/3545 3570/3530/3546 3601/3561/3547
f 3553/3513/3548 3571/3531/3549 3570/3530/3546
f 3551/3511/3550 3572/3532/3551 3571/3531/3549
f 3572/3532/3551 3547/3507/3552 3573/3533/3553
f 3573/3533/3553 3545/3505/3554 3574/3534/3542
s 2
f 3600/3560/3555 3555/3515/3556 3554/3514/3557
f 3554/3514/3557 3556/3516/3558 3552/3512/3559
f 3552/3512/3559 3557/3517/3560 3550/3510/3561
f 3550/3510/3561 3558/3518/3562 3548/3508/3563
f 3558/3518/3562 3546/3506/3541 3548/3508/3563
f 3600/3560/3555 3597/3557/3564 3563/3523/3565
s 9
f 3561/3521/3566 3604/3564/3567 3611/3571/3568
s 10
f 3539/3499/3569 3592/3552/3570 3536/3496/3571
s 11
f 3538/3498/3572 3577/3537/3573 3541/3501/3574
f 3538/3498/3572 3583/3543/3575 3579/3539/3576
f 3541/3501/3574 3584/3544/3577 3569/3529/3578
s 13
f 3591/3551/3579 3588/3548/3580 3594/3554/3581
s 14
f 3537/3497/3582 3587/3547/3583 3566/3526/3584
s 15
f 3568/3528/3585 3590/3550/3586 3540/3500/3587
s 16
f 3544/3504/3588 3595/3555/3589 3596/3556/3590
f 3562/3522/3591 3596/3556/3590 3599/3559/3592
f 3562/3522/3591 3602/3562/3593 3575/3535/3594
s 17
f 3603/3563/3595 3609/3569/3596 3612/3572/3597
s 18
f 3543/3503/3598 3605/3565/3599 3565/3525/3600
s 19
f 3659/3619/3601 3639/3599/3602 3621/3581/3603
s 20
f 3643/3603/3604 3636/3596/3605 3622/3582/3606
s 3
f 3574/3534/3542 3644/3604/3607 3623/3583/3608
f 3570/3530/3546 3656/3616/3609 3601/3561/3547
f 3571/3531/3549 3631/3591/3610 3570/3530/3546
f 3572/3532/3551 3629/3589/3611 3571/3531/3549
f 3572/3532/3551 3625/3585/3612 3627/3587/3613
f 3573/3533/3553 3623/3583/3608 3625/3585/3612
s 20
f 3654/3614/3614 3632/3592/3615 3640/3600/3616
f 3630/3590/3617 3633/3593/3618 3632/3592/3615
f 3628/3588/3619 3634/3594/3620 3633/3593/3618
f 3626/3586/3621 3635/3595/3622 3634/3594/3620
f 3622/3582/3606 3635/3595/3622 3624/3584/3623
f 3654/3614/3614 3640/3600/3616 3652/3612/3624
s 9
f 3638/3598/3625 3604/3564/3567 3576/3536/3626
s 26
f 3651/3611/3627 3618/3578/3628 3615/3575/3629
s 11
f 3642/3602/3630 3613/3573/3631 3616/3576/3632
f 3613/3573/3631 3583/3543/3575 3567/3527/3633
f 3584/3544/3577 3616/3576/3632 3569/3529/3578
s 13
f 3588/3548/3580 3646/3606/3634 3649/3609/3635
s 14
f 3587/3547/3583 3614/3574/3636 3566/3526/3584
s 15
f 3647/3607/3637 3568/3528/3585 3617/3577/3638
s 16
f 3619/3579/3639 3595/3555/3589 3564/3524/3640
f 3637/3597/3641 3653/3613/3642 3619/3579/3639
f 3602/3562/3593 3637/3597/3641 3575/3535/3594
s 17
f 3603/3563/3595 3657/3617/3643 3606/3566/3644
s 18
f 3605/3565/3599 3620/3580/3645 3565/3525/3600
s 1
f 3560/3520/3536 3610/3570/3646 3607/3567/3537
s 2
f 3559/3519/3539 3578/3538/3647 3581/3541/3540
s 3
f 3574/3534/3542 3545/3505/3554 3580/3540/3543
f 3598/3558/3545 3553/3513/3548 3570/3530/3546
f 3553/3513/3548 3551/3511/3550 3571/3531/3549
f 3551/3511/3550 3549/3509/3648 3572/3532/3551
f 3572/3532/3551 3549/3509/3648 3547/3507/3552
f 3573/3533/3553 3547/3507/3552 3545/3505/3554
s 2
f 3600/3560/3555 3563/3523/3565 3555/3515/3556
f 3554/3514/3557 3555/3515/3556 3556/3516/3558
f 3552/3512/3559 3556/3516/3558 3557/3517/3560
f 3550/3510/3561 3557/3517/3560 3558/3518/3562
f 3558/3518/3562 3559/3519/3539 3546/3506/3541
s 9
f 3561/3521/3566 3576/3536/3626 3604/3564/3567
s 10
f 3539/3499/3569 3589/3549/3649 3592/3552/3570
s 11
f 3538/3498/3572 3579/3539/3576 3577/3537/3573
f 3538/3498/3572 3567/3527/3633 3583/3543/3575
f 3541/3501/3574 3577/3537/3573 3584/3544/3577
s 13
f 3591/3551/3579 3586/3546/3650 3588/3548/3580
s 14
f 3537/3497/3582 3593/3553/3651 3587/3547/3583
s 15
f 3568/3528/3585 3585/3545/3652 3590/3550/3586
s 16
f 3544/3504/3588 3564/3524/3640 3595/3555/3589
f 3562/3522/3591 3544/3504/3588 3596/3556/3590
f 3562/3522/3591 3599/3559/3592 3602/3562/3593
s 17
f 3603/3563/3595 3606/3566/3644 3609/3569/3596
s 18
f 3543/3503/3598 3608/3568/3653 3605/3565/3599
s 19
f 3659/3619/3601 3662/3622/3654 3639/3599/3602
s 20
f 3643/3603/3604 3641/3601/3655 3636/3596/3605
s 3
f 3574/3534/3542 3582/3542/3544 3644/3604/3607
f 3570/3530/3546 3631/3591/3610 3656/3616/3609
f 3571/3531/3549 3629/3589/3611 3631/3591/3610
f 3572/3532/3551 3627/3587/3613 3629/3589/3611
f 3572/3532/3551 3573/3533/3553 3625/3585/3612
f 3573/3533/3553 3574/3534/3542 3623/3583/3608
s 20
f 3654/3614/3614 3630/3590/3617 3632/3592/3615
f 3630/3590/3617 3628/3588/3619 3633/3593/3618
f 3628/3588/3619 3626/3586/3621 3634/3594/3620
f 3626/3586/3621 3624/3584/3623 3635/3595/3622
f 3622/3582/3606 3636/3596/3605 3635/3595/3622
s 9
f 3638/3598/3625 3661/3621/3656 3604/3564/3567
s 26
f 3651/3611/3627 3648/3608/3657 3618/3578/3628
s 11
f 3642/3602/3630 3645/3605/3658 3613/3573/3631
f 3613/3573/3631 3645/3605/3658 3583/3543/3575
f 3584/3544/3577 3642/3602/3630 3616/3576/3632
s 13
f 3588/3548/3580 3586/3546/3650 3646/3606/3634
s 14
f 3587/3547/3583 3650/3610/3659 3614/3574/3636
s 15
f 3647/3607/3637 3585/3545/3652 3568/3528/3585
s 16
f 3619/3579/3639 3653/3613/3642 3595/3555/3589
f 3637/3597/3641 3655/3615/3660 3653/3613/3642
f 3602/3562/3593 3655/3615/3660 3637/3597/3641
s 17
f 3603/3563/3595 3660/3620/3661 3657/3617/3643
s 18
f 3605/3565/3599 3658/3618/3662 3620/3580/3645
g default
v -459.883845 -117.562529 207.111428
v -459.883845 -117.562529 207.111428
v -459.867167 -122.600225 212.888079
v -459.867167 -122.600225 212.888079
v -459.995507 -128.960415 217.163540
v -459.995507 -128.960415 217.163540
v -460.235763 -136.209824 219.646550
v -460.235763 -136.209824 219.646550
v -460.570496 -143.854327 220.167866
v -460.570496 -143.854327 220.167866
v -460.570496 -143.854327 220.167866
v -463.172025 -147.805496 162.075361
v -463.172025 -147.805496 162.075361
v -463.172025 -147.805496 162.075361
v -460.304645 -112.714295 192.704814
v -460.304645 -112.714295 192.704814
v -460.304645 -112.714295 192.704814
v -460.038654 -114.190553 200.227284
v -460.038654 -114.190553 200.227284
v -461.958217 -125.761886 166.402463
v -461.958217 -125.761886 166.402463
v -461.512471 -119.988382 171.441655
v -461.512471 -119.988382 171.441655
v -461.060997 -115.715531 177.804327
v -461.060997 -115.715531 177.804327
v -461.060997 -115.715531 177.804327
v -462.408562 -132.642376 163.029979
v -462.408562 -132.642376 163.029979
v -462.836897 -140.160966 161.554017
v -462.836897 -140.160966 161.554017
v -459.514629 -63.354922 167.241072
v -459.514629 -63.354922 167.241072
v -459.514629 -63.354922 167.241072
v -458.418719 -64.023103 182.883054
v -458.418719 -64.023103 182.883054
v -458.418719 -64.023103 182.883054
v -462.246445 -117.453901 207.210095
v -462.246445 -117.453901 207.210095
v -462.229739 -122.491681 212.986760
v -462.229739 -122.491681 212.986760
v -462.358079 -128.851885 217.262221
v -462.358079 -128.851885 217.262221
v -462.598335 -136.101196 219.745217
v -462.598335 -136.101196 219.745217
v -462.933180 -143.745741 220.266547
v -462.933180 -143.745741 220.266547
v -462.933180 -143.745741 220.266547
v -465.534625 -147.696882 162.174029
v -465.534625 -147.696882 162.174029
v -465.534625 -147.696882 162.174029
v -462.666737 -112.606118 192.816716
v -462.666737 -112.606118 192.816716
v -462.666737 -112.606118 192.816716
v -462.401338 -114.081967 200.325952
v -462.401338 -114.081967 200.325952
v -464.320817 -125.653286 166.501130
v -464.320817 -125.653286 166.501130
v -463.875043 -119.879782 171.540336
v -463.875043 -119.879782 171.540336
v -463.423117 -115.607354 177.916187
v -463.423117 -115.607354 177.916187
v -463.423117 -115.607354 177.916187
v -464.771134 -132.533775 163.128660
v -464.771134 -132.533775 163.128660
v -465.199610 -140.052365 161.652684
v -465.199610 -140.052365 161.652684
v -461.875535 -63.247450 167.376058
v -461.875535 -63.247450 167.376058
v -461.875535 -63.247450 167.376058
v -460.779626 -63.915730 183.018025
v -460.779626 -63.915730 183.018025
v -460.779626 -63.915730 183.018025
vt 0.997432 0.320664
vt 0.370544 0.897176
vt 0.997436 0.328391
vt 0.365074 0.902633
vt 0.361207 0.909323
vt 0.997418 0.336118
vt 0.359205 0.916788
vt 0.997404 0.343846
vt 0.359205 0.924519
vt 0.997396 0.351578
vt 0.668409 0.394651
vt 0.981706 0.446655
vt 0.417961 0.924623
vt 0.668409 0.453407
vt 0.997396 0.305202
vt 0.384717 0.891336
vt 0.520855 0.403493
vt 0.997412 0.312935
vt 0.377244 0.893323
vt 0.981738 0.469861
vt 0.412091 0.902717
vt 0.981712 0.477599
vt 0.406623 0.897241
vt 0.981706 0.485339
vt 0.991673 0.409469
vt 0.399924 0.893364
vt 0.981741 0.462123
vt 0.415958 0.909419
vt 0.981716 0.454387
vt 0.417961 0.916891
vt 0.321784 0.659204
vt 0.991673 0.355597
vt 0.406991 0.839959
vt 0.321784 0.675026
vt 0.391261 0.841656
vt 0.520855 0.353383
vt 0.995045 0.320663
vt 0.652004 0.342097
vt 0.995049 0.328390
vt 0.646534 0.336640
vt 0.995032 0.336117
vt 0.642667 0.329951
vt 0.640665 0.322486
vt 0.995018 0.343845
vt 0.640665 0.314754
vt 0.995009 0.351577
vt 0.666022 0.394651
vt 0.979319 0.446657
vt 0.699421 0.314651
vt 0.666022 0.453407
vt 0.995009 0.305215
vt 0.666164 0.347936
vt 0.518468 0.403498
vt 0.995026 0.312934
vt 0.658705 0.345950
vt 0.979352 0.469862
vt 0.693551 0.336557
vt 0.979326 0.477600
vt 0.688083 0.342033
vt 0.979319 0.485351
vt 0.994059 0.409453
vt 0.681371 0.345908
vt 0.979355 0.462124
vt 0.697418 0.329855
vt 0.979329 0.454388
vt 0.699421 0.322382
vt 0.319398 0.659169
vt 0.994059 0.355587
vt 0.688415 0.399311
vt 0.319398 0.674990
vt 0.672685 0.397614
vt 0.518468 0.353394
vn 0.997977 -0.045537 -0.044372
vn 0.996766 -0.044368 -0.066996
vn 0.998071 -0.046167 -0.041519
vn 0.997895 -0.047492 -0.044159
vn 0.998050 -0.046253 -0.041922
vn -0.998055 0.044812 0.043329
vn -0.996767 0.044362 0.066994
vn -0.996461 0.043882 0.071693
vn -0.997950 0.046939 0.043504
vn -0.997632 0.050311 0.046902
vn -0.997806 0.048593 0.044974
vn 0.006557 0.750248 -0.661125
vn 0.012237 0.830165 -0.557384
vn 0.006836 0.749866 -0.661554
vn 0.061277 0.831714 0.551812
vn 0.061606 0.659814 0.748899
vn 0.061606 0.659876 0.748845
vn 0.057726 0.442902 0.894710
vn 0.057720 0.442654 0.894833
vn 0.049904 0.195719 0.979390
vn -0.024830 0.320301 -0.946990
vn -0.009311 0.553858 -0.832559
vn -0.024822 0.320449 -0.946940
vn -0.009287 0.554191 -0.832338
vn 0.056851 0.946603 0.317351
vn 0.061273 0.831892 0.551545
vn -0.038664 0.064871 -0.997144
vn 0.064534 0.194905 0.978697
vn 0.055601 0.194927 0.979241
vn 0.064821 0.194904 0.978678
vn -0.044669 -0.066026 -0.996818
vn -0.038678 0.064582 -0.997163
vn 0.049897 0.195547 0.979424
vn 0.044666 0.066021 0.996818
vn -0.042898 -0.996644 0.069709
vn -0.042898 -0.996645 0.069707
vn -0.042898 -0.996645 0.069707
vn -0.055608 -0.195859 -0.979054
vn -0.064560 -0.195111 -0.978654
vn -0.055341 -0.195881 -0.979065
vn 0.053745 0.980212 0.190514
vn 0.053914 0.980214 0.190454
vn 0.047658 0.998090 0.039300
vn 0.047660 0.998090 0.039302
vn 0.047660 0.998090 0.039302
vn 0.996460 -0.043891 -0.071694
vn 0.998004 -0.047639 -0.041464
vn 0.997657 -0.047113 -0.049607
vn 0.998045 -0.046901 -0.041318
vn 0.998205 -0.044048 -0.040587
vn 0.998264 -0.042928 -0.040325
vn 0.997806 -0.048611 -0.044940
vn 0.997493 -0.052046 -0.047942
vn 0.997358 -0.053293 -0.049356
vn 0.998173 -0.046353 -0.038751
vn -0.998071 0.046167 0.041498
vn -0.998045 0.046902 0.041317
vn -0.997657 0.047117 0.049605
vn -0.998004 0.047640 0.041465
vn -0.998094 0.045710 0.041454
vn -0.998146 0.046521 0.039256
vn -0.997561 0.051155 0.047489
vn -0.998258 0.036854 0.046070
vn -0.998192 0.044258 0.040667
vn 0.011634 0.830297 -0.557200
vn 0.056754 0.946737 0.316967
vn 0.055313 0.194927 0.979257
vn -0.044669 -0.066026 -0.996818
vn 0.044665 0.066021 0.996818
vn -0.042898 -0.996644 0.069709
vn -0.064827 -0.195088 -0.978641
vn 0.047658 0.998090 0.039300
s 1
g Piece3 Supermarine_Spitfire_Mk:GLTF_SceneRootNode Supermarine_Spitfire_Mk:root Supermarine_Spitfire_Mk:Sketchfab_model Supermarine_Spitfire_Mk:Meshes Supermarine_Spitfire_Mk:scene Supermarine_Spitfire_Mk:Object_103
usemtl Supermarine_Spitfire_Mk:Object_103SG
f 3688/3648/3663 3697/3657/3664 3678/3638/3665
f 3667/3627/3666 3671/3631/3667 3678/3638/3665
s 3
f 3724/3684/3668 3733/3693/3669 3731/3691/3670
f 3705/3665/3671 3702/3662/3672 3717/3677/3673
s 5
f 3720/3680/3674 3686/3646/3675 3684/3644/3676
s 6
f 3663/3623/3677 3701/3661/3678 3665/3625/3679
f 3701/3661/3678 3668/3628/3680 3665/3625/3679
f 3703/3663/3681 3670/3630/3682 3668/3628/3680
s 5
f 3725/3685/3683 3682/3642/3684 3689/3649/3685
f 3718/3678/3686 3684/3644/3676 3682/3642/3684
s 6
f 3680/3640/3687 3699/3659/3688 3663/3623/3677
s 5
f 3691/3651/3689 3725/3685/3683 3689/3649/3685
s 10
f 3734/3694/3690 3679/3639/3691 3698/3658/3692
s 5
f 3674/3634/3693 3727/3687/3694 3691/3651/3689
s 6
f 3706/3666/3695 3672/3632/3696 3670/3630/3682
s 13
f 3673/3633/3697 3712/3672/3698 3676/3636/3699
s 14
f 3723/3683/3700 3694/3654/3701 3687/3647/3702
s 6
f 3713/3673/3703 3680/3640/3687 3677/3637/3704
s 16
f 3693/3653/3705 3732/3692/3706 3696/3656/3707
s 1
f 3688/3648/3663 3695/3655/3708 3697/3657/3664
f 3675/3635/3709 3692/3652/3710 3690/3650/3711
f 3690/3650/3711 3683/3643/3712 3671/3631/3667
f 3683/3643/3712 3685/3645/3713 3671/3631/3667
f 3685/3645/3713 3688/3648/3663 3671/3631/3667
f 3688/3648/3663 3678/3638/3665 3671/3631/3667
f 3678/3638/3665 3681/3641/3714 3667/3627/3666
f 3681/3641/3714 3664/3624/3715 3667/3627/3666
f 3664/3624/3715 3666/3626/3716 3667/3627/3666
f 3667/3627/3666 3669/3629/3717 3671/3631/3667
f 3671/3631/3667 3675/3635/3709 3690/3650/3711
s 3
f 3724/3684/3668 3714/3674/3718 3733/3693/3669
f 3726/3686/3719 3728/3688/3720 3711/3671/3721
f 3711/3671/3721 3707/3667/3722 3726/3686/3719
f 3707/3667/3722 3705/3665/3671 3714/3674/3718
f 3724/3684/3668 3707/3667/3722 3714/3674/3718
f 3705/3665/3671 3704/3664/3723 3702/3662/3672
f 3702/3662/3672 3700/3660/3724 3717/3677/3673
f 3717/3677/3673 3714/3674/3718 3705/3665/3671
f 3724/3684/3668 3721/3681/3725 3719/3679/3726
f 3719/3679/3726 3726/3686/3719 3707/3667/3722
f 3707/3667/3722 3724/3684/3668 3719/3679/3726
s 5
f 3720/3680/3674 3722/3682/3727 3686/3646/3675
s 6
f 3663/3623/3677 3699/3659/3688 3701/3661/3678
f 3701/3661/3678 3703/3663/3681 3668/3628/3680
f 3703/3663/3681 3706/3666/3695 3670/3630/3682
s 5
f 3725/3685/3683 3718/3678/3686 3682/3642/3684
f 3718/3678/3686 3720/3680/3674 3684/3644/3676
s 6
f 3680/3640/3687 3716/3676/3728 3699/3659/3688
s 5
f 3691/3651/3689 3727/3687/3694 3725/3685/3683
s 10
f 3734/3694/3690 3715/3675/3729 3679/3639/3691
s 5
f 3674/3634/3693 3710/3670/3730 3727/3687/3694
s 6
f 3706/3666/3695 3708/3668/3731 3672/3632/3696
s 13
f 3673/3633/3697 3709/3669/3732 3712/3672/3698
s 14
f 3723/3683/3700 3730/3690/3733 3694/3654/3701
s 6
f 3713/3673/3703 3716/3676/3728 3680/3640/3687
s 16
f 3693/3653/3705 3729/3689/3734 3732/3692/3706
g default
v -743.021826 -23.657587 153.142468
v -743.021826 -23.657587 146.830279
v -743.266879 -25.366512 153.142468
v -743.221954 -25.053407 146.830279
vn 0.989877 -0.141930 -0.000001
vn 0.989880 -0.141910 -0.000003
vn 0.989880 -0.141906 -0.000003
vn 0.989876 -0.141935 -0.000000
s 1
g Piece3 Supermarine_Spitfire_Mk:GLTF_SceneRootNode Supermarine_Spitfire_Mk:root Supermarine_Spitfire_Mk:Sketchfab_model Supermarine_Spitfire_Mk:Meshes Supermarine_Spitfire_Mk:scene polySurface16
usemtl Supermarine_Spitfire_Mk:Object_81SG
f 3738//3735 3735//3736 3737//3737
f 3738//3735 3736//3738 3735//3736
g default
v -641.035414 -35.703425 150.727282
v -641.035414 -35.703425 144.415093
v -641.430705 -38.460377 150.727282
v -641.382733 -38.125362 144.415093
vn 0.989875 -0.141939 -0.000000
vn 0.989878 -0.141924 -0.000001
vn 0.989879 -0.141917 -0.000001
vn 0.989874 -0.141948 -0.000000
s 1
g Piece3 Supermarine_Spitfire_Mk:GLTF_SceneRootNode Supermarine_Spitfire_Mk:root Supermarine_Spitfire_Mk:Sketchfab_model Supermarine_Spitfire_Mk:Meshes Supermarine_Spitfire_Mk:scene polySurface23
usemtl Supermarine_Spitfire_Mk:Object_81SG
f 3742//3739 3739//3740 3741//3741
f 3742//3739 3740//3742 3739//3740
g default
v -584.752236 -41.652715 169.953347
v -584.752236 -41.652715 156.211726
v -579.553071 -42.398160 169.953347
v -579.553071 -42.398160 156.211726
vn -0.141926 -0.989877 -0.000000
vn -0.141926 -0.989877 -0.000000
vn -0.141926 -0.989877 -0.000000
vn -0.141926 -0.989877 -0.000000
s 1
g Piece3 Supermarine_Spitfire_Mk:GLTF_SceneRootNode Supermarine_Spitfire_Mk:root Supermarine_Spitfire_Mk:Sketchfab_model Supermarine_Spitfire_Mk:Meshes Supermarine_Spitfire_Mk:scene polySurface28
usemtl Supermarine_Spitfire_Mk:Object_81SG
f 3746//3743 3743//3744 3744//3745
f 3746//3743 3745//3746 3743//3744
g default
v -649.798176 -30.994630 36.799398
v -649.798176 -32.316330 61.840653
v -649.798176 -27.460302 61.760243
v -649.623896 -26.440550 75.577674
v -649.856871 -33.119705 75.449702
vn -0.999987 0.005022 0.000341
vn -1.000000 -0.000004 0.000000
vn -0.999999 -0.000028 -0.001610
vn -0.999553 0.028906 0.007666
vn -0.999348 0.034670 0.010049
s 1
g Piece3 Supermarine_Spitfire_Mk:GLTF_SceneRootNode Supermarine_Spitfire_Mk:root Supermarine_Spitfire_Mk:Sketchfab_model Supermarine_Spitfire_Mk:Meshes Supermarine_Spitfire_Mk:scene polySurface29
usemtl Supermarine_Spitfire_Mk:Object_81SG
f 3749//3747 3747//3748 3748//3749
f 3748//3749 3751//3750 3749//3747
f 3751//3750 3750//3751 3749//3747
g default
v -667.923858 -31.128931 79.137356
v -664.444918 -31.513753 78.462783
v -668.853954 -30.841832 74.304592
v -665.374901 -31.198191 73.630019
vn -0.114409 -0.992609 -0.040469
vn -0.112621 -0.992847 -0.039638
vn -0.117902 -0.992133 -0.042091
vn -0.109117 -0.993302 -0.038011
s 1
g Piece3 Supermarine_Spitfire_Mk:GLTF_SceneRootNode Supermarine_Spitfire_Mk:root Supermarine_Spitfire_Mk:Sketchfab_model Supermarine_Spitfire_Mk:Meshes Supermarine_Spitfire_Mk:scene polySurface68
usemtl Supermarine_Spitfire_Mk:Object_104SG
f 3752//3752 3755//3753 3753//3754
f 3752//3752 3754//3755 3755//3753
g default
v -654.686030 -34.570541 173.712882
v -654.686030 -34.570541 162.745490
v -655.084368 -37.348481 162.745490
v -655.163606 -37.901572 173.712882
vn -0.989877 0.141926 0.000000
vn -0.989878 0.141924 0.000000
vn -0.989877 0.141926 0.000000
vn -0.989878 0.141924 0.000000
s 1
g Piece3 Supermarine_Spitfire_Mk:GLTF_SceneRootNode Supermarine_Spitfire_Mk:root Supermarine_Spitfire_Mk:Sketchfab_model Supermarine_Spitfire_Mk:Meshes Supermarine_Spitfire_Mk:scene polySurface5
usemtl Supermarine_Spitfire_Mk:Object_81SG
f 3758//3756 3756//3757 3757//3758
f 3758//3756 3759//3759 3756//3757
g default
v -456.857564 -47.179536 231.068111
v -467.573864 -49.716949 19.839749
v -899.474908 -5.669345 165.081818
v -899.931377 -6.591062 154.578345
v -496.971111 -43.966704 232.156260
v -529.495209 -40.556470 231.240218
v -560.900372 -36.556810 230.601271
v -591.964876 -33.337615 229.750485
v -622.972039 -29.993307 229.125070
v -653.967915 -26.859461 227.999601
v -684.958937 -23.644799 226.028581
v -715.952216 -20.464406 223.062773
v -746.944593 -17.876231 219.696003
v -777.926472 -14.987853 215.411879
v -808.760032 -12.853653 209.245779
v -837.322309 -11.002380 201.702667
v -869.474370 -8.766627 189.843050
v -871.107793 -9.286032 118.268440
v -839.987980 -12.055693 96.183961
v -622.916956 -33.871986 32.370073
v -591.892861 -37.291624 28.413606
v -560.868428 -40.781752 24.988648
v -529.842641 -44.719098 22.298286
v -498.811209 -48.555483 20.477185
v -878.518643 -8.106284 185.715908
v -886.393976 -7.595560 181.793169
v -893.845461 -6.954533 176.730287
v -894.048412 -7.152873 142.636780
v -886.619163 -7.889954 133.022696
v -878.863816 -8.563360 125.176090
v -898.270638 -6.352041 171.488371
v -898.409926 -6.715522 149.610491
v -463.466997 -42.220769 47.399894
v -458.479362 -37.951664 73.834437
v -454.713887 -36.094112 100.528933
v -450.852976 -34.672214 127.649449
v -447.072263 -35.417959 154.619022
v -448.915014 -37.225214 181.338351
v -452.859058 -39.047263 204.474456
v -495.452820 -35.813669 206.103265
v -495.263867 -33.612742 181.301341
v -495.986045 -33.328310 155.038299
v -496.561033 -34.279802 128.191901
v -496.931604 -36.505593 100.938629
v -499.025447 -39.659289 74.090517
v -498.955803 -43.365028 47.453722
v -529.773561 -32.641765 208.496398
v -529.237176 -30.285489 181.837952
v -529.072829 -30.873077 155.562028
v -529.356372 -32.282058 128.951074
v -529.752566 -34.643656 101.938806
v -530.114558 -37.359469 75.425462
v -529.855621 -40.380575 48.548877
v -560.782304 -29.426412 207.260170
v -560.528334 -27.516854 181.797641
v -560.411282 -28.376342 156.061150
v -560.434196 -29.841348 129.984578
v -560.574726 -31.824686 103.613866
v -560.768308 -34.275639 77.391868
v -560.866961 -36.557734 50.739362
v -591.880219 -26.499893 206.566196
v -591.760797 -25.079663 181.951223
v -591.677833 -25.999811 156.724040
v -591.679752 -27.347654 131.304757
v -591.766666 -29.079143 105.677134
v -591.847485 -31.234636 80.009412
v -591.891055 -33.286616 54.565995
v -622.908942 -23.816860 205.142919
v -622.846409 -22.912451 181.620159
v -622.805322 -23.649444 157.348849
v -622.807128 -24.814792 132.781142
v -622.889414 -26.280930 107.942393
v -623.487881 -28.131545 82.740720
v -622.915940 -30.080264 58.248181
v -653.934842 -21.390513 203.994396
v -653.901318 -20.783893 181.336883
v -653.879082 -21.304987 158.052290
v -653.879307 -22.272220 134.453832
v -653.907526 -23.518438 110.540077
v -653.944324 -25.157401 86.466448
v -684.957244 -18.740121 202.421883
v -684.936136 -18.438151 180.937247
v -684.917624 -18.875590 158.794179
v -684.918414 -19.688520 136.294820
v -684.940086 -20.750203 113.313432
v -684.959275 -22.096039 89.855561
v -715.971292 -16.263139 199.826914
v -715.941944 -16.014742 180.201890
v -715.912823 -16.362911 159.543377
v -715.916209 -17.038599 138.403816
v -715.952216 -17.955667 116.706685
v -715.984047 -19.137750 94.429472
v -746.958476 -13.819488 197.553923
v -746.887816 -13.569973 179.493342
v -746.827992 -13.846310 160.394248
v -746.835442 -14.389919 140.841154
v -746.911068 -15.078086 120.832903
v -747.009948 -16.085787 100.331591
v -777.847797 -11.536038 195.159112
v -777.703091 -11.282103 178.721653
v -777.588183 -11.543562 161.284103
v -777.604550 -12.112924 143.502409
v -777.751176 -12.838697 125.448148
v -777.974895 -13.727265 107.134147
v -808.386188 -9.604147 192.224401
v -808.214843 -9.170987 177.587662
v -808.038192 -9.388131 162.027177
v -808.100161 -9.988108 146.232518
v -808.299951 -10.600257 130.308531
v -808.690275 -11.432750 113.845965
v -837.269596 -8.029285 188.197408
v -837.857565 -7.334497 175.737222
v -837.790065 -7.449217 162.564663
v -838.382437 -8.142376 149.271751
v -839.212863 -8.603512 136.496444
v -839.871492 -9.339147 122.951720
v -839.999945 -10.365814 109.607443
v -869.969668 -6.190294 180.811475
v -870.744785 -5.581933 172.288363
v -871.150347 -5.508264 163.272548
v -871.220556 -6.304909 154.271605
v -871.106100 -6.879816 146.053314
v -871.107906 -7.370638 136.714647
v -871.107906 -8.177561 127.568560
v -878.764486 -5.665069 178.202341
v -878.991366 -5.136716 171.073031
v -879.054238 -5.060063 163.448014
v -879.112707 -5.804471 155.837825
v -878.934251 -6.450606 148.928990
v -878.863816 -6.880419 140.954199
v -878.863816 -7.624883 133.143854
v -886.852138 -5.229352 175.657263
v -887.113897 -4.818640 169.859449
v -887.002376 -4.887254 163.733307
v -886.956548 -5.414083 157.678136
v -886.959257 -5.975280 151.852116
v -886.873133 -6.474159 145.709692
v -886.704045 -7.137321 139.430985
v -893.479293 -5.079770 172.023289
v -893.294854 -4.895501 168.028620
v -893.075649 -5.002673 163.672876
v -893.072715 -5.348549 159.048629
v -893.277810 -5.710089 154.408354
v -893.490016 -6.107232 150.003961
v -893.771866 -6.599302 145.827675
v -897.256337 -5.277493 168.789740
v -897.172132 -5.183867 166.382413
v -897.143913 -5.261712 163.816101
v -897.656030 -5.509495 160.350734
v -897.517193 -5.697408 156.539940
v -897.730753 -5.911276 153.881691
v -898.057190 -6.210689 151.570632
v -899.234370 -5.941699 157.523143
v -457.695666 -52.777321 235.025785
v -900.368431 -6.678093 165.876194
v -497.330507 -49.825860 234.773818
v -529.394073 -46.251953 234.175902
v -560.848336 -42.079290 233.728900
v -591.944784 -38.577185 232.883462
v -622.961993 -34.981782 232.059836
v -653.963061 -31.417875 230.636813
v -684.959953 -27.898178 228.624410
v -715.958311 -24.324739 225.751668
v -746.956332 -21.432925 222.088346
v -777.944757 -18.166568 217.288676
v -808.796942 -15.493229 210.675251
v -837.374909 -13.086445 202.766393
v -869.506200 -10.285450 190.594675
v -878.560633 -9.470989 186.330910
v -886.436304 -8.796190 182.227627
v -894.016919 -8.043825 177.151638
v -898.352021 -7.306697 171.579321
v -900.709993 -6.468772 161.383151
v -454.634704 -42.388872 219.318829
v -497.322831 -38.869417 222.454656
v -529.839932 -35.381348 222.256065
v -560.942700 -31.721849 221.680950
v -591.948735 -28.734315 221.108783
v -622.952060 -25.878676 219.962065
v -653.957643 -23.152486 218.896646
v -684.960856 -20.212319 217.203554
v -715.965084 -17.483011 214.431173
v -746.961975 -14.897986 211.559293
v -777.879064 -12.395569 207.644709
v -808.377722 -10.421271 202.312379
v -836.946997 -8.773763 195.950835
v -869.618737 -6.780760 185.954541
v -878.615716 -6.174068 182.473005
v -886.575706 -5.666569 179.142186
v -893.605488 -5.539527 175.026147
v -896.928433 -5.603771 171.775893
v -854.998182 -9.787041 195.476476
v -855.594955 -10.669855 106.530234
v -855.595633 -9.267287 118.576139
v -855.595858 -8.343587 129.865974
v -855.578927 -7.703628 141.323768
v -855.625319 -7.176192 151.785463
v -855.498447 -6.373555 162.935205
v -855.439639 -6.348126 174.038852
v -855.229013 -7.022935 184.453464
v -855.040510 -11.556176 196.371636
v -855.061618 -7.681512 190.702654
v -474.073610 -37.209108 100.658867
v -474.533240 -35.498188 127.919913
v -478.949274 -49.489050 19.839749
v -474.077674 -41.643170 220.663997
v -473.727421 -52.397174 234.919540
v -473.991437 -35.120189 154.846693
v -473.927211 -36.088260 181.328093
v -473.848536 -38.365335 205.518428
v -475.894633 -43.422439 47.163060
v -473.831718 -46.649980 231.470625
v -473.984664 -39.538780 73.830635
v -649.798176 -30.994630 36.799398
v -833.477426 -12.611916 93.136496
v -833.477426 -10.838008 107.052820
v -808.711495 -11.967999 106.431122
v -833.464897 -10.515057 111.227716
v -778.015079 -14.157458 100.480326
v -747.789354 -16.589981 94.620754
v -715.986643 -19.596717 88.520178
v -684.962887 -22.679183 82.511611
v -654.154837 -25.969880 76.549336
v -649.798176 -27.460302 61.760243
v -649.623896 -26.440550 75.577674
vn -0.259197 0.959917 0.106655
vn -0.730848 0.535497 0.423208
vn -0.346579 0.892521 0.288597
vn 0.092377 0.949626 0.299461
vn 0.051226 0.840846 0.538845
vn 0.052509 0.957438 0.283821
vn 0.111557 0.945229 0.306752
vn 0.074445 0.740873 0.667507
vn 0.086911 0.747057 0.659054
vn 0.103009 0.939884 0.325589
vn 0.070856 0.756678 0.649936
vn 0.092823 0.951342 0.293823
vn 0.064924 0.765860 0.639721
vn 0.085340 0.955919 0.280956
vn 0.059792 0.794797 0.603923
vn 0.078432 0.965449 0.248510
vn 0.051839 0.814643 0.577641
vn 0.077414 0.971650 0.223389
vn 0.041026 0.828174 0.558967
vn 0.074443 0.976104 0.204153
vn 0.022941 0.854784 0.518476
vn 0.065146 0.981653 0.179200
vn 0.010115 0.849411 0.527635
vn 0.061449 0.981699 0.180252
vn -0.020121 0.856137 0.516358
vn 0.044711 0.984499 0.169598
vn -0.060238 0.854536 0.515888
vn 0.023275 0.982240 0.186179
vn -0.094422 0.848852 0.520129
vn -0.016760 0.970903 0.238887
vn -0.173715 0.795290 0.580807
vn -0.136982 0.825232 0.547931
vn -0.035523 0.963580 0.265049
vn -0.233230 0.746039 0.623722
vn -0.069845 0.948993 0.307464
vn -0.318612 0.666426 0.674065
vn -0.143395 0.921265 0.361536
vn -0.472577 0.610138 0.635927
vn -0.231836 0.913876 0.333290
vn -0.209815 0.957734 -0.196781
vn -0.066089 0.989028 -0.132124
vn -0.077977 0.985685 -0.149480
vn -0.186155 0.972447 -0.140329
vn -0.021559 0.994866 -0.098875
vn -0.090148 0.991764 -0.090987
vn -0.012479 0.996234 -0.085801
vn -0.072468 0.995190 -0.065917
vn -0.024782 0.996804 -0.075941
vn -0.112358 0.992195 -0.054078
vn -0.034182 0.998097 -0.051322
vn -0.116002 0.993241 -0.004049
vn -0.037988 0.999253 0.007072
vn -0.062709 0.994065 0.088892
vn -0.030599 0.993409 -0.110465
vn -0.036137 0.992473 -0.117013
vn 0.002176 0.996171 -0.087402
vn 0.017182 0.995918 -0.088615
vn 0.012782 0.995719 -0.091545
vn 0.006967 0.998819 -0.048080
vn 0.011165 0.999493 0.029814
vn -0.000389 0.995685 0.092792
vn -0.011361 0.994479 -0.104322
vn -0.017653 0.992920 -0.117467
vn 0.013239 0.997174 -0.073951
vn 0.029902 0.996999 -0.071400
vn 0.037314 0.994900 -0.093708
vn 0.042228 0.998107 -0.044713
vn 0.042209 0.998395 0.037765
vn 0.030665 0.995659 0.087883
vn 0.009048 0.994947 -0.099994
vn -0.000945 0.993069 -0.117526
vn 0.028162 0.997211 -0.069116
vn 0.037576 0.997599 -0.058175
vn 0.045174 0.995881 -0.078621
vn 0.053565 0.997693 -0.041716
vn 0.048013 0.998323 0.032355
vn 0.036042 0.995979 0.082012
vn 0.013821 0.995096 -0.097942
vn 0.003284 0.992983 -0.118212
vn 0.031846 0.997150 -0.068395
vn 0.040638 0.997865 -0.051125
vn 0.047244 0.997042 -0.060621
vn 0.055057 0.997752 -0.038197
vn 0.050867 0.998328 0.027443
vn 0.039969 0.996256 0.076657
vn 0.026554 0.992697 -0.117678
vn 0.014469 0.991998 -0.125420
vn 0.017742 0.994381 -0.104360
vn 0.044285 0.996163 -0.075483
vn 0.056601 0.996726 -0.057747
vn 0.053134 0.996020 -0.071558
vn 0.043321 0.997022 -0.063795
vn 0.059920 0.997145 -0.045951
vn 0.050240 0.997595 -0.047746
vn 0.062213 0.997337 -0.038047
vn 0.054943 0.997433 -0.045932
vn 0.065456 0.997505 -0.026430
vn 0.057886 0.998114 0.020434
vn 0.063309 0.997954 0.008941
vn 0.047104 0.996765 0.065125
vn 0.054230 0.997311 0.049302
vn 0.063268 0.996565 -0.053445
vn 0.060237 0.995974 -0.066389
vn 0.066246 0.996814 -0.044415
vn 0.069129 0.996968 -0.035732
vn 0.071497 0.997163 -0.023552
vn 0.070436 0.997515 0.001380
vn 0.064689 0.997156 0.038668
vn 0.075756 0.995315 -0.060079
vn 0.070602 0.992875 -0.095996
vn 0.075730 0.996211 -0.042774
vn 0.075928 0.996598 -0.032063
vn 0.076649 0.996826 -0.021524
vn 0.076237 0.997090 -0.000312
vn 0.073836 0.996448 0.040494
vn 0.085078 0.994617 -0.059150
vn 0.081527 0.993664 -0.077368
vn 0.085261 0.995216 -0.047707
vn 0.082901 0.995877 -0.036826
vn 0.080433 0.996466 -0.024222
vn 0.078507 0.996911 -0.002043
vn 0.076076 0.996215 0.042060
vn 0.086436 0.994187 -0.064195
vn 0.086932 0.993040 -0.079470
vn 0.083874 0.995125 -0.051886
vn 0.081263 0.995840 -0.041213
vn 0.078866 0.996501 -0.027693
vn 0.077125 0.997017 -0.002845
vn 0.078496 0.995679 0.049609
vn 0.087868 0.993456 -0.072971
vn 0.089181 0.992534 -0.083208
vn 0.083930 0.994690 -0.059565
vn 0.079478 0.995750 -0.046531
vn 0.075483 0.996636 -0.031929
vn 0.073474 0.997297 0.001054
vn 0.078308 0.994916 0.063319
vn 0.079820 0.986629 -0.142101
vn 0.085808 0.989981 -0.112133
vn 0.084697 0.985634 -0.146125
vn 0.086336 0.993167 -0.078525
vn 0.081603 0.990123 -0.114008
vn 0.083543 0.994234 -0.067232
vn 0.087721 0.993152 -0.077158
vn 0.078713 0.995486 -0.053031
vn 0.074428 0.996474 -0.038720
vn 0.071099 0.997464 0.003303
vn 0.077277 0.993935 0.078245
vn 0.089461 0.989241 -0.115751
vn 0.088868 0.984184 -0.153247
vn 0.089359 0.992556 -0.082748
vn 0.083274 0.993660 -0.075528
vn 0.078147 0.995159 -0.059598
vn 0.075591 0.996190 -0.043499
vn 0.076519 0.997026 0.009211
vn 0.084749 0.991875 0.094877
vn 0.098948 0.987183 -0.125215
vn 0.102019 0.981617 -0.161306
vn 0.091240 0.991769 -0.089827
vn 0.083605 0.992894 -0.084682
vn 0.077560 0.994900 -0.064481
vn 0.078431 0.995997 -0.042883
vn 0.084614 0.996239 0.018684
vn 0.092800 0.989949 0.106717
vn 0.097756 0.985409 -0.139328
vn 0.104222 0.980190 -0.168421
vn 0.084193 0.991041 -0.103678
vn 0.072953 0.992741 -0.095619
vn 0.070708 0.995209 -0.067530
vn 0.079377 0.996244 -0.034598
vn 0.093461 0.995121 0.031599
vn 0.101002 0.986862 0.126104
vn 0.058504 0.984785 -0.163631
vn 0.081241 0.978823 -0.187896
vn 0.038195 0.991646 -0.123206
vn 0.041492 0.994615 -0.094973
vn 0.056514 0.996576 -0.060355
vn 0.072063 0.997302 -0.013981
vn 0.097886 0.994090 0.046948
vn 0.109211 0.985365 0.130880
vn -0.010031 0.973754 -0.227380
vn -0.028456 0.982605 -0.183513
vn -0.092725 0.978102 -0.186331
vn -0.038483 0.992075 -0.119609
vn -0.090094 0.990636 -0.102586
vn -0.012592 0.997425 -0.070598
vn -0.051413 0.996998 -0.057900
vn 0.007718 0.999103 -0.041634
vn -0.021563 0.999625 -0.016853
vn 0.045481 0.998800 0.018152
vn 0.011450 0.998807 0.047476
vn 0.035022 0.997141 0.066965
vn 0.077546 0.995073 0.061776
vn 0.041928 0.990323 0.132297
vn -0.392951 0.912715 -0.111986
vn -0.465758 0.884032 -0.039458
vn -0.351379 0.933893 -0.066162
vn -0.461721 0.884824 0.062454
vn -0.111834 0.992694 -0.045294
vn -0.684437 0.707318 0.176766
vn -0.838506 0.137425 0.527278
vn -0.582522 0.367504 0.724989
vn -0.449758 0.321853 0.833144
vn -0.374377 0.392294 0.840207
vn -0.318597 0.426247 0.846646
vn -0.282465 0.438651 0.853112
vn -0.223736 0.448521 0.865315
vn -0.165550 0.472893 0.865428
vn -0.101404 0.508753 0.854919
vn -0.055156 0.558107 0.827934
vn -0.030584 0.568663 0.822002
vn -0.008746 0.519784 0.854253
vn 0.010704 0.501161 0.865288
vn 0.028708 0.507309 0.861286
vn 0.033061 0.511658 0.858553
vn 0.039223 0.490487 0.870566
vn 0.034694 0.455076 0.889777
vn 0.046375 0.414078 0.909059
vn 0.069833 0.793547 0.604489
vn 0.030568 0.560627 0.827504
vn 0.004485 0.978085 0.208159
vn 0.081307 0.986842 0.139757
vn 0.061071 0.997610 -0.032309
vn 0.020214 0.977994 -0.207654
vn 0.031824 0.514725 0.856764
vn 0.025552 0.991650 -0.126404
s 1
g Piece3 Supermarine_Spitfire_Mk:GLTF_SceneRootNode Supermarine_Spitfire_Mk:root Supermarine_Spitfire_Mk:Sketchfab_model Supermarine_Spitfire_Mk:Meshes Supermarine_Spitfire_Mk:scene polySurface1
usemtl Supermarine_Spitfire_Mk:Object_81SG
f 3905//3760 3790//3761 3950//3762
f 3965//3763 3760//3764 3933//3765
f 3934//3766 3765//3767 3764//3768
f 3935//3769 3766//3770 3765//3767
f 3936//3771 3767//3772 3766//3770
f 3937//3773 3768//3774 3767//3772
f 3938//3775 3769//3776 3768//3774
f 3939//3777 3770//3778 3769//3776
f 3940//3779 3771//3780 3770//3778
f 3941//3781 3772//3782 3771//3780
f 3942//3783 3773//3784 3772//3782
f 3943//3785 3774//3786 3773//3784
f 3944//3787 3775//3788 3774//3786
f 3961//3789 3776//3790 3951//3791
f 3946//3792 3784//3793 3776//3790
f 3947//3794 3785//3795 3784//3793
f 3948//3796 3786//3797 3785//3795
f 3950//3762 3786//3797 3949//3798
f 3791//3799 3904//3800 3787//3801
f 3911//3802 3903//3803 3904//3800
f 3910//3804 3902//3805 3903//3803
f 3909//3806 3901//3807 3902//3805
f 3908//3808 3900//3809 3901//3807
f 3900//3809 3906//3810 3899//3811
f 3899//3811 3905//3760 3898//3812
f 3787//3801 3897//3813 3788//3814
f 3904//3800 3896//3815 3897//3813
f 3903//3803 3895//3816 3896//3815
f 3902//3805 3894//3817 3895//3816
f 3901//3807 3893//3818 3894//3817
f 3893//3818 3899//3811 3892//3819
f 3892//3819 3898//3812 3891//3820
f 3788//3814 3890//3821 3789//3822
f 3897//3813 3889//3823 3890//3821
f 3896//3815 3888//3824 3889//3823
f 3895//3816 3887//3825 3888//3824
f 3894//3817 3886//3826 3887//3825
f 3886//3826 3892//3819 3885//3827
f 3885//3827 3891//3820 3884//3828
f 3789//3822 3883//3829 3777//3830
f 3890//3821 3882//3831 3883//3829
f 3889//3823 3881//3832 3882//3831
f 3888//3824 3880//3833 3881//3832
f 3887//3825 3879//3834 3880//3833
f 3879//3834 3885//3827 3878//3835
f 3878//3835 3884//3828 3877//3836
f 3777//3830 3953//3837 3952//3838
f 3883//3829 3954//3839 3953//3837
f 3882//3831 3955//3840 3954//3839
f 3881//3832 3956//3841 3955//3840
f 3880//3833 3957//3842 3956//3841
f 3957//3842 3878//3835 3958//3843
f 3958//3843 3877//3836 3959//3844
f 3975//3845 3778//3846 3876//3847
f 3977//3848 3869//3849 3976//3850
f 3875//3851 3868//3852 3869//3849
f 3874//3853 3867//3854 3868//3852
f 3873//3855 3866//3856 3867//3854
f 3866//3856 3871//3857 3865//3858
f 3865//3858 3870//3859 3864//3860
f 3976//3850 3863//3861 3978//3862
f 3869//3849 3862//3863 3863//3861
f 3868//3852 3861//3864 3862//3863
f 3867//3854 3860//3865 3861//3864
f 3866//3856 3859//3866 3860//3865
f 3859//3866 3864//3860 3858//3867
f 3978//3862 3857//3868 3979//3869
f 3863//3861 3856//3870 3857//3868
f 3862//3863 3855//3871 3856//3870
f 3861//3864 3854//3872 3855//3871
f 3860//3865 3853//3873 3854//3872
f 3853//3873 3858//3867 3852//3874
f 3979//3869 3851//3875 3980//3876
f 3857//3868 3850//3877 3851//3875
f 3856//3870 3849//3878 3850//3877
f 3855//3871 3848//3879 3849//3878
f 3854//3872 3847//3880 3848//3879
f 3847//3880 3852//3874 3846//3881
f 3980//3876 3845//3882 3981//3883
f 3851//3875 3844//3884 3845//3882
f 3850//3877 3843//3885 3844//3884
f 3849//3878 3842//3886 3843//3885
f 3848//3879 3841//3887 3842//3886
f 3841//3887 3846//3881 3840//3888
f 3981//3883 3839//3889 3982//3890
f 3845//3882 3838//3891 3839//3889
f 3844//3884 3837//3892 3838//3891
f 3843//3885 3836//3893 3837//3892
f 3842//3886 3835//3894 3836//3893
f 3835//3894 3840//3888 3834//3895
f 3973//3896 3833//3897 3779//3898
f 3984//3899 3833//3897 3983//3900
f 3839//3889 3831//3901 3832//3902
f 3838//3891 3830//3903 3831//3901
f 3837//3892 3829//3904 3830//3903
f 3836//3893 3828//3905 3829//3904
f 3828//3905 3834//3895 3827//3906
f 3779//3898 3826//3907 3780//3908
f 3833//3897 3825//3909 3826//3907
f 3832//3902 3824//3910 3825//3909
f 3831//3901 3823//3911 3824//3910
f 3830//3903 3822//3912 3823//3911
f 3829//3904 3821//3913 3822//3912
f 3821//3913 3827//3906 3820//3914
f 3780//3908 3819//3915 3781//3916
f 3826//3907 3818//3917 3819//3915
f 3825//3909 3817//3918 3818//3917
f 3824//3910 3816//3919 3817//3918
f 3823//3911 3815//3920 3816//3919
f 3822//3912 3814//3921 3815//3920
f 3814//3921 3820//3914 3813//3922
f 3781//3916 3812//3923 3782//3924
f 3819//3915 3811//3925 3812//3923
f 3818//3917 3810//3926 3811//3925
f 3817//3918 3809//3927 3810//3926
f 3816//3919 3808//3928 3809//3927
f 3815//3920 3807//3929 3808//3928
f 3807//3929 3813//3922 3806//3930
f 3782//3924 3805//3931 3783//3932
f 3812//3923 3804//3933 3805//3931
f 3804//3933 3810//3926 3803//3934
f 3810//3926 3802//3935 3803//3934
f 3809//3927 3801//3936 3802//3935
f 3808//3928 3800//3937 3801//3936
f 3807//3929 3799//3938 3800//3937
f 3761//3939 3970//3940 3792//3941
f 3792//3941 3972//3942 3793//3943
f 3793//3943 3962//3944 3794//3945
f 3794//3945 3963//3946 3795//3947
f 3795//3947 3967//3948 3796//3949
f 3967//3948 3797//3950 3796//3949
f 3968//3951 3798//3952 3797//3950
f 3763//3953 3932//3954 3912//3955
f 3763//3953 3911//3802 3791//3799
f 3911//3802 3912//3955 3910//3804
f 3910//3804 3912//3955 3909//3806
f 3909//3806 3912//3955 3908//3808
f 3908//3808 3762//3956 3907//3957
f 3907//3957 3762//3956 3906//3810
f 3906//3810 3762//3956 3905//3760
f 3912//3955 3762//3956 3908//3808
f 3762//3956 3932//3954 3914//3958
f 3786//3797 3931//3959 3930//3960
f 3785//3795 3930//3960 3929//3961
f 3784//3793 3929//3961 3928//3962
f 3776//3790 3928//3962 3927//3963
f 3951//3791 3927//3963 3960//3964
f 3774//3786 3926//3965 3925//3966
f 3773//3784 3925//3966 3924//3967
f 3772//3782 3924//3967 3923//3968
f 3923//3968 3771//3780 3772//3782
f 3770//3778 3922//3969 3921//3970
f 3769//3776 3921//3970 3920//3971
f 3920//3971 3768//3774 3769//3776
f 3767//3772 3919//3972 3918//3973
f 3918//3973 3766//3770 3767//3772
f 3765//3767 3917//3974 3916//3975
f 3764//3768 3916//3975 3915//3976
f 3971//3977 3913//3978 3760//3764
f 3790//3761 3914//3958 3931//3959
f 3898//3812 3950//3762 3949//3798
f 3891//3820 3949//3798 3948//3796
f 3884//3828 3948//3796 3947//3794
f 3877//3836 3947//3794 3946//3792
f 3959//3844 3946//3792 3961//3789
f 3864//3860 3945//3979 3944//3787
f 3858//3867 3944//3787 3943//3785
f 3852//3874 3943//3785 3942//3783
f 3846//3881 3942//3783 3941//3781
f 3840//3888 3941//3781 3940//3779
f 3834//3895 3940//3779 3939//3777
f 3827//3906 3939//3777 3938//3775
f 3820//3914 3938//3775 3937//3773
f 3813//3922 3937//3773 3936//3771
f 3806//3930 3936//3771 3935//3769
f 3806//3930 3934//3766 3799//3938
f 3969//3980 3933//3765 3798//3952
f 3870//3859 3961//3789 3945//3979
f 3775//3788 3960//3964 3926//3965
f 3871//3857 3959//3844 3870//3859
f 3872//3981 3958//3843 3871//3857
f 3956//3841 3872//3981 3873//3855
f 3955//3840 3873//3855 3874//3853
f 3954//3839 3874//3853 3875//3851
f 3953//3837 3875//3851 3876//3847
f 3952//3838 3876//3847 3778//3846
f 3945//3979 3951//3791 3775//3788
f 3912//3955 3932//3954 3762//3956
f 3964//3982 3805//3931 3970//3940
f 3972//3942 3803//3934 3962//3944
f 3963//3946 3801//3936 3967//3948
f 3800//3937 3969//3980 3968//3951
f 3799//3938 3965//3763 3969//3980
f 3971//3977 3915//3976 3966//3983
f 3965//3763 3764//3768 3971//3977
f 3970//3940 3804//3933 3972//3942
f 3803//3934 3963//3946 3962//3944
f 3967//3948 3800//3937 3968//3951
f 3876//3847 3977//3848 3975//3845
f 3839//3889 3984//3899 3982//3890
f 3905//3760 3762//3956 3790//3761
f 3965//3763 3971//3977 3760//3764
f 3934//3766 3935//3769 3765//3767
f 3935//3769 3936//3771 3766//3770
f 3936//3771 3937//3773 3767//3772
f 3937//3773 3938//3775 3768//3774
f 3938//3775 3939//3777 3769//3776
f 3939//3777 3940//3779 3770//3778
f 3940//3779 3941//3781 3771//3780
f 3941//3781 3942//3783 3772//3782
f 3942//3783 3943//3785 3773//3784
f 3943//3785 3944//3787 3774//3786
f 3944//3787 3945//3979 3775//3788
f 3961//3789 3946//3792 3776//3790
f 3946//3792 3947//3794 3784//3793
f 3947//3794 3948//3796 3785//3795
f 3948//3796 3949//3798 3786//3797
f 3950//3762 3790//3761 3786//3797
f 3791//3799 3911//3802 3904//3800
f 3911//3802 3910//3804 3903//3803
f 3910//3804 3909//3806 3902//3805
f 3909//3806 3908//3808 3901//3807
f 3908//3808 3907//3957 3900//3809
f 3900//3809 3907//3957 3906//3810
f 3899//3811 3906//3810 3905//3760
f 3787//3801 3904//3800 3897//3813
f 3904//3800 3903//3803 3896//3815
f 3903//3803 3902//3805 3895//3816
f 3902//3805 3901//3807 3894//3817
f 3901//3807 3900//3809 3893//3818
f 3893//3818 3900//3809 3899//3811
f 3892//3819 3899//3811 3898//3812
f 3788//3814 3897//3813 3890//3821
f 3897//3813 3896//3815 3889//3823
f 3896//3815 3895//3816 3888//3824
f 3895//3816 3894//3817 3887//3825
f 3894//3817 3893//3818 3886//3826
f 3886//3826 3893//3818 3892//3819
f 3885//3827 3892//3819 3891//3820
f 3789//3822 3890//3821 3883//3829
f 3890//3821 3889//3823 3882//3831
f 3889//3823 3888//3824 3881//3832
f 3888//3824 3887//3825 3880//3833
f 3887//3825 3886//3826 3879//3834
f 3879//3834 3886//3826 3885//3827
f 3878//3835 3885//3827 3884//3828
f 3777//3830 3883//3829 3953//3837
f 3883//3829 3882//3831 3954//3839
f 3882//3831 3881//3832 3955//3840
f 3881//3832 3880//3833 3956//3841
f 3880//3833 3879//3834 3957//3842
f 3957//3842 3879//3834 3878//3835
f 3958//3843 3878//3835 3877//3836
f 3975//3845 3974//3984 3778//3846
f 3977//3848 3875//3851 3869//3849
f 3875//3851 3874//3853 3868//3852
f 3874//3853 3873//3855 3867//3854
f 3873//3855 3872//3981 3866//3856
f 3866//3856 3872//3981 3871//3857
f 3865//3858 3871//3857 3870//3859
f 3976//3850 3869//3849 3863//3861
f 3869//3849 3868//3852 3862//3863
f 3868//3852 3867//3854 3861//3864
f 3867//3854 3866//3856 3860//3865
f 3866//3856 3865//3858 3859//3866
f 3859//3866 3865//3858 3864//3860
f 3978//3862 3863//3861 3857//3868
f 3863//3861 3862//3863 3856//3870
f 3862//3863 3861//3864 3855//3871
f 3861//3864 3860//3865 3854//3872
f 3860//3865 3859//3866 3853//3873
f 3853//3873 3859//3866 3858//3867
f 3979//3869 3857//3868 3851//3875
f 3857//3868 3856//3870 3850//3877
f 3856//3870 3855//3871 3849//3878
f 3855//3871 3854//3872 3848//3879
f 3854//3872 3853//3873 3847//3880
f 3847//3880 3853//3873 3852//3874
f 3980//3876 3851//3875 3845//3882
f 3851//3875 3850//3877 3844//3884
f 3850//3877 3849//3878 3843//3885
f 3849//3878 3848//3879 3842//3886
f 3848//3879 3847//3880 3841//3887
f 3841//3887 3847//3880 3846//3881
f 3981//3883 3845//3882 3839//3889
f 3845//3882 3844//3884 3838//3891
f 3844//3884 3843//3885 3837//3892
f 3843//3885 3842//3886 3836//3893
f 3842//3886 3841//3887 3835//3894
f 3835//3894 3841//3887 3840//3888
f 3973//3896 3983//3900 3833//3897
f 3984//3899 3832//3902 3833//3897
f 3839//3889 3838//3891 3831//3901
f 3838//3891 3837//3892 3830//3903
f 3837//3892 3836//3893 3829//3904
f 3836//3893 3835//3894 3828//3905
f 3828//3905 3835//3894 3834//3895
f 3779//3898 3833//3897 3826//3907
f 3833//3897 3832//3902 3825//3909
f 3832//3902 3831//3901 3824//3910
f 3831//3901 3830//3903 3823//3911
f 3830//3903 3829//3904 3822//3912
f 3829//3904 3828//3905 3821//3913
f 3821//3913 3828//3905 3827//3906
f 3780//3908 3826//3907 3819//3915
f 3826//3907 3825//3909 3818//3917
f 3825//3909 3824//3910 3817//3918
f 3824//3910 3823//3911 3816//3919
f 3823//3911 3822//3912 3815//3920
f 3822//3912 3821//3913 3814//3921
f 3814//3921 3821//3913 3820//3914
f 3781//3916 3819//3915 3812//3923
f 3819//3915 3818//3917 3811//3925
f 3818//3917 3817//3918 3810//3926
f 3817//3918 3816//3919 3809//3927
f 3816//3919 3815//3920 3808//3928
f 3815//3920 3814//3921 3807//3929
f 3807//3929 3814//3921 3813//3922
f 3782//3924 3812//3923 3805//3931
f 3812//3923 3811//3925 3804//3933
f 3804//3933 3811//3925 3810//3926
f 3810//3926 3809//3927 3802//3935
f 3809//3927 3808//3928 3801//3936
f 3808//3928 3807//3929 3800//3937
f 3807//3929 3806//3930 3799//3938
f 3761//3939 3964//3982 3970//3940
f 3792//3941 3970//3940 3972//3942
f 3793//3943 3972//3942 3962//3944
f 3794//3945 3962//3944 3963//3946
f 3795//3947 3963//3946 3967//3948
f 3967//3948 3968//3951 3797//3950
f 3968//3951 3969//3980 3798//3952
f 3763//3953 3912//3955 3911//3802
f 3786//3797 3790//3761 3931//3959
f 3785//3795 3786//3797 3930//3960
f 3784//3793 3785//3795 3929//3961
f 3776//3790 3784//3793 3928//3962
f 3951//3791 3776//3790 3927//3963
f 3774//3786 3775//3788 3926//3965
f 3773//3784 3774//3786 3925//3966
f 3772//3782 3773//3784 3924//3967
f 3923//3968 3922//3969 3771//3780
f 3770//3778 3771//3780 3922//3969
f 3769//3776 3770//3778 3921//3970
f 3920//3971 3919//3972 3768//3774
f 3767//3772 3768//3774 3919//3972
f 3918//3973 3917//3974 3766//3770
f 3765//3767 3766//3770 3917//3974
f 3764//3768 3765//3767 3916//3975
f 3971//3977 3966//3983 3913//3978
f 3790//3761 3762//3956 3914//3958
f 3898//3812 3905//3760 3950//3762
f 3891//3820 3898//3812 3949//3798
f 3884//3828 3891//3820 3948//3796
f 3877//3836 3884//3828 3947//3794
f 3959//3844 3877//3836 3946//3792
f 3864//3860 3870//3859 3945//3979
f 3858//3867 3864//3860 3944//3787
f 3852//3874 3858//3867 3943//3785
f 3846//3881 3852//3874 3942//3783
f 3840//3888 3846//3881 3941//3781
f 3834//3895 3840//3888 3940//3779
f 3827//3906 3834//3895 3939//3777
f 3820//3914 3827//3906 3938//3775
f 3813//3922 3820//3914 3937//3773
f 3806//3930 3813//3922 3936//3771
f 3806//3930 3935//3769 3934//3766
f 3969//3980 3965//3763 3933//3765
f 3870//3859 3959//3844 3961//3789
f 3775//3788 3951//3791 3960//3964
f 3871//3857 3958//3843 3959//3844
f 3872//3981 3957//3842 3958//3843
f 3956//3841 3957//3842 3872//3981
f 3955//3840 3956//3841 3873//3855
f 3954//3839 3955//3840 3874//3853
f 3953//3837 3954//3839 3875//3851
f 3952//3838 3953//3837 3876//3847
f 3945//3979 3961//3789 3951//3791
f 3964//3982 3783//3932 3805//3931
f 3972//3942 3804//3933 3803//3934
f 3963//3946 3802//3935 3801//3936
f 3800//3937 3799//3938 3969//3980
f 3799//3938 3934//3766 3965//3763
f 3971//3977 3764//3768 3915//3976
f 3965//3763 3934//3766 3764//3768
f 3970//3940 3805//3931 3804//3933
f 3803//3934 3802//3935 3963//3946
f 3967//3948 3801//3936 3800//3937
f 3876//3847 3875//3851 3977//3848
f 3839//3889 3832//3902 3984//3899
g default
v -649.798176 -30.967628 36.912047
v -649.798176 -32.314926 62.263633
v -649.798176 -27.458992 62.196860
v -649.798176 -33.117024 75.624236
v -649.798176 -26.727769 71.425798
v -649.798176 -28.166538 75.624236
v -649.798176 -27.064735 73.837781
vn 1.000000 -0.000000 -0.000000
vn 1.000000 -0.000000 -0.000000
vn 1.000000 0.000005 -0.000000
vn 1.000000 -0.000000 -0.000000
vn 1.000000 -0.000000 -0.000000
vn 1.000000 0.000001 -0.000000
vn 1.000000 0.000004 -0.000000
s 1
g Piece3 Supermarine_Spitfire_Mk:GLTF_SceneRootNode Supermarine_Spitfire_Mk:root Supermarine_Spitfire_Mk:Sketchfab_model Supermarine_Spitfire_Mk:Meshes Supermarine_Spitfire_Mk:scene polySurface58
usemtl Supermarine_Spitfire_Mk:Object_104SG
f 3991//3985 3990//3986 3988//3987
f 3985//3988 3987//3989 3986//3990
f 3988//3987 3986//3990 3989//3991
f 3986//3990 3987//3989 3989//3991
f 3989//3991 3991//3985 3988//3987
g default
v -644.195368 -35.250370 161.694674
v -644.195368 -35.250370 150.727282
v -644.682200 -38.646209 161.694674
v -644.597205 -38.053294 150.727282
vn 0.989876 -0.141932 0.000000
vn 0.989879 -0.141915 0.000001
vn 0.989879 -0.141912 0.000001
vn 0.989876 -0.141938 -0.000000
s 1
g Piece3 Supermarine_Spitfire_Mk:GLTF_SceneRootNode Supermarine_Spitfire_Mk:root Supermarine_Spitfire_Mk:Sketchfab_model Supermarine_Spitfire_Mk:Meshes Supermarine_Spitfire_Mk:scene polySurface19
usemtl Supermarine_Spitfire_Mk:Object_81SG
f 3995//3992 3992//3993 3994//3994
f 3995//3992 3993//3995 3992//3993
g default
v -584.752236 -41.652715 169.953347
v -579.553071 -42.398160 169.953347
v -580.275814 -47.439299 169.953347
v -585.485363 -46.766098 169.953347
vn -0.000000 0.000000 -1.000000
vn -0.000000 0.000000 -1.000000
vn -0.000001 0.000000 -1.000000
vn -0.000000 0.000000 -1.000000
s 1
g Piece3 Supermarine_Spitfire_Mk:GLTF_SceneRootNode Supermarine_Spitfire_Mk:root Supermarine_Spitfire_Mk:Sketchfab_model Supermarine_Spitfire_Mk:Meshes Supermarine_Spitfire_Mk:scene polySurface27
usemtl Supermarine_Spitfire_Mk:Object_81SG
f 3998//3996 3996//3997 3997//3998
f 3998//3996 3999//3999 3996//3997
g default
v -662.225106 -33.489616 156.433301
v -657.845983 -34.117487 156.433301
v -658.206508 -36.632052 156.433301
v -662.597257 -36.085353 156.433301
vn 0.000000 -0.000000 1.000000
vn 0.000000 -0.000000 1.000000
vn 0.000000 -0.000000 1.000000
vn 0.000000 -0.000000 1.000000
s 1
g Piece3 Supermarine_Spitfire_Mk:GLTF_SceneRootNode Supermarine_Spitfire_Mk:root Supermarine_Spitfire_Mk:Sketchfab_model Supermarine_Spitfire_Mk:Meshes Supermarine_Spitfire_Mk:scene polySurface8
usemtl Supermarine_Spitfire_Mk:Object_81SG
f 4002//4000 4000//4001 4003//4002
f 4002//4000 4001//4003 4000//4001
g default
v -540.208688 -42.009137 116.373674
v -547.799461 -41.030128 116.779553
v -555.027453 -40.097913 119.152510
v -561.399960 -39.276027 123.330855
v -566.482862 -38.620473 129.029819
v -569.929633 -38.175930 135.861039
v -571.505490 -37.972694 143.358972
v -571.102975 -38.024610 151.012646
v -568.749405 -38.328143 158.300475
v -564.605402 -38.862609 164.725808
v -558.953267 -39.591585 169.850771
v -552.178246 -40.465390 173.326113
v -544.741886 -41.424477 174.914979
v -537.151112 -42.403486 174.509106
v -529.923121 -43.335701 172.136136
v -523.550501 -44.157588 167.957804
v -518.467711 -44.813141 162.258841
v -513.445084 -45.460920 147.929688
v -513.847599 -45.409004 140.276014
v -516.201056 -45.105471 132.988184
v -520.345059 -44.571002 126.562852
v -525.997306 -43.842030 121.437889
v -532.772328 -42.968224 117.962539
v -565.912840 -48.999106 164.725808
v -570.009210 -48.095931 158.300475
v -572.655128 -46.886839 143.358972
v -571.025204 -46.670467 135.861039
v -572.308713 -47.374074 151.012646
v -562.401618 -47.041920 123.330855
v -567.528768 -46.730171 129.029819
v -529.935989 -54.361609 171.227276
v -531.327407 -54.224003 172.136136
v -538.564767 -53.364980 174.509106
v -546.146849 -52.318246 174.914979
v -553.559957 -51.179136 173.326113
v -560.299084 -50.026373 169.850771
v -541.175016 -49.501529 116.373674
v -533.758974 -50.617619 117.962539
v -556.000666 -47.643928 119.152510
v -548.761275 -48.487324 116.779553
v -519.806529 -55.194296 162.258841
v -524.928600 -54.842381 167.957804
v -517.326200 -53.828881 132.988184
v -515.027375 -54.556054 140.276014
v -514.682088 -55.052556 147.929688
v -521.416813 -52.880225 126.562852
v -527.019847 -51.770644 121.437889
vn 0.181860 -0.023455 0.983045
vn -0.077352 0.009977 0.996954
vn 0.181344 -0.023389 0.983142
vn 0.427874 -0.055183 0.902152
vn 0.429907 -0.055445 0.901169
vn 0.645286 -0.083222 0.759395
vn 0.648033 -0.083578 0.757012
vn 0.818507 -0.105566 0.564715
vn 0.820867 -0.105871 0.561222
vn 0.935621 -0.120672 0.331740
vn 0.937131 -0.120864 0.327380
vn 0.988905 -0.127540 0.076165
vn 0.989257 -0.127586 0.071360
vn 0.974754 -0.125715 -0.184527
vn 0.973887 -0.125606 -0.189122
vn 0.894215 -0.115330 -0.432526
vn 0.892413 -0.115100 -0.436292
vn 0.752856 -0.097099 -0.650984
vn 0.750633 -0.096812 -0.653589
vn 0.560329 -0.072267 -0.825111
vn 0.329516 -0.042498 -0.943193
vn 0.557770 -0.071936 -0.826872
vn 0.076544 -0.009872 -0.997017
vn 0.327477 -0.042236 -0.943915
vn -0.181324 0.023386 -0.983145
vn 0.075596 -0.009750 -0.997091
vn -0.349634 0.045093 -0.935801
vn -0.422693 0.054517 -0.904632
vn -0.540683 0.069733 -0.838331
vn -0.737451 0.095112 -0.668670
vn -0.646752 0.083414 -0.758126
vn -0.737452 0.095109 -0.668670
vn -0.976239 0.125908 0.176366
vn -0.990394 0.127733 0.052957
vn -0.975369 0.125796 0.181195
vn -0.897612 0.115767 0.425312
vn -0.895619 0.115510 0.429562
vn -0.757697 0.097721 0.645249
vn -0.754768 0.097345 0.648729
vn -0.565544 0.072939 0.821486
vn -0.562205 0.072509 0.823813
vn -0.333861 0.043060 0.941638
vn -0.331114 0.042706 0.942624
vn -0.078923 0.010179 0.996829
vn -0.181314 0.023385 -0.983147
vn -0.654528 0.084417 -0.751310
vn -0.990394 0.127732 0.052958
s 1
g Piece3 Supermarine_Spitfire_Mk:GLTF_SceneRootNode Supermarine_Spitfire_Mk:root Supermarine_Spitfire_Mk:Sketchfab_model Supermarine_Spitfire_Mk:Meshes Supermarine_Spitfire_Mk:scene polySurface32
usemtl Supermarine_Spitfire_Mk:Object_81SG
f 4043//4004 4004//4005 4005//4006
f 4043//4004 4006//4007 4042//4008
f 4042//4008 4007//4009 4032//4010
f 4032//4010 4008//4011 4033//4012
f 4033//4012 4009//4013 4030//4014
f 4030//4014 4010//4015 4029//4016
f 4029//4016 4011//4017 4031//4018
f 4012//4019 4031//4018 4011//4017
f 4028//4020 4013//4021 4027//4022
f 4014//4023 4027//4022 4013//4021
f 4015//4024 4039//4025 4014//4023
f 4016//4026 4038//4027 4015//4024
f 4017//4028 4037//4029 4016//4026
f 4035//4030 4017//4028 4018//4031
f 4034//4032 4035//4030 4018//4031
f 4044//4033 4019//4034 4020//4035
f 4047//4036 4021//4037 4022//4038
f 4046//4039 4022//4038 4023//4040
f 4049//4041 4023//4040 4024//4042
f 4050//4043 4024//4042 4025//4044
f 4041//4045 4025//4044 4026//4046
f 4040//4047 4026//4046 4004//4005
f 4043//4004 4040//4047 4004//4005
f 4043//4004 4005//4006 4006//4007
f 4042//4008 4006//4007 4007//4009
f 4032//4010 4007//4009 4008//4011
f 4033//4012 4008//4011 4009//4013
f 4030//4014 4009//4013 4010//4015
f 4029//4016 4010//4015 4011//4017
f 4012//4019 4028//4020 4031//4018
f 4028//4020 4012//4019 4013//4021
f 4014//4023 4039//4025 4027//4022
f 4015//4024 4038//4027 4039//4025
f 4016//4026 4037//4029 4038//4027
f 4017//4028 4036//4048 4037//4029
f 4035//4030 4036//4048 4017//4028
f 4018//4031 4019//4034 4034//4032
f 4019//4034 4045//4049 4034//4032
f 4044//4033 4045//4049 4019//4034
f 4047//4036 4048//4050 4021//4037
f 4046//4039 4047//4036 4022//4038
f 4049//4041 4046//4039 4023//4040
f 4050//4043 4049//4041 4024//4042
f 4041//4045 4050//4043 4025//4044
f 4040//4047 4041//4045 4026//4046
g default
v -657.845983 -34.117487 162.745490
v -657.845983 -34.117487 156.433301
v -658.252674 -36.954147 162.745490
v -658.206508 -36.632052 156.433301
vn -0.989877 0.141925 -0.000001
vn -0.989878 0.141923 -0.000002
vn -0.989877 0.141927 0.000000
vn -0.989878 0.141922 -0.000002
s 1
g Piece3 Supermarine_Spitfire_Mk:GLTF_SceneRootNode Supermarine_Spitfire_Mk:root Supermarine_Spitfire_Mk:Sketchfab_model Supermarine_Spitfire_Mk:Meshes Supermarine_Spitfire_Mk:scene polySurface9
usemtl Supermarine_Spitfire_Mk:Object_81SG
f 4054//4051 4051//4052 4052//4053
f 4054//4051 4053//4054 4051//4052
g default
v -808.711495 -11.967999 106.431122
v -833.464897 -10.515057 111.227716
v -778.015079 -14.157458 100.480326
v -747.789354 -16.589981 94.620754
v -715.986643 -19.596717 88.520178
v -684.962887 -22.679183 82.511611
v -654.154837 -25.969880 76.549336
v -649.623896 -26.440550 75.577674
v -808.789267 -15.958647 106.446219
v -833.477426 -13.461838 111.232238
v -778.005823 -19.056035 100.478534
v -747.003062 -22.170953 94.468329
v -715.987208 -25.750656 88.455592
v -684.970337 -29.243390 82.442644
v -654.324150 -32.633232 76.500369
v -649.856871 -33.119705 75.449702
vn -0.190281 -0.000606 -0.981730
vn -0.190316 -0.000024 -0.981723
vn -0.190317 -0.000007 -0.981723
vn -0.190317 -0.000000 -0.981723
vn -0.190317 -0.000000 -0.981723
vn -0.189466 0.000121 -0.981887
vn -0.189225 0.000841 -0.981933
vn -0.189112 0.009810 -0.981907
vn -0.189152 0.010337 -0.981893
vn -0.189044 0.010517 -0.981912
vn -0.189038 0.010631 -0.981912
vn -0.191340 0.011912 -0.981452
vn -0.215186 0.017842 -0.976410
vn -0.193345 0.013308 -0.981041
vn -0.190276 -0.000691 -0.981730
vn -0.226122 0.026544 -0.973737
s 1
g Piece3 Supermarine_Spitfire_Mk:GLTF_SceneRootNode Supermarine_Spitfire_Mk:root Supermarine_Spitfire_Mk:Sketchfab_model Supermarine_Spitfire_Mk:Meshes Supermarine_Spitfire_Mk:scene polySurface31
usemtl Supermarine_Spitfire_Mk:Object_81SG
f 4064//4055 4055//4056 4063//4057
f 4063//4057 4057//4058 4065//4059
f 4065//4059 4058//4060 4066//4061
f 4066//4061 4059//4062 4067//4063
f 4067//4063 4060//4064 4068//4065
f 4061//4066 4068//4065 4060//4064
f 4062//4067 4069//4068 4061//4066
f 4064//4055 4056//4069 4055//4056
f 4063//4057 4055//4056 4057//4058
f 4065//4059 4057//4058 4058//4060
f 4066//4061 4058//4060 4059//4062
f 4067//4063 4059//4062 4060//4064
f 4061//4066 4069//4068 4068//4065
f 4062//4067 4070//4070 4069//4068
g default
v -662.225106 -33.489616 173.712882
v -654.686030 -34.570541 173.712882
v -654.686030 -34.570541 162.745490
v -657.845983 -34.117487 162.745490
v -662.225106 -33.489616 156.433301
v -657.845983 -34.117487 156.433301
vn -0.141926 -0.989877 0.000000
vn -0.141926 -0.989877 0.000000
vn -0.141926 -0.989877 -0.000000
vn -0.141926 -0.989877 0.000000
vn -0.141926 -0.989877 -0.000000
vn -0.141926 -0.989877 -0.000000
s 1
g Piece3 Supermarine_Spitfire_Mk:GLTF_SceneRootNode Supermarine_Spitfire_Mk:root Supermarine_Spitfire_Mk:Sketchfab_model Supermarine_Spitfire_Mk:Meshes Supermarine_Spitfire_Mk:scene polySurface7
usemtl Supermarine_Spitfire_Mk:Object_81SG
f 4072//4071 4074//4072 4073//4073
f 4074//4072 4071//4074 4075//4075
f 4074//4072 4075//4075 4076//4076
f 4074//4072 4072//4071 4071//4074
g default
v -456.900006 -62.600278 226.035099
v -467.573864 -49.716949 19.839749
v -899.212472 -8.179551 165.526830
v -899.931377 -6.591062 154.578345
v -899.931377 -6.591062 154.578345
v -871.107793 -9.286032 118.268440
v -839.987980 -12.055693 96.183961
v -622.916956 -33.871986 32.370073
v -591.892861 -37.291624 28.413606
v -560.868428 -40.781752 24.988648
v -529.842641 -44.719098 22.298286
v -498.811209 -48.555483 20.477185
v -497.170562 -59.947524 226.906245
v -529.407166 -55.873535 226.515752
v -560.822375 -51.716834 227.217739
v -591.895570 -47.454406 225.569600
v -622.924067 -43.486295 224.813446
v -653.944888 -39.304895 223.934004
v -684.964468 -35.412251 222.947838
v -715.983934 -31.144533 220.188282
v -747.003514 -27.613005 217.097296
v -778.017449 -23.768445 213.543110
v -808.888484 -20.111913 207.693514
v -837.452454 -16.658839 200.460499
v -869.681722 -12.698678 189.024673
v -878.700034 -11.588374 185.040389
v -886.591395 -10.643686 181.317666
v -894.128327 -9.576253 176.231730
v -894.048412 -7.152873 142.636780
v -886.619163 -7.889954 133.022696
v -878.863816 -8.563360 125.176090
v -898.219731 -8.675738 170.766955
v -898.409926 -6.715522 149.610491
v -455.206871 -63.939681 206.377581
v -456.151076 -63.816993 181.831405
v -458.781981 -62.714494 154.928810
v -460.133102 -61.775996 127.829034
v -464.372599 -60.393587 100.813076
v -467.530915 -58.887622 74.015800
v -467.485426 -55.089367 47.941458
v -899.377948 -7.410631 157.220989
v -529.850203 -46.471838 48.954333
v -530.144809 -48.357052 75.875271
v -530.134424 -50.147037 102.575946
v -529.895015 -55.031130 182.133771
v -529.768143 -56.535272 207.976366
v -560.868428 -42.448389 51.074356
v -560.852061 -44.308061 77.731412
v -560.794269 -46.038649 104.053079
v -560.832308 -50.664607 182.213137
v -560.831518 -51.945209 207.320121
v -591.892861 -38.859607 54.731456
v -591.893313 -40.542964 80.273287
v -591.896925 -42.147996 106.026823
v -591.894442 -43.704286 131.594340
v -591.883267 -45.187920 157.028169
v -591.887669 -46.675737 182.630255
v -591.886653 -47.802278 206.691898
v -622.916843 -35.332582 58.324944
v -622.914134 -36.875328 83.056899
v -622.906571 -38.367702 108.224102
v -622.901718 -39.827251 133.106535
v -622.907249 -41.223121 157.783068
v -622.914924 -42.643851 182.528554
v -622.917294 -43.765927 206.245164
v -653.940034 -33.249353 86.202559
v -653.937890 -34.632136 110.790908
v -653.935181 -35.994309 134.844283
v -653.937438 -37.285458 158.736810
v -653.940486 -38.507929 182.559848
v -653.941389 -39.707279 206.420897
v -684.964355 -29.663541 89.477004
v -684.959840 -30.993646 113.449786
v -684.951713 -32.263003 136.794323
v -684.957356 -33.474628 159.710391
v -684.964468 -34.544171 182.562543
v -684.964806 -35.785238 206.278392
v -715.986756 -26.089124 93.936459
v -715.971179 -27.366213 116.745747
v -715.952216 -28.556319 138.909372
v -715.961585 -29.649530 160.572874
v -715.983483 -30.558109 182.216001
v -715.988111 -31.475276 204.170439
v -747.000014 -22.409939 99.700341
v -746.938610 -23.265376 120.834907
v -746.974617 -26.407786 181.440461
v -747.009045 -27.716373 202.081605
v -777.994648 -19.378662 106.466706
v -777.831995 -20.418702 125.325975
v -777.728713 -21.351118 143.640202
v -777.807388 -22.209075 161.954387
v -777.944757 -22.975972 180.376805
v -778.018804 -23.776299 199.174930
v -808.705062 -16.305164 113.351217
v -808.227146 -17.149552 129.809056
v -807.980287 -17.949032 146.073406
v -808.090792 -18.679066 162.226699
v -808.508094 -19.339879 178.410893
v -808.856202 -19.975608 194.445328
v -839.998590 -12.654650 109.368012
v -839.957616 -13.255635 122.642977
v -839.652626 -13.883566 135.942916
v -839.093215 -14.542361 149.253310
v -838.702326 -15.185265 162.599118
v -838.690136 -15.774561 175.908073
v -837.644004 -16.438770 189.090903
v -871.107793 -9.731256 127.269467
v -871.107793 -10.176476 136.270481
v -871.107228 -10.621756 145.271368
v -871.090184 -11.068793 154.270378
v -871.032618 -11.520532 163.272323
v -870.599740 -12.015851 172.315241
v -869.915036 -12.517280 181.346661
v -878.863816 -8.975084 132.829679
v -878.863816 -9.386932 140.485300
v -878.911337 -9.792261 148.144448
v -878.953891 -10.197869 155.796767
v -878.921496 -10.613869 163.445460
v -878.873298 -11.031195 171.095987
v -878.754553 -11.432711 178.634753
v -886.695580 -8.252070 139.114171
v -886.881034 -8.590510 145.244306
v -886.986460 -8.937867 151.330772
v -886.966030 -9.310804 157.484356
v -887.034658 -9.680853 163.734690
v -887.093128 -10.046658 169.945925
v -886.835320 -10.436802 176.041083
v -893.823112 -7.564237 145.567497
v -893.571963 -7.911281 149.599654
v -893.364837 -8.236246 153.899341
v -893.145971 -8.584245 158.498911
v -893.276229 -8.929680 163.547824
v -893.606503 -9.214934 168.187746
v -893.891289 -9.472005 172.525726
v -499.636556 -50.543632 48.021818
v -498.966300 -52.812680 74.595910
v -498.656344 -54.615519 101.520983
v -499.082675 -56.138070 128.461900
v -497.563369 -59.414257 182.029897
v -497.078342 -60.663833 207.516271
v -898.152231 -7.219335 151.320556
v -897.840243 -7.502068 153.487825
v -897.586724 -7.730761 155.884810
v -897.373728 -7.992350 158.832896
v -897.410299 -8.393182 163.635147
v -897.662464 -8.597025 166.582034
v -897.938557 -8.719717 168.925741
v -457.695666 -52.777321 235.025785
v -458.628865 -58.159052 233.272163
v -900.368431 -6.678093 165.876194
v -899.970093 -7.772807 165.783509
v -497.618678 -55.505529 233.603269
v -497.330507 -49.825860 234.773818
v -529.385043 -51.775229 233.296544
v -529.394073 -46.251953 234.175902
v -560.827793 -47.577300 233.371733
v -560.848336 -42.079290 233.728900
v -591.918371 -43.737965 232.350096
v -591.944784 -38.577185 232.883462
v -622.941788 -39.939785 231.441193
v -622.961993 -34.981782 232.059836
v -653.953467 -35.964957 229.989133
v -653.963061 -31.417875 230.636813
v -684.962210 -32.159140 228.130367
v -684.959953 -27.898178 228.624410
v -715.971856 -28.212438 225.308349
v -715.958311 -24.324739 225.751668
v -746.981164 -24.962759 221.711229
v -746.956332 -21.432925 222.088346
v -777.982006 -21.309303 217.077035
v -777.944757 -18.166568 217.288676
v -808.851913 -18.067234 210.523842
v -808.796942 -15.493229 210.675251
v -837.443424 -15.067003 202.650399
v -837.374909 -13.086445 202.766393
v -869.588374 -11.634554 190.516918
v -869.506200 -10.285450 190.594675
v -878.630954 -10.654878 186.269097
v -878.560633 -9.470989 186.330910
v -886.510012 -9.820466 182.189715
v -886.436304 -8.796190 182.227627
v -894.124264 -8.928787 177.099631
v -894.016919 -8.043825 177.151638
v -898.528558 -8.114457 171.507503
v -898.352021 -7.306697 171.579321
v -900.709993 -6.468772 161.383151
v -900.727150 -7.117627 160.431398
v -855.594955 -10.669855 106.530234
v -855.159594 -14.493881 194.493653
v -855.233979 -14.309869 185.076904
v -855.378912 -13.811671 174.090747
v -855.426094 -13.288810 162.936052
v -855.519216 -12.758167 151.774006
v -855.584232 -12.231144 140.620101
v -855.595971 -11.709951 129.463981
v -855.595633 -11.189947 118.306380
v -855.040510 -11.556176 196.371636
v -855.108574 -13.188478 196.285766
v -474.765990 -60.302257 128.051258
v -473.720761 -57.923699 233.400319
v -474.383003 -59.305882 100.996555
v -473.805192 -58.048617 74.023843
v -478.949274 -49.489050 19.839749
v -473.720761 -63.369095 206.908012
v -477.966917 -53.614756 47.505927
v -473.727421 -52.397174 234.919540
v -473.753269 -62.819821 181.962003
v -473.762525 -61.631156 155.085114
v -473.720761 -62.324791 226.398968
v -655.084368 -37.348481 162.745490
v -655.163606 -37.901572 173.712882
v -662.722775 -36.960750 173.712882
v -658.252674 -36.954147 162.745490
v -658.206508 -36.632052 156.433301
v -662.597257 -36.085353 156.433301
v -738.961915 -26.512286 164.109846
v -746.506974 -25.473093 164.109846
v -738.842718 -25.680008 146.830279
v -743.266879 -25.366512 153.142468
v -743.221954 -25.053407 146.830279
v -746.426832 -24.914369 153.142468
v -637.127547 -39.618213 161.694674
v -644.682200 -38.646209 161.694674
v -641.515813 -39.053616 161.694674
v -636.993451 -38.682139 144.415093
v -637.042439 -39.024526 150.727282
v -641.430705 -38.460377 150.727282
v -644.597205 -38.053294 150.727282
v -641.382733 -38.125362 144.415093
v -580.275814 -47.439299 169.953347
v -585.485363 -46.766098 169.953347
v -580.163954 -46.659077 156.211726
v -585.373277 -45.983996 156.211726
v -649.798176 -30.994630 36.799398
v -649.798176 -32.316330 61.840653
v -833.477426 -12.611916 93.136496
v -833.477426 -13.250803 106.828197
v -808.789267 -15.958647 106.446219
v -833.477426 -13.461838 111.232238
v -778.005823 -19.056035 100.478534
v -747.003062 -22.170953 94.468329
v -715.987208 -25.750656 88.455592
v -684.970337 -29.243390 82.442644
v -654.324150 -32.633232 76.500369
v -649.856871 -33.119705 75.449702
v -565.912840 -48.999106 164.725808
v -570.009210 -48.095931 158.300475
v -572.655128 -46.886839 143.358972
v -571.025204 -46.670467 135.861039
v -572.308713 -47.374074 151.012646
v -562.401618 -47.041920 123.330855
v -567.528768 -46.730171 129.029819
v -529.935989 -54.361609 171.227276
v -531.327407 -54.224003 172.136136
v -538.564767 -53.364980 174.509106
v -546.146849 -52.318242 174.914979
v -553.559957 -51.179136 173.326113
v -560.299084 -50.026373 169.850771
v -541.175016 -49.501529 116.373674
v -533.758974 -50.617619 117.962539
v -556.000666 -47.643928 119.152510
v -548.761275 -48.487324 116.779553
v -519.806529 -55.194296 162.258841
v -497.556258 -58.719994 170.217307
v -524.928600 -54.842381 167.957804
v -497.620371 -57.762686 154.032619
v -517.326200 -53.828878 132.988184
v -515.027375 -54.556054 140.276014
v -514.682088 -55.052556 147.929688
v -521.416813 -52.880225 126.562852
v -527.019847 -51.770644 121.437889
v -459.022406 -63.301969 172.787513
v -464.871057 -62.637957 165.732207
v -462.157640 -62.888527 167.308135
v -460.103868 -63.121700 169.785614
v -459.130993 -63.508108 178.684997
v -473.540725 -62.692801 178.814762
v -473.759929 -61.962890 162.585982
v -746.426832 -24.308017 141.163527
vn -0.787503 -0.606307 0.110590
vn -0.407768 -0.909133 0.084863
vn -0.854632 -0.308535 0.417625
vn -0.316433 -0.940014 -0.127455
vn -0.547702 -0.824511 -0.142139
vn -0.364818 -0.910991 -0.192364
vn -0.135624 -0.983149 -0.122570
vn -0.044006 -0.986845 -0.155565
vn -0.130642 -0.977585 -0.165106
vn -0.136521 -0.987667 -0.076655
vn -0.131156 -0.989054 -0.067607
vn -0.111734 -0.989474 -0.091963
vn -0.135125 -0.988437 -0.068802
vn -0.125649 -0.990027 -0.063706
vn -0.127216 -0.989691 -0.065794
vn -0.118631 -0.991121 -0.060049
vn -0.120944 -0.990708 -0.062212
vn -0.116959 -0.991520 -0.056644
vn -0.119425 -0.991113 -0.058593
vn -0.116757 -0.991689 -0.054043
vn -0.108101 -0.993080 -0.045885
vn -0.112926 -0.992558 -0.045570
vn -0.106548 -0.993227 -0.046347
vn -0.119650 -0.991790 -0.045135
vn -0.123711 -0.991183 -0.047458
vn -0.119176 -0.991890 -0.044176
vn -0.006876 -0.678042 0.734991
vn -0.064672 -0.979198 0.192323
vn -0.017695 -0.983855 0.178092
vn -0.075969 -0.620156 0.780791
vn -0.123867 -0.975529 0.181659
vn -0.112909 -0.975027 0.191245
vn -0.079349 -0.619865 0.780687
vn -0.139102 -0.975011 0.173214
vn -0.093926 -0.560200 0.823015
vn -0.132117 -0.979350 0.153032
vn -0.100847 -0.631675 0.768646
vn -0.132722 -0.979834 0.149369
vn -0.107496 -0.642413 0.758782
vn -0.131439 -0.979281 0.154050
vn -0.116613 -0.638331 0.760878
vn -0.138704 -0.976730 0.163584
vn -0.153658 -0.619404 0.769888
vn -0.134565 -0.595746 0.791820
vn -0.169911 -0.618276 0.767375
vn -0.138137 -0.978797 0.151241
vn -0.203228 -0.542889 0.814843
vn -0.134781 -0.981063 0.139100
vn -0.250351 -0.520146 0.816561
vn -0.141528 -0.980061 0.139463
vn -0.299179 -0.513578 0.804195
vn -0.145617 -0.982167 0.118928
vn -0.383491 -0.490249 0.782682
vn -0.154739 -0.983464 0.094099
vn -0.351111 -0.496357 0.793946
vn -0.124652 -0.990996 -0.048869
vn -0.136267 -0.989323 -0.051690
vn -0.134776 -0.989457 -0.053007
vn -0.146832 -0.987441 -0.058323
vn -0.150903 -0.986722 -0.060058
vn -0.205249 -0.973297 -0.102787
vn -0.429694 -0.451336 0.782087
vn -0.158063 -0.983546 0.087482
vn -0.495538 -0.354354 0.793017
vn -0.166772 -0.981226 0.096868
vn -0.637023 -0.364122 0.679424
vn -0.190446 -0.975644 0.108854
vn -0.192131 -0.977286 -0.089435
vn -0.250843 -0.963215 0.096411
vn -0.125220 -0.990811 -0.051115
vn -0.175530 -0.983255 -0.048971
vn -0.116005 -0.991067 -0.065797
vn -0.145208 -0.986691 -0.073177
vn -0.122600 -0.989836 -0.072063
vn -0.166010 -0.983033 -0.078014
vn -0.132167 -0.988889 -0.068046
vn -0.169428 -0.982896 -0.072182
vn -0.139986 -0.987926 -0.066376
vn -0.188421 -0.978772 -0.080644
vn -0.151723 -0.985974 -0.069534
vn -0.111205 -0.992731 -0.046027
vn -0.110717 -0.992124 -0.058577
vn -0.116744 -0.991273 -0.061228
vn -0.123679 -0.990553 -0.059233
vn -0.129836 -0.989803 -0.058581
vn -0.136818 -0.988860 -0.058633
vn -0.109451 -0.993232 -0.038879
vn -0.110648 -0.992485 -0.052260
vn -0.115656 -0.991791 -0.054546
vn -0.120716 -0.991264 -0.053139
vn -0.125376 -0.990696 -0.052934
vn -0.129815 -0.990126 -0.052903
vn -0.112238 -0.993059 -0.035175
vn -0.111414 -0.992625 -0.047783
vn -0.113999 -0.992240 -0.049636
vn -0.116639 -0.991971 -0.048881
vn -0.119281 -0.991657 -0.048875
vn -0.121956 -0.991331 -0.048879
vn -0.113188 -0.993053 -0.032146
vn -0.111869 -0.992714 -0.044778
vn -0.113469 -0.992452 -0.046526
vn -0.115022 -0.992290 -0.046163
vn -0.116600 -0.992107 -0.046125
vn -0.118253 -0.991912 -0.046109
vn -0.148838 -0.984143 0.096486
vn -0.116808 -0.992749 -0.028382
vn -0.114961 -0.992886 -0.030995
vn -0.114765 -0.992483 -0.042504
vn -0.113000 -0.992680 -0.042627
vn -0.114841 -0.992386 -0.044523
vn -0.113991 -0.992478 -0.044656
vn -0.114277 -0.992368 -0.046323
vn -0.113771 -0.992498 -0.044763
vn -0.113063 -0.992454 -0.047455
vn -0.113737 -0.992490 -0.045020
vn -0.111509 -0.992573 -0.048627
vn -0.110089 -0.992904 -0.044979
vn -0.115880 -0.992253 -0.044792
vn -0.117666 -0.992688 -0.026941
vn -0.110584 -0.992915 -0.043484
vn -0.107638 -0.993184 -0.044713
vn -0.106533 -0.993129 -0.048422
vn -0.105638 -0.993081 -0.051291
vn -0.106800 -0.992960 -0.051223
vn -0.110052 -0.992729 -0.048756
vn -0.122882 -0.991926 -0.031341
vn -0.121457 -0.990902 -0.057980
vn -0.107732 -0.992813 -0.052113
vn -0.100264 -0.993712 -0.049826
vn -0.141460 -0.988678 -0.050044
vn -0.141462 -0.988678 -0.050047
vn -0.116322 -0.992018 -0.048684
vn -0.120060 -0.991720 -0.045583
vn -0.120227 -0.991775 -0.043901
vn -0.109359 -0.992594 -0.052901
vn -0.125539 -0.991927 -0.017896
vn -0.127662 -0.990808 -0.044750
vn -0.137224 -0.989269 -0.050162
vn -0.141779 -0.988659 -0.049519
vn -0.131604 -0.990217 -0.046372
vn -0.130411 -0.990127 -0.051397
vn -0.127916 -0.990377 -0.052837
vn -0.124553 -0.990616 -0.056272
vn -0.118330 -0.991901 -0.046164
vn -0.130856 -0.991188 -0.020567
vn -0.127374 -0.990695 -0.047946
vn -0.123598 -0.991098 -0.049475
vn -0.122341 -0.991061 -0.053213
vn -0.121649 -0.991064 -0.054708
vn -0.121492 -0.991008 -0.056058
vn -0.124317 -0.990368 -0.060961
vn -0.127898 -0.991609 -0.018801
vn -0.129178 -0.990326 -0.050678
vn -0.123352 -0.991058 -0.050873
vn -0.127312 -0.990472 -0.052515
vn -0.123121 -0.990951 -0.053457
vn -0.122992 -0.991017 -0.052513
vn -0.123601 -0.990804 -0.055050
vn -0.122625 -0.990869 -0.056052
vn -0.121639 -0.990943 -0.056878
vn -0.121736 -0.990810 -0.058952
vn -0.129944 -0.991328 -0.019569
vn -0.129559 -0.990236 -0.051445
vn -0.127451 -0.990584 -0.049987
vn -0.129795 -0.990041 -0.054512
vn -0.125556 -0.990506 -0.055972
vn -0.126119 -0.990365 -0.057195
vn -0.124375 -0.990520 -0.058318
vn -0.122384 -0.990642 -0.060420
vn -0.120630 -0.990900 -0.059721
vn -0.120990 -0.990950 -0.058138
vn -0.129462 -0.991402 -0.019030
vn -0.128110 -0.990451 -0.050939
vn -0.127706 -0.990200 -0.056529
vn -0.127651 -0.990161 -0.057331
vn -0.127186 -0.990133 -0.058825
vn -0.126050 -0.990156 -0.060853
vn -0.124011 -0.990249 -0.063477
vn -0.138533 -0.990075 -0.023676
vn -0.134065 -0.989646 -0.051254
vn -0.128097 -0.990099 -0.057406
vn -0.128654 -0.990030 -0.057356
vn -0.128103 -0.990099 -0.057387
vn -0.128281 -0.990078 -0.057355
vn -0.128863 -0.989833 -0.060201
vn -0.130602 -0.989402 -0.063458
vn -0.129684 -0.989314 -0.066629
vn -0.134646 -0.990746 -0.017087
vn -0.137682 -0.988864 -0.056501
vn -0.138687 -0.988617 -0.058336
vn -0.137087 -0.988729 -0.060182
vn -0.135531 -0.988824 -0.062112
vn -0.134679 -0.988924 -0.062381
vn -0.139108 -0.988175 -0.064493
vn -0.138785 -0.987981 -0.068058
vn -0.122781 -0.992414 -0.006294
vn -0.135590 -0.989416 -0.051689
vn -0.134550 -0.989090 -0.059981
vn -0.138458 -0.988824 -0.055295
vn -0.139082 -0.988686 -0.056180
vn -0.156717 -0.986042 -0.056213
vn -0.141409 -0.988065 -0.061077
vn -0.163514 -0.984750 -0.059418
vn -0.162873 -0.983725 -0.075876
vn -0.079473 -0.996724 0.015017
vn -0.030056 -0.999215 0.025791
vn -0.047255 -0.998744 -0.016663
vn -0.072437 -0.996801 -0.033766
vn -0.072437 -0.996801 -0.033766
vn -0.072420 -0.996874 -0.031586
vn -0.126464 -0.991166 -0.039964
vn -0.095836 -0.994673 -0.037965
vn -0.146386 -0.988175 -0.045628
vn -0.106879 -0.993486 -0.039524
vn -0.170535 -0.984276 -0.046018
vn -0.128075 -0.987694 -0.089766
vn -0.188264 -0.977870 -0.091248
vn -0.323788 -0.944256 -0.059517
vn -0.162966 -0.983082 -0.083613
vn -0.377596 -0.919698 -0.107599
vn -0.675293 -0.731986 -0.090414
vn -0.992183 -0.104119 0.068788
vn -0.919596 -0.349681 0.179071
vn -0.874166 0.105663 0.473993
vn -0.659627 0.035490 0.750755
vn -0.510244 0.004840 0.860016
vn -0.443444 -0.019855 0.896082
vn -0.394366 -0.028826 0.918501
vn -0.356727 -0.034197 0.933583
vn -0.241857 -0.051770 0.968930
vn -0.187736 -0.063555 0.980161
vn -0.143472 -0.103023 0.984277
vn -0.115899 -0.111886 0.986939
vn -0.091782 -0.114563 0.989167
vn -0.069529 -0.139755 0.987742
vn -0.052184 -0.124597 0.990834
vn -0.040225 -0.103953 0.993768
vn -0.032318 -0.066817 0.997242
vn -0.026949 -0.152277 0.987970
vn -0.031060 -0.197633 0.979784
vn -0.012631 -0.263019 0.964708
vn -0.013599 -0.307653 0.951401
vn -0.298984 -0.045351 0.953180
vn -0.113663 -0.992528 -0.044383
vn -0.974142 0.194506 -0.114957
vn -0.036124 -0.655566 0.754274
vn -0.039957 -0.988479 -0.145988
vn -0.100091 -0.994489 -0.031215
vn -0.156634 -0.986426 -0.049284
vn -0.122379 -0.991516 -0.043809
vn -0.121983 -0.991171 -0.051969
vn -0.118431 -0.991441 -0.054940
vn -0.125422 -0.990928 -0.048273
vn -0.123736 -0.990989 -0.051293
vn -0.123343 -0.991059 -0.050869
vn -0.128662 -0.990352 -0.051459
vn -0.126752 -0.990447 -0.054296
vn -0.127327 -0.990415 -0.053534
vn -0.127448 -0.990392 -0.053677
vn -0.126770 -0.990425 -0.054654
vn -0.128327 -0.990072 -0.057351
vn -0.128456 -0.990045 -0.057529
vn -0.130475 -0.989819 -0.056871
vn -0.128410 -0.990047 -0.057602
vn -0.127972 -0.990107 -0.057548
vn -0.129052 -0.989997 -0.057025
vn -0.128514 -0.989772 -0.061934
vn -0.139672 -0.988552 -0.057061
vn -0.139666 -0.988553 -0.057075
vn -0.134610 -0.989068 -0.060212
vn -0.136246 -0.988712 -0.062333
vn -0.135498 -0.988826 -0.062157
vn -0.135119 -0.988989 -0.060369
vn -0.138045 -0.988709 -0.058294
vn -0.136341 -0.988962 -0.058006
vn -0.139943 -0.988424 -0.058599
vn -0.058946 -0.997374 -0.042085
vn -0.070940 -0.996866 -0.035023
vn -0.072182 -0.996817 -0.033847
s 1
g Piece3 Supermarine_Spitfire_Mk:GLTF_SceneRootNode Supermarine_Spitfire_Mk:root Supermarine_Spitfire_Mk:Sketchfab_model Supermarine_Spitfire_Mk:Meshes Supermarine_Spitfire_Mk:scene polySurface2
usemtl Supermarine_Spitfire_Mk:Object_81SG
f 4227//4077 4108//4078 4260//4079
f 4217//4080 4080//4081 4109//4082
f 4281//4083 4078//4084 4116//4085
f 4211//4086 4087//4087 4088//4088
f 4118//4089 4086//4090 4087//4087
f 4123//4091 4085//4092 4086//4090
f 4128//4093 4084//4094 4085//4092
f 4135//4095 4310//4096 4084//4094
f 4313//4097 4083//4098 4312//4099
f 4272//4100 4082//4101 4264//4102
f 4225//4103 4285//4104 4077//4105
f 4228//4106 4090//4107 4089//4108
f 4230//4109 4091//4110 4090//4107
f 4232//4111 4092//4112 4091//4110
f 4234//4113 4093//4114 4092//4112
f 4236//4115 4094//4116 4093//4114
f 4238//4117 4095//4118 4094//4116
f 4242//4119 4095//4118 4240//4120
f 4244//4121 4096//4122 4242//4119
f 4246//4123 4097//4124 4244//4121
f 4248//4125 4098//4126 4246//4123
f 4250//4127 4099//4128 4248//4125
f 4252//4129 4265//4130 4274//4131
f 4183//4132 4107//4133 4082//4101
f 4190//4134 4106//4135 4107//4133
f 4197//4136 4105//4137 4106//4135
f 4254//4138 4101//4139 4252//4129
f 4256//4140 4102//4141 4254//4138
f 4258//4142 4103//4143 4256//4140
f 4204//4144 4109//4082 4105//4137
f 4260//4079 4104//4145 4258//4142
f 4108//4078 4210//4146 4104//4145
f 4223//4147 4209//4148 4210//4146
f 4222//4149 4208//4150 4209//4148
f 4208//4150 4220//4151 4207//4152
f 4207//4152 4219//4153 4206//4154
f 4206//4154 4218//4155 4205//4156
f 4205//4156 4217//4080 4204//4144
f 4104//4145 4203//4157 4103//4143
f 4210//4146 4202//4158 4203//4157
f 4209//4148 4201//4159 4202//4158
f 4201//4159 4207//4152 4200//4160
f 4200//4160 4206//4154 4199//4161
f 4199//4161 4205//4156 4198//4162
f 4198//4162 4204//4144 4197//4136
f 4103//4143 4196//4163 4102//4141
f 4203//4157 4195//4164 4196//4163
f 4202//4158 4194//4165 4195//4164
f 4194//4165 4200//4160 4193//4166
f 4193//4166 4199//4161 4192//4167
f 4192//4167 4198//4162 4191//4168
f 4191//4168 4197//4136 4190//4134
f 4102//4141 4189//4169 4101//4139
f 4196//4163 4188//4170 4189//4169
f 4195//4164 4187//4171 4188//4170
f 4187//4171 4193//4166 4186//4172
f 4186//4172 4192//4167 4185//4173
f 4185//4173 4191//4168 4184//4174
f 4184//4174 4190//4134 4183//4132
f 4101//4139 4266//4175 4265//4130
f 4189//4169 4267//4176 4266//4175
f 4188//4170 4268//4177 4267//4176
f 4268//4177 4186//4172 4269//4178
f 4269//4178 4185//4173 4270//4179
f 4270//4179 4184//4174 4271//4180
f 4271//4180 4183//4132 4272//4100
f 4100//4181 4175//4182 4099//4128
f 4182//4183 4174//4184 4175//4182
f 4181//4185 4173//4186 4174//4184
f 4173//4186 4179//4187 4172//4188
f 4172//4188 4178//4189 4171//4190
f 4171//4190 4177//4191 4170//4192
f 4315//4193 4176//4194 4313//4097
f 4099//4128 4169//4195 4098//4126
f 4175//4182 4168//4196 4169//4195
f 4174//4184 4167//4197 4168//4196
f 4167//4197 4172//4188 4166//4198
f 4166//4198 4171//4190 4165//4199
f 4165//4199 4170//4192 4164//4200
f 4314//4201 4164//4200 4170//4192
f 4098//4126 4163//4202 4097//4124
f 4169//4195 4162//4203 4163//4202
f 4168//4196 4293//4204 4162//4203
f 4297//4205 4296//4206 4295//4207
f 4355//4208 4165//4199 4161//4209
f 4161//4209 4164//4200 4160//4210
f 4316//4211 4160//4210 4164//4200
f 4097//4124 4159//4212 4096//4122
f 4163//4202 4158//4213 4159//4212
f 4292//4214 4158//4213 4162//4203
f 4294//4215 4157//4216 4292//4214
f 4156//4217 4161//4209 4155//4218
f 4155//4218 4160//4210 4154//4219
f 4317//4220 4154//4219 4160//4210
f 4096//4122 4153//4221 4095//4118
f 4159//4212 4152//4222 4153//4221
f 4152//4222 4157//4216 4151//4223
f 4151//4223 4156//4217 4150//4224
f 4150//4224 4155//4218 4149//4225
f 4149//4225 4154//4219 4148//4226
f 4318//4227 4148//4226 4154//4219
f 4095//4118 4147//4228 4094//4116
f 4153//4221 4146//4229 4147//4228
f 4287//4230 4145//4231 4146//4229
f 4290//4232 4291//4233 4144//4234
f 4144//4234 4149//4225 4143//4235
f 4143//4235 4148//4226 4142//4236
f 4319//4237 4142//4236 4148//4226
f 4094//4116 4141//4238 4093//4114
f 4147//4228 4140//4239 4141//4238
f 4300//4240 4298//4241 4146//4229
f 4301//4242 4144//4234 4138//4243
f 4138//4243 4143//4235 4137//4244
f 4137//4244 4142//4236 4136//4245
f 4321//4246 4142//4236 4320//4247
f 4093//4114 4134//4248 4092//4112
f 4141//4238 4133//4249 4134//4248
f 4133//4249 4139//4250 4132//4251
f 4132//4251 4138//4243 4131//4252
f 4131//4252 4137//4244 4130//4253
f 4130//4253 4136//4245 4129//4254
f 4129//4254 4135//4095 4128//4093
f 4092//4112 4127//4255 4091//4110
f 4134//4248 4126//4256 4127//4255
f 4306//4257 4126//4256 4133//4249
f 4324//4258 4326//4259 4308//4260
f 4328//4261 4131//4252 4130//4253
f 4125//4262 4129//4254 4124//4263
f 4124//4263 4128//4093 4123//4091
f 4091//4110 4122//4264 4090//4107
f 4127//4255 4121//4265 4122//4264
f 4331//4266 4330//4267 4121//4265
f 4338//4268 4337//4269 4125//4262
f 4120//4270 4124//4263 4119//4271
f 4119//4271 4123//4091 4118//4089
f 4090//4107 4216//4272 4089//4108
f 4122//4264 4215//4273 4216//4272
f 4215//4273 4121//4265 4341//4274
f 4344//4275 4343//4276 4214//4277
f 4347//4278 4120//4270 4213//4279
f 4213//4279 4119//4271 4212//4280
f 4212//4280 4118//4089 4211//4086
f 4077//4105 4280//4281 4110//4282
f 4280//4281 4111//4283 4110//4282
f 4351//4284 4350//4285 4112//4286
f 4284//4287 4113//4288 4112//4286
f 4275//4289 4114//4290 4113//4288
f 4277//4291 4115//4292 4114//4290
f 4278//4293 4116//4085 4115//4292
f 4108//4078 4079//4294 4223//4147
f 4223//4147 4079//4294 4222//4149
f 4222//4149 4079//4294 4221//4295
f 4221//4295 4117//4296 4220//4151
f 4220//4151 4117//4296 4219//4153
f 4219//4153 4117//4296 4218//4155
f 4218//4155 4117//4296 4217//4080
f 4263//4297 4079//4294 4227//4077
f 4262//4298 4227//4077 4226//4299
f 4261//4300 4258//4142 4259//4301
f 4259//4301 4256//4140 4257//4302
f 4255//4303 4256//4140 4254//4138
f 4253//4304 4254//4138 4252//4129
f 4273//4305 4252//4129 4274//4131
f 4249//4306 4250//4127 4248//4125
f 4247//4307 4248//4125 4246//4123
f 4245//4308 4246//4123 4244//4121
f 4244//4121 4243//4309 4245//4308
f 4241//4310 4242//4119 4240//4120
f 4239//4311 4240//4120 4238//4117
f 4238//4117 4237//4312 4239//4311
f 4235//4313 4236//4115 4234//4113
f 4234//4113 4233//4314 4235//4313
f 4231//4315 4232//4111 4230//4109
f 4229//4316 4230//4109 4228//4106
f 4282//4317 4225//4103 4224//4318
f 4261//4300 4227//4077 4260//4079
f 4251//4319 4274//4131 4250//4127
f 4177//4191 4272//4100 4176//4194
f 4178//4189 4271//4180 4177//4191
f 4179//4187 4270//4179 4178//4189
f 4180//4320 4269//4178 4179//4187
f 4267//4176 4180//4320 4181//4185
f 4266//4175 4181//4185 4182//4183
f 4265//4130 4182//4183 4100//4181
f 4274//4131 4100//4181 4250//4127
f 4176//4194 4264//4102 4083//4098
f 4081//4321 4263//4297 4262//4298
f 4117//4296 4263//4297 4080//4081
f 4212//4280 4281//4083 4278//4293
f 4282//4317 4228//4106 4276//4322
f 4281//4083 4088//4088 4279//4323
f 4216//4272 4283//4324 4280//4281
f 4275//4289 4342//4325 4214//4277
f 4277//4291 4212//4280 4278//4293
f 4276//4322 4089//4108 4285//4104
f 4285//4104 4216//4272 4280//4281
f 4342//4325 4284//4287 4354//4326
f 4215//4273 4353//4327 4283//4324
f 4275//4289 4213//4279 4277//4291
f 4355//4208 4294//4215 4296//4206
f 4170//4192 4315//4193 4314//4201
f 4135//4095 4321//4246 4311//4328
f 4166//4198 4355//4208 4297//4205
f 4227//4077 4079//4294 4108//4078
f 4217//4080 4117//4296 4080//4081
f 4281//4083 4279//4323 4078//4084
f 4211//4086 4118//4089 4087//4087
f 4118//4089 4123//4091 4086//4090
f 4123//4091 4128//4093 4085//4092
f 4128//4093 4135//4095 4084//4094
f 4135//4095 4311//4328 4310//4096
f 4313//4097 4176//4194 4083//4098
f 4272//4100 4183//4132 4082//4101
f 4225//4103 4276//4322 4285//4104
f 4228//4106 4230//4109 4090//4107
f 4230//4109 4232//4111 4091//4110
f 4232//4111 4234//4113 4092//4112
f 4234//4113 4236//4115 4093//4114
f 4236//4115 4238//4117 4094//4116
f 4238//4117 4240//4120 4095//4118
f 4242//4119 4096//4122 4095//4118
f 4244//4121 4097//4124 4096//4122
f 4246//4123 4098//4126 4097//4124
f 4248//4125 4099//4128 4098//4126
f 4250//4127 4100//4181 4099//4128
f 4252//4129 4101//4139 4265//4130
f 4183//4132 4190//4134 4107//4133
f 4190//4134 4197//4136 4106//4135
f 4197//4136 4204//4144 4105//4137
f 4254//4138 4102//4141 4101//4139
f 4256//4140 4103//4143 4102//4141
f 4258//4142 4104//4145 4103//4143
f 4204//4144 4217//4080 4109//4082
f 4260//4079 4108//4078 4104//4145
f 4108//4078 4223//4147 4210//4146
f 4223//4147 4222//4149 4209//4148
f 4222//4149 4221//4295 4208//4150
f 4208//4150 4221//4295 4220//4151
f 4207//4152 4220//4151 4219//4153
f 4206//4154 4219//4153 4218//4155
f 4205//4156 4218//4155 4217//4080
f 4104//4145 4210//4146 4203//4157
f 4210//4146 4209//4148 4202//4158
f 4209//4148 4208//4150 4201//4159
f 4201//4159 4208//4150 4207//4152
f 4200//4160 4207//4152 4206//4154
f 4199//4161 4206//4154 4205//4156
f 4198//4162 4205//4156 4204//4144
f 4103//4143 4203//4157 4196//4163
f 4203//4157 4202//4158 4195//4164
f 4202//4158 4201//4159 4194//4165
f 4194//4165 4201//4159 4200//4160
f 4193//4166 4200//4160 4199//4161
f 4192//4167 4199//4161 4198//4162
f 4191//4168 4198//4162 4197//4136
f 4102//4141 4196//4163 4189//4169
f 4196//4163 4195//4164 4188//4170
f 4195//4164 4194//4165 4187//4171
f 4187//4171 4194//4165 4193//4166
f 4186//4172 4193//4166 4192//4167
f 4185//4173 4192//4167 4191//4168
f 4184//4174 4191//4168 4190//4134
f 4101//4139 4189//4169 4266//4175
f 4189//4169 4188//4170 4267//4176
f 4188//4170 4187//4171 4268//4177
f 4268//4177 4187//4171 4186//4172
f 4269//4178 4186//4172 4185//4173
f 4270//4179 4185//4173 4184//4174
f 4271//4180 4184//4174 4183//4132
f 4100//4181 4182//4183 4175//4182
f 4182//4183 4181//4185 4174//4184
f 4181//4185 4180//4320 4173//4186
f 4173//4186 4180//4320 4179//4187
f 4172//4188 4179//4187 4178//4189
f 4171//4190 4178//4189 4177//4191
f 4315//4193 4177//4191 4176//4194
f 4099//4128 4175//4182 4169//4195
f 4175//4182 4174//4184 4168//4196
f 4174//4184 4173//4186 4167//4197
f 4167//4197 4173//4186 4172//4188
f 4166//4198 4172//4188 4171//4190
f 4165//4199 4171//4190 4170//4192
f 4314//4201 4316//4211 4164//4200
f 4098//4126 4169//4195 4163//4202
f 4169//4195 4168//4196 4162//4203
f 4168//4196 4167//4197 4293//4204
f 4297//4205 4355//4208 4296//4206
f 4355//4208 4166//4198 4165//4199
f 4161//4209 4165//4199 4164//4200
f 4316//4211 4317//4220 4160//4210
f 4097//4124 4163//4202 4159//4212
f 4163//4202 4162//4203 4158//4213
f 4162//4203 4293//4204 4292//4214
f 4292//4214 4157//4216 4158//4213
f 4294//4215 4156//4217 4157//4216
f 4156//4217 4355//4208 4161//4209
f 4155//4218 4161//4209 4160//4210
f 4317//4220 4318//4227 4154//4219
f 4096//4122 4159//4212 4153//4221
f 4159//4212 4158//4213 4152//4222
f 4152//4222 4158//4213 4157//4216
f 4151//4223 4157//4216 4156//4217
f 4150//4224 4156//4217 4155//4218
f 4149//4225 4155//4218 4154//4219
f 4318//4227 4319//4237 4148//4226
f 4095//4118 4153//4221 4147//4228
f 4153//4221 4152//4222 4146//4229
f 4151//4223 4291//4233 4288//4329
f 4152//4222 4151//4223 4288//4329
f 4289//4330 4290//4232 4145//4231
f 4286//4331 4289//4330 4145//4231
f 4146//4229 4152//4222 4288//4329
f 4287//4230 4286//4331 4145//4231
f 4146//4229 4288//4329 4287//4230
f 4291//4233 4151//4223 4150//4224
f 4150//4224 4144//4234 4291//4233
f 4144//4234 4145//4231 4290//4232
f 4144//4234 4150//4224 4149//4225
f 4143//4235 4149//4225 4148//4226
f 4319//4237 4320//4247 4142//4236
f 4094//4116 4147//4228 4141//4238
f 4147//4228 4146//4229 4140//4239
f 4298//4241 4139//4250 4140//4239
f 4140//4239 4146//4229 4298//4241
f 4146//4229 4145//4231 4299//4332
f 4146//4229 4299//4332 4300//4240
f 4305//4333 4303//4334 4304//4335
f 4304//4335 4299//4332 4145//4231
f 4138//4243 4139//4250 4301//4242
f 4139//4250 4298//4241 4302//4336
f 4139//4250 4302//4336 4301//4242
f 4304//4335 4145//4231 4144//4234
f 4305//4333 4304//4335 4144//4234
f 4301//4242 4305//4333 4144//4234
f 4138//4243 4144//4234 4143//4235
f 4137//4244 4143//4235 4142//4236
f 4321//4246 4136//4245 4142//4236
f 4093//4114 4141//4238 4134//4248
f 4141//4238 4140//4239 4133//4249
f 4133//4249 4140//4239 4139//4250
f 4132//4251 4139//4250 4138//4243
f 4131//4252 4138//4243 4137//4244
f 4130//4253 4137//4244 4136//4245
f 4129//4254 4136//4245 4135//4095
f 4092//4112 4134//4248 4127//4255
f 4134//4248 4133//4249 4126//4256
f 4306//4257 4308//4260 4323//4337
f 4322//4338 4334//4339 4306//4257
f 4334//4339 4126//4256 4306//4257
f 4306//4257 4323//4337 4322//4338
f 4132//4251 4309//4340 4307//4341
f 4133//4249 4132//4251 4307//4341
f 4307//4341 4306//4257 4133//4249
f 4131//4252 4328//4261 4325//4342
f 4131//4252 4325//4342 4324//4258
f 4309//4340 4132//4251 4131//4252
f 4326//4259 4323//4337 4308//4260
f 4308//4260 4309//4340 4324//4258
f 4309//4340 4131//4252 4324//4258
f 4130//4253 4125//4262 4327//4343
f 4327//4343 4328//4261 4130//4253
f 4125//4262 4130//4253 4129//4254
f 4124//4263 4129//4254 4128//4093
f 4091//4110 4127//4255 4122//4264
f 4127//4255 4126//4256 4121//4265
f 4126//4256 4334//4339 4333//4344
f 4126//4256 4333//4344 4332//4345
f 4330//4267 4329//4346 4121//4265
f 4126//4256 4332//4345 4121//4265
f 4332//4345 4331//4266 4121//4265
f 4120//4270 4347//4278 4336//4347
f 4120//4270 4336//4347 4335//4348
f 4337//4269 4327//4343 4125//4262
f 4120//4270 4335//4348 4125//4262
f 4335//4348 4338//4268 4125//4262
f 4120//4270 4125//4262 4124//4263
f 4119//4271 4124//4263 4123//4091
f 4090//4107 4122//4264 4216//4272
f 4122//4264 4121//4265 4215//4273
f 4121//4265 4329//4346 4341//4274
f 4341//4274 4339//4349 4340//4350
f 4340//4350 4215//4273 4341//4274
f 4214//4277 4342//4325 4344//4275
f 4342//4325 4345//4351 4344//4275
f 4213//4279 4214//4277 4346//4352
f 4214//4277 4343//4276 4346//4352
f 4346//4352 4347//4278 4213//4279
f 4213//4279 4120//4270 4119//4271
f 4212//4280 4119//4271 4118//4089
f 4077//4105 4285//4104 4280//4281
f 4280//4281 4283//4324 4111//4283
f 4283//4324 4353//4327 4352//4353
f 4111//4283 4283//4324 4352//4353
f 4354//4326 4284//4287 4349//4354
f 4284//4287 4112//4286 4349//4354
f 4111//4283 4352//4353 4348//4355
f 4112//4286 4111//4283 4348//4355
f 4350//4285 4349//4354 4112//4286
f 4112//4286 4348//4355 4351//4284
f 4284//4287 4275//4289 4113//4288
f 4275//4289 4277//4291 4114//4290
f 4277//4291 4278//4293 4115//4292
f 4278//4293 4281//4083 4116//4085
f 4221//4295 4079//4294 4117//4296
f 4263//4297 4117//4296 4079//4294
f 4262//4298 4263//4297 4227//4077
f 4261//4300 4260//4079 4258//4142
f 4259//4301 4258//4142 4256//4140
f 4255//4303 4257//4302 4256//4140
f 4253//4304 4255//4303 4254//4138
f 4273//4305 4253//4304 4252//4129
f 4249//4306 4251//4319 4250//4127
f 4247//4307 4249//4306 4248//4125
f 4245//4308 4247//4307 4246//4123
f 4244//4121 4242//4119 4243//4309
f 4241//4310 4243//4309 4242//4119
f 4239//4311 4241//4310 4240//4120
f 4238//4117 4236//4115 4237//4312
f 4235//4313 4237//4312 4236//4115
f 4234//4113 4232//4111 4233//4314
f 4231//4315 4233//4314 4232//4111
f 4229//4316 4231//4315 4230//4109
f 4282//4317 4276//4322 4225//4103
f 4261//4300 4226//4299 4227//4077
f 4251//4319 4273//4305 4274//4131
f 4177//4191 4271//4180 4272//4100
f 4178//4189 4270//4179 4271//4180
f 4179//4187 4269//4178 4270//4179
f 4180//4320 4268//4177 4269//4178
f 4267//4176 4268//4177 4180//4320
f 4266//4175 4267//4176 4181//4185
f 4265//4130 4266//4175 4182//4183
f 4274//4131 4265//4130 4100//4181
f 4176//4194 4272//4100 4264//4102
f 4212//4280 4211//4086 4281//4083
f 4282//4317 4229//4316 4228//4106
f 4281//4083 4211//4086 4088//4088
f 4216//4272 4215//4273 4283//4324
f 4275//4289 4284//4287 4342//4325
f 4277//4291 4213//4279 4212//4280
f 4276//4322 4228//4106 4089//4108
f 4285//4104 4089//4108 4216//4272
f 4215//4273 4340//4350 4353//4327
f 4275//4289 4214//4277 4213//4279
f 4355//4208 4156//4217 4294//4215
f 4170//4192 4177//4191 4315//4193
f 4135//4095 4136//4245 4321//4246
f 4293//4204 4167//4197 4297//4205
f 4167//4197 4166//4198 4297//4205
g default
v -455.206278 -74.851397 55.977511
v -456.196875 -80.911733 50.364813
v -455.820124 -77.647447 50.388841
v -456.196875 -80.911733 55.977511
v -455.514824 -76.739045 63.175993
v -456.196875 -80.911718 63.175993
vn -0.987544 0.157073 0.009183
vn -0.989335 0.144572 0.017745
vn -0.993405 0.114662 -0.000000
vn -0.986903 0.161314 0.000000
vn -0.986844 0.161305 0.010910
vn -0.986903 0.161315 0.000000
s 1
g Piece3 Supermarine_Spitfire_Mk:GLTF_SceneRootNode Supermarine_Spitfire_Mk:root Supermarine_Spitfire_Mk:Sketchfab_model Supermarine_Spitfire_Mk:Meshes Supermarine_Spitfire_Mk:scene polySurface129
usemtl Supermarine_Spitfire_Mk:Object_71SG
f 4359//4356 4358//4357 4357//4358
f 4359//4356 4360//4359 4356//4360
f 4359//4356 4356//4360 4358//4357
f 4359//4356 4361//4361 4360//4359
g default
v -471.749021 -75.519854 177.551218
v -471.587440 -75.031399 177.446370
v -472.110421 -74.985430 177.439457
v -471.547905 -75.313821 177.506265
v -471.837713 -74.885246 177.416656
v -472.200072 -75.256501 177.497630
v -472.039281 -75.494344 177.547352
vn 0.005339 0.208133 0.978086
vn 0.005339 0.208133 0.978086
vn 0.005339 0.208133 0.978086
vn 0.005339 0.208132 0.978086
vn 0.005338 0.208136 0.978086
vn 0.005339 0.208133 0.978086
vn 0.005340 0.208133 0.978086
s 1
g Piece3 Supermarine_Spitfire_Mk:GLTF_SceneRootNode Supermarine_Spitfire_Mk:root Supermarine_Spitfire_Mk:Sketchfab_model Supermarine_Spitfire_Mk:Meshes Supermarine_Spitfire_Mk:scene polySurface183
usemtl Supermarine_Spitfire_Mk:Object_101SG
f 4362//4362 4363//4363 4364//4364
f 4362//4362 4365//4365 4363//4363
f 4363//4363 4366//4366 4364//4364
f 4364//4364 4367//4367 4368//4368
f 4368//4368 4362//4362 4364//4364
g default
v -455.206278 -74.851397 55.977511
v -455.514824 -76.739045 63.175993
v -505.562696 -69.892559 55.977511
v -505.628220 -71.804122 63.175993
vn -0.094727 -0.961942 -0.256308
vn -0.094727 -0.961942 -0.256307
vn -0.094727 -0.961942 -0.256308
vn -0.094727 -0.961942 -0.256307
s 1
g Piece3 Supermarine_Spitfire_Mk:GLTF_SceneRootNode Supermarine_Spitfire_Mk:root Supermarine_Spitfire_Mk:Sketchfab_model Supermarine_Spitfire_Mk:Meshes Supermarine_Spitfire_Mk:scene polySurface138
usemtl Supermarine_Spitfire_Mk:Object_71SG
f 4370//4369 4371//4370 4369//4371
f 4370//4369 4372//4372 4371//4370
g default
v -452.537390 -77.995605 74.968033
v -454.153826 -74.548347 56.789581
v -508.793705 -72.455760 74.968033
v -506.535853 -69.390008 56.789581
vn 0.096451 0.979445 0.177160
vn 0.096451 0.979445 0.177160
vn 0.096451 0.979445 0.177160
vn 0.096451 0.979445 0.177160
s 1
g Piece3 Supermarine_Spitfire_Mk:GLTF_SceneRootNode Supermarine_Spitfire_Mk:root Supermarine_Spitfire_Mk:Sketchfab_model Supermarine_Spitfire_Mk:Meshes Supermarine_Spitfire_Mk:scene polySurface133
usemtl Supermarine_Spitfire_Mk:Object_71SG
f 4376//4373 4373//4374 4374//4375
f 4376//4373 4375//4376 4373//4374
g default
v -456.196875 -80.911733 50.364813
v -456.196875 -80.911733 55.977511
v -456.196875 -80.911718 63.175993
v -505.773266 -76.029692 50.364813
v -505.773266 -76.029692 55.977511
v -505.773266 -76.029678 63.175993
vn 0.098001 0.995186 -0.000000
vn 0.098001 0.995186 -0.000000
vn 0.098001 0.995186 -0.000000
vn 0.098001 0.995186 -0.000000
vn 0.098001 0.995186 -0.000000
vn 0.098001 0.995186 -0.000001
s 1
g Piece3 Supermarine_Spitfire_Mk:GLTF_SceneRootNode Supermarine_Spitfire_Mk:root Supermarine_Spitfire_Mk:Sketchfab_model Supermarine_Spitfire_Mk:Meshes Supermarine_Spitfire_Mk:scene polySurface137
usemtl Supermarine_Spitfire_Mk:Object_71SG
f 4381//4377 4377//4378 4380//4379
f 4382//4380 4378//4381 4381//4377
f 4381//4377 4378//4381 4377//4378
f 4382//4380 4379//4382 4378//4381
g default
v -455.206278 -74.851397 55.977511
v -454.912802 -77.715186 50.342047
v -454.153826 -74.548347 56.789581
v -455.820124 -77.647447 50.388841
v -505.562696 -69.892559 55.977511
v -506.409094 -72.644079 50.342047
v -506.535853 -69.390008 56.789581
v -505.506033 -72.754619 50.388841
vn 0.087590 0.890599 -0.446276
vn 0.048502 0.891463 -0.450489
vn 0.043310 0.891568 -0.450812
vn 0.087808 0.890578 -0.446273
vn 0.087904 0.890571 -0.446270
vn 0.126318 0.883800 -0.450490
vn 0.131430 0.882890 -0.450813
vn 0.087504 0.890611 -0.446267
s 1
g Piece3 Supermarine_Spitfire_Mk:GLTF_SceneRootNode Supermarine_Spitfire_Mk:root Supermarine_Spitfire_Mk:Sketchfab_model Supermarine_Spitfire_Mk:Meshes Supermarine_Spitfire_Mk:scene polySurface131
usemtl Supermarine_Spitfire_Mk:Object_71SG
f 4383//4383 4384//4384 4386//4385
f 4387//4386 4385//4387 4383//4383
f 4388//4388 4387//4386 4390//4389
f 4383//4383 4385//4387 4384//4384
f 4387//4386 4389//4390 4385//4387
f 4388//4388 4389//4390 4387//4386
g default
v -455.514824 -76.739045 63.175993
v -456.196875 -80.911718 63.175993
v -505.628220 -71.804122 63.175993
v -505.773266 -76.029678 63.175993
vn 0.000000 -0.000000 -1.000000
vn 0.000000 -0.000000 -1.000000
vn 0.000000 -0.000000 -1.000000
vn 0.000000 -0.000000 -1.000000
s 1
g Piece3 Supermarine_Spitfire_Mk:GLTF_SceneRootNode Supermarine_Spitfire_Mk:root Supermarine_Spitfire_Mk:Sketchfab_model Supermarine_Spitfire_Mk:Meshes Supermarine_Spitfire_Mk:scene polySurface139
usemtl Supermarine_Spitfire_Mk:Object_71SG
f 4393//4391 4392//4392 4394//4393
f 4393//4391 4391//4394 4392//4392
g default
v -454.912802 -77.715186 50.342047
v -456.196875 -80.911733 50.364813
v -455.820124 -77.647447 50.388841
v -455.289468 -81.912820 50.364813
v -506.409094 -72.644079 50.342047
v -505.773266 -76.029692 50.364813
v -505.506033 -72.754619 50.388841
v -506.858396 -76.834559 50.364813
vn -0.000733 -0.000265 -1.000000
vn -0.039499 0.008749 -0.999181
vn -0.000512 -0.000464 -1.000000
vn 0.000644 -0.000389 -1.000000
vn 0.040448 0.000876 -0.999181
vn 0.052120 0.003072 -0.998636
vn -0.050520 0.013180 -0.998636
vn 0.000398 -0.000536 -1.000000
s 1
g Piece3 Supermarine_Spitfire_Mk:GLTF_SceneRootNode Supermarine_Spitfire_Mk:root Supermarine_Spitfire_Mk:Sketchfab_model Supermarine_Spitfire_Mk:Meshes Supermarine_Spitfire_Mk:scene polySurface132
usemtl Supermarine_Spitfire_Mk:Object_71SG
f 4396//4395 4395//4396 4398//4397
f 4400//4398 4399//4399 4401//4400
f 4398//4397 4400//4398 4396//4395
f 4396//4395 4397//4401 4395//4396
f 4400//4398 4402//4402 4399//4399
f 4398//4397 4402//4402 4400//4398
g default
v -452.537390 -77.995605 74.968033
v -453.134361 -79.756810 70.564550
v -453.768328 -81.138337 65.387939
v -454.377150 -82.004940 59.944928
v -454.901345 -82.271820 54.768303
v -455.289468 -81.912820 50.364813
v -508.793705 -72.455760 74.968033
v -508.551643 -74.299591 70.564550
v -508.199302 -75.778240 65.387939
v -507.771221 -76.746967 59.944928
v -507.309164 -77.110963 54.768303
v -506.858396 -76.834559 50.364813
vn -0.092689 -0.941244 0.324759
vn -0.090634 -0.920371 0.380397
vn -0.090634 -0.920372 0.380396
vn -0.095594 -0.970744 0.220266
vn -0.092687 -0.941219 0.324831
vn -0.097298 -0.988049 0.119551
vn -0.095594 -0.970739 0.220291
vn -0.098000 -0.995177 0.004343
vn -0.097298 -0.988051 0.119535
vn -0.097745 -0.992581 -0.072306
vn -0.098000 -0.995177 0.004267
vn -0.097745 -0.992581 -0.072305
s 1
g Piece3 Supermarine_Spitfire_Mk:GLTF_SceneRootNode Supermarine_Spitfire_Mk:root Supermarine_Spitfire_Mk:Sketchfab_model Supermarine_Spitfire_Mk:Meshes Supermarine_Spitfire_Mk:scene polySurface136
usemtl Supermarine_Spitfire_Mk:Object_71SG
f 4410//4403 4403//4404 4409//4405
f 4411//4406 4404//4407 4410//4403
f 4412//4408 4405//4409 4411//4406
f 4413//4410 4406//4411 4412//4408
f 4414//4412 4407//4413 4413//4410
f 4410//4403 4404//4407 4403//4404
f 4411//4406 4405//4409 4404//4407
f 4412//4408 4406//4411 4405//4409
f 4413//4410 4407//4413 4406//4411
f 4414//4412 4408//4414 4407//4413
g default
v -505.562696 -69.892559 55.977511
v -505.773266 -76.029692 50.364813
v -505.506033 -72.754619 50.388841
v -505.773266 -76.029692 55.977511
v -505.628220 -71.804122 63.175993
v -505.773266 -76.029678 63.175993
vn 0.999214 -0.038574 0.009183
vn 0.998532 -0.051183 0.017745
vn 0.999353 -0.034286 0.010910
vn 0.999412 -0.034288 0.000000
vn 0.996689 -0.081312 0.000000
vn 0.999412 -0.034288 0.000000
s 1
g Piece3 Supermarine_Spitfire_Mk:GLTF_SceneRootNode Supermarine_Spitfire_Mk:root Supermarine_Spitfire_Mk:Sketchfab_model Supermarine_Spitfire_Mk:Meshes Supermarine_Spitfire_Mk:scene polySurface134
usemtl Supermarine_Spitfire_Mk:Object_71SG
f 4418//4415 4417//4416 4415//4417
f 4419//4418 4418//4415 4415//4417
f 4418//4415 4416//4419 4417//4416
f 4419//4418 4420//4420 4418//4415
g default
v -508.793705 -72.455760 74.968033
v -506.409094 -72.644079 50.342047
v -508.551643 -74.299591 70.564550
v -508.199302 -75.778240 65.387939
v -507.771221 -76.746967 59.944928
v -507.309164 -77.110963 54.768303
v -506.535853 -69.390008 56.789581
v -506.858396 -76.834559 50.364813
vn -0.983556 0.152725 -0.096402
vn -0.987126 0.127907 -0.096035
vn -0.987575 0.123977 -0.096571
vn -0.990182 0.100998 -0.096637
vn -0.989888 0.105608 -0.094699
vn -0.989896 0.104798 -0.095519
vn -0.989966 0.103507 -0.096192
vn -0.990070 0.102215 -0.096508
s 1
g Piece3 Supermarine_Spitfire_Mk:GLTF_SceneRootNode Supermarine_Spitfire_Mk:root Supermarine_Spitfire_Mk:Sketchfab_model Supermarine_Spitfire_Mk:Meshes Supermarine_Spitfire_Mk:scene polySurface135
usemtl Supermarine_Spitfire_Mk:Object_71SG
f 4427//4421 4422//4422 4421//4423
f 4423//4424 4421//4423 4422//4422
f 4422//4422 4428//4425 4426//4426
f 4426//4426 4425//4427 4422//4422
f 4425//4427 4424//4428 4422//4422
f 4424//4428 4423//4424 4422//4422
g default
v -584.752236 -41.652715 169.953347
v -584.752236 -41.652715 156.211726
v -585.485363 -46.766098 169.953347
v -585.373277 -45.983996 156.211726
vn 0.989877 -0.141927 -0.000002
vn 0.989877 -0.141930 -0.000001
vn 0.989876 -0.141932 -0.000000
vn 0.989877 -0.141926 -0.000002
s 1
g Piece3 Supermarine_Spitfire_Mk:GLTF_SceneRootNode Supermarine_Spitfire_Mk:root Supermarine_Spitfire_Mk:Sketchfab_model Supermarine_Spitfire_Mk:Meshes Supermarine_Spitfire_Mk:scene polySurface24
usemtl Supermarine_Spitfire_Mk:Object_81SG
f 4429//4429 4432//4430 4430//4431
f 4429//4429 4431//4432 4432//4430
g default
v -662.225106 -33.489616 173.712882
v -654.686030 -34.570541 173.712882
v -655.163606 -37.901572 173.712882
v -662.722775 -36.960750 173.712882
vn -0.000001 0.000000 -1.000000
vn -0.000000 0.000000 -1.000000
vn -0.000001 0.000000 -1.000000
vn -0.000000 0.000000 -1.000000
s 1
g Piece3 Supermarine_Spitfire_Mk:GLTF_SceneRootNode Supermarine_Spitfire_Mk:root Supermarine_Spitfire_Mk:Sketchfab_model Supermarine_Spitfire_Mk:Meshes Supermarine_Spitfire_Mk:scene polySurface6
usemtl Supermarine_Spitfire_Mk:Object_81SG
f 4435//4433 4433//4434 4434//4435
f 4435//4433 4436//4436 4433//4434
g default
v -662.225106 -33.489616 173.712882
v -662.225106 -33.489616 156.433301
v -662.722775 -36.960750 173.712882
v -662.597257 -36.085353 156.433301
vn 0.989879 -0.141915 0.000000
vn 0.989876 -0.141935 0.000000
vn 0.989876 -0.141936 0.000000
vn 0.989879 -0.141911 -0.000000
s 1
g Piece3 Supermarine_Spitfire_Mk:GLTF_SceneRootNode Supermarine_Spitfire_Mk:root Supermarine_Spitfire_Mk:Sketchfab_model Supermarine_Spitfire_Mk:Meshes Supermarine_Spitfire_Mk:scene polySurface3
usemtl Supermarine_Spitfire_Mk:Object_81SG
f 4440//4437 4437//4438 4439//4439
f 4440//4437 4438//4440 4437//4438
g default
v -746.181666 -23.204529 164.109846
v -746.181666 -23.204529 153.142468
v -746.506974 -25.473093 164.109846
v -746.426832 -24.914369 153.142468
vn 0.989877 -0.141929 0.000000
vn 0.989874 -0.141949 0.000002
vn 0.989874 -0.141951 0.000003
vn 0.989877 -0.141925 -0.000000
s 1
g Piece3 Supermarine_Spitfire_Mk:GLTF_SceneRootNode Supermarine_Spitfire_Mk:root Supermarine_Spitfire_Mk:Sketchfab_model Supermarine_Spitfire_Mk:Meshes Supermarine_Spitfire_Mk:scene polySurface12
usemtl Supermarine_Spitfire_Mk:Object_81SG
f 4444//4441 4441//4442 4443//4443
f 4444//4441 4442//4444 4441//4442
g default
v -518.467711 -44.813141 162.258841
v -472.007507 -50.805250 178.814762
v -519.806529 -55.194296 162.258841
v -497.556258 -58.719994 170.217307
v -473.540725 -62.692801 178.814762
vn 0.330484 -0.042624 -0.942849
vn 0.330484 -0.042623 -0.942849
vn 0.330484 -0.042624 -0.942849
vn 0.330484 -0.042624 -0.942849
vn 0.330484 -0.042623 -0.942849
s 1
g Piece3 Supermarine_Spitfire_Mk:GLTF_SceneRootNode Supermarine_Spitfire_Mk:root Supermarine_Spitfire_Mk:Sketchfab_model Supermarine_Spitfire_Mk:Meshes Supermarine_Spitfire_Mk:scene polySurface36
usemtl Supermarine_Spitfire_Mk:Object_81SG
f 4448//4445 4447//4446 4445//4447
f 4445//4447 4446//4448 4448//4445
f 4446//4448 4449//4449 4448//4445
g default
v -636.656291 -36.331292 161.694674
v -636.656291 -36.331292 150.727282
v -644.195368 -35.250370 161.694674
v -644.195368 -35.250370 150.727282
v -641.035414 -35.703425 150.727282
v -641.035414 -35.703425 161.694674
v -636.656291 -36.331292 144.415093
v -641.035414 -35.703425 144.415093
vn -0.141925 -0.989877 -0.000000
vn -0.141926 -0.989877 -0.000000
vn -0.141926 -0.989877 -0.000000
vn -0.141926 -0.989877 -0.000000
vn -0.141925 -0.989877 -0.000000
vn -0.141926 -0.989877 -0.000000
vn -0.141926 -0.989877 -0.000000
vn -0.141926 -0.989877 -0.000000
s 1
g Piece3 Supermarine_Spitfire_Mk:GLTF_SceneRootNode Supermarine_Spitfire_Mk:root Supermarine_Spitfire_Mk:Sketchfab_model Supermarine_Spitfire_Mk:Meshes Supermarine_Spitfire_Mk:scene polySurface21
usemtl Supermarine_Spitfire_Mk:Object_81SG
f 4455//4450 4451//4451 4450//4452
f 4454//4453 4452//4454 4453//4455
f 4454//4453 4456//4456 4451//4451
f 4455//4450 4454//4453 4451//4451
f 4454//4453 4455//4450 4452//4454
f 4454//4453 4457//4457 4456//4456
g default
v -636.656291 -36.331292 161.694674
v -636.656291 -36.331292 150.727282
v -636.656291 -36.331292 144.415093
v -637.127547 -39.618213 161.694674
v -636.993451 -38.682139 144.415093
v -637.042439 -39.024526 150.727282
vn -0.989878 0.141924 -0.000001
vn -0.989879 0.141917 0.000002
vn -0.989877 0.141925 -0.000001
vn -0.989875 0.141943 0.000002
vn -0.989878 0.141918 0.000002
vn -0.989874 0.141952 0.000000
s 1
g Piece3 Supermarine_Spitfire_Mk:GLTF_SceneRootNode Supermarine_Spitfire_Mk:root Supermarine_Spitfire_Mk:Sketchfab_model Supermarine_Spitfire_Mk:Meshes Supermarine_Spitfire_Mk:scene polySurface17
usemtl Supermarine_Spitfire_Mk:Object_81SG
f 4458//4458 4463//4459 4461//4460
f 4462//4461 4459//4462 4460//4463
f 4458//4458 4459//4462 4463//4459
f 4462//4461 4463//4459 4459//4462
g default
v -738.642702 -24.285454 164.109846
v -746.181666 -23.204529 164.109846
v -746.181666 -23.204529 153.142468
v -743.021826 -23.657587 153.142468
v -738.642702 -24.285454 146.830279
v -743.021826 -23.657587 146.830279
vn -0.141926 -0.989877 0.000000
vn -0.141926 -0.989877 0.000000
vn -0.141925 -0.989877 -0.000000
vn -0.141927 -0.989877 0.000000
vn -0.141928 -0.989877 -0.000000
vn -0.141926 -0.989877 -0.000000
s 1
g Piece3 Supermarine_Spitfire_Mk:GLTF_SceneRootNode Supermarine_Spitfire_Mk:root Supermarine_Spitfire_Mk:Sketchfab_model Supermarine_Spitfire_Mk:Meshes Supermarine_Spitfire_Mk:scene polySurface13
usemtl Supermarine_Spitfire_Mk:Object_81SG
f 4464//4464 4467//4465 4468//4466
f 4467//4465 4465//4467 4466//4468
f 4468//4466 4467//4465 4469//4469
f 4467//4465 4464//4464 4465//4467
g default
v -738.642702 -24.285454 164.109846
v -738.642702 -24.285454 146.830279
v -738.961915 -26.512286 164.109846
v -738.842718 -25.680008 146.830279
vn -0.989875 0.141941 0.000002
vn -0.989876 0.141934 0.000000
vn -0.989875 0.141942 0.000002
vn -0.989876 0.141933 0.000000
s 1
g Piece3 Supermarine_Spitfire_Mk:GLTF_SceneRootNode Supermarine_Spitfire_Mk:root Supermarine_Spitfire_Mk:Sketchfab_model Supermarine_Spitfire_Mk:Meshes Supermarine_Spitfire_Mk:scene polySurface10
usemtl Supermarine_Spitfire_Mk:Object_81SG
f 4470//4470 4473//4471 4472//4472
f 4470//4470 4471//4473 4473//4471
g default
v -636.656291 -36.331292 144.415093
v -641.035414 -35.703425 144.415093
v -636.993451 -38.682139 144.415093
v -641.382733 -38.125362 144.415093
vn -0.000000 -0.000000 1.000000
vn -0.000000 -0.000000 1.000000
vn 0.000000 -0.000000 1.000000
vn -0.000001 -0.000000 1.000000
s 1
g Piece3 Supermarine_Spitfire_Mk:GLTF_SceneRootNode Supermarine_Spitfire_Mk:root Supermarine_Spitfire_Mk:Sketchfab_model Supermarine_Spitfire_Mk:Meshes Supermarine_Spitfire_Mk:scene polySurface22
usemtl Supermarine_Spitfire_Mk:Object_81SG
f 4476//4474 4475//4475 4477//4476
f 4476//4474 4474//4477 4475//4475
g default
v -738.642702 -24.285454 164.109846
v -746.181666 -23.204529 164.109846
v -738.961915 -26.512286 164.109846
v -746.506974 -25.473093 164.109846
vn 0.000001 0.000000 -1.000000
vn 0.000000 0.000000 -1.000000
vn 0.000001 0.000000 -1.000000
vn -0.000000 0.000000 -1.000000
s 1
g Piece3 Supermarine_Spitfire_Mk:GLTF_SceneRootNode Supermarine_Spitfire_Mk:root Supermarine_Spitfire_Mk:Sketchfab_model Supermarine_Spitfire_Mk:Meshes Supermarine_Spitfire_Mk:scene polySurface14
usemtl Supermarine_Spitfire_Mk:Object_81SG
f 4480//4478 4479//4479 4478//4480
f 4480//4478 4481//4481 4479//4479
g default
v -833.477426 -12.611916 93.136496
v -833.477426 -13.250803 106.828197
v -833.477426 -10.838008 107.052820
v -833.464897 -10.515057 111.227716
v -833.477426 -13.461838 111.232238
vn 1.000000 -0.000511 -0.000324
vn 1.000000 -0.000000 -0.000000
vn 1.000000 -0.000000 -0.000000
vn 0.999994 -0.002913 -0.001846
vn 0.999988 -0.004197 -0.002660
s 1
g Piece3 Supermarine_Spitfire_Mk:GLTF_SceneRootNode Supermarine_Spitfire_Mk:root Supermarine_Spitfire_Mk:Sketchfab_model Supermarine_Spitfire_Mk:Meshes Supermarine_Spitfire_Mk:scene polySurface30
usemtl Supermarine_Spitfire_Mk:Object_81SG
f 4484//4482 4483//4483 4482//4484
f 4486//4485 4484//4482 4485//4486
f 4486//4485 4483//4483 4484//4482
g default
v -644.195368 -35.250370 150.727282
v -641.035414 -35.703425 150.727282
v -641.430705 -38.460377 150.727282
v -644.597205 -38.053294 150.727282
vn 0.000000 -0.000000 1.000000
vn 0.000000 -0.000000 1.000000
vn 0.000001 -0.000000 1.000000
vn 0.000000 -0.000000 1.000000
s 1
g Piece3 Supermarine_Spitfire_Mk:GLTF_SceneRootNode Supermarine_Spitfire_Mk:root Supermarine_Spitfire_Mk:Sketchfab_model Supermarine_Spitfire_Mk:Meshes Supermarine_Spitfire_Mk:scene polySurface18
usemtl Supermarine_Spitfire_Mk:Object_81SG
f 4489//4487 4487//4488 4490//4489
f 4489//4487 4488//4490 4487//4488
g default
v -540.208688 -42.009137 116.373674
v -547.799461 -41.030128 116.779553
v -555.027453 -40.097913 119.152510
v -561.399960 -39.276027 123.330855
v -566.482862 -38.620473 129.029819
v -569.929633 -38.175930 135.861039
v -571.505490 -37.972694 143.358972
v -571.102975 -38.024610 151.012646
v -568.749405 -38.328143 158.300475
v -564.605402 -38.862609 164.725808
v -558.953267 -39.591585 169.850771
v -552.178246 -40.465390 173.326113
v -544.741886 -41.424477 174.914979
v -537.151112 -42.403486 174.509106
v -529.923121 -43.335701 172.136136
v -523.550501 -44.157588 167.957804
v -518.467711 -44.813141 162.258841
v -515.020941 -45.257684 155.427621
v -513.445084 -45.460920 147.929688
v -513.847599 -45.409004 140.276014
v -516.201056 -45.105471 132.988184
v -520.345059 -44.571002 126.562852
v -525.997306 -43.842030 121.437889
v -532.772328 -42.968224 117.962539
v -457.730149 -52.646647 178.684997
v -472.007507 -50.805250 178.814762
v -463.486694 -51.904204 165.732207
v -460.785862 -52.252538 167.308135
v -458.736154 -52.516900 169.785614
v -457.649500 -52.657045 172.787513
vn -0.127914 -0.991785 -0.000000
vn -0.127914 -0.991785 -0.000000
vn -0.127914 -0.991785 0.000000
vn -0.127914 -0.991785 0.000000
vn -0.127914 -0.991785 -0.000000
vn -0.127914 -0.991785 -0.000000
vn -0.127913 -0.991785 -0.000000
vn -0.127914 -0.991785 -0.000000
vn -0.127913 -0.991785 -0.000001
vn -0.127913 -0.991785 0.000001
vn -0.127914 -0.991785 -0.000000
vn -0.127914 -0.991785 0.000000
vn -0.127911 -0.991786 0.000000
vn -0.127914 -0.991785 0.000000
vn -0.127914 -0.991785 -0.000000
vn -0.127914 -0.991785 0.000000
vn -0.127913 -0.991785 0.000002
vn -0.127913 -0.991785 0.000000
vn -0.127913 -0.991785 -0.000000
vn -0.127914 -0.991785 -0.000000
vn -0.127914 -0.991785 0.000000
vn -0.127914 -0.991785 0.000000
vn -0.127910 -0.991786 -0.000000
vn -0.127914 -0.991785 -0.000001
vn -0.127912 -0.991785 0.000000
vn -0.127912 -0.991786 -0.000000
vn -0.127913 -0.991785 -0.000000
vn -0.127916 -0.991785 0.000000
vn -0.127914 -0.991785 -0.000000
vn -0.127914 -0.991785 -0.000000
s 1
g Piece3 Supermarine_Spitfire_Mk:GLTF_SceneRootNode Supermarine_Spitfire_Mk:root Supermarine_Spitfire_Mk:Sketchfab_model Supermarine_Spitfire_Mk:Meshes Supermarine_Spitfire_Mk:scene polySurface34
usemtl Supermarine_Spitfire_Mk:Object_81SG
f 4496//4491 4492//4492 4508//4493
f 4508//4493 4509//4494 4517//4495
f 4508//4493 4516//4496 4507//4497
f 4492//4492 4491//4498 4514//4499
f 4514//4499 4513//4500 4492//4492
f 4513//4500 4512//4501 4492//4492
f 4512//4501 4511//4502 4508//4493
f 4511//4502 4510//4503 4508//4493
f 4510//4503 4509//4494 4508//4493
f 4508//4493 4507//4497 4506//4504
f 4506//4504 4505//4505 4504//4506
f 4504//4506 4503//4507 4502//4508
f 4502//4508 4501//4509 4500//4510
f 4500//4510 4499//4511 4496//4491
f 4499//4511 4498//4512 4496//4491
f 4498//4512 4497//4513 4496//4491
f 4496//4491 4495//4514 4494//4515
f 4494//4515 4493//4516 4492//4492
f 4508//4493 4506//4504 4500//4510
f 4506//4504 4504//4506 4500//4510
f 4504//4506 4502//4508 4500//4510
f 4496//4491 4494//4515 4492//4492
f 4492//4492 4512//4501 4508//4493
f 4500//4510 4496//4491 4508//4493
f 4517//4495 4518//4517 4519//4518
f 4519//4518 4520//4519 4517//4495
f 4520//4519 4515//4520 4517//4495
f 4515//4520 4508//4493 4517//4495
f 4508//4493 4515//4520 4516//4496
g default
v -738.642702 -24.285454 146.830279
v -743.021826 -23.657587 146.830279
v -738.842718 -25.680008 146.830279
v -743.221954 -25.053407 146.830279
vn -0.000000 -0.000000 1.000000
vn -0.000000 -0.000000 1.000000
vn -0.000000 -0.000000 1.000000
vn 0.000000 -0.000000 1.000000
s 1
g Piece3 Supermarine_Spitfire_Mk:GLTF_SceneRootNode Supermarine_Spitfire_Mk:root Supermarine_Spitfire_Mk:Sketchfab_model Supermarine_Spitfire_Mk:Meshes Supermarine_Spitfire_Mk:scene polySurface15
usemtl Supermarine_Spitfire_Mk:Object_81SG
f 4523//4521 4522//4522 4524//4523
f 4523//4521 4521//4524 4522//4522
g default
v -808.789267 -15.958626 106.427030
v -833.477313 -13.459894 111.334214
v -778.006726 -19.025968 100.476163
v -747.003739 -22.117930 94.468506
v -715.987320 -25.656512 88.455656
v -684.964468 -29.173763 82.441571
v -653.940260 -32.653334 76.427247
v -649.798176 -33.117024 75.624236
v -649.798176 -28.166538 75.624236
v -747.003401 -18.368760 94.468442
v -715.986417 -21.406522 88.455486
v -684.962097 -24.476895 82.441113
v -808.785429 -13.716009 106.426558
v -833.477313 -12.269098 111.334468
v -778.005259 -15.944647 100.475719
v -653.934955 -27.734151 76.426189
v -713.287335 -25.553859 87.932251
v -711.054091 -21.894650 87.499324
v -713.520649 -25.936167 87.977486
vn 0.190317 -0.000002 0.981723
vn 0.190316 -0.000002 0.981723
vn 0.190316 -0.000007 0.981723
vn 0.190317 -0.000002 0.981723
vn 0.190280 0.000001 0.981730
vn 0.190275 0.000003 0.981731
vn 0.190039 0.000046 0.981777
vn 0.190015 0.000046 0.981781
vn 0.191915 -0.000113 0.981412
vn 0.192181 -0.000122 0.981360
vn 0.194940 -0.000195 0.980815
vn 0.194939 -0.000202 0.980815
vn 0.190317 -0.000001 0.981723
vn 0.190317 -0.000000 0.981723
vn 0.190317 -0.000001 0.981723
vn 0.190317 -0.000000 0.981723
vn 0.190316 -0.000001 0.981723
vn 0.190317 0.000001 0.981723
vn 0.190317 -0.000000 0.981723
s 1
g Piece3 Supermarine_Spitfire_Mk:GLTF_SceneRootNode Supermarine_Spitfire_Mk:root Supermarine_Spitfire_Mk:Sketchfab_model Supermarine_Spitfire_Mk:Meshes Supermarine_Spitfire_Mk:scene polySurface59
usemtl Supermarine_Spitfire_Mk:Object_104SG
f 4529//4525 4541//4526 4542//4527 4535//4528
f 4528//4529 4535//4528 4534//4530
f 4527//4531 4534//4530 4539//4532
f 4525//4533 4539//4532 4537//4534
f 4526//4535 4537//4534 4538//4536
f 4530//4537 4540//4538 4536//4539
f 4531//4540 4533//4541 4540//4538
f 4529//4525 4543//4542 4541//4526
f 4528//4529 4529//4525 4535//4528
f 4527//4531 4528//4529 4534//4530
f 4525//4533 4527//4531 4539//4532
f 4526//4535 4525//4533 4537//4534
f 4530//4537 4531//4540 4540//4538
f 4531//4540 4532//4543 4533//4541
f 4542//4527 4541//4526 4536//4539
f 4541//4526 4543//4542 4530//4537 4536//4539
g default
v -667.826334 -24.509583 79.195197
v -664.328995 -24.883148 78.518353
v -668.756429 -24.712036 74.362434
v -665.258978 -25.057972 73.685590
vn 0.091999 0.994122 -0.057079
vn 0.090714 0.994318 -0.055702
vn 0.094565 0.993719 -0.059829
vn 0.088142 0.994700 -0.052946
s 1
g Piece3 Supermarine_Spitfire_Mk:GLTF_SceneRootNode Supermarine_Spitfire_Mk:root Supermarine_Spitfire_Mk:Sketchfab_model Supermarine_Spitfire_Mk:Meshes Supermarine_Spitfire_Mk:scene polySurface69
usemtl Supermarine_Spitfire_Mk:Object_104SG
f 4545//4544 4546//4545 4544//4546
f 4545//4544 4547//4547 4546//4545
g default
v -808.916252 -14.710182 80.481641
v -778.031672 -17.363634 68.867754
v -747.012318 -20.404434 59.125853
v -715.988562 -23.501210 51.311571
v -684.964693 -26.998918 44.011015
v -653.940825 -30.525741 37.674685
v -653.940260 -27.055858 62.813733
v -684.964580 -23.780925 67.729290
v -715.988562 -20.627262 73.789315
v -747.011979 -17.719680 80.133011
v -778.027721 -15.006393 87.721068
v -808.901239 -12.616812 97.268139
v -649.798176 -30.967628 36.912047
v -833.477313 -12.605877 93.475588
v -833.477313 -10.834812 107.220342
v -649.798176 -27.458992 62.196860
v -808.837690 -12.265511 102.186772
v -649.798176 -26.727769 71.425798
v -653.935294 -26.309330 72.227370
v -684.962210 -23.014335 78.240693
v -715.986869 -19.927587 84.253987
v -747.005997 -16.949056 90.256255
v -778.012821 -14.483034 96.076673
v -649.798176 -28.166538 75.624236
v -747.003401 -18.368760 94.468442
v -715.986417 -21.406522 88.455486
v -684.962097 -24.476895 82.441113
v -808.785429 -13.716009 106.426558
v -833.477313 -12.269098 111.334468
v -778.005259 -15.944647 100.475719
v -653.934955 -27.734151 76.426189
v -808.807665 -12.609221 104.624907
v -715.986530 -20.287628 86.667741
v -653.935068 -26.638285 74.639572
v -833.477313 -11.169217 109.583181
v -778.008532 -14.833118 98.641038
v -747.004530 -17.275066 92.682630
v -649.798176 -27.064735 73.837781
v -684.962097 -23.364969 80.653826
v -747.012092 -18.932405 70.643902
v -762.332025 -18.902651 63.937149
v -716.988866 -19.856281 84.120907
v -716.484425 -19.879798 84.350284
v -712.879516 -20.707189 86.244436
v -713.082917 -20.575650 86.104873
v -715.986756 -19.980169 84.606498
v -732.318958 -19.096734 77.128572
v -711.054204 -21.894648 87.499338
vn 0.019937 0.991787 -0.126336
vn 0.034309 0.993198 -0.111269
vn 0.032837 0.991767 -0.123777
vn 0.034246 0.996734 -0.073136
vn 0.065085 0.997879 -0.000819
vn 0.051506 0.993073 -0.105606
vn 0.049831 0.990962 -0.124544
vn 0.071641 0.997306 -0.015735
vn 0.065923 0.991802 -0.109465
vn 0.062178 0.990013 -0.126527
vn 0.057330 0.990300 -0.126563
vn 0.081963 0.996058 -0.033918
vn 0.063062 0.989956 -0.126532
vn 0.074848 0.991369 -0.107631
vn 0.073103 0.989035 -0.128319
vn 0.090809 0.995504 -0.026925
vn 0.080342 0.994147 -0.072227
vn 0.101947 0.994226 0.033488
vn 0.083182 0.989926 -0.114571
vn 0.082020 0.987504 -0.134568
vn 0.096617 0.994822 -0.031547
vn 0.085081 0.988917 -0.121673
vn 0.083688 0.987120 -0.136349
vn 0.098515 0.994303 -0.040700
vn 0.078269 0.989294 -0.123169
vn 0.092406 0.994831 -0.042112
vn 0.125102 0.938700 0.321234
vn 0.123613 0.929482 0.347538
vn 0.162462 0.843995 0.511155
vn 0.131419 0.940855 0.312283
vn 0.172855 0.840045 0.514242
vn 0.143359 0.937964 0.315708
vn 0.182777 0.833505 0.521404
vn 0.154624 0.932022 0.327760
vn 0.183489 0.834216 0.520015
vn 0.141905 0.960160 0.240739
vn 0.158230 0.932547 0.324529
vn 0.187800 0.837144 0.513732
vn 0.158234 0.939327 0.304348
vn 0.186432 0.836578 0.515150
vn 0.154822 0.940471 0.302562
vn 0.124113 0.981412 0.146379
vn 0.156880 0.842238 0.515774
vn 0.153496 0.836804 0.525546
vn 0.070217 0.991339 -0.110980
vn 0.080093 0.987327 -0.137006
vn 0.183563 0.833276 0.521494
vn 0.185631 0.834308 0.519107
s 1
g Piece3 Supermarine_Spitfire_Mk:GLTF_SceneRootNode Supermarine_Spitfire_Mk:root Supermarine_Spitfire_Mk:Sketchfab_model Supermarine_Spitfire_Mk:Meshes Supermarine_Spitfire_Mk:scene polySurface56
usemtl Supermarine_Spitfire_Mk:Object_104SG
f 4561//4548 4559//4549 4548//4550
f 4562//4551 4564//4552 4559//4549
f 4548//4550 4558//4553 4549//4554
f 4570//4555 4559//4549 4564//4552
f 4549//4554 4557//4556 4587//4557 4588//4558
f 4569//4559 4558//4553 4570//4555
f 4550//4560 4556//4561 4551//4562
f 4568//4563 4589//4564 4590//4565
f 4551//4562 4555//4566 4552//4567
f 4567//4568 4556//4561 4568//4563
f 4552//4567 4554//4569 4553//4570
f 4566//4571 4555//4566 4567//4568
f 4563//4572 4553//4570 4554//4569
f 4565//4573 4554//4569 4566//4571
f 4579//4574 4562//4551 4582//4575
f 4579//4574 4577//4576 4583//4577
f 4583//4577 4572//4578 4584//4579
f 4584//4579 4573//4580 4580//4581
f 4580//4581 4591//4582 4592//4583
f 4586//4584 4578//4585 4581//4586
f 4581//4586 4571//4587 4585//4588
f 4566//4571 4585//4588 4565//4573
f 4567//4568 4581//4586 4566//4571
f 4568//4563 4586//4584 4567//4568
f 4569//4559 4580//4581 4593//4589 4590//4565
f 4570//4555 4584//4579 4569//4559
f 4564//4552 4583//4577 4570//4555
f 4575//4590 4582//4575 4576//4591
f 4561//4548 4562//4551 4559//4549
f 4548//4550 4559//4549 4558//4553
f 4570//4555 4558//4553 4559//4549
f 4549//4554 4558//4553 4557//4556
f 4569//4559 4557//4556 4558//4553
f 4550//4560 4587//4557 4594//4592 4556//4561
f 4568//4563 4556//4561 4594//4592 4589//4564
f 4551//4562 4556//4561 4555//4566
f 4567//4568 4555//4566 4556//4561
f 4552//4567 4555//4566 4554//4569
f 4566//4571 4554//4569 4555//4566
f 4563//4572 4560//4593 4553//4570
f 4565//4573 4563//4572 4554//4569
f 4579//4574 4564//4552 4562//4551
f 4579//4574 4575//4590 4577//4576
f 4583//4577 4577//4576 4572//4578
f 4584//4579 4572//4578 4573//4580
f 4580//4581 4573//4580 4595//4594 4591//4582
f 4586//4584 4574//4595 4578//4585
f 4581//4586 4578//4585 4571//4587
f 4566//4571 4581//4586 4585//4588
f 4567//4568 4586//4584 4581//4586
f 4568//4563 4593//4589 4592//4583 4586//4584
f 4569//4559 4584//4579 4580//4581
f 4570//4555 4583//4577 4584//4579
f 4564//4552 4579//4574 4583//4577
f 4575//4590 4579//4574 4582//4575
f 4588//4558 4587//4557 4550//4560
f 4590//4565 4589//4564 4557//4556 4569//4559
f 4592//4583 4591//4582 4574//4595 4586//4584
f 4590//4565 4593//4589 4568//4563
f 4594//4592 4587//4557 4557//4556
f 4589//4564 4594//4592 4557//4556
f 4591//4582 4595//4594 4574//4595
f 4592//4583 4593//4589 4580//4581
g default
v -668.756429 -24.712036 74.362434
v -665.258978 -25.057972 73.685590
v -668.853954 -30.841832 74.304592
v -665.374901 -31.198191 73.630019
vn -0.188915 0.012331 -0.981916
vn -0.189014 0.012395 -0.981896
vn -0.188818 0.012268 -0.981936
vn -0.189112 0.012458 -0.981877
s 1
g Piece3 Supermarine_Spitfire_Mk:GLTF_SceneRootNode Supermarine_Spitfire_Mk:root Supermarine_Spitfire_Mk:Sketchfab_model Supermarine_Spitfire_Mk:Meshes Supermarine_Spitfire_Mk:scene polySurface67
usemtl Supermarine_Spitfire_Mk:Object_104SG
f 4597//4596 4598//4597 4596//4598
f 4597//4596 4599//4599 4598//4597
g default
v -816.650603 -11.401730 107.970217
v -816.750950 -15.157554 107.989681
v -817.466017 -11.638928 103.763716
v -817.566363 -14.942036 103.783187
vn -0.981295 0.029123 0.190293
vn -0.981380 0.028662 0.189927
vn -0.981645 0.027204 0.188767
vn -0.980955 0.030958 0.191753
s 1
g Piece3 Supermarine_Spitfire_Mk:GLTF_SceneRootNode Supermarine_Spitfire_Mk:root Supermarine_Spitfire_Mk:Sketchfab_model Supermarine_Spitfire_Mk:Meshes Supermarine_Spitfire_Mk:scene polySurface64
usemtl Supermarine_Spitfire_Mk:Object_104SG
f 4602//4600 4601//4601 4600//4602
f 4602//4600 4603//4603 4601//4601
g default
v -667.826334 -24.509583 79.195197
v -667.923858 -31.128931 79.137356
v -668.756429 -24.712036 74.362434
v -668.853954 -30.841832 74.304592
vn -0.981897 0.013214 0.188956
vn -0.981854 0.013378 0.189168
vn -0.981999 0.012821 0.188449
vn -0.981734 0.013835 0.189757
s 1
g Piece3 Supermarine_Spitfire_Mk:GLTF_SceneRootNode Supermarine_Spitfire_Mk:root Supermarine_Spitfire_Mk:Sketchfab_model Supermarine_Spitfire_Mk:Meshes Supermarine_Spitfire_Mk:scene polySurface70
usemtl Supermarine_Spitfire_Mk:Object_104SG
f 4606//4604 4605//4605 4604//4606
f 4606//4604 4607//4607 4605//4605
g default
v -814.562517 -11.550659 107.565431
v -814.656994 -15.368247 107.583738
v -815.378043 -11.769909 103.358929
v -815.472520 -15.127339 103.377244
vn 0.981374 -0.026955 -0.190207
vn 0.981322 -0.026566 -0.190527
vn 0.981140 -0.025209 -0.191647
vn 0.981597 -0.028661 -0.188799
s 1
g Piece3 Supermarine_Spitfire_Mk:GLTF_SceneRootNode Supermarine_Spitfire_Mk:root Supermarine_Spitfire_Mk:Sketchfab_model Supermarine_Spitfire_Mk:Meshes Supermarine_Spitfire_Mk:scene polySurface63
usemtl Supermarine_Spitfire_Mk:Object_104SG
f 4611//4608 4608//4609 4609//4610
f 4611//4608 4610//4611 4608//4609
g default
v -816.650603 -11.401730 107.970217
v -814.562517 -11.550659 107.565431
v -817.466017 -11.638928 103.763716
v -815.378043 -11.769909 103.358929
vn 0.055803 0.996275 -0.065749
vn 0.052736 0.996593 -0.063414
vn 0.057976 0.996040 -0.067404
vn 0.050557 0.996810 -0.061756
s 1
g Piece3 Supermarine_Spitfire_Mk:GLTF_SceneRootNode Supermarine_Spitfire_Mk:root Supermarine_Spitfire_Mk:Sketchfab_model Supermarine_Spitfire_Mk:Meshes Supermarine_Spitfire_Mk:scene polySurface66
usemtl Supermarine_Spitfire_Mk:Object_104SG
f 4613//4612 4614//4613 4612//4614
f 4613//4612 4615//4615 4614//4613
g default
v -667.826334 -24.509583 79.195197
v -664.328995 -24.883148 78.518353
v -667.923858 -31.128931 79.137356
v -664.444918 -31.513753 78.462783
vn 0.188912 -0.011415 0.981928
vn 0.189023 -0.011482 0.981906
vn 0.189112 -0.011535 0.981888
vn 0.188823 -0.011362 0.981946
s 1
g Piece3 Supermarine_Spitfire_Mk:GLTF_SceneRootNode Supermarine_Spitfire_Mk:root Supermarine_Spitfire_Mk:Sketchfab_model Supermarine_Spitfire_Mk:Meshes Supermarine_Spitfire_Mk:scene polySurface61
usemtl Supermarine_Spitfire_Mk:Object_104SG
f 4617//4616 4618//4617 4619//4618
f 4617//4616 4616//4619 4618//4617
g default
v -816.750950 -15.157554 107.989681
v -814.656994 -15.368247 107.583738
v -817.566363 -14.942036 103.783187
v -815.472520 -15.127339 103.377244
vn -0.103283 -0.994031 -0.035141
vn -0.098103 -0.994605 -0.033710
vn -0.106986 -0.993603 -0.036164
vn -0.094384 -0.994999 -0.032682
s 1
g Piece3 Supermarine_Spitfire_Mk:GLTF_SceneRootNode Supermarine_Spitfire_Mk:root Supermarine_Spitfire_Mk:Sketchfab_model Supermarine_Spitfire_Mk:Meshes Supermarine_Spitfire_Mk:scene polySurface65
usemtl Supermarine_Spitfire_Mk:Object_104SG
f 4620//4620 4623//4621 4621//4622
f 4620//4620 4622//4623 4623//4621
g default
v -817.466017 -11.638928 103.763716
v -815.378043 -11.769909 103.358929
v -817.566363 -14.942036 103.783187
v -815.472520 -15.127339 103.377244
vn -0.190317 0.000002 -0.981723
vn -0.190317 0.000001 -0.981723
vn -0.190316 0.000004 -0.981723
vn -0.190318 0.000000 -0.981723
s 1
g Piece3 Supermarine_Spitfire_Mk:GLTF_SceneRootNode Supermarine_Spitfire_Mk:root Supermarine_Spitfire_Mk:Sketchfab_model Supermarine_Spitfire_Mk:Meshes Supermarine_Spitfire_Mk:scene polySurface62
usemtl Supermarine_Spitfire_Mk:Object_104SG
f 4626//4624 4625//4625 4627//4626
f 4626//4624 4624//4627 4625//4625
g default
v -833.477313 -12.605877 93.475588
v -833.477313 -13.247508 107.000954
v -833.477313 -10.834812 107.220342
v -833.477313 -13.459894 111.334214
v -833.477313 -12.599619 107.060538
v -833.477313 -12.269098 111.334468
v -833.477313 -11.169217 109.583181
vn -1.000000 0.000012 0.000000
vn -1.000000 0.000002 0.000000
vn -1.000000 0.000048 0.000000
vn -1.000000 0.000032 0.000000
vn -1.000000 -0.000045 0.000000
vn -1.000000 -0.000069 0.000000
vn -1.000000 0.000000 0.000000
s 1
g Piece3 Supermarine_Spitfire_Mk:GLTF_SceneRootNode Supermarine_Spitfire_Mk:root Supermarine_Spitfire_Mk:Sketchfab_model Supermarine_Spitfire_Mk:Meshes Supermarine_Spitfire_Mk:scene polySurface57
usemtl Supermarine_Spitfire_Mk:Object_104SG
f 4632//4628 4628//4629 4629//4630
f 4634//4631 4632//4628 4633//4632
f 4631//4633 4632//4628 4629//4630
f 4632//4628 4630//4634 4628//4629
f 4634//4631 4630//4634 4632//4628
f 4631//4633 4633//4632 4632//4628
g default
v -808.916252 -14.710182 80.481641
v -778.031672 -17.363634 68.867754
v -747.012318 -20.404434 59.125853
v -715.988562 -23.501210 51.311571
v -684.964693 -26.998918 44.011015
v -653.940825 -30.525741 37.674685
v -653.940825 -31.850633 62.879045
v -684.964693 -28.287834 67.750977
v -715.988562 -24.742927 73.732666
v -747.012205 -21.460244 80.001158
v -778.030543 -18.346750 87.560940
v -808.901465 -15.497158 97.081245
v -649.798176 -30.967628 36.912047
v -649.798176 -32.314926 62.263633
v -833.477313 -12.605877 93.475588
v -833.477313 -13.247508 107.000954
v -808.789267 -15.958626 106.427030
v -833.477313 -13.459894 111.334214
v -778.006726 -19.025968 100.476163
v -747.003739 -22.117930 94.468506
v -715.987320 -25.656512 88.455656
v -684.964468 -29.173763 82.441571
v -653.940260 -32.653334 76.427247
v -649.798176 -33.117024 75.624236
v -762.332025 -18.902651 63.937149
v -747.012205 -21.027786 71.450659
v -734.679864 -22.765166 77.509329
v -715.987433 -25.550735 86.751001
v -713.520649 -25.936174 87.977472
vn -0.118957 -0.991407 -0.054426
vn -0.122212 -0.991132 -0.052175
vn -0.115506 -0.991907 -0.052714
vn -0.122528 -0.990959 -0.054654
vn -0.123416 -0.990919 -0.053373
vn -0.123421 -0.990766 -0.056124
vn -0.119342 -0.991348 -0.054645
vn -0.119397 -0.991216 -0.056877
vn -0.113746 -0.992185 -0.051297
vn -0.114860 -0.992158 -0.049297
vn -0.109660 -0.992622 -0.051742
vn -0.113039 -0.992322 -0.050189
vn -0.114110 -0.992200 -0.050182
vn -0.108481 -0.992779 -0.051208
vn -0.107030 -0.993087 -0.048186
vn -0.108379 -0.992971 -0.047578
vn -0.109900 -0.992828 -0.047054
vn -0.109127 -0.992881 -0.047738
vn -0.109990 -0.992793 -0.047583
vn -0.108353 -0.992767 -0.051709
vn -0.115476 -0.992251 -0.045857
vn -0.121007 -0.990889 -0.059124
vn -0.115833 -0.991806 -0.053884
vn -0.121222 -0.990721 -0.061465
vn -0.123730 -0.990501 -0.059984
vn -0.122846 -0.990673 -0.058956
vn -0.121864 -0.990801 -0.058837
vn -0.110147 -0.992724 -0.048656
vn -0.124194 -0.990354 -0.061443
s 1
g Piece3 Supermarine_Spitfire_Mk:GLTF_SceneRootNode Supermarine_Spitfire_Mk:root Supermarine_Spitfire_Mk:Sketchfab_model Supermarine_Spitfire_Mk:Meshes Supermarine_Spitfire_Mk:scene polySurface55
usemtl Supermarine_Spitfire_Mk:Object_104SG
f 4648//4635 4640//4636 4647//4637
f 4641//4638 4639//4639 4640//4636
f 4642//4640 4638//4641 4639//4639
f 4643//4642 4637//4643 4638//4641
f 4644//4644 4636//4645 4659//4646 4660//4647
f 4645//4648 4635//4649 4636//4645
f 4646//4650 4649//4651 4635//4649
f 4651//4652 4650//4653 4646//4650
f 4653//4654 4646//4650 4645//4648
f 4654//4655 4645//4648 4644//4644
f 4655//4656 4644//4644 4661//4657 4662//4658
f 4656//4659 4643//4642 4642//4640
f 4657//4660 4642//4640 4641//4638
f 4658//4661 4641//4638 4648//4635
f 4648//4635 4641//4638 4640//4636
f 4641//4638 4642//4640 4639//4639
f 4642//4640 4643//4642 4638//4641
f 4643//4642 4661//4657 4660//4647 4637//4643
f 4644//4644 4645//4648 4636//4645
f 4645//4648 4646//4650 4635//4649
f 4646//4650 4650//4653 4649//4651
f 4651//4652 4652//4662 4650//4653
f 4653//4654 4651//4652 4646//4650
f 4654//4655 4653//4654 4645//4648
f 4655//4656 4654//4655 4644//4644
f 4656//4659 4663//4663 4662//4658 4643//4642
f 4657//4660 4656//4659 4642//4640
f 4658//4661 4657//4660 4641//4638
f 4660//4647 4659//4646 4637//4643
f 4662//4658 4661//4657 4643//4642
f 4660//4647 4661//4657 4644//4644
f 4662//4658 4663//4663 4655//4656
g default
v -664.328995 -24.883148 78.518353
v -664.444918 -31.513753 78.462783
v -665.258978 -25.057972 73.685590
v -665.374901 -31.198191 73.630019
vn 0.981782 -0.016054 -0.189331
vn 0.981828 -0.016260 -0.189074
vn 0.981672 -0.015563 -0.189940
vn 0.981955 -0.016833 -0.188362
s 1
g Piece3 Supermarine_Spitfire_Mk:GLTF_SceneRootNode Supermarine_Spitfire_Mk:root Supermarine_Spitfire_Mk:Sketchfab_model Supermarine_Spitfire_Mk:Meshes Supermarine_Spitfire_Mk:scene polySurface71
usemtl Supermarine_Spitfire_Mk:Object_104SG
f 4667//4664 4664//4665 4665//4666
f 4667//4664 4666//4667 4664//4665
g default
v -816.650603 -11.401730 107.970217
v -814.562517 -11.550659 107.565431
v -816.750950 -15.157554 107.989681
v -814.656994 -15.368247 107.583738
vn 0.190317 -0.000001 0.981723
vn 0.190317 -0.000002 0.981723
vn 0.190316 -0.000003 0.981723
vn 0.190318 -0.000000 0.981723
s 1
g Piece3 Supermarine_Spitfire_Mk:GLTF_SceneRootNode Supermarine_Spitfire_Mk:root Supermarine_Spitfire_Mk:Sketchfab_model Supermarine_Spitfire_Mk:Meshes Supermarine_Spitfire_Mk:scene polySurface60
usemtl Supermarine_Spitfire_Mk:Object_104SG
f 4669//4668 4670//4669 4671//4670
f 4669//4668 4668//4671 4670//4669
g default
v -473.242281 -77.919004 175.642293
v -472.833672 -78.646149 175.794802
v -474.172715 -78.611800 175.794802
vn -0.005339 -0.208134 -0.978086
vn -0.005339 -0.208134 -0.978086
vn -0.005339 -0.208134 -0.978086
s off
g Piece3 Supermarine_Spitfire_Mk:GLTF_SceneRootNode Supermarine_Spitfire_Mk:root Supermarine_Spitfire_Mk:Sketchfab_model Supermarine_Spitfire_Mk:Meshes Supermarine_Spitfire_Mk:scene polySurface190
usemtl Supermarine_Spitfire_Mk:Object_101SG
f 4672//4672 4673//4673 4674//4674
g default
v -472.824416 -78.283395 177.499492
v -474.165435 -78.329385 177.121952
v -472.379404 -78.375198 177.121952
v -469.535615 -78.448144 177.121952
v -471.930300 -78.306323 177.499507
v -474.163347 -78.249046 177.499507
v -469.530987 -78.267621 177.970311
vn -0.025081 -0.977764 0.208203
vn -0.025081 -0.977764 0.208202
vn -0.025080 -0.977764 0.208203
vn -0.025080 -0.977764 0.208202
vn -0.025080 -0.977764 0.208203
vn -0.025081 -0.977764 0.208202
vn -0.025080 -0.977764 0.208202
s 1
g Piece3 Supermarine_Spitfire_Mk:GLTF_SceneRootNode Supermarine_Spitfire_Mk:root Supermarine_Spitfire_Mk:Sketchfab_model Supermarine_Spitfire_Mk:Meshes Supermarine_Spitfire_Mk:scene polySurface177
usemtl Supermarine_Spitfire_Mk:Object_101SG
f 4675//4675 4676//4676 4677//4677
f 4678//4678 4679//4679 4677//4677
f 4675//4675 4677//4677 4679//4679
f 4675//4675 4680//4680 4676//4676
f 4678//4678 4681//4681 4679//4679
g default
v -473.184433 -75.664109 176.549418
v -469.448277 -75.043279 176.396923
v -472.785417 -76.661231 176.759437
v -474.078069 -74.924520 176.396923
v -469.491932 -76.745712 176.759437
v -473.235057 -77.636590 176.969428
v -469.535615 -78.448144 177.121952
v -472.379404 -78.375198 177.121952
v -474.165435 -78.329385 177.121952
vn -0.005339 -0.208133 -0.978086
vn -0.005339 -0.208133 -0.978086
vn -0.005339 -0.208133 -0.978086
vn -0.005339 -0.208133 -0.978086
vn -0.005339 -0.208133 -0.978086
vn -0.005339 -0.208133 -0.978086
vn -0.005339 -0.208133 -0.978086
vn -0.005339 -0.208133 -0.978086
vn -0.005339 -0.208134 -0.978086
s 1
g Piece3 Supermarine_Spitfire_Mk:GLTF_SceneRootNode Supermarine_Spitfire_Mk:root Supermarine_Spitfire_Mk:Sketchfab_model Supermarine_Spitfire_Mk:Meshes Supermarine_Spitfire_Mk:scene polySurface175
usemtl Supermarine_Spitfire_Mk:Object_101SG
f 4682//4682 4683//4683 4684//4684
f 4682//4682 4685//4685 4683//4683
f 4686//4686 4684//4684 4683//4683
f 4687//4687 4684//4684 4688//4688
f 4687//4687 4689//4689 4690//4690
f 4686//4686 4688//4688 4684//4684
f 4687//4687 4688//4688 4689//4689
g default
v -469.443649 -74.862755 177.245297
v -469.491932 -76.745712 176.759437
v -469.448277 -75.043279 176.396923
v -469.530987 -78.267621 177.970311
v -469.535615 -78.448144 177.121952
v -469.487304 -76.565181 177.607797
vn 0.999671 -0.025643 0.000003
vn 0.999671 -0.025649 0.000004
vn 0.999671 -0.025638 0.000002
vn 0.999671 -0.025639 0.000002
vn 0.999671 -0.025632 0.000001
vn 0.999671 -0.025655 0.000006
s 1
g Piece3 Supermarine_Spitfire_Mk:GLTF_SceneRootNode Supermarine_Spitfire_Mk:root Supermarine_Spitfire_Mk:Sketchfab_model Supermarine_Spitfire_Mk:Meshes Supermarine_Spitfire_Mk:scene polySurface179
usemtl Supermarine_Spitfire_Mk:Object_101SG
f 4691//4691 4692//4692 4693//4693
f 4692//4692 4694//4694 4695//4695
f 4691//4691 4696//4696 4692//4692
f 4692//4692 4696//4696 4694//4694
g default
v -472.216157 -75.882128 174.557601
v -472.126449 -75.611057 174.499441
v -471.853798 -75.510866 174.476626
v -471.603440 -75.657026 174.506369
v -471.563962 -75.939448 174.566250
v -471.765078 -76.145481 174.611188
v -472.055309 -76.119971 174.607351
vn -0.005338 -0.208134 -0.978086
vn -0.005338 -0.208132 -0.978086
vn -0.005339 -0.208133 -0.978086
vn -0.005338 -0.208133 -0.978086
vn -0.005338 -0.208133 -0.978086
vn -0.005339 -0.208133 -0.978086
vn -0.005339 -0.208133 -0.978086
s 1
g Piece3 Supermarine_Spitfire_Mk:GLTF_SceneRootNode Supermarine_Spitfire_Mk:root Supermarine_Spitfire_Mk:Sketchfab_model Supermarine_Spitfire_Mk:Meshes Supermarine_Spitfire_Mk:scene polySurface196
usemtl Supermarine_Spitfire_Mk:Object_101SG
f 4697//4697 4698//4698 4699//4699
f 4700//4700 4701//4701 4699//4699
f 4701//4701 4702//4702 4699//4699
f 4702//4702 4703//4703 4699//4699
f 4703//4703 4697//4697 4699//4699
g default
v -470.580843 -78.639758 177.168428
v -473.095995 -76.499318 176.726675
v -473.341160 -77.398076 176.919269
v -476.372041 -75.606691 176.554596
v -475.824989 -76.265835 176.691881
v -475.280195 -75.503642 176.526716
v -476.659422 -76.564969 176.760101
v -475.741009 -77.192755 176.888680
v -475.721820 -78.250809 177.113712
v -475.067593 -77.850693 177.025006
v -474.748099 -78.532864 177.168414
v -474.119777 -77.931780 177.037083
v -475.636430 -74.923214 176.405149
v -474.361613 -75.262808 176.470462
v -474.649558 -74.691445 176.350447
v -473.499073 -75.656038 176.549418
v -470.482359 -74.798339 176.350447
v -476.421367 -77.530501 176.964264
vn 0.005339 0.208133 0.978086
vn 0.005339 0.208133 0.978086
vn 0.005339 0.208133 0.978086
vn 0.005339 0.208134 0.978086
vn 0.005339 0.208134 0.978086
vn 0.005339 0.208133 0.978086
vn 0.005339 0.208133 0.978086
vn 0.005339 0.208133 0.978086
vn 0.005339 0.208133 0.978086
vn 0.005339 0.208133 0.978086
vn 0.005339 0.208133 0.978086
vn 0.005339 0.208133 0.978086
vn 0.005339 0.208133 0.978086
vn 0.005339 0.208133 0.978086
vn 0.005339 0.208133 0.978086
vn 0.005339 0.208133 0.978086
vn 0.005339 0.208133 0.978086
vn 0.005339 0.208133 0.978086
s 1
g Piece3 Supermarine_Spitfire_Mk:GLTF_SceneRootNode Supermarine_Spitfire_Mk:root Supermarine_Spitfire_Mk:Sketchfab_model Supermarine_Spitfire_Mk:Meshes Supermarine_Spitfire_Mk:scene polySurface173
usemtl Supermarine_Spitfire_Mk:Object_101SG
f 4704//4704 4705//4705 4706//4706
f 4707//4707 4708//4708 4709//4709
f 4710//4710 4711//4711 4708//4708
f 4711//4711 4712//4712 4713//4713
f 4713//4713 4714//4714 4715//4715
f 4716//4716 4709//4709 4717//4717
f 4718//4718 4717//4717 4719//4719
f 4719//4719 4705//4705 4720//4720
f 4715//4715 4714//4714 4704//4704
f 4719//4719 4720//4720 4718//4718
f 4715//4715 4704//4704 4706//4706
f 4704//4704 4720//4720 4705//4705
f 4707//4707 4710//4710 4708//4708
f 4710//4710 4721//4721 4711//4711
f 4711//4711 4721//4721 4712//4712
f 4713//4713 4712//4712 4714//4714
f 4716//4716 4707//4707 4709//4709
f 4718//4718 4716//4716 4717//4717
g default
v -472.127127 -78.058998 175.020348
v -471.837657 -78.026504 175.011869
v -471.662700 -78.510910 175.113993
v -471.630953 -78.227628 175.053534
v -471.908881 -78.663038 175.147700
v -472.184242 -78.569457 175.129288
v -472.281371 -78.300630 175.072624
vn -0.005339 -0.208134 -0.978086
vn -0.005338 -0.208134 -0.978086
vn -0.005338 -0.208133 -0.978086
vn -0.005339 -0.208133 -0.978086
vn -0.005338 -0.208133 -0.978086
vn -0.005339 -0.208134 -0.978086
vn -0.005339 -0.208134 -0.978086
s 1
g Piece3 Supermarine_Spitfire_Mk:GLTF_SceneRootNode Supermarine_Spitfire_Mk:root Supermarine_Spitfire_Mk:Sketchfab_model Supermarine_Spitfire_Mk:Meshes Supermarine_Spitfire_Mk:scene polySurface198
usemtl Supermarine_Spitfire_Mk:Object_101SG
f 4722//4722 4723//4723 4724//4724
f 4723//4723 4725//4725 4724//4724
f 4724//4724 4726//4726 4722//4722
f 4726//4726 4727//4727 4722//4722
f 4727//4727 4728//4728 4722//4722
g default
v -473.189597 -75.866170 175.599838
v -474.085350 -75.206934 175.069774
v -473.191713 -75.946517 175.222283
v -472.790553 -76.863300 175.809857
v -472.792613 -76.943646 175.432302
v -474.170627 -78.531461 176.172357
v -473.242281 -77.919004 175.642293
v -474.172715 -78.611800 175.794802
v -473.240221 -77.838658 176.019848
v -474.083318 -75.126588 175.447343
vn -0.808183 -0.575120 0.126793
vn -0.645400 -0.746391 0.162354
vn -0.808183 -0.575120 0.126793
vn -0.999671 0.025643 -0.000001
vn -0.999671 0.025643 -0.000001
vn -0.606281 0.778502 -0.162354
vn -0.777637 0.615795 -0.126795
vn -0.606278 0.778504 -0.162355
vn -0.777639 0.615793 -0.126794
vn -0.645400 -0.746391 0.162354
s 1
g Piece3 Supermarine_Spitfire_Mk:GLTF_SceneRootNode Supermarine_Spitfire_Mk:root Supermarine_Spitfire_Mk:Sketchfab_model Supermarine_Spitfire_Mk:Meshes Supermarine_Spitfire_Mk:scene polySurface193
usemtl Supermarine_Spitfire_Mk:Object_101SG
f 4729//4729 4730//4730 4731//4731
f 4732//4732 4731//4731 4733//4733
f 4734//4734 4735//4735 4736//4736
f 4732//4732 4735//4735 4737//4737
f 4729//4729 4738//4738 4730//4730
f 4732//4732 4729//4729 4731//4731
f 4734//4734 4737//4737 4735//4735
f 4732//4732 4733//4733 4735//4735
g default
v -472.833672 -78.646149 175.794802
v -474.170627 -78.531461 176.172357
v -474.172715 -78.611800 175.794802
v -469.540751 -78.650213 176.172371
v -471.939555 -78.669077 175.794802
v -469.545379 -78.830743 175.323984
v -472.384596 -78.577267 176.172357
vn -0.025081 -0.977764 0.208201
vn -0.025081 -0.977764 0.208202
vn -0.025081 -0.977764 0.208202
vn -0.025080 -0.977764 0.208202
vn -0.025080 -0.977764 0.208203
vn -0.025080 -0.977764 0.208202
vn -0.025080 -0.977764 0.208202
s 1
g Piece3 Supermarine_Spitfire_Mk:GLTF_SceneRootNode Supermarine_Spitfire_Mk:root Supermarine_Spitfire_Mk:Sketchfab_model Supermarine_Spitfire_Mk:Meshes Supermarine_Spitfire_Mk:scene polySurface189
usemtl Supermarine_Spitfire_Mk:Object_101SG
f 4739//4739 4740//4740 4741//4741
f 4742//4742 4743//4743 4744//4744
f 4739//4739 4743//4743 4745//4745
f 4739//4739 4745//4745 4740//4740
f 4742//4742 4745//4745 4743//4743
g default
v -469.453441 -75.245347 175.447329
v -469.501780 -77.128318 174.961484
v -469.458126 -75.425878 174.598970
v -469.540751 -78.650213 176.172371
v -469.497152 -76.947780 175.809843
v -469.545379 -78.830743 175.323984
vn 0.999671 -0.025640 -0.000009
vn 0.999671 -0.025638 -0.000000
vn 0.999671 -0.025641 -0.000014
vn 0.999671 -0.025638 0.000002
vn 0.999671 -0.025637 0.000002
vn 0.999671 -0.025638 0.000002
s 1
g Piece3 Supermarine_Spitfire_Mk:GLTF_SceneRootNode Supermarine_Spitfire_Mk:root Supermarine_Spitfire_Mk:Sketchfab_model Supermarine_Spitfire_Mk:Meshes Supermarine_Spitfire_Mk:scene polySurface192
usemtl Supermarine_Spitfire_Mk:Object_101SG
f 4746//4746 4747//4747 4748//4748
f 4749//4749 4747//4747 4750//4750
f 4746//4746 4750//4750 4747//4747
f 4749//4749 4751//4751 4747//4747
g default
v -473.182373 -75.583763 176.926973
v -472.737078 -74.878530 176.774478
v -474.076037 -74.844173 176.774478
v -472.783273 -76.580892 177.136992
v -472.366141 -77.857600 177.406384
v -472.301237 -75.327246 176.867586
v -472.311819 -78.077771 177.452945
v -472.824416 -78.283395 177.499492
v -472.152298 -78.242012 177.487034
v -473.232969 -77.556250 177.346983
v -472.067980 -74.954312 176.786951
v -472.235741 -75.110151 176.821039
v -471.930300 -78.306323 177.499507
v -471.842962 -74.901458 176.774464
vn 0.005339 0.208133 0.978086
vn 0.005339 0.208133 0.978086
vn 0.005339 0.208134 0.978086
vn 0.005339 0.208133 0.978086
vn 0.005338 0.208133 0.978086
vn 0.005339 0.208133 0.978086
vn 0.005339 0.208132 0.978086
vn 0.005338 0.208133 0.978086
vn 0.005339 0.208136 0.978085
vn 0.005339 0.208133 0.978086
vn 0.005339 0.208132 0.978086
vn 0.005339 0.208133 0.978086
vn 0.005339 0.208139 0.978085
vn 0.005339 0.208131 0.978086
s 1
g Piece3 Supermarine_Spitfire_Mk:GLTF_SceneRootNode Supermarine_Spitfire_Mk:root Supermarine_Spitfire_Mk:Sketchfab_model Supermarine_Spitfire_Mk:Meshes Supermarine_Spitfire_Mk:scene polySurface176
usemtl Supermarine_Spitfire_Mk:Object_101SG
f 4752//4752 4753//4753 4754//4754
f 4755//4755 4756//4756 4757//4757
f 4752//4752 4755//4755 4753//4753
f 4758//4758 4759//4759 4760//4760
f 4761//4761 4759//4759 4755//4755
f 4762//4762 4753//4753 4763//4763
f 4759//4759 4758//4758 4756//4756
f 4760//4760 4759//4759 4764//4764
f 4753//4753 4762//4762 4765//4765
f 4763//4763 4753//4753 4757//4757
f 4757//4757 4753//4753 4755//4755
f 4755//4755 4759//4759 4756//4756
g default
v -473.182373 -75.583763 176.926973
v -474.078069 -74.924520 176.396923
v -473.184433 -75.664109 176.549418
v -472.783273 -76.580892 177.136992
v -472.785417 -76.661231 176.759437
v -474.163347 -78.249046 177.499507
v -473.235057 -77.636590 176.969428
v -474.165435 -78.329385 177.121952
v -474.076037 -74.844173 176.774478
v -473.232969 -77.556250 177.346983
vn -0.808195 -0.575104 0.126790
vn -0.645391 -0.746399 0.162352
vn -0.808197 -0.575102 0.126789
vn -0.999671 0.025650 -0.000003
vn -0.999671 0.025648 -0.000002
vn -0.606292 0.778494 -0.162353
vn -0.777638 0.615795 -0.126795
vn -0.606292 0.778494 -0.162353
vn -0.645385 -0.746404 0.162353
vn -0.777638 0.615794 -0.126795
s 1
g Piece3 Supermarine_Spitfire_Mk:GLTF_SceneRootNode Supermarine_Spitfire_Mk:root Supermarine_Spitfire_Mk:Sketchfab_model Supermarine_Spitfire_Mk:Meshes Supermarine_Spitfire_Mk:scene polySurface180
usemtl Supermarine_Spitfire_Mk:Object_101SG
f 4766//4766 4767//4767 4768//4768
f 4769//4769 4768//4768 4770//4770
f 4771//4771 4772//4772 4773//4773
f 4772//4772 4769//4769 4770//4770
f 4766//4766 4774//4774 4767//4767
f 4769//4769 4766//4766 4768//4768
f 4771//4771 4775//4775 4772//4772
f 4772//4772 4775//4775 4769//4769
g default
v -472.363545 -77.757423 177.877188
v -472.301237 -75.327246 176.867586
v -472.366141 -77.857600 177.406384
v -469.530987 -78.267621 177.970311
v -471.927732 -78.206139 177.970311
v -471.930300 -78.306323 177.499507
v -471.842962 -74.901458 176.774464
v -471.840394 -74.801273 177.245297
v -469.443649 -74.862755 177.245297
v -472.067980 -74.954312 176.786951
v -472.233173 -75.009966 177.291844
v -472.065412 -74.854120 177.257769
v -472.235741 -75.110151 176.821039
v -472.298613 -75.227062 177.338391
v -472.309251 -77.977580 177.923750
v -472.311819 -78.077771 177.452945
v -472.149730 -78.141821 177.957838
v -472.152298 -78.242012 177.487034
vn -0.999979 0.004805 0.004431
vn -0.998910 0.046457 -0.004438
vn -0.999979 0.004800 0.004432
vn -0.025081 -0.977764 0.208202
vn -0.047919 -0.976923 0.208147
vn -0.050894 -0.976776 0.208132
vn -0.000750 0.978101 -0.208131
vn 0.002230 0.978095 -0.208146
vn 0.025081 0.977765 -0.208200
vn -0.478109 0.859594 -0.180304
vn -0.853189 0.511111 -0.104092
vn -0.478129 0.859582 -0.180308
vn -0.853190 0.511108 -0.104095
vn -0.998910 0.046463 -0.004438
vn -0.878293 -0.466655 0.104093
vn -0.878257 -0.466720 0.104106
vn -0.521584 -0.833931 0.180302
vn -0.521541 -0.833957 0.180307
s 1
g Piece3 Supermarine_Spitfire_Mk:GLTF_SceneRootNode Supermarine_Spitfire_Mk:root Supermarine_Spitfire_Mk:Sketchfab_model Supermarine_Spitfire_Mk:Meshes Supermarine_Spitfire_Mk:scene polySurface181
usemtl Supermarine_Spitfire_Mk:Object_101SG
f 4776//4776 4777//4777 4778//4778
f 4779//4779 4780//4780 4781//4781
f 4782//4782 4783//4783 4784//4784
f 4785//4785 4783//4783 4782//4782
f 4785//4785 4786//4786 4787//4787
f 4788//4788 4789//4789 4786//4786
f 4778//4778 4790//4790 4776//4776
f 4791//4791 4792//4792 4790//4790
f 4793//4793 4780//4780 4792//4792
f 4776//4776 4789//4789 4777//4777
f 4785//4785 4787//4787 4783//4783
f 4785//4785 4788//4788 4786//4786
f 4788//4788 4777//4777 4789//4789
f 4778//4778 4791//4791 4790//4790
f 4791//4791 4793//4793 4792//4792
f 4793//4793 4781//4781 4780//4780
g default
v -471.764006 -76.103879 174.806661
v -472.055309 -76.119971 174.607351
v -471.765078 -76.145481 174.611188
v -471.602368 -75.615424 174.701842
v -471.853798 -75.510866 174.476626
v -471.852726 -75.469271 174.672113
v -472.215085 -75.840534 174.753087
v -472.126449 -75.611057 174.499441
v -472.216157 -75.882128 174.557601
v -471.562889 -75.897846 174.761722
v -471.563962 -75.939448 174.566250
v -471.603440 -75.657026 174.506369
v -472.054237 -76.078377 174.802823
v -472.125377 -75.569456 174.694928
v -472.126449 -75.611057 174.499441
v -472.125377 -75.569456 174.694928
vn 0.352552 -0.915687 0.192938
vn -0.511798 -0.839719 0.181479
vn 0.352576 -0.915678 0.192936
vn 0.833833 0.538987 -0.119234
vn 0.088366 0.974177 -0.207777
vn 0.088360 0.974176 -0.207782
vn -0.990770 -0.131386 0.033367
vn -0.951419 0.302178 -0.059079
vn -0.990766 -0.131413 0.033359
vn 0.951415 -0.302181 0.059124
vn 0.951422 -0.302160 0.059118
vn 0.833834 0.538984 -0.119233
vn -0.511782 -0.839729 0.181480
vn -0.352585 0.915678 -0.192918
vn -0.352586 0.915680 -0.192909
vn -0.951407 0.302221 -0.059062
s 1
g Piece3 Supermarine_Spitfire_Mk:GLTF_SceneRootNode Supermarine_Spitfire_Mk:root Supermarine_Spitfire_Mk:Sketchfab_model Supermarine_Spitfire_Mk:Meshes Supermarine_Spitfire_Mk:scene polySurface197
usemtl Supermarine_Spitfire_Mk:Object_101SG
f 4794//4794 4795//4795 4796//4796
f 4797//4797 4798//4798 4799//4799
f 4800//4800 4801//4801 4802//4802
f 4803//4803 4796//4796 4804//4804
f 4797//4797 4804//4804 4805//4805
f 4806//4806 4802//4802 4795//4795
f 4807//4807 4798//4798 4808//4808
f 4794//4794 4806//4806 4795//4795
f 4797//4797 4805//4805 4798//4798
f 4800//4800 4809//4809 4801//4801
f 4803//4803 4794//4794 4796//4796
f 4797//4797 4803//4803 4804//4804
f 4806//4806 4800//4800 4802//4802
f 4807//4807 4799//4799 4798//4798
g default
v -471.749021 -75.519854 177.551218
v -472.040382 -75.535939 177.351879
v -471.750094 -75.561449 177.355731
v -471.837713 -74.885246 177.416656
v -471.588512 -75.072993 177.250898
v -471.838786 -74.926841 177.221169
v -472.201173 -75.298103 177.302158
v -472.110421 -74.985430 177.439457
v -472.111465 -75.027025 177.243970
v -471.547905 -75.313821 177.506265
v -471.548978 -75.355422 177.310779
v -471.587440 -75.031399 177.446370
v -472.039281 -75.494344 177.547352
v -472.111465 -75.027025 177.243970
v -472.200072 -75.256501 177.497630
v -472.110421 -74.985430 177.439457
vn 0.352571 -0.915680 0.192933
vn -0.511816 -0.839710 0.181473
vn 0.352556 -0.915686 0.192936
vn 0.088379 0.974173 -0.207789
vn 0.833865 0.538927 -0.119274
vn 0.088384 0.974175 -0.207778
vn -0.990762 -0.131445 0.033365
vn -0.951433 0.302128 -0.059111
vn -0.951429 0.302140 -0.059113
vn 0.951425 -0.302153 0.059117
vn 0.951427 -0.302150 0.059100
vn 0.833876 0.538912 -0.119267
vn -0.511825 -0.839705 0.181471
vn -0.352553 0.915687 -0.192936
vn -0.990758 -0.131470 0.033370
vn -0.352584 0.915675 -0.192933
s 1
g Piece3 Supermarine_Spitfire_Mk:GLTF_SceneRootNode Supermarine_Spitfire_Mk:root Supermarine_Spitfire_Mk:Sketchfab_model Supermarine_Spitfire_Mk:Meshes Supermarine_Spitfire_Mk:scene polySurface184
usemtl Supermarine_Spitfire_Mk:Object_101SG
f 4810//4810 4811//4811 4812//4812
f 4813//4813 4814//4814 4815//4815
f 4816//4816 4817//4817 4818//4818
f 4819//4819 4812//4812 4820//4820
f 4821//4821 4820//4820 4814//4814
f 4822//4822 4816//4816 4811//4811
f 4823//4823 4813//4813 4815//4815
f 4810//4810 4822//4822 4811//4811
f 4813//4813 4821//4821 4814//4814
f 4816//4816 4824//4824 4817//4817
f 4819//4819 4810//4810 4812//4812
f 4821//4821 4819//4819 4820//4820
f 4822//4822 4824//4824 4816//4816
f 4823//4823 4825//4825 4813//4813
g default
v -469.453441 -75.245347 175.447329
v -469.458126 -75.425878 174.598970
v -471.852218 -75.264212 175.069774
v -474.085350 -75.206934 175.069774
v -474.083318 -75.126588 175.447343
v -472.746362 -75.241277 175.069788
vn 0.025080 0.977764 -0.208202
vn 0.025080 0.977764 -0.208202
vn 0.025080 0.977764 -0.208202
vn 0.025080 0.977764 -0.208202
vn 0.025080 0.977764 -0.208202
vn 0.025079 0.977764 -0.208201
s 1
g Piece3 Supermarine_Spitfire_Mk:GLTF_SceneRootNode Supermarine_Spitfire_Mk:root Supermarine_Spitfire_Mk:Sketchfab_model Supermarine_Spitfire_Mk:Meshes Supermarine_Spitfire_Mk:scene polySurface195
usemtl Supermarine_Spitfire_Mk:Object_101SG
f 4826//4826 4827//4827 4828//4828
f 4829//4829 4830//4830 4831//4831
f 4830//4830 4826//4826 4828//4828
f 4831//4831 4830//4830 4828//4828
g default
v -475.280195 -75.503642 176.526716
v -474.382156 -75.463346 175.520627
v -474.361613 -75.262808 176.470462
v -475.824989 -76.265835 176.691881
v -475.297972 -75.714092 175.578984
v -475.834075 -76.482147 175.745349
v -475.741009 -77.192755 176.888680
v -475.739598 -77.408115 175.941879
v -475.067593 -77.850693 177.025006
v -475.058789 -78.058737 176.076610
v -474.119777 -77.931780 177.037083
v -474.110126 -78.129567 176.086501
v -473.341160 -77.398076 176.919269
v -473.337605 -77.587475 175.966938
v -473.337605 -77.587475 175.966938
v -473.095995 -76.499318 176.726675
v -473.102682 -76.686113 175.773850
v -473.499073 -75.656038 176.549418
v -473.515158 -75.847221 175.597580
v -473.341160 -77.398076 176.919269
vn 0.573944 -0.802225 0.164388
vn -0.074280 -0.974785 0.210421
vn -0.086731 -0.974972 0.204710
vn 0.966025 -0.254350 0.045845
vn 0.584066 -0.794042 0.168416
vn 0.969161 -0.241524 0.048922
vn 0.906068 0.412226 -0.095452
vn 0.900813 0.424310 -0.092172
vn 0.422164 0.885652 -0.193387
vn 0.410931 0.891896 -0.188833
vn -0.259248 0.944420 -0.202141
vn -0.271244 0.942380 -0.195824
vn -0.578955 0.798182 -0.166482
vn -0.583473 0.796117 -0.160494
vn -0.967636 0.247879 -0.047294
vn -0.996159 -0.085101 0.020627
vn -0.994948 -0.096173 0.028792
vn -0.706825 -0.691747 0.147936
vn -0.697866 -0.699191 0.155289
vn -0.966227 0.252033 -0.053707
s 1
g Piece3 Supermarine_Spitfire_Mk:GLTF_SceneRootNode Supermarine_Spitfire_Mk:root Supermarine_Spitfire_Mk:Sketchfab_model Supermarine_Spitfire_Mk:Meshes Supermarine_Spitfire_Mk:scene polySurface174
usemtl Supermarine_Spitfire_Mk:Object_101SG
f 4832//4832 4833//4833 4834//4834
f 4835//4835 4836//4836 4832//4832
f 4837//4837 4838//4838 4839//4839
f 4839//4839 4840//4840 4841//4841
f 4841//4841 4842//4842 4843//4843
f 4843//4843 4844//4844 4845//4845
f 4846//4846 4847//4847 4848//4848
f 4848//4848 4849//4849 4850//4850
f 4834//4834 4850//4850 4849//4849
f 4832//4832 4836//4836 4833//4833
f 4835//4835 4837//4837 4836//4836
f 4837//4837 4835//4835 4838//4838
f 4839//4839 4838//4838 4840//4840
f 4841//4841 4840//4840 4842//4842
f 4843//4843 4842//4842 4844//4844
f 4846//4846 4851//4851 4847//4847
f 4848//4848 4847//4847 4849//4849
f 4834//4834 4833//4833 4850//4850
g default
v -473.102682 -76.686113 175.773850
v -470.586035 -78.841826 176.218848
v -473.337605 -77.587475 175.966938
v -475.739598 -77.408115 175.941879
v -476.664445 -76.760823 175.809180
v -475.834075 -76.482147 175.745349
v -475.726956 -78.452878 176.164131
v -475.058789 -78.058737 176.076610
v -474.753235 -78.734926 176.218834
v -474.110126 -78.129567 176.086501
v -476.377233 -75.808759 175.605016
v -475.297972 -75.714092 175.578984
v -475.641622 -75.125283 175.455555
v -474.382156 -75.463346 175.520627
v -474.654751 -74.893514 175.400866
v -473.515158 -75.847221 175.597580
v -470.487495 -75.000400 175.400852
v -476.426560 -77.732569 176.014670
vn -0.005339 -0.208133 -0.978086
vn -0.005339 -0.208133 -0.978086
vn -0.005339 -0.208134 -0.978086
vn -0.005339 -0.208133 -0.978086
vn -0.005339 -0.208133 -0.978086
vn -0.005339 -0.208133 -0.978086
vn -0.005339 -0.208133 -0.978086
vn -0.005339 -0.208133 -0.978086
vn -0.005339 -0.208133 -0.978086
vn -0.005339 -0.208133 -0.978086
vn -0.005339 -0.208133 -0.978086
vn -0.005339 -0.208133 -0.978086
vn -0.005339 -0.208133 -0.978086
vn -0.005339 -0.208132 -0.978086
vn -0.005339 -0.208133 -0.978086
vn -0.005339 -0.208133 -0.978086
vn -0.005339 -0.208133 -0.978086
vn -0.005339 -0.208133 -0.978086
s 1
g Piece3 Supermarine_Spitfire_Mk:GLTF_SceneRootNode Supermarine_Spitfire_Mk:root Supermarine_Spitfire_Mk:Sketchfab_model Supermarine_Spitfire_Mk:Meshes Supermarine_Spitfire_Mk:scene polySurface172
usemtl Supermarine_Spitfire_Mk:Object_101SG
f 4852//4852 4853//4853 4854//4854
f 4855//4855 4856//4856 4857//4857
f 4858//4858 4855//4855 4859//4859
f 4860//4860 4859//4859 4861//4861
f 4857//4857 4862//4862 4863//4863
f 4863//4863 4864//4864 4865//4865
f 4865//4865 4866//4866 4867//4867
f 4861//4861 4854//4854 4853//4853
f 4867//4867 4866//4866 4868//4868
f 4861//4861 4853//4853 4860//4860
f 4867//4867 4868//4868 4852//4852
f 4852//4852 4868//4868 4853//4853
f 4855//4855 4869//4869 4856//4856
f 4858//4858 4869//4869 4855//4855
f 4860//4860 4858//4858 4859//4859
f 4857//4857 4856//4856 4862//4862
f 4863//4863 4862//4862 4864//4864
f 4865//4865 4864//4864 4866//4866
g default
v -469.487304 -76.565181 177.607797
v -469.443649 -74.862755 177.245297
v -471.840394 -74.801273 177.245297
v -472.309251 -77.977580 177.923750
v -472.149730 -78.141821 177.957838
v -471.927732 -78.206139 177.970311
v -472.298613 -75.227062 177.338391
v -472.233173 -75.009966 177.291844
v -472.065412 -74.854120 177.257769
v -469.530987 -78.267621 177.970311
v -472.363545 -77.757423 177.877188
vn 0.005339 0.208133 0.978086
vn 0.005339 0.208133 0.978086
vn 0.005339 0.208133 0.978086
vn 0.005336 0.208131 0.978086
vn 0.005339 0.208135 0.978086
vn 0.005339 0.208134 0.978086
vn 0.005339 0.208133 0.978086
vn 0.005338 0.208133 0.978086
vn 0.005339 0.208134 0.978086
vn 0.005339 0.208133 0.978086
vn 0.005339 0.208133 0.978086
s 1
g Piece3 Supermarine_Spitfire_Mk:GLTF_SceneRootNode Supermarine_Spitfire_Mk:root Supermarine_Spitfire_Mk:Sketchfab_model Supermarine_Spitfire_Mk:Meshes Supermarine_Spitfire_Mk:scene polySurface178
usemtl Supermarine_Spitfire_Mk:Object_101SG
f 4870//4870 4871//4871 4872//4872
f 4873//4873 4874//4874 4875//4875
f 4876//4876 4870//4870 4877//4877
f 4877//4877 4870//4870 4878//4878
f 4878//4878 4870//4870 4872//4872
f 4879//4879 4870//4870 4875//4875
f 4870//4870 4876//4876 4880//4880
f 4875//4875 4870//4870 4880//4880
f 4880//4880 4873//4873 4875//4875
g default
v -473.232969 -77.556250 177.346983
v -474.163347 -78.249046 177.499507
v -472.824416 -78.283395 177.499492
vn 0.005339 0.208133 0.978086
vn 0.005339 0.208133 0.978086
vn 0.005339 0.208133 0.978086
s off
g Piece3 Supermarine_Spitfire_Mk:GLTF_SceneRootNode Supermarine_Spitfire_Mk:root Supermarine_Spitfire_Mk:Sketchfab_model Supermarine_Spitfire_Mk:Meshes Supermarine_Spitfire_Mk:scene polySurface201
usemtl Supermarine_Spitfire_Mk:Object_101SG
f 4881//4881 4882//4882 4883//4883
g default
v -473.189597 -75.866170 175.599838
v -472.790553 -76.863300 175.809857
v -469.453441 -75.245347 175.447329
v -474.083318 -75.126588 175.447343
v -469.497152 -76.947780 175.809843
v -473.240221 -77.838658 176.019848
v -469.540751 -78.650213 176.172371
v -472.384596 -78.577267 176.172357
v -474.170627 -78.531461 176.172357
vn 0.005339 0.208133 0.978086
vn 0.005339 0.208133 0.978086
vn 0.005339 0.208133 0.978086
vn 0.005339 0.208133 0.978086
vn 0.005339 0.208133 0.978086
vn 0.005339 0.208133 0.978086
vn 0.005339 0.208133 0.978086
vn 0.005339 0.208133 0.978086
vn 0.005339 0.208133 0.978086
s 1
g Piece3 Supermarine_Spitfire_Mk:GLTF_SceneRootNode Supermarine_Spitfire_Mk:root Supermarine_Spitfire_Mk:Sketchfab_model Supermarine_Spitfire_Mk:Meshes Supermarine_Spitfire_Mk:scene polySurface187
usemtl Supermarine_Spitfire_Mk:Object_101SG
f 4884//4884 4885//4885 4886//4886
f 4884//4884 4886//4886 4887//4887
f 4888//4888 4886//4886 4885//4885
f 4889//4889 4890//4890 4885//4885
f 4889//4889 4891//4891 4890//4890
f 4888//4888 4885//4885 4890//4890
f 4889//4889 4892//4892 4891//4891
g default
v -470.586035 -78.841826 176.218848
v -470.482359 -74.798339 176.350447
v -470.580843 -78.639758 177.168428
v -470.487495 -75.000400 175.400852
vn 0.999671 -0.025641 0.000004
vn 0.999671 -0.025643 -0.000005
vn 0.999671 -0.025641 0.000007
vn 0.999671 -0.025644 -0.000008
s 1
g Piece3 Supermarine_Spitfire_Mk:GLTF_SceneRootNode Supermarine_Spitfire_Mk:root Supermarine_Spitfire_Mk:Sketchfab_model Supermarine_Spitfire_Mk:Meshes Supermarine_Spitfire_Mk:scene polySurface170
usemtl Supermarine_Spitfire_Mk:Object_101SG
f 4893//4893 4894//4894 4895//4895
f 4893//4893 4896//4896 4894//4894
g default
v -469.501780 -77.128318 174.961484
v -471.854842 -75.364403 174.598970
v -469.458126 -75.425878 174.598970
v -472.164178 -78.704950 175.311511
v -472.323699 -78.540709 175.277437
v -472.378021 -78.320545 175.230890
v -472.313089 -75.790184 174.692078
v -472.247565 -75.573096 174.645517
v -472.079888 -75.417250 174.611442
v -469.545379 -78.830743 175.323984
v -471.942180 -78.769268 175.323984
vn -0.005339 -0.208133 -0.978086
vn -0.005339 -0.208133 -0.978086
vn -0.005339 -0.208133 -0.978086
vn -0.005338 -0.208132 -0.978086
vn -0.005340 -0.208131 -0.978086
vn -0.005339 -0.208133 -0.978086
vn -0.005339 -0.208133 -0.978086
vn -0.005339 -0.208133 -0.978086
vn -0.005339 -0.208134 -0.978086
vn -0.005339 -0.208133 -0.978086
vn -0.005339 -0.208133 -0.978086
s 1
g Piece3 Supermarine_Spitfire_Mk:GLTF_SceneRootNode Supermarine_Spitfire_Mk:root Supermarine_Spitfire_Mk:Sketchfab_model Supermarine_Spitfire_Mk:Meshes Supermarine_Spitfire_Mk:scene polySurface191
usemtl Supermarine_Spitfire_Mk:Object_101SG
f 4897//4897 4898//4898 4899//4899
f 4900//4900 4901//4901 4902//4902
f 4903//4903 4904//4904 4897//4897
f 4904//4904 4905//4905 4897//4897
f 4905//4905 4898//4898 4897//4897
f 4903//4903 4897//4897 4902//4902
f 4897//4897 4906//4906 4907//4907
f 4902//4902 4897//4897 4907//4907
f 4907//4907 4900//4900 4902//4902
g default
v -471.907809 -78.621444 175.343187
v -471.662700 -78.510910 175.113993
v -471.661627 -78.469315 175.309465
v -471.836585 -77.984910 175.207341
v -472.127127 -78.058998 175.020348
v -472.126054 -78.017397 175.215835
v -472.280299 -78.259035 175.268096
v -472.184242 -78.569457 175.129288
v -472.183169 -78.527856 175.324760
v -471.630953 -78.227628 175.053534
v -471.629909 -78.186033 175.249020
v -471.837657 -78.026504 175.011869
v -471.908881 -78.663038 175.147700
v -472.127127 -78.058998 175.020348
v -472.281371 -78.300630 175.072624
v -472.126054 -78.017397 175.215835
vn 0.115128 -0.971724 0.206153
vn 0.848401 -0.518682 0.105755
vn 0.848402 -0.518680 0.105754
vn 0.327283 0.923868 -0.198377
vn -0.115118 0.971725 -0.206153
vn -0.115116 0.971725 -0.206154
vn -0.994045 0.107563 -0.017433
vn -0.704850 -0.693027 0.151325
vn -0.704890 -0.692992 0.151303
vn 0.942821 0.324917 -0.074274
vn 0.942820 0.324921 -0.074274
vn 0.327294 0.923865 -0.198376
vn 0.115123 -0.971724 0.206152
vn -0.848384 0.518714 -0.105739
vn -0.994048 0.107544 -0.017401
vn -0.848403 0.518679 -0.105754
s 1
g Piece3 Supermarine_Spitfire_Mk:GLTF_SceneRootNode Supermarine_Spitfire_Mk:root Supermarine_Spitfire_Mk:Sketchfab_model Supermarine_Spitfire_Mk:Meshes Supermarine_Spitfire_Mk:scene polySurface199
usemtl Supermarine_Spitfire_Mk:Object_101SG
f 4908//4908 4909//4909 4910//4910
f 4911//4911 4912//4912 4913//4913
f 4914//4914 4915//4915 4916//4916
f 4910//4910 4917//4917 4918//4918
f 4911//4911 4917//4917 4919//4919
f 4916//4916 4920//4920 4908//4908
f 4914//4914 4921//4921 4922//4922
f 4908//4908 4920//4920 4909//4909
f 4911//4911 4919//4919 4912//4912
f 4914//4914 4922//4922 4915//4915
f 4910//4910 4909//4909 4917//4917
f 4911//4911 4918//4918 4917//4917
f 4916//4916 4915//4915 4920//4920
f 4914//4914 4923//4923 4921//4921
g default
v -473.191713 -75.946517 175.222283
v -474.085350 -75.206934 175.069774
v -472.746362 -75.241277 175.069788
v -472.375396 -78.220354 175.701694
v -472.833672 -78.646149 175.794802
v -472.792613 -76.943646 175.432302
v -472.321132 -78.440518 175.748255
v -472.161610 -78.604766 175.782330
v -473.242281 -77.919004 175.642293
v -472.077264 -75.317059 175.082247
v -472.244997 -75.472905 175.116335
v -471.939555 -78.669077 175.794802
v -471.852218 -75.264212 175.069774
v -472.310493 -75.690000 175.162896
vn -0.005339 -0.208133 -0.978086
vn -0.005339 -0.208133 -0.978086
vn -0.005339 -0.208133 -0.978086
vn -0.005339 -0.208133 -0.978086
vn -0.005339 -0.208133 -0.978086
vn -0.005339 -0.208133 -0.978086
vn -0.005339 -0.208133 -0.978086
vn -0.005339 -0.208134 -0.978086
vn -0.005339 -0.208133 -0.978086
vn -0.005339 -0.208134 -0.978086
vn -0.005339 -0.208133 -0.978086
vn -0.005339 -0.208135 -0.978086
vn -0.005339 -0.208135 -0.978086
vn -0.005339 -0.208133 -0.978086
s 1
g Piece3 Supermarine_Spitfire_Mk:GLTF_SceneRootNode Supermarine_Spitfire_Mk:root Supermarine_Spitfire_Mk:Sketchfab_model Supermarine_Spitfire_Mk:Meshes Supermarine_Spitfire_Mk:scene polySurface188
usemtl Supermarine_Spitfire_Mk:Object_101SG
f 4924//4924 4925//4925 4926//4926
f 4927//4927 4928//4928 4929//4929
f 4924//4924 4926//4926 4929//4929
f 4930//4930 4931//4931 4928//4928
f 4932//4932 4929//4929 4928//4928
f 4933//4933 4934//4934 4926//4926
f 4928//4928 4927//4927 4930//4930
f 4931//4931 4935//4935 4928//4928
f 4926//4926 4936//4936 4933//4933
f 4934//4934 4937//4937 4926//4926
f 4929//4929 4926//4926 4937//4937
f 4937//4937 4927//4927 4929//4929
g default
v -470.580843 -78.639758 177.168428
v -474.753235 -78.734926 176.218834
v -470.586035 -78.841826 176.218848
v -474.654751 -74.893514 175.400866
v -470.482359 -74.798339 176.350447
v -470.487495 -75.000400 175.400852
v -476.426560 -77.732569 176.014670
v -476.659422 -76.564969 176.760101
v -476.664445 -76.760823 175.809180
v -475.726956 -78.452878 176.164131
v -476.421367 -77.530501 176.964264
v -475.721820 -78.250809 177.113712
v -476.372041 -75.606691 176.554596
v -475.636430 -74.923214 176.405149
v -476.377233 -75.808759 175.605016
v -474.649558 -74.691445 176.350447
v -475.641622 -75.125283 175.455555
v -474.748099 -78.532864 177.168414
vn -0.025080 -0.977764 0.208201
vn -0.075992 -0.975187 0.207931
vn -0.025080 -0.977764 0.208201
vn -0.025897 0.977800 -0.207932
vn 0.025080 0.977764 -0.208202
vn 0.025080 0.977764 -0.208202
vn -0.878668 -0.466072 0.103536
vn -0.999696 0.024665 0.000634
vn -0.999646 0.026605 -0.000631
vn -0.521555 -0.833948 0.180310
vn -0.878283 -0.466672 0.104097
vn -0.521555 -0.833947 0.180311
vn -0.853612 0.510514 -0.103545
vn -0.478122 0.859587 -0.180306
vn -0.853200 0.511090 -0.104104
vn -0.025897 0.977800 -0.207932
vn -0.478115 0.859591 -0.180305
vn -0.075993 -0.975187 0.207931
s 1
g Piece3 Supermarine_Spitfire_Mk:GLTF_SceneRootNode Supermarine_Spitfire_Mk:root Supermarine_Spitfire_Mk:Sketchfab_model Supermarine_Spitfire_Mk:Meshes Supermarine_Spitfire_Mk:scene polySurface171
usemtl Supermarine_Spitfire_Mk:Object_101SG
f 4938//4938 4939//4939 4940//4940
f 4941//4941 4942//4942 4943//4943
f 4944//4944 4945//4945 4946//4946
f 4947//4947 4948//4948 4944//4944
f 4939//4939 4949//4949 4947//4947
f 4950//4950 4946//4946 4945//4945
f 4951//4951 4952//4952 4950//4950
f 4953//4953 4954//4954 4951//4951
f 4938//4938 4955//4955 4939//4939
f 4941//4941 4953//4953 4942//4942
f 4944//4944 4948//4948 4945//4945
f 4947//4947 4949//4949 4948//4948
f 4939//4939 4955//4955 4949//4949
f 4950//4950 4952//4952 4946//4946
f 4951//4951 4954//4954 4952//4952
f 4953//4953 4941//4941 4954//4954
g default
v -472.265286 -77.675003 178.012625
v -472.168185 -77.943830 178.069303
v -471.892881 -78.037411 178.087716
v -471.646615 -77.885290 178.054008
v -471.614925 -77.602007 177.993549
v -471.821572 -77.400877 177.951884
v -472.111042 -77.433371 177.960378
vn 0.005339 0.208134 0.978086
vn 0.005339 0.208132 0.978086
vn 0.005338 0.208133 0.978086
vn 0.005335 0.208132 0.978086
vn 0.005338 0.208133 0.978086
vn 0.005338 0.208133 0.978086
vn 0.005339 0.208134 0.978086
s 1
g Piece3 Supermarine_Spitfire_Mk:GLTF_SceneRootNode Supermarine_Spitfire_Mk:root Supermarine_Spitfire_Mk:Sketchfab_model Supermarine_Spitfire_Mk:Meshes Supermarine_Spitfire_Mk:scene polySurface185
usemtl Supermarine_Spitfire_Mk:Object_101SG
f 4956//4956 4957//4957 4958//4958
f 4959//4959 4960//4960 4958//4958
f 4960//4960 4961//4961 4958//4958
f 4961//4961 4962//4962 4958//4958
f 4962//4962 4956//4956 4958//4958
g default
v -472.310493 -75.690000 175.162896
v -472.378021 -78.320545 175.230890
v -472.375396 -78.220354 175.701694
v -469.545379 -78.830743 175.323984
v -471.939555 -78.669077 175.794802
v -471.942180 -78.769268 175.323984
v -471.852218 -75.264212 175.069774
v -469.458126 -75.425878 174.598970
v -471.854842 -75.364403 174.598970
v -472.077264 -75.317059 175.082247
v -472.079888 -75.417250 174.611442
v -472.244997 -75.472905 175.116335
v -472.313089 -75.790184 174.692078
v -472.321132 -78.440518 175.748255
v -472.323699 -78.540709 175.277437
v -472.161610 -78.604766 175.782330
v -472.164178 -78.704950 175.311511
v -472.247565 -75.573096 174.645517
vn -0.998910 0.046475 -0.004415
vn -0.999979 0.004809 0.004433
vn -0.999979 0.004808 0.004430
vn -0.025080 -0.977765 0.208200
vn -0.050893 -0.976776 0.208131
vn -0.047918 -0.976923 0.208146
vn -0.000751 0.978100 -0.208132
vn 0.025080 0.977764 -0.208201
vn 0.002229 0.978095 -0.208146
vn -0.478124 0.859587 -0.180297
vn -0.478131 0.859583 -0.180301
vn -0.853231 0.511043 -0.104076
vn -0.998909 0.046479 -0.004414
vn -0.878278 -0.466681 0.104098
vn -0.878276 -0.466684 0.104099
vn -0.521531 -0.833963 0.180309
vn -0.521532 -0.833962 0.180308
vn -0.853223 0.511053 -0.104096
s 1
g Piece3 Supermarine_Spitfire_Mk:GLTF_SceneRootNode Supermarine_Spitfire_Mk:root Supermarine_Spitfire_Mk:Sketchfab_model Supermarine_Spitfire_Mk:Meshes Supermarine_Spitfire_Mk:scene polySurface194
usemtl Supermarine_Spitfire_Mk:Object_101SG
f 4963//4963 4964//4964 4965//4965
f 4966//4966 4967//4967 4968//4968
f 4969//4969 4970//4970 4971//4971
f 4971//4971 4972//4972 4969//4969
f 4973//4973 4974//4974 4972//4972
f 4974//4974 4975//4975 4963//4963
f 4964//4964 4976//4976 4965//4965
f 4977//4977 4978//4978 4976//4976
f 4979//4979 4967//4967 4978//4978
f 4963//4963 4975//4975 4964//4964
f 4971//4971 4973//4973 4972//4972
f 4973//4973 4980//4980 4974//4974
f 4974//4974 4980//4980 4975//4975
f 4964//4964 4977//4977 4976//4976
f 4977//4977 4979//4979 4978//4978
f 4979//4979 4968//4968 4967//4967
g default
v -471.647687 -77.926885 177.858522
v -471.892881 -78.037411 178.087716
v -471.893954 -78.079013 177.892229
v -472.111042 -77.433371 177.960378
v -471.822645 -77.442479 177.756397
v -472.112114 -77.474966 177.764891
v -472.168185 -77.943830 178.069303
v -472.266359 -77.716597 177.817153
v -472.169257 -77.985425 177.873830
v -471.615941 -77.643595 177.798063
v -471.646615 -77.885290 178.054008
v -471.614925 -77.602007 177.993549
v -472.111042 -77.433371 177.960378
v -472.112114 -77.474966 177.764891
v -471.821572 -77.400877 177.951884
v -472.265286 -77.675003 178.012625
vn 0.848393 -0.518706 0.105708
vn 0.115108 -0.971727 0.206146
vn 0.115118 -0.971724 0.206154
vn -0.115125 0.971724 -0.206152
vn 0.327284 0.923868 -0.198377
vn -0.115122 0.971724 -0.206152
vn -0.704879 -0.693003 0.151305
vn -0.994047 0.107539 -0.017472
vn -0.704871 -0.693010 0.151307
vn 0.942820 0.324919 -0.074290
vn 0.848363 -0.518752 0.105724
vn 0.942817 0.324930 -0.074277
vn -0.848372 0.518728 -0.105764
vn -0.848383 0.518710 -0.105759
vn 0.327272 0.923872 -0.198377
vn -0.994048 0.107529 -0.017469
s 1
g Piece3 Supermarine_Spitfire_Mk:GLTF_SceneRootNode Supermarine_Spitfire_Mk:root Supermarine_Spitfire_Mk:Sketchfab_model Supermarine_Spitfire_Mk:Meshes Supermarine_Spitfire_Mk:scene polySurface186
usemtl Supermarine_Spitfire_Mk:Object_101SG
f 4981//4981 4982//4982 4983//4983
f 4984//4984 4985//4985 4986//4986
f 4987//4987 4988//4988 4989//4989
f 4990//4990 4991//4991 4981//4981
f 4985//4985 4992//4992 4990//4990
f 4982//4982 4989//4989 4983//4983
f 4988//4988 4993//4993 4994//4994
f 4981//4981 4991//4991 4982//4982
f 4984//4984 4995//4995 4985//4985
f 4987//4987 4996//4996 4988//4988
f 4990//4990 4992//4992 4991//4991
f 4985//4985 4995//4995 4992//4992
f 4982//4982 4987//4987 4989//4989
f 4988//4988 4996//4996 4993//4993
g default
v -471.842962 -74.901458 176.774464
v -469.443649 -74.862755 177.245297
v -469.448277 -75.043279 176.396923
v -474.078069 -74.924520 176.396923
v -474.076037 -74.844173 176.774478
v -472.737078 -74.878530 176.774478
vn 0.025080 0.977764 -0.208202
vn 0.025080 0.977764 -0.208202
vn 0.025080 0.977764 -0.208202
vn 0.025081 0.977765 -0.208200
vn 0.025081 0.977765 -0.208199
vn 0.025079 0.977765 -0.208199
s 1
g Piece3 Supermarine_Spitfire_Mk:GLTF_SceneRootNode Supermarine_Spitfire_Mk:root Supermarine_Spitfire_Mk:Sketchfab_model Supermarine_Spitfire_Mk:Meshes Supermarine_Spitfire_Mk:scene polySurface182
usemtl Supermarine_Spitfire_Mk:Object_101SG
f 4997//4997 4998//4998 4999//4999
f 4999//4999 5000//5000 4997//4997
f 5000//5000 5001//5001 5002//5002
f 5000//5000 5002//5002 4997//4997
