# This file uses centimeters as units for non-parametric coordinates.

mtllib Bike_Obj.mtl
g default
v 0.312056 1.938031 8.112884
v 0.180059 1.934228 8.036413
v 0.029957 1.935549 8.062971
v -0.068015 1.941375 8.180131
v -0.068015 1.948981 8.333072
v 0.029957 1.954807 8.450232
v 0.180059 1.956128 8.476790
v 0.312056 1.952325 8.400319
v 0.364186 1.945178 8.256601
v 0.141367 1.945178 8.256601
v 0.312056 4.476051 7.986672
v 0.364186 4.483197 8.130390
v 0.312056 4.490344 8.274108
v 0.029957 4.492826 8.324021
v -0.068015 4.487000 8.206861
v -0.068015 4.479395 8.053920
v 0.029957 4.473568 7.936760
vt 0.619694 0.055814
vt 0.527133 0.002374
vt 0.421875 0.020934
vt 0.353173 0.102809
vt 0.353173 0.209691
vt 0.421875 0.291566
vt 0.527133 0.310126
vt 0.619694 0.256686
vt 0.656250 0.156250
vt 0.430556 0.312500
vt 0.458333 0.312500
vt 0.486111 0.312500
vt 0.513889 0.312500
vt 0.569445 0.312500
vt 0.597222 0.312500
vt 0.625000 0.312500
vt 0.500000 0.156250
vt 0.625000 0.561515
vt 0.597222 0.561515
vt 0.569445 0.561515
vt 0.513889 0.561515
vt 0.486111 0.561515
vt 0.458333 0.561515
vt 0.430556 0.561515
vn -0.767519 -0.031838 -0.640235
vn -0.767519 -0.031838 -0.640235
vn -0.767519 -0.031838 -0.640235
vn -0.767519 -0.031838 -0.640235
vn -1.000000 -0.000000 -0.000000
vn -1.000000 -0.000000 -0.000000
vn -1.000000 -0.000000 -0.000000
vn -1.000000 -0.000000 -0.000000
vn -0.767519 0.031838 0.640235
vn -0.767519 0.031838 0.640235
vn -0.767519 0.031838 0.640235
vn -0.767519 0.031838 0.640235
vn 0.940204 0.016917 0.340192
vn 0.940204 0.016917 0.340192
vn 0.940204 0.016917 0.340192
vn 0.940204 0.016917 0.340192
vn 0.940204 -0.016917 -0.340192
vn 0.940204 -0.016917 -0.340192
vn 0.940204 -0.016917 -0.340192
vn 0.940204 -0.016917 -0.340192
vn 0.000000 -0.998766 0.049666
vn 0.000000 -0.998766 0.049666
vn 0.000000 -0.998766 0.049667
vn 0.000000 -0.998766 0.049666
vn 0.000000 -0.998766 0.049666
vn 0.000000 -0.998766 0.049667
vn 0.000000 -0.998766 0.049666
vn 0.000000 -0.998766 0.049666
vn 0.000000 -0.998766 0.049667
vn 0.000000 -0.998766 0.049666
vn 0.000000 -0.998766 0.049666
vn 0.000000 -0.998766 0.049667
vn 0.000000 -0.998766 0.049667
vn 0.000000 -0.998766 0.049666
vn 0.000000 -0.998766 0.049667
vn 0.000000 -0.998766 0.049667
vn 0.000000 -0.998766 0.049667
vn 0.000000 -0.998766 0.049667
vn 0.000000 -0.998766 0.049667
vn 0.000000 -0.998766 0.049667
vn 0.000000 -0.998766 0.049667
vn 0.000000 -0.998766 0.049666
vn 0.000000 -0.998766 0.049667
vn 0.000000 -0.998766 0.049667
vn 0.000000 -0.998766 0.049666
vn 0.000000 -0.998766 0.049666
vn 0.000000 -0.998766 0.049667
s off
g pCylinder4
usemtl pCylinder4SG
f 3/10/1 4/11/2 16/23/3 17/24/4
f 4/11/5 5/12/6 15/22/7 16/23/8
f 5/12/9 6/13/10 14/21/11 15/22/12
f 8/14/13 9/15/14 12/19/15 13/20/16
f 9/15/17 1/16/18 11/18/19 12/19/20
f 2/2/21 1/1/22 10/17/23
f 3/3/24 2/2/25 10/17/26
f 4/4/27 3/3/28 10/17/29
f 5/5/30 4/4/31 10/17/32
f 6/6/33 5/5/34 10/17/35
f 7/7/36 6/6/37 10/17/38
f 8/8/39 7/7/40 10/17/41
f 9/9/42 8/8/43 10/17/44
f 1/1/45 9/9/46 10/17/47
g default
v -0.158564 16.758591 0.454350
v 2.401086 16.685850 1.288696
v 2.207597 16.685850 0.825109
v 0.929060 16.758591 0.787773
v 0.411653 16.758591 0.534931
v -0.158920 16.893152 0.433040
v 2.417560 16.819983 1.281310
v 2.221831 16.819983 0.812355
v 0.941298 16.893152 0.770325
v 0.417899 16.893152 0.514554
v -0.159952 17.014541 0.371198
v 2.465371 16.940987 1.259874
v 2.263140 16.940987 0.775342
v 0.976812 17.014541 0.719686
v 0.436028 17.014541 0.455420
v -0.161560 17.110876 0.274876
v 2.539839 17.037015 1.226488
v 2.327481 17.037015 0.717692
v 1.032128 17.110876 0.640815
v 0.464263 17.110876 0.363316
v -0.163587 17.172727 0.153504
v 2.633673 17.098670 1.184417
v 2.408555 17.098670 0.645049
v 1.101829 17.172727 0.541432
v 0.499842 17.172727 0.247257
v -0.165833 17.194039 0.018962
v 2.737689 17.119914 1.137783
v 2.498426 17.119914 0.564524
v 1.179094 17.194039 0.431264
v 0.539281 17.194039 0.118606
v -0.168080 17.172727 -0.115581
v 2.841705 17.098670 1.091148
v 2.588297 17.098670 0.483998
v 1.256358 17.172727 0.321097
v 0.578721 17.172727 -0.010046
v -0.170106 17.110876 -0.236953
v 2.935540 17.037015 1.049078
v 2.669371 17.037015 0.411355
v 1.324343 17.118072 0.197117
v 0.614300 17.110876 -0.126104
v -0.171714 17.014541 -0.333275
v 3.010007 16.940987 1.015691
v 2.733712 16.940987 0.353705
v 1.380468 17.019769 0.116536
v 0.642535 17.014541 -0.218208
v -0.172747 16.893152 -0.395117
v 3.057818 16.819983 0.994255
v 2.775021 16.819983 0.316691
v 1.416502 16.895900 0.064800
v 0.660663 16.893152 -0.277343
v -0.173103 16.758591 -0.416427
v 3.074293 16.685850 0.986869
v 2.789255 16.685850 0.303938
v 1.428919 16.758591 0.046974
v 0.666910 16.758591 -0.297719
v -0.172747 16.624030 -0.395117
v 3.057818 16.551717 0.994255
v 2.775021 16.551717 0.316691
v 1.416502 16.621281 0.064800
v 0.660663 16.624030 -0.277343
v -0.171714 16.502640 -0.333275
v 3.010007 16.430713 1.015691
v 2.733712 16.430713 0.353705
v 1.380468 16.497412 0.116536
v 0.642535 16.502640 -0.218208
v -0.170106 16.406305 -0.236953
v 2.935540 16.334685 1.049078
v 2.669371 16.334685 0.411355
v 1.324343 16.399109 0.197117
v 0.614300 16.406305 -0.126104
v -0.168080 16.344454 -0.115581
v 2.841705 16.273030 1.091148
v 2.588297 16.273030 0.483998
v 1.253622 16.335995 0.298654
v 0.578721 16.344454 -0.010046
v -0.165833 16.323142 0.018962
v 2.737689 16.251785 1.137783
v 2.498426 16.251785 0.564524
v 1.179094 16.323142 0.431264
v 0.539281 16.323142 0.118606
v -0.163587 16.344454 0.153504
v 2.633673 16.273030 1.184417
v 2.408555 16.273030 0.645049
v 1.101829 16.344454 0.541432
v 0.499842 16.344454 0.247257
v -0.161560 16.406305 0.274877
v 2.539838 16.334684 1.226487
v 2.327481 16.334684 0.717692
v 1.032128 16.406305 0.640815
v 0.464263 16.406305 0.363316
v -0.159952 16.502640 0.371198
v 2.465371 16.430713 1.259874
v 2.263140 16.430713 0.775342
v 0.976812 16.502640 0.719686
v 0.436027 16.502640 0.455420
v -0.158920 16.624030 0.433041
v 2.417560 16.551717 1.281310
v 2.221831 16.551717 0.812355
v 0.941298 16.624030 0.770325
v 0.417899 16.624030 0.514555
vt 0.800000 1.000000
vt 0.850000 1.000000
vt 0.900000 1.000000
vt 0.950000 1.000000
vt 1.000000 1.000000
vt 0.800000 0.950000
vt 0.850000 0.950000
vt 0.900000 0.950000
vt 0.950000 0.950000
vt 1.000000 0.950000
vt 0.800000 0.900000
vt 0.850000 0.900000
vt 0.900000 0.900000
vt 0.950000 0.900000
vt 1.000000 0.900000
vt 0.800000 0.850000
vt 0.850000 0.850000
vt 0.900000 0.850000
vt 0.950000 0.850000
vt 1.000000 0.850000
vt 0.800000 0.800000
vt 0.850000 0.800000
vt 0.900000 0.800000
vt 0.950000 0.800000
vt 1.000000 0.800000
vt 0.800000 0.750000
vt 0.850000 0.750000
vt 0.900000 0.750000
vt 0.950000 0.750000
vt 1.000000 0.750000
vt 0.800000 0.700000
vt 0.850000 0.700000
vt 0.900000 0.700000
vt 0.950000 0.700000
vt 1.000000 0.700000
vt 0.800000 0.650000
vt 0.850000 0.650000
vt 0.900000 0.650000
vt 0.950000 0.650000
vt 1.000000 0.650000
vt 0.800000 0.600000
vt 0.850000 0.600000
vt 0.900000 0.600000
vt 0.950000 0.600000
vt 1.000000 0.600000
vt 0.800000 0.550000
vt 0.850000 0.550000
vt 0.900000 0.550000
vt 0.950000 0.550000
vt 1.000000 0.550000
vt 0.800000 0.500000
vt 0.850000 0.500000
vt 0.900000 0.500000
vt 0.950000 0.500000
vt 1.000000 0.500000
vt 0.800000 0.450000
vt 0.850000 0.450000
vt 0.900000 0.450000
vt 0.950000 0.450000
vt 1.000000 0.450000
vt 0.800000 0.400000
vt 0.850000 0.400000
vt 0.900000 0.400000
vt 0.950000 0.400000
vt 1.000000 0.400000
vt 0.800000 0.350000
vt 0.850000 0.350000
vt 0.900000 0.350000
vt 0.950000 0.350000
vt 1.000000 0.350000
vt 0.800000 0.300000
vt 0.850000 0.300000
vt 0.900000 0.300000
vt 0.950000 0.300000
vt 1.000000 0.300000
vt 0.800000 0.250000
vt 0.850000 0.250000
vt 0.900000 0.250000
vt 0.950000 0.250000
vt 1.000000 0.250000
vt 0.800000 0.200000
vt 0.850000 0.200000
vt 0.900000 0.200000
vt 0.950000 0.200000
vt 1.000000 0.200000
vt 0.800000 0.150000
vt 0.850000 0.150000
vt 0.900000 0.150000
vt 0.950000 0.150000
vt 1.000000 0.150000
vt 0.800000 0.100000
vt 0.850000 0.100000
vt 0.900000 0.100000
vt 0.950000 0.100000
vt 1.000000 0.100000
vt 0.800000 0.050000
vt 0.850000 0.050000
vt 0.900000 0.050000
vt 0.950000 0.050000
vt 1.000000 0.050000
vt 0.800000 -0.000000
vt 0.850000 -0.000000
vt 0.900000 -0.000000
vt 0.950000 -0.000000
vt 1.000000 -0.000000
vn -0.316716 -0.003226 0.948515
vn -0.922845 0.000001 0.385171
vn -0.889349 0.266977 0.371190
vn -0.295781 0.282881 0.912410
vn -0.167728 0.003003 0.985829
vn -0.155232 0.255686 0.954216
vn -0.293098 0.000001 0.956083
vn -0.278158 0.315195 0.907348
vn -0.139926 0.000001 0.990162
vn -0.132955 0.311694 0.940835
vn -0.784448 0.526731 0.327408
vn -0.255521 0.557196 0.790090
vn -0.133603 0.503973 0.853324
vn -0.234987 0.597678 0.766526
vn -0.112677 0.592917 0.797341
vn -0.598138 0.761516 0.249647
vn -0.185775 0.795740 0.576442
vn -0.097677 0.735290 0.670677
vn -0.168285 0.818743 0.548945
vn -0.081007 0.815378 0.573233
vn -0.327407 0.934950 0.136651
vn -0.079697 0.955302 0.284688
vn -0.042279 0.916193 0.398500
vn -0.085129 0.956892 0.277689
vn -0.041104 0.955881 0.290865
vn 0.002278 0.999997 -0.000951
vn 0.055393 0.997731 -0.038264
vn 0.031528 0.997851 0.057445
vn 0.005938 0.999795 -0.019370
vn 0.002870 0.999790 -0.020311
vn 0.331416 0.933290 -0.138324
vn 0.193379 0.933092 -0.303222
vn 0.104533 0.956304 -0.273049
vn 0.087942 0.949481 -0.301251
vn 0.046282 0.943714 -0.327508
vn 0.600843 0.759012 -0.250776
vn 0.327792 0.767246 -0.551259
vn 0.177113 0.811745 -0.556508
vn 0.162437 0.808431 -0.565732
vn 0.084728 0.795831 -0.599562
vn 0.785763 0.524425 -0.327957
vn 0.428433 0.530637 -0.731348
vn 0.236517 0.551727 -0.799785
vn 0.226091 0.577655 -0.784345
vn 0.114625 0.573536 -0.811121
vn 0.889690 0.265638 -0.371333
vn 0.484467 0.271024 -0.831768
vn 0.265162 0.282811 -0.921795
vn 0.265258 0.302737 -0.915417
vn 0.133490 0.299797 -0.944617
vn 0.922845 -0.000000 -0.385171
vn 0.497325 -0.003295 -0.867558
vn 0.268695 0.002626 -0.963222
vn 0.278708 0.000000 -0.960376
vn 0.139926 0.000000 -0.990162
vn 0.889690 -0.265638 -0.371333
vn 0.466623 -0.276210 -0.840221
vn 0.247498 -0.275383 -0.928929
vn 0.265258 -0.302737 -0.915417
vn 0.133490 -0.299797 -0.944617
vn 0.785763 -0.524424 -0.327957
vn 0.394070 -0.532037 -0.749430
vn 0.202653 -0.539291 -0.817372
vn 0.226091 -0.577655 -0.784346
vn 0.114625 -0.573536 -0.811121
vn 0.600843 -0.759012 -0.250776
vn 0.284005 -0.752861 -0.593752
vn 0.136597 -0.770824 -0.622231
vn 0.164710 -0.798922 -0.578442
vn 0.084728 -0.795831 -0.599562
vn 0.331417 -0.933289 -0.138325
vn 0.140992 -0.921765 -0.361208
vn 0.048460 -0.949340 -0.310491
vn 0.084159 -0.948645 -0.304942
vn 0.046282 -0.943714 -0.327508
vn 0.002279 -0.999997 -0.000951
vn -0.012660 -0.997324 -0.072010
vn -0.034206 -0.999268 0.017101
vn -0.000152 -0.999931 -0.011732
vn 0.002870 -0.999790 -0.020311
vn -0.327407 -0.934950 0.136651
vn -0.147812 -0.963566 0.222919
vn -0.099662 -0.928624 0.357387
vn -0.085129 -0.956892 0.277689
vn -0.041104 -0.955881 0.290864
vn -0.598138 -0.761516 0.249647
vn -0.248437 -0.812226 0.527796
vn -0.146048 -0.747472 0.648039
vn -0.168285 -0.818743 0.548945
vn -0.081007 -0.815379 0.573233
vn -0.784448 -0.526731 0.327408
vn -0.303553 -0.572513 0.761632
vn -0.167941 -0.508445 0.844559
vn -0.234987 -0.597678 0.766526
vn -0.112677 -0.592917 0.797341
vn -0.889349 -0.266976 0.371191
vn -0.321683 -0.292308 0.900598
vn -0.172878 -0.252604 0.952000
vn -0.278158 -0.315194 0.907348
vn -0.132955 -0.311693 0.940835
s 1
g pTorus2
usemtl pTorus2SG
f 20/26/48 19/25/49 24/30/50 25/31/51
f 21/27/52 20/26/48 25/31/51 26/32/53
f 22/28/54 21/27/52 26/32/53 27/33/55
f 18/29/56 22/28/54 27/33/55 23/34/57
f 25/31/51 24/30/50 29/35/58 30/36/59
f 26/32/53 25/31/51 30/36/59 31/37/60
f 27/33/55 26/32/53 31/37/60 32/38/61
f 23/34/57 27/33/55 32/38/61 28/39/62
f 30/36/59 29/35/58 34/40/63 35/41/64
f 31/37/60 30/36/59 35/41/64 36/42/65
f 32/38/61 31/37/60 36/42/65 37/43/66
f 28/39/62 32/38/61 37/43/66 33/44/67
f 35/41/64 34/40/63 39/45/68 40/46/69
f 36/42/65 35/41/64 40/46/69 41/47/70
f 37/43/66 36/42/65 41/47/70 42/48/71
f 33/44/67 37/43/66 42/48/71 38/49/72
f 40/46/69 39/45/68 44/50/73 45/51/74
f 41/47/70 40/46/69 45/51/74 46/52/75
f 42/48/71 41/47/70 46/52/75 47/53/76
f 38/49/72 42/48/71 47/53/76 43/54/77
f 45/51/74 44/50/73 49/55/78 50/56/79
f 46/52/75 45/51/74 50/56/79 51/57/80
f 47/53/76 46/52/75 51/57/80 52/58/81
f 43/54/77 47/53/76 52/58/81 48/59/82
f 50/56/79 49/55/78 54/60/83 55/61/84
f 51/57/80 50/56/79 55/61/84 56/62/85
f 52/58/81 51/57/80 56/62/85 57/63/86
f 48/59/82 52/58/81 57/63/86 53/64/87
f 55/61/84 54/60/83 59/65/88 60/66/89
f 56/62/85 55/61/84 60/66/89 61/67/90
f 57/63/86 56/62/85 61/67/90 62/68/91
f 53/64/87 57/63/86 62/68/91 58/69/92
f 60/66/89 59/65/88 64/70/93 65/71/94
f 61/67/90 60/66/89 65/71/94 66/72/95
f 62/68/91 61/67/90 66/72/95 67/73/96
f 58/69/92 62/68/91 67/73/96 63/74/97
f 65/71/94 64/70/93 69/75/98 70/76/99
f 66/72/95 65/71/94 70/76/99 71/77/100
f 67/73/96 66/72/95 71/77/100 72/78/101
f 63/74/97 67/73/96 72/78/101 68/79/102
f 70/76/99 69/75/98 74/80/103 75/81/104
f 71/77/100 70/76/99 75/81/104 76/82/105
f 72/78/101 71/77/100 76/82/105 77/83/106
f 68/79/102 72/78/101 77/83/106 73/84/107
f 75/81/104 74/80/103 79/85/108 80/86/109
f 76/82/105 75/81/104 80/86/109 81/87/110
f 77/83/106 76/82/105 81/87/110 82/88/111
f 73/84/107 77/83/106 82/88/111 78/89/112
f 80/86/109 79/85/108 84/90/113 85/91/114
f 81/87/110 80/86/109 85/91/114 86/92/115
f 82/88/111 81/87/110 86/92/115 87/93/116
f 78/89/112 82/88/111 87/93/116 83/94/117
f 85/91/114 84/90/113 89/95/118 90/96/119
f 86/92/115 85/91/114 90/96/119 91/97/120
f 87/93/116 86/92/115 91/97/120 92/98/121
f 83/94/117 87/93/116 92/98/121 88/99/122
f 90/96/119 89/95/118 94/100/123 95/101/124
f 91/97/120 90/96/119 95/101/124 96/102/125
f 92/98/121 91/97/120 96/102/125 97/103/126
f 88/99/122 92/98/121 97/103/126 93/104/127
f 95/101/124 94/100/123 99/105/128 100/106/129
f 96/102/125 95/101/124 100/106/129 101/107/130
f 97/103/126 96/102/125 101/107/130 102/108/131
f 93/104/127 97/103/126 102/108/131 98/109/132
f 100/106/129 99/105/128 104/110/133 105/111/134
f 101/107/130 100/106/129 105/111/134 106/112/135
f 102/108/131 101/107/130 106/112/135 107/113/136
f 98/109/132 102/108/131 107/113/136 103/114/137
f 105/111/134 104/110/133 109/115/138 110/116/139
f 106/112/135 105/111/134 110/116/139 111/117/140
f 107/113/136 106/112/135 111/117/140 112/118/141
f 103/114/137 107/113/136 112/118/141 108/119/142
f 110/116/139 109/115/138 114/120/143 115/121/144
f 111/117/140 110/116/139 115/121/144 116/122/145
f 112/118/141 111/117/140 116/122/145 117/123/146
f 108/119/142 112/118/141 117/123/146 113/124/147
f 115/121/144 114/120/143 19/125/49 20/126/48
f 116/122/145 115/121/144 20/126/48 21/127/52
f 117/123/146 116/122/145 21/127/52 22/128/54
f 113/124/147 117/123/146 22/128/54 18/129/56
g default
v -1.769189 13.820643 6.888289
v 2.145653 13.820643 6.888289
v -1.769189 14.956039 6.846222
v 2.145653 14.956039 6.846222
v -1.226370 14.754799 1.414814
v 1.602834 14.754799 1.414814
v -1.226370 13.619403 1.456881
v 1.602834 13.619403 1.456881
vt 0.375000 0.000000
vt 0.625000 0.000000
vt 0.375000 0.250000
vt 0.625000 0.250000
vt 0.375000 0.500000
vt 0.625000 0.500000
vt 0.375000 0.750000
vt 0.625000 0.750000
vt 0.375000 1.000000
vt 0.625000 1.000000
vt 0.875000 0.000000
vt 0.875000 0.250000
vt 0.125000 0.000000
vt 0.125000 0.250000
vn 0.000000 0.037026 0.999314
vn 0.000000 0.037026 0.999314
vn 0.000000 0.037026 0.999314
vn 0.000000 0.037026 0.999314
vn 0.000000 0.999314 -0.037026
vn 0.000000 0.999314 -0.037026
vn 0.000000 0.999314 -0.037026
vn 0.000000 0.999314 -0.037026
vn 0.000000 -0.037026 -0.999314
vn 0.000000 -0.037026 -0.999314
vn 0.000000 -0.037026 -0.999314
vn 0.000000 -0.037026 -0.999314
vn 0.000000 -0.999314 0.037026
vn 0.000000 -0.999314 0.037026
vn 0.000000 -0.999314 0.037026
vn 0.000000 -0.999314 0.037026
vn 0.995050 -0.003680 -0.099310
vn 0.995050 -0.003680 -0.099310
vn 0.995050 -0.003680 -0.099310
vn 0.995050 -0.003680 -0.099310
vn -0.995050 -0.003680 -0.099310
vn -0.995050 -0.003680 -0.099310
vn -0.995050 -0.003680 -0.099310
vn -0.995050 -0.003680 -0.099310
s off
g pCube2
usemtl pCube2SG
f 118/130/148 119/131/149 121/133/150 120/132/151
f 120/132/152 121/133/153 123/135/154 122/134/155
f 122/134/156 123/135/157 125/137/158 124/136/159
f 124/136/160 125/137/161 119/139/162 118/138/163
f 119/131/164 125/140/165 123/141/166 121/133/167
f 124/142/168 118/130/169 120/132/170 122/143/171
g default
v 0.750508 6.956911 -0.327536
v 0.397362 6.956911 -0.532379
v -0.004222 6.956911 -0.461238
v -0.266337 6.956911 -0.147400
v -0.266337 6.956911 0.262287
v -0.004222 6.956911 0.576125
v 0.397361 6.956911 0.647266
v 0.750508 6.956911 0.442423
v 0.889977 6.956911 0.057444
v 0.750508 17.195205 -0.327536
v 0.397362 17.195205 -0.532379
v -0.004222 17.195205 -0.461238
v -0.266337 17.195205 -0.147400
v -0.266337 17.195205 0.262287
v -0.004222 17.195205 0.576125
v 0.397361 17.195205 0.647266
v 0.750508 17.195205 0.442423
v 0.889977 17.195205 0.057444
v 0.293844 6.956911 0.057444
v 0.293844 17.195205 0.057444
v 0.750508 13.755549 -0.327536
v 0.889977 13.755549 0.057444
v 0.750508 13.755549 0.442423
v 0.397361 13.755549 0.647266
v -0.004222 13.755549 0.576125
v -0.266337 13.755549 0.262287
v -0.266337 13.755549 -0.147400
v -0.004222 13.755549 -0.461238
v 0.397362 13.755549 -0.532379
vt 0.619694 0.055814
vt 0.527133 0.002374
vt 0.421875 0.020934
vt 0.353173 0.102809
vt 0.353173 0.209691
vt 0.421875 0.291566
vt 0.527133 0.310126
vt 0.619694 0.256686
vt 0.656250 0.156250
vt 0.430556 0.312500
vt 0.458333 0.312500
vt 0.486111 0.312500
vt 0.513889 0.312500
vt 0.569445 0.312500
vt 0.597222 0.312500
vt 0.625000 0.312500
vt 0.375000 0.687500
vt 0.402778 0.687500
vt 0.430556 0.687500
vt 0.458333 0.687500
vt 0.486111 0.687500
vt 0.513889 0.687500
vt 0.541667 0.687500
vt 0.569445 0.687500
vt 0.597222 0.687500
vt 0.625000 0.687500
vt 0.619694 0.743314
vt 0.527133 0.689874
vt 0.421875 0.708434
vt 0.353173 0.790309
vt 0.353173 0.897191
vt 0.421875 0.979066
vt 0.527133 0.997626
vt 0.619694 0.944186
vt 0.656250 0.843750
vt 0.500000 0.156250
vt 0.500000 0.843750
vt 0.625000 0.561515
vt 0.375000 0.561515
vt 0.597222 0.561515
vt 0.569445 0.561515
vt 0.541667 0.561515
vt 0.513889 0.561515
vt 0.486111 0.561515
vt 0.458333 0.561515
vt 0.430556 0.561515
vt 0.402778 0.561515
vn -0.767519 0.000000 -0.641026
vn -0.767519 0.000000 -0.641026
vn -0.767519 0.000000 -0.641026
vn -0.767519 0.000000 -0.641026
vn -1.000000 0.000000 -0.000000
vn -1.000000 0.000000 -0.000000
vn -1.000000 0.000000 -0.000000
vn -1.000000 0.000000 -0.000000
vn -0.767519 0.000000 0.641026
vn -0.767519 0.000000 0.641026
vn -0.767519 0.000000 0.641026
vn -0.767519 0.000000 0.641026
vn 0.940204 0.000000 0.340613
vn 0.940204 0.000000 0.340613
vn 0.940204 0.000000 0.340613
vn 0.940204 0.000000 0.340613
vn 0.940204 0.000000 -0.340612
vn 0.940204 0.000000 -0.340612
vn 0.940204 0.000000 -0.340612
vn 0.940204 0.000000 -0.340612
vn 0.000000 -1.000000 -0.000000
vn 0.000000 -1.000000 -0.000000
vn 0.000000 -1.000000 -0.000000
vn 0.000000 -1.000000 -0.000001
vn 0.000000 -1.000000 -0.000000
vn 0.000000 -1.000000 -0.000000
vn 0.000000 -1.000000 -0.000001
vn 0.000000 -1.000000 -0.000001
vn 0.000000 -1.000000 -0.000000
vn 0.000000 -1.000000 -0.000001
vn 0.000000 -1.000000 -0.000001
vn 0.000000 -1.000000 -0.000000
vn 0.000000 -1.000000 0.000000
vn 0.000000 -1.000000 -0.000001
vn 0.000000 -1.000000 -0.000000
vn 0.000000 -1.000000 0.000000
vn 0.000000 -1.000000 0.000000
vn 0.000000 -1.000000 -0.000000
vn 0.000000 -1.000000 0.000000
vn 0.000000 -1.000000 0.000000
vn 0.000000 -1.000000 -0.000000
vn 0.000000 -1.000000 -0.000001
vn 0.000000 -1.000000 0.000000
vn 0.000000 -1.000000 -0.000000
vn 0.000000 -1.000000 -0.000000
vn 0.000000 -1.000000 -0.000001
vn 0.000000 -1.000000 -0.000000
vn 0.000000 1.000000 0.000000
vn 0.000000 1.000000 -0.000000
vn 0.000000 1.000000 -0.000000
vn 0.000000 1.000000 -0.000000
vn 0.000000 1.000000 0.000000
vn 0.000000 1.000000 -0.000000
vn 0.000000 1.000000 0.000000
vn 0.000000 1.000000 0.000000
vn 0.000000 1.000000 -0.000000
vn 0.000000 1.000000 0.000000
vn 0.000000 1.000000 -0.000001
vn 0.000000 1.000000 -0.000000
vn 0.000000 1.000000 -0.000001
vn 0.000000 1.000000 0.000000
vn 0.000000 1.000000 -0.000000
vn 0.000000 1.000000 0.000000
vn 0.000000 1.000000 -0.000000
vn 0.000000 1.000000 -0.000000
vn 0.000000 1.000000 -0.000000
vn 0.000000 1.000000 0.000000
vn 0.000000 1.000000 -0.000000
vn 0.000000 1.000000 0.000000
vn 0.000000 1.000000 0.000001
vn 0.000000 1.000000 -0.000000
vn 0.000000 1.000000 0.000001
vn 0.000000 1.000000 0.000000
vn 0.000000 1.000000 -0.000000
vn 0.940204 0.000000 -0.340612
vn 0.940204 0.000000 -0.340612
vn 0.940204 0.000000 -0.340612
vn 0.940204 0.000000 -0.340612
vn 0.940204 0.000000 0.340613
vn 0.940204 0.000000 0.340613
vn 0.940204 0.000000 0.340613
vn 0.940204 0.000000 0.340613
vn 0.501751 0.000000 0.865012
vn 0.501751 0.000000 0.865012
vn 0.501751 0.000000 0.865012
vn 0.501751 0.000000 0.865012
vn -0.174436 0.000000 0.984668
vn -0.174436 0.000000 0.984668
vn -0.174436 0.000000 0.984668
vn -0.174436 0.000000 0.984668
vn -0.767519 0.000000 0.641026
vn -0.767519 0.000000 0.641026
vn -0.767519 0.000000 0.641026
vn -0.767519 0.000000 0.641026
vn -1.000000 0.000000 -0.000000
vn -1.000000 0.000000 -0.000000
vn -1.000000 0.000000 -0.000000
vn -1.000000 0.000000 -0.000000
vn -0.767519 0.000000 -0.641026
vn -0.767519 0.000000 -0.641026
vn -0.767519 0.000000 -0.641026
vn -0.767519 0.000000 -0.641026
vn -0.174436 0.000000 -0.984668
vn -0.174436 0.000000 -0.984668
vn -0.174436 0.000000 -0.984668
vn -0.174436 0.000000 -0.984668
vn 0.501752 0.000000 -0.865012
vn 0.501752 0.000000 -0.865012
vn 0.501752 0.000000 -0.865012
vn 0.501752 0.000000 -0.865012
s off
g pCylinder5
usemtl pCylinder5SG
f 128/153/172 129/154/173 152/188/174 153/189/175
f 129/154/176 130/155/177 151/187/178 152/188/179
f 130/155/180 131/156/181 150/186/182 151/187/183
f 133/157/184 134/158/185 147/183/186 148/184/187
f 134/158/188 126/159/189 146/181/190 147/183/191
f 127/145/192 126/144/193 144/179/194
f 128/146/195 127/145/196 144/179/197
f 129/147/198 128/146/199 144/179/200
f 130/148/201 129/147/202 144/179/203
f 131/149/204 130/148/205 144/179/206
f 132/150/207 131/149/208 144/179/209
f 133/151/210 132/150/211 144/179/212
f 134/152/213 133/151/214 144/179/215
f 126/144/216 134/152/217 144/179/218
f 135/177/219 136/176/220 145/180/221
f 136/176/222 137/175/223 145/180/224
f 137/175/225 138/174/226 145/180/227
f 138/174/228 139/173/229 145/180/230
f 139/173/231 140/172/232 145/180/233
f 140/172/234 141/171/235 145/180/236
f 141/171/237 142/170/238 145/180/239
f 142/170/240 143/178/241 145/180/242
f 143/178/243 135/177/244 145/180/245
f 147/183/246 146/181/247 135/169/248 143/168/249
f 148/184/250 147/183/251 143/168/252 142/167/253
f 149/185/254 148/184/255 142/167/256 141/166/257
f 150/186/258 149/185/259 141/166/260 140/165/261
f 151/187/262 150/186/263 140/165/264 139/164/265
f 152/188/266 151/187/267 139/164/268 138/163/269
f 153/189/270 152/188/271 138/163/272 137/162/273
f 154/190/274 153/189/275 137/162/276 136/161/277
f 146/182/278 154/190/279 136/161/280 135/160/281
g default
v 0.512397 16.854747 0.565630
v -2.167294 16.708930 0.339305
v -1.810444 16.745899 -0.012324
v -0.615514 16.763071 0.449399
v -0.042536 16.811498 0.417918
v 0.532137 16.721793 0.543395
v -2.168429 16.574536 0.323350
v -1.807448 16.611932 -0.032349
v -0.608834 16.629055 0.425818
v -0.029221 16.678043 0.393973
v 0.567065 16.604079 0.484365
v -2.194013 16.451791 0.282530
v -1.821040 16.490429 -0.084985
v -0.611807 16.508262 0.362882
v -0.012941 16.558877 0.329979
v 0.613761 16.513130 0.394317
v -2.241540 16.352710 0.220840
v -1.849891 16.393283 -0.165079
v -0.624143 16.412514 0.266751
v 0.004711 16.465664 0.232200
v 0.667655 16.457848 0.282067
v -2.306360 16.286992 0.144317
v -1.891176 16.330003 -0.264791
v -0.644634 16.351186 0.146835
v 0.022008 16.407529 0.110208
v 0.723471 16.443643 0.158601
v -2.382126 16.261071 0.060454
v -1.940855 16.306784 -0.374360
v -0.671274 16.330279 0.014873
v 0.037256 16.390163 -0.024056
v 0.775746 16.471907 0.036007
v -2.461422 16.277482 -0.022542
v -1.994064 16.325899 -0.483061
v -0.701455 16.351841 -0.116219
v 0.048962 16.415265 -0.157449
v 0.819362 16.539872 -0.073717
v -2.536487 16.334621 -0.096545
v -2.045594 16.385476 -0.580254
v -0.720546 16.407965 -0.255738
v 0.055980 16.480378 -0.276914
v 0.850050 16.640886 -0.159829
v -2.599972 16.426894 -0.154312
v -2.090403 16.479683 -0.656425
v -0.749137 16.506174 -0.349782
v 0.057624 16.579129 -0.370757
v 0.864806 16.765062 -0.213900
v -2.645663 16.545268 -0.190189
v -2.124102 16.599299 -0.704117
v -0.772541 16.629760 -0.408922
v 0.053733 16.701851 -0.429792
v 0.862186 16.900243 -0.230637
v -2.669087 16.678156 -0.200663
v -2.143395 16.732615 -0.718662
v -0.788468 16.766625 -0.427366
v 0.044688 16.836531 -0.448239
v 0.842445 17.033197 -0.208402
v -2.667952 16.812551 -0.184708
v -2.146392 16.866582 -0.698637
v -0.795358 16.903372 -0.403311
v 0.031373 16.969986 -0.424294
v 0.807518 17.150910 -0.149371
v -2.642369 16.935296 -0.143888
v -2.132799 16.988085 -0.646001
v -0.792538 17.026616 -0.339112
v 0.015092 17.089153 -0.360300
v 0.760821 17.241859 -0.059324
v -2.594841 17.034377 -0.082198
v -2.103948 17.085231 -0.565907
v -0.780282 17.124292 -0.241051
v -0.002560 17.182365 -0.262521
v 0.706928 17.297142 0.052927
v -2.530022 17.100094 -0.005675
v -2.062663 17.148511 -0.466195
v -0.759792 17.186839 -0.118729
v -0.019857 17.240500 -0.140529
v 0.651111 17.311347 0.176392
v -2.454255 17.126016 0.078188
v -2.012984 17.171730 -0.356625
v -0.743633 17.197983 0.032664
v -0.035104 17.257867 -0.006265
v 0.598837 17.283083 0.298987
v -2.374959 17.109604 0.161184
v -1.959776 17.152615 -0.247924
v -0.713452 17.176421 0.163756
v -0.046810 17.232765 0.127128
v 0.555221 17.215118 0.408710
v -2.299894 17.052465 0.235187
v -1.908245 17.093039 -0.150731
v -0.682683 17.114502 0.281144
v -0.053829 17.167652 0.246593
v 0.524533 17.114103 0.494822
v -2.236409 16.960193 0.292954
v -1.863437 16.998831 -0.074561
v -0.654339 17.018285 0.373340
v -0.055473 17.068901 0.340436
v 0.509777 16.989928 0.548893
v -2.190719 16.841819 0.328831
v -1.829737 16.879215 -0.026868
v -0.631194 16.897190 0.431316
v -0.051582 16.946179 0.399471
vt 0.800000 1.000000
vt 0.850000 1.000000
vt 0.900000 1.000000
vt 0.950000 1.000000
vt 1.000000 1.000000
vt 0.800000 0.950000
vt 0.850000 0.950000
vt 0.900000 0.950000
vt 0.950000 0.950000
vt 1.000000 0.950000
vt 0.800000 0.900000
vt 0.850000 0.900000
vt 0.900000 0.900000
vt 0.950000 0.900000
vt 1.000000 0.900000
vt 0.800000 0.850000
vt 0.850000 0.850000
vt 0.900000 0.850000
vt 0.950000 0.850000
vt 1.000000 0.850000
vt 0.800000 0.800000
vt 0.850000 0.800000
vt 0.900000 0.800000
vt 0.950000 0.800000
vt 1.000000 0.800000
vt 0.800000 0.750000
vt 0.850000 0.750000
vt 0.900000 0.750000
vt 0.950000 0.750000
vt 1.000000 0.750000
vt 0.800000 0.700000
vt 0.850000 0.700000
vt 0.900000 0.700000
vt 0.950000 0.700000
vt 1.000000 0.700000
vt 0.800000 0.650000
vt 0.850000 0.650000
vt 0.900000 0.650000
vt 0.950000 0.650000
vt 1.000000 0.650000
vt 0.800000 0.600000
vt 0.850000 0.600000
vt 0.900000 0.600000
vt 0.950000 0.600000
vt 1.000000 0.600000
vt 0.800000 0.550000
vt 0.850000 0.550000
vt 0.900000 0.550000
vt 0.950000 0.550000
vt 1.000000 0.550000
vt 0.800000 0.500000
vt 0.850000 0.500000
vt 0.900000 0.500000
vt 0.950000 0.500000
vt 1.000000 0.500000
vt 0.800000 0.450000
vt 0.850000 0.450000
vt 0.900000 0.450000
vt 0.950000 0.450000
vt 1.000000 0.450000
vt 0.800000 0.400000
vt 0.850000 0.400000
vt 0.900000 0.400000
vt 0.950000 0.400000
vt 1.000000 0.400000
vt 0.800000 0.350000
vt 0.850000 0.350000
vt 0.900000 0.350000
vt 0.950000 0.350000
vt 1.000000 0.350000
vt 0.800000 0.300000
vt 0.850000 0.300000
vt 0.900000 0.300000
vt 0.950000 0.300000
vt 1.000000 0.300000
vt 0.800000 0.250000
vt 0.850000 0.250000
vt 0.900000 0.250000
vt 0.950000 0.250000
vt 1.000000 0.250000
vt 0.800000 0.200000
vt 0.850000 0.200000
vt 0.900000 0.200000
vt 0.950000 0.200000
vt 1.000000 0.200000
vt 0.800000 0.150000
vt 0.850000 0.150000
vt 0.900000 0.150000
vt 0.950000 0.150000
vt 1.000000 0.150000
vt 0.800000 0.100000
vt 0.850000 0.100000
vt 0.900000 0.100000
vt 0.950000 0.100000
vt 1.000000 0.100000
vt 0.800000 0.050000
vt 0.850000 0.050000
vt 0.900000 0.050000
vt 0.950000 0.050000
vt 1.000000 0.050000
vt 0.800000 -0.000000
vt 0.850000 -0.000000
vt 0.900000 -0.000000
vt 0.950000 -0.000000
vt 1.000000 -0.000000
vn -0.075802 -0.023522 0.996845
vn 0.698909 0.043645 0.713877
vn 0.695723 -0.223936 0.682512
vn -0.057311 -0.308172 0.949603
vn -0.226560 -0.041859 0.973097
vn -0.204831 -0.292858 0.933958
vn -0.100153 -0.028745 0.994557
vn -0.068859 -0.341318 0.937422
vn -0.254023 -0.040998 0.966329
vn -0.215471 -0.349505 0.911822
vn 0.637860 -0.487698 0.596059
vn -0.024243 -0.577993 0.815682
vn -0.165089 -0.536563 0.827554
vn -0.030637 -0.618531 0.785163
vn -0.155292 -0.623756 0.766037
vn 0.516267 -0.730434 0.447140
vn 0.014054 -0.809531 0.586909
vn -0.108304 -0.760164 0.640641
vn 0.010523 -0.832244 0.554310
vn -0.079314 -0.836122 0.542779
vn 0.325641 -0.916036 0.234170
vn 0.042591 -0.960878 0.273680
vn -0.039004 -0.930296 0.364730
vn 0.050416 -0.961731 0.269316
vn 0.004800 -0.964419 0.264336
vn 0.081361 -0.996438 -0.022191
vn 0.046797 -0.995918 -0.077179
vn 0.031752 -0.999291 0.020248
vn 0.085098 -0.995546 -0.040574
vn 0.088280 -0.995282 -0.040246
vn -0.173452 -0.945542 -0.275436
vn 0.017042 -0.927446 -0.373569
vn 0.088927 -0.946017 -0.311678
vn 0.114497 -0.936640 -0.331054
vn 0.162431 -0.926693 -0.338903
vn -0.391980 -0.784646 -0.480294
vn -0.024377 -0.758756 -0.650918
vn 0.119762 -0.792484 -0.598019
vn 0.136532 -0.787704 -0.600734
vn 0.219938 -0.768088 -0.601388
vn -0.551519 -0.559665 -0.618549
vn -0.066906 -0.520719 -0.851102
vn 0.137582 -0.525064 -0.839868
vn 0.143348 -0.550970 -0.822121
vn 0.255744 -0.537850 -0.803314
vn -0.651729 -0.306742 -0.693657
vn -0.101151 -0.260771 -0.960087
vn 0.136065 -0.252866 -0.957886
vn 0.135169 -0.273050 -0.952456
vn 0.267248 -0.259587 -0.928005
vn -0.698909 -0.043646 -0.713878
vn -0.121925 0.013488 -0.992448
vn 0.125545 0.028167 -0.991688
vn 0.115031 0.029951 -0.992910
vn 0.254023 0.040997 -0.966329
vn -0.695870 0.222585 -0.682803
vn -0.126960 0.286112 -0.949748
vn 0.108669 0.304859 -0.946178
vn 0.084862 0.330203 -0.940087
vn 0.217430 0.337809 -0.915756
vn -0.638664 0.485338 -0.597123
vn -0.116648 0.541341 -0.832673
vn 0.084836 0.565175 -0.820597
vn 0.047357 0.600102 -0.798520
vn 0.160438 0.605017 -0.779881
vn -0.518107 0.727811 -0.449284
vn -0.094037 0.760953 -0.641957
vn 0.050882 0.790421 -0.610448
vn 0.005805 0.814248 -0.580488
vn 0.087693 0.817737 -0.568873
vn -0.328540 0.914192 -0.237306
vn -0.066544 0.927168 -0.368690
vn -0.003431 0.958400 -0.285407
vn -0.038311 0.954974 -0.294205
vn 0.005611 0.953814 -0.300347
vn -0.084812 0.996222 0.018666
vn -0.043413 0.998215 -0.041015
vn -0.058211 0.997078 0.049475
vn -0.078408 0.996874 0.009681
vn -0.077858 0.996964 0.000602
vn 0.170278 0.947006 0.272369
vn -0.030406 0.958784 0.282504
vn -0.123687 0.913795 0.386886
vn -0.108593 0.945034 0.308412
vn -0.154041 0.940333 0.303390
vn 0.389723 0.787013 0.478253
vn -0.043190 0.799325 0.599345
vn -0.178322 0.721638 0.668910
vn -0.125530 0.799237 0.587761
vn -0.214808 0.788654 0.576092
vn 0.550331 0.561900 0.617579
vn -0.062989 0.552324 0.831246
vn -0.214278 0.474947 0.853528
vn -0.129955 0.572442 0.809582
vn -0.253819 0.557730 0.790262
vn 0.651359 0.308059 0.693420
vn -0.076744 0.267290 0.960555
vn -0.229997 0.214893 0.949169
vn -0.121236 0.286760 0.950300
vn -0.267266 0.271596 0.924557
s 1
g pTorus5
usemtl pTorus5SG
f 157/192/282 156/191/283 161/196/284 162/197/285
f 158/193/286 157/192/282 162/197/285 163/198/287
f 159/194/288 158/193/286 163/198/287 164/199/289
f 155/195/290 159/194/288 164/199/289 160/200/291
f 162/197/285 161/196/284 166/201/292 167/202/293
f 163/198/287 162/197/285 167/202/293 168/203/294
f 164/199/289 163/198/287 168/203/294 169/204/295
f 160/200/291 164/199/289 169/204/295 165/205/296
f 167/202/293 166/201/292 171/206/297 172/207/298
f 168/203/294 167/202/293 172/207/298 173/208/299
f 169/204/295 168/203/294 173/208/299 174/209/300
f 165/205/296 169/204/295 174/209/300 170/210/301
f 172/207/298 171/206/297 176/211/302 177/212/303
f 173/208/299 172/207/298 177/212/303 178/213/304
f 174/209/300 173/208/299 178/213/304 179/214/305
f 170/210/301 174/209/300 179/214/305 175/215/306
f 177/212/303 176/211/302 181/216/307 182/217/308
f 178/213/304 177/212/303 182/217/308 183/218/309
f 179/214/305 178/213/304 183/218/309 184/219/310
f 175/215/306 179/214/305 184/219/310 180/220/311
f 182/217/308 181/216/307 186/221/312 187/222/313
f 183/218/309 182/217/308 187/222/313 188/223/314
f 184/219/310 183/218/309 188/223/314 189/224/315
f 180/220/311 184/219/310 189/224/315 185/225/316
f 187/222/313 186/221/312 191/226/317 192/227/318
f 188/223/314 187/222/313 192/227/318 193/228/319
f 189/224/315 188/223/314 193/228/319 194/229/320
f 185/225/316 189/224/315 194/229/320 190/230/321
f 192/227/318 191/226/317 196/231/322 197/232/323
f 193/228/319 192/227/318 197/232/323 198/233/324
f 194/229/320 193/228/319 198/233/324 199/234/325
f 190/230/321 194/229/320 199/234/325 195/235/326
f 197/232/323 196/231/322 201/236/327 202/237/328
f 198/233/324 197/232/323 202/237/328 203/238/329
f 199/234/325 198/233/324 203/238/329 204/239/330
f 195/235/326 199/234/325 204/239/330 200/240/331
f 202/237/328 201/236/327 206/241/332 207/242/333
f 203/238/329 202/237/328 207/242/333 208/243/334
f 204/239/330 203/238/329 208/243/334 209/244/335
f 200/240/331 204/239/330 209/244/335 205/245/336
f 207/242/333 206/241/332 211/246/337 212/247/338
f 208/243/334 207/242/333 212/247/338 213/248/339
f 209/244/335 208/243/334 213/248/339 214/249/340
f 205/245/336 209/244/335 214/249/340 210/250/341
f 212/247/338 211/246/337 216/251/342 217/252/343
f 213/248/339 212/247/338 217/252/343 218/253/344
f 214/249/340 213/248/339 218/253/344 219/254/345
f 210/250/341 214/249/340 219/254/345 215/255/346
f 217/252/343 216/251/342 221/256/347 222/257/348
f 218/253/344 217/252/343 222/257/348 223/258/349
f 219/254/345 218/253/344 223/258/349 224/259/350
f 215/255/346 219/254/345 224/259/350 220/260/351
f 222/257/348 221/256/347 226/261/352 227/262/353
f 223/258/349 222/257/348 227/262/353 228/263/354
f 224/259/350 223/258/349 228/263/354 229/264/355
f 220/260/351 224/259/350 229/264/355 225/265/356
f 227/262/353 226/261/352 231/266/357 232/267/358
f 228/263/354 227/262/353 232/267/358 233/268/359
f 229/264/355 228/263/354 233/268/359 234/269/360
f 225/265/356 229/264/355 234/269/360 230/270/361
f 232/267/358 231/266/357 236/271/362 237/272/363
f 233/268/359 232/267/358 237/272/363 238/273/364
f 234/269/360 233/268/359 238/273/364 239/274/365
f 230/270/361 234/269/360 239/274/365 235/275/366
f 237/272/363 236/271/362 241/276/367 242/277/368
f 238/273/364 237/272/363 242/277/368 243/278/369
f 239/274/365 238/273/364 243/278/369 244/279/370
f 235/275/366 239/274/365 244/279/370 240/280/371
f 242/277/368 241/276/367 246/281/372 247/282/373
f 243/278/369 242/277/368 247/282/373 248/283/374
f 244/279/370 243/278/369 248/283/374 249/284/375
f 240/280/371 244/279/370 249/284/375 245/285/376
f 247/282/373 246/281/372 251/286/377 252/287/378
f 248/283/374 247/282/373 252/287/378 253/288/379
f 249/284/375 248/283/374 253/288/379 254/289/380
f 245/285/376 249/284/375 254/289/380 250/290/381
f 252/287/378 251/286/377 156/291/283 157/292/282
f 253/288/379 252/287/378 157/292/282 158/293/286
f 254/289/380 253/288/379 158/293/286 159/294/288
f 250/290/381 254/289/380 159/294/288 155/295/290
g default
v 0.322223 0.855101 -1.900983
v 0.322223 1.727390 -3.612946
v 0.322223 3.086012 -4.971568
v 0.322223 4.797975 -5.843857
v 0.322223 6.695701 -6.144427
v 0.322223 8.593427 -5.843857
v 0.322223 10.305389 -4.971567
v 0.322223 11.664010 -3.612946
v 0.322223 12.536299 -1.900983
v 0.322223 12.836869 -0.003257
v 0.322223 12.536299 1.894468
v 0.322223 11.664010 3.606430
v 0.322223 10.305388 4.965051
v 0.322223 8.593426 5.837340
v 0.322223 6.695701 6.137910
v 0.322223 4.797976 5.837339
v 0.322223 3.086014 4.965051
v 0.322223 1.727393 3.606430
v 0.322223 0.855105 1.894467
v 0.322223 0.554535 -0.003257
v 0.414928 0.841136 -1.905521
v 0.414928 1.715511 -3.621577
v 0.414928 3.077381 -4.983447
v 0.414928 4.793438 -5.857821
v 0.414928 6.695701 -6.159110
v 0.414928 8.597964 -5.857821
v 0.414928 10.314020 -4.983446
v 0.414928 11.675889 -3.621576
v 0.414928 12.550263 -1.905520
v 0.414928 12.851552 -0.003257
v 0.414928 12.550263 1.899005
v 0.414928 11.675889 3.615061
v 0.414928 10.314019 4.976930
v 0.414928 8.597963 5.851304
v 0.414928 6.695701 6.152593
v 0.414928 4.793439 5.851304
v 0.414928 3.077384 4.976930
v 0.414928 1.715514 3.615060
v 0.414928 0.841140 1.899005
v 0.414928 0.539851 -0.003257
v 0.498558 0.800610 -1.918689
v 0.498558 1.681037 -3.646624
v 0.498558 3.052335 -5.017921
v 0.498558 4.780270 -5.898348
v 0.498558 6.695701 -6.201722
v 0.498558 8.611132 -5.898348
v 0.498558 10.339067 -5.017920
v 0.498558 11.710363 -3.646623
v 0.498558 12.590790 -1.918688
v 0.498558 12.894164 -0.003257
v 0.498558 12.590790 1.912173
v 0.498558 11.710363 3.640107
v 0.498558 10.339066 5.011404
v 0.498558 8.611131 5.891831
v 0.498558 6.695701 6.195205
v 0.498558 4.780271 5.891830
v 0.498558 3.052337 5.011404
v 0.498558 1.681040 3.640107
v 0.498558 0.800614 1.912172
v 0.498558 0.497239 -0.003257
v 0.564928 0.737489 -1.939198
v 0.564928 1.627343 -3.685635
v 0.564928 3.013324 -5.071615
v 0.564928 4.759761 -5.961468
v 0.564928 6.695701 -6.268091
v 0.564928 8.631641 -5.961468
v 0.564928 10.378077 -5.071614
v 0.564928 11.764057 -3.685634
v 0.564928 12.653910 -1.939197
v 0.564928 12.960533 -0.003257
v 0.564928 12.653910 1.932682
v 0.564928 11.764056 3.679118
v 0.564928 10.378077 5.065098
v 0.564928 8.631640 5.954952
v 0.564928 6.695701 6.261574
v 0.564928 4.759762 5.954951
v 0.564928 3.013326 5.065097
v 0.564928 1.627346 3.679118
v 0.564928 0.737493 1.932682
v 0.564928 0.430870 -0.003257
v 0.607540 0.657952 -1.965041
v 0.607540 1.559685 -3.734791
v 0.607540 2.964167 -5.139273
v 0.607540 4.733917 -6.041006
v 0.607540 6.695701 -6.351721
v 0.607540 8.657484 -6.041006
v 0.607540 10.427234 -5.139272
v 0.607540 11.831715 -3.734790
v 0.607540 12.733448 -1.965040
v 0.607540 13.044163 -0.003257
v 0.607540 12.733448 1.958525
v 0.607540 11.831715 3.728275
v 0.607540 10.427233 5.132757
v 0.607540 8.657484 6.034489
v 0.607540 6.695701 6.345205
v 0.607540 4.733919 6.034488
v 0.607540 2.964169 5.132756
v 0.607540 1.559688 3.728275
v 0.607540 0.657955 1.958525
v 0.607540 0.347240 -0.003257
v 0.622223 0.569783 -1.993689
v 0.622223 1.484684 -3.789282
v 0.622223 2.909676 -5.214274
v 0.622223 4.705270 -6.129174
v 0.622223 6.695701 -6.444427
v 0.622223 8.686132 -6.129173
v 0.622223 10.481725 -5.214273
v 0.622223 11.906716 -3.789281
v 0.622223 12.821616 -1.993688
v 0.622223 13.136869 -0.003257
v 0.622223 12.821616 1.987173
v 0.622223 11.906715 3.782766
v 0.622223 10.481724 5.207756
v 0.622223 8.686131 6.122657
v 0.622223 6.695701 6.437910
v 0.622223 4.705271 6.122656
v 0.622223 2.909678 5.207756
v 0.622223 1.484688 3.782765
v 0.622223 0.569787 1.987172
v 0.622223 0.254535 -0.003257
v 0.607540 0.481616 -2.022336
v 0.607540 1.409684 -3.843773
v 0.607540 2.855185 -5.289274
v 0.607540 4.676622 -6.217342
v 0.607540 6.695701 -6.537132
v 0.607540 8.714779 -6.217342
v 0.607540 10.536216 -5.289273
v 0.607540 11.981716 -3.843772
v 0.607540 12.909784 -2.022335
v 0.607540 13.229574 -0.003257
v 0.607540 12.909784 2.015820
v 0.607540 11.981715 3.837257
v 0.607540 10.536215 5.282757
v 0.607540 8.714779 6.210825
v 0.607540 6.695701 6.530615
v 0.607540 4.676624 6.210824
v 0.607540 2.855188 5.282756
v 0.607540 1.409688 3.837256
v 0.607540 0.481620 2.015820
v 0.607540 0.161829 -0.003257
v 0.564928 0.402078 -2.048179
v 0.564928 1.342026 -3.892930
v 0.564928 2.806028 -5.356932
v 0.564928 4.650779 -6.296879
v 0.564928 6.695701 -6.620763
v 0.564928 8.740623 -6.296879
v 0.564928 10.585373 -5.356931
v 0.564928 12.049374 -3.892929
v 0.564928 12.989321 -2.048179
v 0.564928 13.313205 -0.003257
v 0.564928 12.989321 2.041664
v 0.564928 12.049374 3.886413
v 0.564928 10.585372 5.350415
v 0.564928 8.740622 6.290362
v 0.564928 6.695701 6.614246
v 0.564928 4.650780 6.290362
v 0.564928 2.806031 5.350415
v 0.564928 1.342029 3.886413
v 0.564928 0.402082 2.041663
v 0.564928 0.078199 -0.003257
v 0.498558 0.338957 -2.068689
v 0.498558 1.288331 -3.931941
v 0.498558 2.767017 -5.410627
v 0.498558 4.630270 -6.360001
v 0.498558 6.695701 -6.687133
v 0.498558 8.761132 -6.360000
v 0.498558 10.624384 -5.410625
v 0.498558 12.103069 -3.931940
v 0.498558 13.052442 -2.068688
v 0.498558 13.379574 -0.003257
v 0.498558 13.052442 2.062173
v 0.498558 12.103068 3.925425
v 0.498558 10.624383 5.404109
v 0.498558 8.761131 6.353483
v 0.498558 6.695701 6.680615
v 0.498558 4.630271 6.353483
v 0.498558 2.767020 5.404109
v 0.498558 1.288335 3.925424
v 0.498558 0.338961 2.062172
v 0.498558 0.011829 -0.003257
v 0.414928 0.298431 -2.081856
v 0.414928 1.253858 -3.956988
v 0.414928 2.741971 -5.445100
v 0.414928 4.617102 -6.400527
v 0.414928 6.695701 -6.729744
v 0.414928 8.774300 -6.400526
v 0.414928 10.649430 -5.445099
v 0.414928 12.137542 -3.956986
v 0.414928 13.092969 -2.081855
v 0.414928 13.422186 -0.003257
v 0.414928 13.092969 2.075341
v 0.414928 12.137542 3.950471
v 0.414928 10.649429 5.438583
v 0.414928 8.774299 6.394009
v 0.414928 6.695701 6.723227
v 0.414928 4.617103 6.394009
v 0.414928 2.741973 5.438582
v 0.414928 1.253862 3.950470
v 0.414928 0.298435 2.075340
v 0.414928 -0.030782 -0.003257
v 0.322223 0.284467 -2.086394
v 0.322223 1.241979 -3.965618
v 0.322223 2.733340 -5.456979
v 0.322223 4.612565 -6.414491
v 0.322223 6.695701 -6.744427
v 0.322223 8.778837 -6.414491
v 0.322223 10.658061 -5.456978
v 0.322223 12.149421 -3.965617
v 0.322223 13.106933 -2.086393
v 0.322223 13.436869 -0.003257
v 0.322223 13.106933 2.079878
v 0.322223 12.149421 3.959101
v 0.322223 10.658060 5.450462
v 0.322223 8.778837 6.407974
v 0.322223 6.695701 6.737910
v 0.322223 4.612566 6.407974
v 0.322223 2.733343 5.450461
v 0.322223 1.241983 3.959101
v 0.322223 0.284470 2.079878
v 0.322223 -0.045466 -0.003257
v 0.229517 0.298431 -2.081856
v 0.229517 1.253858 -3.956988
v 0.229517 2.741971 -5.445100
v 0.229517 4.617102 -6.400527
v 0.229517 6.695701 -6.729744
v 0.229517 8.774300 -6.400526
v 0.229517 10.649430 -5.445099
v 0.229517 12.137542 -3.956986
v 0.229517 13.092969 -2.081855
v 0.229517 13.422186 -0.003257
v 0.229517 13.092969 2.075341
v 0.229517 12.137542 3.950471
v 0.229517 10.649429 5.438583
v 0.229517 8.774299 6.394009
v 0.229517 6.695701 6.723227
v 0.229517 4.617103 6.394009
v 0.229517 2.741973 5.438582
v 0.229517 1.253862 3.950470
v 0.229517 0.298435 2.075340
v 0.229517 -0.030782 -0.003257
v 0.145887 0.338957 -2.068689
v 0.145887 1.288331 -3.931941
v 0.145887 2.767017 -5.410627
v 0.145887 4.630270 -6.360001
v 0.145887 6.695701 -6.687133
v 0.145887 8.761132 -6.360000
v 0.145887 10.624384 -5.410625
v 0.145887 12.103069 -3.931940
v 0.145887 13.052442 -2.068688
v 0.145887 13.379574 -0.003257
v 0.145887 13.052442 2.062173
v 0.145887 12.103068 3.925425
v 0.145887 10.624383 5.404109
v 0.145887 8.761131 6.353483
v 0.145887 6.695701 6.680615
v 0.145887 4.630271 6.353483
v 0.145887 2.767020 5.404109
v 0.145887 1.288335 3.925424
v 0.145887 0.338961 2.062172
v 0.145887 0.011829 -0.003257
v 0.079517 0.402078 -2.048179
v 0.079517 1.342026 -3.892930
v 0.079517 2.806028 -5.356932
v 0.079517 4.650779 -6.296879
v 0.079517 6.695701 -6.620763
v 0.079517 8.740623 -6.296879
v 0.079517 10.585373 -5.356931
v 0.079517 12.049374 -3.892929
v 0.079517 12.989321 -2.048179
v 0.079517 13.313205 -0.003257
v 0.079517 12.989321 2.041664
v 0.079517 12.049374 3.886413
v 0.079517 10.585372 5.350415
v 0.079517 8.740622 6.290362
v 0.079517 6.695701 6.614246
v 0.079517 4.650780 6.290362
v 0.079517 2.806031 5.350415
v 0.079517 1.342029 3.886413
v 0.079517 0.402082 2.041663
v 0.079517 0.078199 -0.003257
v 0.036905 0.481616 -2.022336
v 0.036905 1.409684 -3.843773
v 0.036905 2.855185 -5.289274
v 0.036905 4.676622 -6.217342
v 0.036905 6.695701 -6.537132
v 0.036905 8.714779 -6.217342
v 0.036905 10.536216 -5.289273
v 0.036905 11.981716 -3.843772
v 0.036905 12.909784 -2.022335
v 0.036905 13.229574 -0.003257
v 0.036905 12.909784 2.015820
v 0.036905 11.981715 3.837257
v 0.036905 10.536215 5.282757
v 0.036905 8.714779 6.210825
v 0.036905 6.695701 6.530615
v 0.036905 4.676624 6.210824
v 0.036905 2.855188 5.282756
v 0.036905 1.409688 3.837256
v 0.036905 0.481620 2.015820
v 0.036905 0.161829 -0.003257
v 0.022222 0.569783 -1.993689
v 0.022222 1.484684 -3.789282
v 0.022222 2.909676 -5.214274
v 0.022222 4.705270 -6.129174
v 0.022222 6.695701 -6.444427
v 0.022222 8.686132 -6.129173
v 0.022222 10.481725 -5.214273
v 0.022222 11.906716 -3.789281
v 0.022222 12.821616 -1.993688
v 0.022222 13.136869 -0.003257
v 0.022222 12.821616 1.987173
v 0.022222 11.906715 3.782766
v 0.022222 10.481724 5.207756
v 0.022222 8.686131 6.122657
v 0.022222 6.695701 6.437910
v 0.022222 4.705271 6.122656
v 0.022222 2.909678 5.207756
v 0.022222 1.484688 3.782765
v 0.022222 0.569787 1.987172
v 0.022222 0.254535 -0.003257
v 0.036905 0.657952 -1.965041
v 0.036905 1.559685 -3.734791
v 0.036905 2.964167 -5.139273
v 0.036905 4.733917 -6.041006
v 0.036905 6.695701 -6.351721
v 0.036905 8.657484 -6.041006
v 0.036905 10.427234 -5.139272
v 0.036905 11.831715 -3.734790
v 0.036905 12.733448 -1.965040
v 0.036905 13.044163 -0.003257
v 0.036905 12.733448 1.958525
v 0.036905 11.831715 3.728275
v 0.036905 10.427233 5.132757
v 0.036905 8.657484 6.034489
v 0.036905 6.695701 6.345205
v 0.036905 4.733919 6.034488
v 0.036905 2.964169 5.132756
v 0.036905 1.559688 3.728275
v 0.036905 0.657955 1.958525
v 0.036905 0.347240 -0.003257
v 0.079517 0.737489 -1.939198
v 0.079517 1.627343 -3.685635
v 0.079517 3.013324 -5.071615
v 0.079517 4.759761 -5.961468
v 0.079517 6.695701 -6.268091
v 0.079517 8.631641 -5.961468
v 0.079517 10.378077 -5.071614
v 0.079517 11.764057 -3.685634
v 0.079517 12.653910 -1.939197
v 0.079517 12.960533 -0.003257
v 0.079517 12.653910 1.932682
v 0.079517 11.764056 3.679118
v 0.079517 10.378077 5.065098
v 0.079517 8.631640 5.954952
v 0.079517 6.695701 6.261574
v 0.079517 4.759762 5.954951
v 0.079517 3.013326 5.065097
v 0.079517 1.627346 3.679118
v 0.079517 0.737493 1.932682
v 0.079517 0.430870 -0.003257
v 0.145887 0.800610 -1.918688
v 0.145887 1.681037 -3.646624
v 0.145887 3.052335 -5.017921
v 0.145887 4.780270 -5.898348
v 0.145887 6.695701 -6.201721
v 0.145887 8.611132 -5.898347
v 0.145887 10.339066 -5.017920
v 0.145887 11.710363 -3.646623
v 0.145887 12.590789 -1.918688
v 0.145887 12.894163 -0.003257
v 0.145887 12.590789 1.912173
v 0.145887 11.710362 3.640107
v 0.145887 10.339066 5.011404
v 0.145887 8.611131 5.891830
v 0.145887 6.695701 6.195205
v 0.145887 4.780271 5.891830
v 0.145887 3.052337 5.011403
v 0.145887 1.681041 3.640107
v 0.145887 0.800614 1.912172
v 0.145887 0.497240 -0.003257
v 0.229517 0.841136 -1.905521
v 0.229517 1.715511 -3.621577
v 0.229517 3.077381 -4.983447
v 0.229517 4.793438 -5.857821
v 0.229517 6.695701 -6.159110
v 0.229517 8.597964 -5.857821
v 0.229517 10.314020 -4.983446
v 0.229517 11.675889 -3.621576
v 0.229517 12.550263 -1.905520
v 0.229517 12.851552 -0.003257
v 0.229517 12.550263 1.899005
v 0.229517 11.675889 3.615061
v 0.229517 10.314019 4.976930
v 0.229517 8.597963 5.851304
v 0.229517 6.695701 6.152593
v 0.229517 4.793439 5.851304
v 0.229517 3.077384 4.976930
v 0.229517 1.715514 3.615060
v 0.229517 0.841140 1.899005
v 0.229517 0.539851 -0.003257
vt 0.000000 1.000000
vt 0.050000 1.000000
vt 0.100000 1.000000
vt 0.150000 1.000000
vt 0.200000 1.000000
vt 0.250000 1.000000
vt 0.300000 1.000000
vt 0.350000 1.000000
vt 0.400000 1.000000
vt 0.450000 1.000000
vt 0.500000 1.000000
vt 0.550000 1.000000
vt 0.600000 1.000000
vt 0.650000 1.000000
vt 0.700000 1.000000
vt 0.750000 1.000000
vt 0.800000 1.000000
vt 0.850000 1.000000
vt 0.900000 1.000000
vt 0.950000 1.000000
vt 1.000000 1.000000
vt 0.000000 0.950000
vt 0.050000 0.950000
vt 0.100000 0.950000
vt 0.150000 0.950000
vt 0.200000 0.950000
vt 0.250000 0.950000
vt 0.300000 0.950000
vt 0.350000 0.950000
vt 0.400000 0.950000
vt 0.450000 0.950000
vt 0.500000 0.950000
vt 0.550000 0.950000
vt 0.600000 0.950000
vt 0.650000 0.950000
vt 0.700000 0.950000
vt 0.750000 0.950000
vt 0.800000 0.950000
vt 0.850000 0.950000
vt 0.900000 0.950000
vt 0.950000 0.950000
vt 1.000000 0.950000
vt 0.000000 0.900000
vt 0.050000 0.900000
vt 0.100000 0.900000
vt 0.150000 0.900000
vt 0.200000 0.900000
vt 0.250000 0.900000
vt 0.300000 0.900000
vt 0.350000 0.900000
vt 0.400000 0.900000
vt 0.450000 0.900000
vt 0.500000 0.900000
vt 0.550000 0.900000
vt 0.600000 0.900000
vt 0.650000 0.900000
vt 0.700000 0.900000
vt 0.750000 0.900000
vt 0.800000 0.900000
vt 0.850000 0.900000
vt 0.900000 0.900000
vt 0.950000 0.900000
vt 1.000000 0.900000
vt 0.000000 0.850000
vt 0.050000 0.850000
vt 0.100000 0.850000
vt 0.150000 0.850000
vt 0.200000 0.850000
vt 0.250000 0.850000
vt 0.300000 0.850000
vt 0.350000 0.850000
vt 0.400000 0.850000
vt 0.450000 0.850000
vt 0.500000 0.850000
vt 0.550000 0.850000
vt 0.600000 0.850000
vt 0.650000 0.850000
vt 0.700000 0.850000
vt 0.750000 0.850000
vt 0.800000 0.850000
vt 0.850000 0.850000
vt 0.900000 0.850000
vt 0.950000 0.850000
vt 1.000000 0.850000
vt 0.000000 0.800000
vt 0.050000 0.800000
vt 0.100000 0.800000
vt 0.150000 0.800000
vt 0.200000 0.800000
vt 0.250000 0.800000
vt 0.300000 0.800000
vt 0.350000 0.800000
vt 0.400000 0.800000
vt 0.450000 0.800000
vt 0.500000 0.800000
vt 0.550000 0.800000
vt 0.600000 0.800000
vt 0.650000 0.800000
vt 0.700000 0.800000
vt 0.750000 0.800000
vt 0.800000 0.800000
vt 0.850000 0.800000
vt 0.900000 0.800000
vt 0.950000 0.800000
vt 1.000000 0.800000
vt 0.000000 0.750000
vt 0.050000 0.750000
vt 0.100000 0.750000
vt 0.150000 0.750000
vt 0.200000 0.750000
vt 0.250000 0.750000
vt 0.300000 0.750000
vt 0.350000 0.750000
vt 0.400000 0.750000
vt 0.450000 0.750000
vt 0.500000 0.750000
vt 0.550000 0.750000
vt 0.600000 0.750000
vt 0.650000 0.750000
vt 0.700000 0.750000
vt 0.750000 0.750000
vt 0.800000 0.750000
vt 0.850000 0.750000
vt 0.900000 0.750000
vt 0.950000 0.750000
vt 1.000000 0.750000
vt 0.000000 0.700000
vt 0.050000 0.700000
vt 0.100000 0.700000
vt 0.150000 0.700000
vt 0.200000 0.700000
vt 0.250000 0.700000
vt 0.300000 0.700000
vt 0.350000 0.700000
vt 0.400000 0.700000
vt 0.450000 0.700000
vt 0.500000 0.700000
vt 0.550000 0.700000
vt 0.600000 0.700000
vt 0.650000 0.700000
vt 0.700000 0.700000
vt 0.750000 0.700000
vt 0.800000 0.700000
vt 0.850000 0.700000
vt 0.900000 0.700000
vt 0.950000 0.700000
vt 1.000000 0.700000
vt 0.000000 0.650000
vt 0.050000 0.650000
vt 0.100000 0.650000
vt 0.150000 0.650000
vt 0.200000 0.650000
vt 0.250000 0.650000
vt 0.300000 0.650000
vt 0.350000 0.650000
vt 0.400000 0.650000
vt 0.450000 0.650000
vt 0.500000 0.650000
vt 0.550000 0.650000
vt 0.600000 0.650000
vt 0.650000 0.650000
vt 0.700000 0.650000
vt 0.750000 0.650000
vt 0.800000 0.650000
vt 0.850000 0.650000
vt 0.900000 0.650000
vt 0.950000 0.650000
vt 1.000000 0.650000
vt 0.000000 0.600000
vt 0.050000 0.600000
vt 0.100000 0.600000
vt 0.150000 0.600000
vt 0.200000 0.600000
vt 0.250000 0.600000
vt 0.300000 0.600000
vt 0.350000 0.600000
vt 0.400000 0.600000
vt 0.450000 0.600000
vt 0.500000 0.600000
vt 0.550000 0.600000
vt 0.600000 0.600000
vt 0.650000 0.600000
vt 0.700000 0.600000
vt 0.750000 0.600000
vt 0.800000 0.600000
vt 0.850000 0.600000
vt 0.900000 0.600000
vt 0.950000 0.600000
vt 1.000000 0.600000
vt 0.000000 0.550000
vt 0.050000 0.550000
vt 0.100000 0.550000
vt 0.150000 0.550000
vt 0.200000 0.550000
vt 0.250000 0.550000
vt 0.300000 0.550000
vt 0.350000 0.550000
vt 0.400000 0.550000
vt 0.450000 0.550000
vt 0.500000 0.550000
vt 0.550000 0.550000
vt 0.600000 0.550000
vt 0.650000 0.550000
vt 0.700000 0.550000
vt 0.750000 0.550000
vt 0.800000 0.550000
vt 0.850000 0.550000
vt 0.900000 0.550000
vt 0.950000 0.550000
vt 1.000000 0.550000
vt 0.000000 0.500000
vt 0.050000 0.500000
vt 0.100000 0.500000
vt 0.150000 0.500000
vt 0.200000 0.500000
vt 0.250000 0.500000
vt 0.300000 0.500000
vt 0.350000 0.500000
vt 0.400000 0.500000
vt 0.450000 0.500000
vt 0.500000 0.500000
vt 0.550000 0.500000
vt 0.600000 0.500000
vt 0.650000 0.500000
vt 0.700000 0.500000
vt 0.750000 0.500000
vt 0.800000 0.500000
vt 0.850000 0.500000
vt 0.900000 0.500000
vt 0.950000 0.500000
vt 1.000000 0.500000
vt 0.000000 0.450000
vt 0.050000 0.450000
vt 0.100000 0.450000
vt 0.150000 0.450000
vt 0.200000 0.450000
vt 0.250000 0.450000
vt 0.300000 0.450000
vt 0.350000 0.450000
vt 0.400000 0.450000
vt 0.450000 0.450000
vt 0.500000 0.450000
vt 0.550000 0.450000
vt 0.600000 0.450000
vt 0.650000 0.450000
vt 0.700000 0.450000
vt 0.750000 0.450000
vt 0.800000 0.450000
vt 0.850000 0.450000
vt 0.900000 0.450000
vt 0.950000 0.450000
vt 1.000000 0.450000
vt 0.000000 0.400000
vt 0.050000 0.400000
vt 0.100000 0.400000
vt 0.150000 0.400000
vt 0.200000 0.400000
vt 0.250000 0.400000
vt 0.300000 0.400000
vt 0.350000 0.400000
vt 0.400000 0.400000
vt 0.450000 0.400000
vt 0.500000 0.400000
vt 0.550000 0.400000
vt 0.600000 0.400000
vt 0.650000 0.400000
vt 0.700000 0.400000
vt 0.750000 0.400000
vt 0.800000 0.400000
vt 0.850000 0.400000
vt 0.900000 0.400000
vt 0.950000 0.400000
vt 1.000000 0.400000
vt 0.000000 0.350000
vt 0.050000 0.350000
vt 0.100000 0.350000
vt 0.150000 0.350000
vt 0.200000 0.350000
vt 0.250000 0.350000
vt 0.300000 0.350000
vt 0.350000 0.350000
vt 0.400000 0.350000
vt 0.450000 0.350000
vt 0.500000 0.350000
vt 0.550000 0.350000
vt 0.600000 0.350000
vt 0.650000 0.350000
vt 0.700000 0.350000
vt 0.750000 0.350000
vt 0.800000 0.350000
vt 0.850000 0.350000
vt 0.900000 0.350000
vt 0.950000 0.350000
vt 1.000000 0.350000
vt 0.000000 0.300000
vt 0.050000 0.300000
vt 0.100000 0.300000
vt 0.150000 0.300000
vt 0.200000 0.300000
vt 0.250000 0.300000
vt 0.300000 0.300000
vt 0.350000 0.300000
vt 0.400000 0.300000
vt 0.450000 0.300000
vt 0.500000 0.300000
vt 0.550000 0.300000
vt 0.600000 0.300000
vt 0.650000 0.300000
vt 0.700000 0.300000
vt 0.750000 0.300000
vt 0.800000 0.300000
vt 0.850000 0.300000
vt 0.900000 0.300000
vt 0.950000 0.300000
vt 1.000000 0.300000
vt 0.000000 0.250000
vt 0.050000 0.250000
vt 0.100000 0.250000
vt 0.150000 0.250000
vt 0.200000 0.250000
vt 0.250000 0.250000
vt 0.300000 0.250000
vt 0.350000 0.250000
vt 0.400000 0.250000
vt 0.450000 0.250000
vt 0.500000 0.250000
vt 0.550000 0.250000
vt 0.600000 0.250000
vt 0.650000 0.250000
vt 0.700000 0.250000
vt 0.750000 0.250000
vt 0.800000 0.250000
vt 0.850000 0.250000
vt 0.900000 0.250000
vt 0.950000 0.250000
vt 1.000000 0.250000
vt 0.000000 0.200000
vt 0.050000 0.200000
vt 0.100000 0.200000
vt 0.150000 0.200000
vt 0.200000 0.200000
vt 0.250000 0.200000
vt 0.300000 0.200000
vt 0.350000 0.200000
vt 0.400000 0.200000
vt 0.450000 0.200000
vt 0.500000 0.200000
vt 0.550000 0.200000
vt 0.600000 0.200000
vt 0.650000 0.200000
vt 0.700000 0.200000
vt 0.750000 0.200000
vt 0.800000 0.200000
vt 0.850000 0.200000
vt 0.900000 0.200000
vt 0.950000 0.200000
vt 1.000000 0.200000
vt 0.000000 0.150000
vt 0.050000 0.150000
vt 0.100000 0.150000
vt 0.150000 0.150000
vt 0.200000 0.150000
vt 0.250000 0.150000
vt 0.300000 0.150000
vt 0.350000 0.150000
vt 0.400000 0.150000
vt 0.450000 0.150000
vt 0.500000 0.150000
vt 0.550000 0.150000
vt 0.600000 0.150000
vt 0.650000 0.150000
vt 0.700000 0.150000
vt 0.750000 0.150000
vt 0.800000 0.150000
vt 0.850000 0.150000
vt 0.900000 0.150000
vt 0.950000 0.150000
vt 1.000000 0.150000
vt 0.000000 0.100000
vt 0.050000 0.100000
vt 0.100000 0.100000
vt 0.150000 0.100000
vt 0.200000 0.100000
vt 0.250000 0.100000
vt 0.300000 0.100000
vt 0.350000 0.100000
vt 0.400000 0.100000
vt 0.450000 0.100000
vt 0.500000 0.100000
vt 0.550000 0.100000
vt 0.600000 0.100000
vt 0.650000 0.100000
vt 0.700000 0.100000
vt 0.750000 0.100000
vt 0.800000 0.100000
vt 0.850000 0.100000
vt 0.900000 0.100000
vt 0.950000 0.100000
vt 1.000000 0.100000
vt 0.000000 0.050000
vt 0.050000 0.050000
vt 0.100000 0.050000
vt 0.150000 0.050000
vt 0.200000 0.050000
vt 0.250000 0.050000
vt 0.300000 0.050000
vt 0.350000 0.050000
vt 0.400000 0.050000
vt 0.450000 0.050000
vt 0.500000 0.050000
vt 0.550000 0.050000
vt 0.600000 0.050000
vt 0.650000 0.050000
vt 0.700000 0.050000
vt 0.750000 0.050000
vt 0.800000 0.050000
vt 0.850000 0.050000
vt 0.900000 0.050000
vt 0.950000 0.050000
vt 1.000000 0.050000
vt 0.000000 -0.000000
vt 0.050000 -0.000000
vt 0.100000 -0.000000
vt 0.150000 -0.000000
vt 0.200000 -0.000000
vt 0.250000 -0.000000
vt 0.300000 -0.000000
vt 0.350000 -0.000000
vt 0.400000 -0.000000
vt 0.450000 -0.000000
vt 0.500000 -0.000000
vt 0.550000 -0.000000
vt 0.600000 -0.000000
vt 0.650000 -0.000000
vt 0.700000 -0.000000
vt 0.750000 -0.000000
vt 0.800000 -0.000000
vt 0.850000 -0.000000
vt 0.900000 -0.000000
vt 0.950000 -0.000000
vt 1.000000 -0.000000
vn 0.000000 0.809017 0.587785
vn -0.000000 0.951057 0.309016
vn 0.313879 0.902993 0.293399
vn 0.313878 0.768132 0.558081
vn -0.000000 0.587785 0.809017
vn 0.313878 0.558080 0.768132
vn 0.000000 0.309017 0.951057
vn 0.313880 0.293400 0.902993
vn -0.000000 -0.000000 1.000000
vn 0.313881 -0.000000 0.949462
vn 0.000000 -0.309017 0.951057
vn 0.313881 -0.293400 0.902992
vn 0.000000 -0.587785 0.809017
vn 0.313880 -0.558080 0.768131
vn 0.000000 -0.809017 0.587785
vn 0.313879 -0.768132 0.558080
vn 0.000000 -0.951057 0.309017
vn 0.313879 -0.902993 0.293400
vn 0.000000 -1.000000 0.000000
vn 0.313879 -0.949463 0.000000
vn -0.000000 -0.951057 -0.309017
vn 0.313879 -0.902993 -0.293400
vn 0.000000 -0.809017 -0.587785
vn 0.313878 -0.768132 -0.558081
vn 0.000000 -0.587785 -0.809017
vn 0.313879 -0.558080 -0.768132
vn 0.000000 -0.309017 -0.951057
vn 0.313881 -0.293400 -0.902992
vn 0.000000 0.000000 -1.000000
vn 0.313880 0.000000 -0.949463
vn 0.000000 0.309017 -0.951057
vn 0.313879 0.293400 -0.902993
vn -0.000000 0.587785 -0.809017
vn 0.313880 0.558080 -0.768132
vn 0.000000 0.809017 -0.587785
vn 0.313879 0.768132 -0.558080
vn 0.000000 0.951057 -0.309017
vn 0.313879 0.902993 -0.293400
vn -0.000000 1.000000 -0.000001
vn 0.313879 0.949463 -0.000001
vn 0.595644 0.763935 0.248217
vn 0.595644 0.649842 0.472138
vn 0.595644 0.472138 0.649842
vn 0.595643 0.248218 0.763936
vn 0.595642 0.000000 0.803250
vn 0.595645 -0.248217 0.763934
vn 0.595645 -0.472138 0.649841
vn 0.595644 -0.649842 0.472138
vn 0.595644 -0.763935 0.248217
vn 0.595644 -0.803249 0.000000
vn 0.595644 -0.763935 -0.248218
vn 0.595644 -0.649842 -0.472138
vn 0.595643 -0.472138 -0.649843
vn 0.595643 -0.248218 -0.763936
vn 0.595643 0.000000 -0.803249
vn 0.595644 0.248218 -0.763935
vn 0.595644 0.472137 -0.649842
vn 0.595644 0.649841 -0.472137
vn 0.595644 0.763935 -0.248217
vn 0.595644 0.803249 -0.000001
vn 0.816856 0.548609 0.178253
vn 0.816856 0.466674 0.339059
vn 0.816856 0.339059 0.466675
vn 0.816856 0.178254 0.548609
vn 0.816856 0.000000 0.576841
vn 0.816857 -0.178254 0.548608
vn 0.816856 -0.339059 0.466674
vn 0.816856 -0.466675 0.339059
vn 0.816856 -0.548609 0.178254
vn 0.816856 -0.576841 0.000000
vn 0.816856 -0.548609 -0.178254
vn 0.816856 -0.466674 -0.339059
vn 0.816856 -0.339059 -0.466675
vn 0.816855 -0.178254 -0.548610
vn 0.816856 0.000000 -0.576841
vn 0.816857 0.178254 -0.548608
vn 0.816857 0.339059 -0.466674
vn 0.816856 0.466674 -0.339059
vn 0.816856 0.548609 -0.178254
vn 0.816856 0.576842 -0.000001
vn 0.955846 0.279486 0.090810
vn 0.955846 0.237745 0.172732
vn 0.955846 0.172732 0.237745
vn 0.955846 0.090810 0.279486
vn 0.955846 -0.000000 0.293869
vn 0.955846 -0.090811 0.279486
vn 0.955846 -0.172732 0.237745
vn 0.955846 -0.237745 0.172732
vn 0.955846 -0.279486 0.090810
vn 0.955846 -0.293869 0.000000
vn 0.955846 -0.279486 -0.090811
vn 0.955846 -0.237745 -0.172732
vn 0.955846 -0.172732 -0.237745
vn 0.955846 -0.090811 -0.279486
vn 0.955846 0.000000 -0.293869
vn 0.955846 0.090810 -0.279486
vn 0.955846 0.172732 -0.237745
vn 0.955846 0.237745 -0.172732
vn 0.955846 0.279486 -0.090811
vn 0.955846 0.293869 -0.000000
vn 0.999860 -0.015947 -0.005181
vn 0.999859 -0.013565 -0.009856
vn 0.999860 -0.009856 -0.013565
vn 0.999860 -0.005181 -0.015947
vn 0.999860 0.000000 -0.016767
vn 0.999859 0.005181 -0.015947
vn 0.999859 0.009856 -0.013565
vn 0.999860 0.013565 -0.009856
vn 0.999860 0.015947 -0.005181
vn 0.999859 0.016767 -0.000000
vn 0.999859 0.015947 0.005181
vn 0.999859 0.013565 0.009856
vn 0.999860 0.009856 0.013565
vn 0.999859 0.005181 0.015947
vn 0.999859 -0.000000 0.016767
vn 0.999859 -0.005181 0.015947
vn 0.999859 -0.009856 0.013565
vn 0.999859 -0.013565 0.009856
vn 0.999859 -0.015947 0.005181
vn 0.999859 -0.016767 0.000000
vn 0.945991 -0.308327 -0.100181
vn 0.945991 -0.262279 -0.190557
vn 0.945991 -0.190557 -0.262279
vn 0.945991 -0.100181 -0.308327
vn 0.945991 0.000000 -0.324194
vn 0.945991 0.100182 -0.308327
vn 0.945990 0.190557 -0.262279
vn 0.945991 0.262279 -0.190557
vn 0.945990 0.308327 -0.100182
vn 0.945991 0.324195 0.000000
vn 0.945990 0.308327 0.100182
vn 0.945990 0.262279 0.190557
vn 0.945990 0.190557 0.262279
vn 0.945990 0.100182 0.308327
vn 0.945991 -0.000000 0.324194
vn 0.945991 -0.100182 0.308327
vn 0.945991 -0.190557 0.262279
vn 0.945991 -0.262279 0.190557
vn 0.945990 -0.308327 0.100182
vn 0.945991 -0.324195 0.000000
vn 0.800921 -0.569465 -0.185030
vn 0.800921 -0.484415 -0.351948
vn 0.800921 -0.351948 -0.484415
vn 0.800921 -0.185030 -0.569464
vn 0.800921 0.000000 -0.598770
vn 0.800921 0.185030 -0.569464
vn 0.800921 0.351948 -0.484415
vn 0.800921 0.484415 -0.351948
vn 0.800921 0.569464 -0.185030
vn 0.800921 0.598770 0.000000
vn 0.800921 0.569464 0.185030
vn 0.800921 0.484415 0.351948
vn 0.800921 0.351948 0.484415
vn 0.800920 0.185031 0.569466
vn 0.800919 -0.000000 0.598772
vn 0.800921 -0.185030 0.569465
vn 0.800921 -0.351948 0.484415
vn 0.800920 -0.484416 0.351949
vn 0.800921 -0.569465 0.185030
vn 0.800921 -0.598770 0.000001
vn 0.579721 -0.774936 -0.251791
vn 0.579720 -0.659200 -0.478936
vn 0.579719 -0.478937 -0.659201
vn 0.579720 -0.251792 -0.774936
vn 0.579721 0.000000 -0.814815
vn 0.579721 0.251792 -0.774935
vn 0.579721 0.478936 -0.659199
vn 0.579721 0.659200 -0.478936
vn 0.579720 0.774936 -0.251792
vn 0.579721 0.814815 0.000000
vn 0.579721 0.774936 0.251792
vn 0.579721 0.659199 0.478937
vn 0.579721 0.478936 0.659199
vn 0.579721 0.251792 0.774936
vn 0.579719 -0.000000 0.814816
vn 0.579719 -0.251792 0.774937
vn 0.579719 -0.478937 0.659200
vn 0.579719 -0.659200 0.478937
vn 0.579719 -0.774936 0.251792
vn 0.579720 -0.814816 0.000001
vn 0.304041 -0.906033 -0.294387
vn 0.304041 -0.770717 -0.559959
vn 0.304042 -0.559959 -0.770717
vn 0.304041 -0.294388 -0.906033
vn 0.304040 0.000000 -0.952659
vn 0.304041 0.294388 -0.906033
vn 0.304042 0.559959 -0.770717
vn 0.304042 0.770717 -0.559959
vn 0.304041 0.906033 -0.294387
vn 0.304041 0.952659 0.000000
vn 0.304041 0.906033 0.294388
vn 0.304041 0.770717 0.559959
vn 0.304042 0.559959 0.770717
vn 0.304043 0.294387 0.906032
vn 0.304043 -0.000000 0.952658
vn 0.304043 -0.294388 0.906032
vn 0.304042 -0.559959 0.770717
vn 0.304041 -0.770717 0.559959
vn 0.304041 -0.906032 0.294388
vn 0.304041 -0.952659 0.000001
vn 0.000000 -0.951057 -0.309016
vn 0.000000 -0.809017 -0.587785
vn 0.000000 -0.587785 -0.809017
vn 0.000000 -0.309017 -0.951057
vn 0.000000 0.000000 -1.000000
vn -0.000000 0.309017 -0.951056
vn 0.000000 0.587786 -0.809017
vn 0.000000 0.809017 -0.587785
vn 0.000000 0.951056 -0.309017
vn 0.000000 1.000000 0.000000
vn 0.000000 0.951056 0.309017
vn -0.000000 0.809017 0.587785
vn -0.000000 0.587785 0.809017
vn -0.000000 0.309017 0.951056
vn 0.000000 -0.000000 1.000000
vn 0.000000 -0.309017 0.951057
vn 0.000000 -0.587785 0.809017
vn 0.000000 -0.809017 0.587785
vn 0.000000 -0.951057 0.309017
vn 0.000000 -1.000000 0.000001
vn -0.304041 -0.906033 -0.294387
vn -0.304041 -0.770717 -0.559959
vn -0.304042 -0.559959 -0.770717
vn -0.304041 -0.294388 -0.906033
vn -0.304040 0.000000 -0.952659
vn -0.304041 0.294388 -0.906033
vn -0.304042 0.559959 -0.770717
vn -0.304042 0.770717 -0.559959
vn -0.304041 0.906033 -0.294387
vn -0.304041 0.952659 0.000000
vn -0.304041 0.906033 0.294388
vn -0.304041 0.770717 0.559959
vn -0.304042 0.559959 0.770717
vn -0.304043 0.294387 0.906032
vn -0.304043 -0.000000 0.952658
vn -0.304042 -0.294388 0.906032
vn -0.304042 -0.559959 0.770717
vn -0.304041 -0.770717 0.559959
vn -0.304041 -0.906032 0.294388
vn -0.304041 -0.952659 0.000001
vn -0.579721 -0.774936 -0.251791
vn -0.579721 -0.659199 -0.478936
vn -0.579719 -0.478937 -0.659200
vn -0.579720 -0.251792 -0.774936
vn -0.579721 0.000000 -0.814815
vn -0.579721 0.251792 -0.774935
vn -0.579721 0.478937 -0.659199
vn -0.579720 0.659200 -0.478936
vn -0.579720 0.774936 -0.251792
vn -0.579720 0.814815 -0.000000
vn -0.579720 0.774936 0.251792
vn -0.579720 0.659199 0.478937
vn -0.579721 0.478936 0.659199
vn -0.579720 0.251792 0.774936
vn -0.579719 -0.000000 0.814816
vn -0.579719 -0.251792 0.774937
vn -0.579719 -0.478937 0.659201
vn -0.579719 -0.659200 0.478937
vn -0.579719 -0.774936 0.251792
vn -0.579720 -0.814816 0.000001
vn -0.800921 -0.569465 -0.185030
vn -0.800921 -0.484415 -0.351948
vn -0.800921 -0.351948 -0.484416
vn -0.800921 -0.185030 -0.569465
vn -0.800921 0.000000 -0.598770
vn -0.800921 0.185030 -0.569465
vn -0.800921 0.351949 -0.484416
vn -0.800921 0.484416 -0.351949
vn -0.800921 0.569465 -0.185030
vn -0.800921 0.598771 -0.000000
vn -0.800921 0.569465 0.185030
vn -0.800921 0.484415 0.351948
vn -0.800921 0.351948 0.484416
vn -0.800920 0.185031 0.569466
vn -0.800919 -0.000000 0.598772
vn -0.800920 -0.185030 0.569465
vn -0.800921 -0.351949 0.484416
vn -0.800920 -0.484416 0.351949
vn -0.800921 -0.569465 0.185030
vn -0.800921 -0.598771 0.000001
vn -0.945990 -0.308328 -0.100181
vn -0.945990 -0.262279 -0.190557
vn -0.945990 -0.190557 -0.262279
vn -0.945990 -0.100182 -0.308327
vn -0.945991 0.000000 -0.324194
vn -0.945990 0.100182 -0.308328
vn -0.945990 0.190557 -0.262279
vn -0.945990 0.262279 -0.190557
vn -0.945990 0.308328 -0.100182
vn -0.945990 0.324195 -0.000000
vn -0.945990 0.308328 0.100182
vn -0.945990 0.262279 0.190557
vn -0.945990 0.190557 0.262279
vn -0.945990 0.100182 0.308328
vn -0.945990 -0.000000 0.324195
vn -0.945990 -0.100182 0.308327
vn -0.945990 -0.190557 0.262279
vn -0.945990 -0.262279 0.190557
vn -0.945990 -0.308328 0.100182
vn -0.945990 -0.324195 0.000000
vn -0.999860 -0.015947 -0.005181
vn -0.999859 -0.013565 -0.009856
vn -0.999860 -0.009856 -0.013565
vn -0.999860 -0.005181 -0.015947
vn -0.999860 0.000000 -0.016768
vn -0.999859 0.005181 -0.015947
vn -0.999859 0.009856 -0.013565
vn -0.999860 0.013565 -0.009856
vn -0.999860 0.015947 -0.005181
vn -0.999859 0.016767 -0.000000
vn -0.999859 0.015947 0.005181
vn -0.999859 0.013565 0.009856
vn -0.999860 0.009856 0.013565
vn -0.999860 0.005181 0.015947
vn -0.999860 -0.000000 0.016768
vn -0.999859 -0.005181 0.015947
vn -0.999859 -0.009856 0.013565
vn -0.999859 -0.013565 0.009856
vn -0.999859 -0.015947 0.005181
vn -0.999859 -0.016767 0.000000
vn -0.955846 0.279486 0.090810
vn -0.955846 0.237745 0.172732
vn -0.955846 0.172732 0.237745
vn -0.955846 0.090810 0.279486
vn -0.955846 -0.000000 0.293869
vn -0.955846 -0.090811 0.279486
vn -0.955846 -0.172732 0.237745
vn -0.955846 -0.237745 0.172732
vn -0.955846 -0.279486 0.090810
vn -0.955846 -0.293869 0.000000
vn -0.955846 -0.279486 -0.090811
vn -0.955846 -0.237745 -0.172732
vn -0.955846 -0.172732 -0.237745
vn -0.955846 -0.090811 -0.279486
vn -0.955846 0.000000 -0.293869
vn -0.955846 0.090810 -0.279486
vn -0.955846 0.172732 -0.237745
vn -0.955846 0.237745 -0.172732
vn -0.955846 0.279486 -0.090810
vn -0.955846 0.293869 -0.000000
vn -0.816857 0.548608 0.178253
vn -0.816857 0.466674 0.339058
vn -0.816857 0.339059 0.466674
vn -0.816857 0.178253 0.548607
vn -0.816858 -0.000000 0.576839
vn -0.816857 -0.178253 0.548607
vn -0.816857 -0.339058 0.466674
vn -0.816857 -0.466674 0.339058
vn -0.816857 -0.548608 0.178253
vn -0.816857 -0.576840 0.000000
vn -0.816857 -0.548608 -0.178253
vn -0.816857 -0.466674 -0.339058
vn -0.816857 -0.339059 -0.466674
vn -0.816857 -0.178253 -0.548608
vn -0.816857 0.000000 -0.576840
vn -0.816857 0.178253 -0.548607
vn -0.816857 0.339058 -0.466673
vn -0.816857 0.466674 -0.339058
vn -0.816857 0.548608 -0.178253
vn -0.816857 0.576840 -0.000001
vn -0.595644 0.763935 0.248217
vn -0.595644 0.649842 0.472138
vn -0.595644 0.472138 0.649842
vn -0.595644 0.248217 0.763935
vn -0.595643 -0.000000 0.803249
vn -0.595644 -0.248218 0.763935
vn -0.595644 -0.472138 0.649841
vn -0.595644 -0.649842 0.472138
vn -0.595644 -0.763935 0.248217
vn -0.595644 -0.803249 -0.000000
vn -0.595644 -0.763935 -0.248217
vn -0.595644 -0.649842 -0.472138
vn -0.595644 -0.472138 -0.649842
vn -0.595645 -0.248217 -0.763934
vn -0.595644 0.000000 -0.803249
vn -0.595643 0.248218 -0.763935
vn -0.595644 0.472138 -0.649841
vn -0.595645 0.649841 -0.472138
vn -0.595644 0.763935 -0.248217
vn -0.595644 0.803249 -0.000001
vn -0.313876 0.902994 0.293400
vn -0.313876 0.768132 0.558081
vn -0.313878 0.558080 0.768132
vn -0.313879 0.293400 0.902993
vn -0.313878 -0.000000 0.949463
vn -0.313877 -0.293401 0.902993
vn -0.313878 -0.558081 0.768132
vn -0.313877 -0.768132 0.558080
vn -0.313877 -0.902994 0.293400
vn -0.313877 -0.949464 -0.000000
vn -0.313876 -0.902994 -0.293400
vn -0.313876 -0.768132 -0.558081
vn -0.313878 -0.558081 -0.768132
vn -0.313879 -0.293400 -0.902993
vn -0.313878 0.000000 -0.949463
vn -0.313878 0.293400 -0.902993
vn -0.313878 0.558081 -0.768132
vn -0.313877 0.768132 -0.558080
vn -0.313877 0.902994 -0.293400
vn -0.313876 0.949464 -0.000001
s 1
g pTorus1 wheel
usemtl pTorus1SG
f 256/297/382 255/296/383 275/317/384 276/318/385
f 257/298/386 256/297/382 276/318/385 277/319/387
f 258/299/388 257/298/386 277/319/387 278/320/389
f 259/300/390 258/299/388 278/320/389 279/321/391
f 260/301/392 259/300/390 279/321/391 280/322/393
f 261/302/394 260/301/392 280/322/393 281/323/395
f 262/303/396 261/302/394 281/323/395 282/324/397
f 263/304/398 262/303/396 282/324/397 283/325/399
f 264/305/400 263/304/398 283/325/399 284/326/401
f 265/306/402 264/305/400 284/326/401 285/327/403
f 266/307/404 265/306/402 285/327/403 286/328/405
f 267/308/406 266/307/404 286/328/405 287/329/407
f 268/309/408 267/308/406 287/329/407 288/330/409
f 269/310/410 268/309/408 288/330/409 289/331/411
f 270/311/412 269/310/410 289/331/411 290/332/413
f 271/312/414 270/311/412 290/332/413 291/333/415
f 272/313/416 271/312/414 291/333/415 292/334/417
f 273/314/418 272/313/416 292/334/417 293/335/419
f 274/315/420 273/314/418 293/335/419 294/336/421
f 255/316/383 274/315/420 294/336/421 275/337/384
f 276/318/385 275/317/384 295/338/422 296/339/423
f 277/319/387 276/318/385 296/339/423 297/340/424
f 278/320/389 277/319/387 297/340/424 298/341/425
f 279/321/391 278/320/389 298/341/425 299/342/426
f 280/322/393 279/321/391 299/342/426 300/343/427
f 281/323/395 280/322/393 300/343/427 301/344/428
f 282/324/397 281/323/395 301/344/428 302/345/429
f 283/325/399 282/324/397 302/345/429 303/346/430
f 284/326/401 283/325/399 303/346/430 304/347/431
f 285/327/403 284/326/401 304/347/431 305/348/432
f 286/328/405 285/327/403 305/348/432 306/349/433
f 287/329/407 286/328/405 306/349/433 307/350/434
f 288/330/409 287/329/407 307/350/434 308/351/435
f 289/331/411 288/330/409 308/351/435 309/352/436
f 290/332/413 289/331/411 309/352/436 310/353/437
f 291/333/415 290/332/413 310/353/437 311/354/438
f 292/334/417 291/333/415 311/354/438 312/355/439
f 293/335/419 292/334/417 312/355/439 313/356/440
f 294/336/421 293/335/419 313/356/440 314/357/441
f 275/337/384 294/336/421 314/357/441 295/358/422
f 296/339/423 295/338/422 315/359/442 316/360/443
f 297/340/424 296/339/423 316/360/443 317/361/444
f 298/341/425 297/340/424 317/361/444 318/362/445
f 299/342/426 298/341/425 318/362/445 319/363/446
f 300/343/427 299/342/426 319/363/446 320/364/447
f 301/344/428 300/343/427 320/364/447 321/365/448
f 302/345/429 301/344/428 321/365/448 322/366/449
f 303/346/430 302/345/429 322/366/449 323/367/450
f 304/347/431 303/346/430 323/367/450 324/368/451
f 305/348/432 304/347/431 324/368/451 325/369/452
f 306/349/433 305/348/432 325/369/452 326/370/453
f 307/350/434 306/349/433 326/370/453 327/371/454
f 308/351/435 307/350/434 327/371/454 328/372/455
f 309/352/436 308/351/435 328/372/455 329/373/456
f 310/353/437 309/352/436 329/373/456 330/374/457
f 311/354/438 310/353/437 330/374/457 331/375/458
f 312/355/439 311/354/438 331/375/458 332/376/459
f 313/356/440 312/355/439 332/376/459 333/377/460
f 314/357/441 313/356/440 333/377/460 334/378/461
f 295/358/422 314/357/441 334/378/461 315/379/442
f 316/360/443 315/359/442 335/380/462 336/381/463
f 317/361/444 316/360/443 336/381/463 337/382/464
f 318/362/445 317/361/444 337/382/464 338/383/465
f 319/363/446 318/362/445 338/383/465 339/384/466
f 320/364/447 319/363/446 339/384/466 340/385/467
f 321/365/448 320/364/447 340/385/467 341/386/468
f 322/366/449 321/365/448 341/386/468 342/387/469
f 323/367/450 322/366/449 342/387/469 343/388/470
f 324/368/451 323/367/450 343/388/470 344/389/471
f 325/369/452 324/368/451 344/389/471 345/390/472
f 326/370/453 325/369/452 345/390/472 346/391/473
f 327/371/454 326/370/453 346/391/473 347/392/474
f 328/372/455 327/371/454 347/392/474 348/393/475
f 329/373/456 328/372/455 348/393/475 349/394/476
f 330/374/457 329/373/456 349/394/476 350/395/477
f 331/375/458 330/374/457 350/395/477 351/396/478
f 332/376/459 331/375/458 351/396/478 352/397/479
f 333/377/460 332/376/459 352/397/479 353/398/480
f 334/378/461 333/377/460 353/398/480 354/399/481
f 315/379/442 334/378/461 354/399/481 335/400/462
f 336/381/463 335/380/462 355/401/482 356/402/483
f 337/382/464 336/381/463 356/402/483 357/403/484
f 338/383/465 337/382/464 357/403/484 358/404/485
f 339/384/466 338/383/465 358/404/485 359/405/486
f 340/385/467 339/384/466 359/405/486 360/406/487
f 341/386/468 340/385/467 360/406/487 361/407/488
f 342/387/469 341/386/468 361/407/488 362/408/489
f 343/388/470 342/387/469 362/408/489 363/409/490
f 344/389/471 343/388/470 363/409/490 364/410/491
f 345/390/472 344/389/471 364/410/491 365/411/492
f 346/391/473 345/390/472 365/411/492 366/412/493
f 347/392/474 346/391/473 366/412/493 367/413/494
f 348/393/475 347/392/474 367/413/494 368/414/495
f 349/394/476 348/393/475 368/414/495 369/415/496
f 350/395/477 349/394/476 369/415/496 370/416/497
f 351/396/478 350/395/477 370/416/497 371/417/498
f 352/397/479 351/396/478 371/417/498 372/418/499
f 353/398/480 352/397/479 372/418/499 373/419/500
f 354/399/481 353/398/480 373/419/500 374/420/501
f 335/400/462 354/399/481 374/420/501 355/421/482
f 356/402/483 355/401/482 375/422/502 376/423/503
f 357/403/484 356/402/483 376/423/503 377/424/504
f 358/404/485 357/403/484 377/424/504 378/425/505
f 359/405/486 358/404/485 378/425/505 379/426/506
f 360/406/487 359/405/486 379/426/506 380/427/507
f 361/407/488 360/406/487 380/427/507 381/428/508
f 362/408/489 361/407/488 381/428/508 382/429/509
f 363/409/490 362/408/489 382/429/509 383/430/510
f 364/410/491 363/409/490 383/430/510 384/431/511
f 365/411/492 364/410/491 384/431/511 385/432/512
f 366/412/493 365/411/492 385/432/512 386/433/513
f 367/413/494 366/412/493 386/433/513 387/434/514
f 368/414/495 367/413/494 387/434/514 388/435/515
f 369/415/496 368/414/495 388/435/515 389/436/516
f 370/416/497 369/415/496 389/436/516 390/437/517
f 371/417/498 370/416/497 390/437/517 391/438/518
f 372/418/499 371/417/498 391/438/518 392/439/519
f 373/419/500 372/418/499 392/439/519 393/440/520
f 374/420/501 373/419/500 393/440/520 394/441/521
f 355/421/482 374/420/501 394/441/521 375/442/502
f 376/423/503 375/422/502 395/443/522 396/444/523
f 377/424/504 376/423/503 396/444/523 397/445/524
f 378/425/505 377/424/504 397/445/524 398/446/525
f 379/426/506 378/425/505 398/446/525 399/447/526
f 380/427/507 379/426/506 399/447/526 400/448/527
f 381/428/508 380/427/507 400/448/527 401/449/528
f 382/429/509 381/428/508 401/449/528 402/450/529
f 383/430/510 382/429/509 402/450/529 403/451/530
f 384/431/511 383/430/510 403/451/530 404/452/531
f 385/432/512 384/431/511 404/452/531 405/453/532
f 386/433/513 385/432/512 405/453/532 406/454/533
f 387/434/514 386/433/513 406/454/533 407/455/534
f 388/435/515 387/434/514 407/455/534 408/456/535
f 389/436/516 388/435/515 408/456/535 409/457/536
f 390/437/517 389/436/516 409/457/536 410/458/537
f 391/438/518 390/437/517 410/458/537 411/459/538
f 392/439/519 391/438/518 411/459/538 412/460/539
f 393/440/520 392/439/519 412/460/539 413/461/540
f 394/441/521 393/440/520 413/461/540 414/462/541
f 375/442/502 394/441/521 414/462/541 395/463/522
f 396/444/523 395/443/522 415/464/542 416/465/543
f 397/445/524 396/444/523 416/465/543 417/466/544
f 398/446/525 397/445/524 417/466/544 418/467/545
f 399/447/526 398/446/525 418/467/545 419/468/546
f 400/448/527 399/447/526 419/468/546 420/469/547
f 401/449/528 400/448/527 420/469/547 421/470/548
f 402/450/529 401/449/528 421/470/548 422/471/549
f 403/451/530 402/450/529 422/471/549 423/472/550
f 404/452/531 403/451/530 423/472/550 424/473/551
f 405/453/532 404/452/531 424/473/551 425/474/552
f 406/454/533 405/453/532 425/474/552 426/475/553
f 407/455/534 406/454/533 426/475/553 427/476/554
f 408/456/535 407/455/534 427/476/554 428/477/555
f 409/457/536 408/456/535 428/477/555 429/478/556
f 410/458/537 409/457/536 429/478/556 430/479/557
f 411/459/538 410/458/537 430/479/557 431/480/558
f 412/460/539 411/459/538 431/480/558 432/481/559
f 413/461/540 412/460/539 432/481/559 433/482/560
f 414/462/541 413/461/540 433/482/560 434/483/561
f 395/463/522 414/462/541 434/483/561 415/484/542
f 416/465/543 415/464/542 435/485/562 436/486/563
f 417/466/544 416/465/543 436/486/563 437/487/564
f 418/467/545 417/466/544 437/487/564 438/488/565
f 419/468/546 418/467/545 438/488/565 439/489/566
f 420/469/547 419/468/546 439/489/566 440/490/567
f 421/470/548 420/469/547 440/490/567 441/491/568
f 422/471/549 421/470/548 441/491/568 442/492/569
f 423/472/550 422/471/549 442/492/569 443/493/570
f 424/473/551 423/472/550 443/493/570 444/494/571
f 425/474/552 424/473/551 444/494/571 445/495/572
f 426/475/553 425/474/552 445/495/572 446/496/573
f 427/476/554 426/475/553 446/496/573 447/497/574
f 428/477/555 427/476/554 447/497/574 448/498/575
f 429/478/556 428/477/555 448/498/575 449/499/576
f 430/479/557 429/478/556 449/499/576 450/500/577
f 431/480/558 430/479/557 450/500/577 451/501/578
f 432/481/559 431/480/558 451/501/578 452/502/579
f 433/482/560 432/481/559 452/502/579 453/503/580
f 434/483/561 433/482/560 453/503/580 454/504/581
f 415/484/542 434/483/561 454/504/581 435/505/562
f 436/486/563 435/485/562 455/506/582 456/507/583
f 437/487/564 436/486/563 456/507/583 457/508/584
f 438/488/565 437/487/564 457/508/584 458/509/585
f 439/489/566 438/488/565 458/509/585 459/510/586
f 440/490/567 439/489/566 459/510/586 460/511/587
f 441/491/568 440/490/567 460/511/587 461/512/588
f 442/492/569 441/491/568 461/512/588 462/513/589
f 443/493/570 442/492/569 462/513/589 463/514/590
f 444/494/571 443/493/570 463/514/590 464/515/591
f 445/495/572 444/494/571 464/515/591 465/516/592
f 446/496/573 445/495/572 465/516/592 466/517/593
f 447/497/574 446/496/573 466/517/593 467/518/594
f 448/498/575 447/497/574 467/518/594 468/519/595
f 449/499/576 448/498/575 468/519/595 469/520/596
f 450/500/577 449/499/576 469/520/596 470/521/597
f 451/501/578 450/500/577 470/521/597 471/522/598
f 452/502/579 451/501/578 471/522/598 472/523/599
f 453/503/580 452/502/579 472/523/599 473/524/600
f 454/504/581 453/503/580 473/524/600 474/525/601
f 435/505/562 454/504/581 474/525/601 455/526/582
f 456/507/583 455/506/582 475/527/602 476/528/603
f 457/508/584 456/507/583 476/528/603 477/529/604
f 458/509/585 457/508/584 477/529/604 478/530/605
f 459/510/586 458/509/585 478/530/605 479/531/606
f 460/511/587 459/510/586 479/531/606 480/532/607
f 461/512/588 460/511/587 480/532/607 481/533/608
f 462/513/589 461/512/588 481/533/608 482/534/609
f 463/514/590 462/513/589 482/534/609 483/535/610
f 464/515/591 463/514/590 483/535/610 484/536/611
f 465/516/592 464/515/591 484/536/611 485/537/612
f 466/517/593 465/516/592 485/537/612 486/538/613
f 467/518/594 466/517/593 486/538/613 487/539/614
f 468/519/595 467/518/594 487/539/614 488/540/615
f 469/520/596 468/519/595 488/540/615 489/541/616
f 470/521/597 469/520/596 489/541/616 490/542/617
f 471/522/598 470/521/597 490/542/617 491/543/618
f 472/523/599 471/522/598 491/543/618 492/544/619
f 473/524/600 472/523/599 492/544/619 493/545/620
f 474/525/601 473/524/600 493/545/620 494/546/621
f 455/526/582 474/525/601 494/546/621 475/547/602
f 476/528/603 475/527/602 495/548/622 496/549/623
f 477/529/604 476/528/603 496/549/623 497/550/624
f 478/530/605 477/529/604 497/550/624 498/551/625
f 479/531/606 478/530/605 498/551/625 499/552/626
f 480/532/607 479/531/606 499/552/626 500/553/627
f 481/533/608 480/532/607 500/553/627 501/554/628
f 482/534/609 481/533/608 501/554/628 502/555/629
f 483/535/610 482/534/609 502/555/629 503/556/630
f 484/536/611 483/535/610 503/556/630 504/557/631
f 485/537/612 484/536/611 504/557/631 505/558/632
f 486/538/613 485/537/612 505/558/632 506/559/633
f 487/539/614 486/538/613 506/559/633 507/560/634
f 488/540/615 487/539/614 507/560/634 508/561/635
f 489/541/616 488/540/615 508/561/635 509/562/636
f 490/542/617 489/541/616 509/562/636 510/563/637
f 491/543/618 490/542/617 510/563/637 511/564/638
f 492/544/619 491/543/618 511/564/638 512/565/639
f 493/545/620 492/544/619 512/565/639 513/566/640
f 494/546/621 493/545/620 513/566/640 514/567/641
f 475/547/602 494/546/621 514/567/641 495/568/622
f 496/549/623 495/548/622 515/569/642 516/570/643
f 497/550/624 496/549/623 516/570/643 517/571/644
f 498/551/625 497/550/624 517/571/644 518/572/645
f 499/552/626 498/551/625 518/572/645 519/573/646
f 500/553/627 499/552/626 519/573/646 520/574/647
f 501/554/628 500/553/627 520/574/647 521/575/648
f 502/555/629 501/554/628 521/575/648 522/576/649
f 503/556/630 502/555/629 522/576/649 523/577/650
f 504/557/631 503/556/630 523/577/650 524/578/651
f 505/558/632 504/557/631 524/578/651 525/579/652
f 506/559/633 505/558/632 525/579/652 526/580/653
f 507/560/634 506/559/633 526/580/653 527/581/654
f 508/561/635 507/560/634 527/581/654 528/582/655
f 509/562/636 508/561/635 528/582/655 529/583/656
f 510/563/637 509/562/636 529/583/656 530/584/657
f 511/564/638 510/563/637 530/584/657 531/585/658
f 512/565/639 511/564/638 531/585/658 532/586/659
f 513/566/640 512/565/639 532/586/659 533/587/660
f 514/567/641 513/566/640 533/587/660 534/588/661
f 495/568/622 514/567/641 534/588/661 515/589/642
f 516/570/643 515/569/642 535/590/662 536/591/663
f 517/571/644 516/570/643 536/591/663 537/592/664
f 518/572/645 517/571/644 537/592/664 538/593/665
f 519/573/646 518/572/645 538/593/665 539/594/666
f 520/574/647 519/573/646 539/594/666 540/595/667
f 521/575/648 520/574/647 540/595/667 541/596/668
f 522/576/649 521/575/648 541/596/668 542/597/669
f 523/577/650 522/576/649 542/597/669 543/598/670
f 524/578/651 523/577/650 543/598/670 544/599/671
f 525/579/652 524/578/651 544/599/671 545/600/672
f 526/580/653 525/579/652 545/600/672 546/601/673
f 527/581/654 526/580/653 546/601/673 547/602/674
f 528/582/655 527/581/654 547/602/674 548/603/675
f 529/583/656 528/582/655 548/603/675 549/604/676
f 530/584/657 529/583/656 549/604/676 550/605/677
f 531/585/658 530/584/657 550/605/677 551/606/678
f 532/586/659 531/585/658 551/606/678 552/607/679
f 533/587/660 532/586/659 552/607/679 553/608/680
f 534/588/661 533/587/660 553/608/680 554/609/681
f 515/589/642 534/588/661 554/609/681 535/610/662
f 536/591/663 535/590/662 555/611/682 556/612/683
f 537/592/664 536/591/663 556/612/683 557/613/684
f 538/593/665 537/592/664 557/613/684 558/614/685
f 539/594/666 538/593/665 558/614/685 559/615/686
f 540/595/667 539/594/666 559/615/686 560/616/687
f 541/596/668 540/595/667 560/616/687 561/617/688
f 542/597/669 541/596/668 561/617/688 562/618/689
f 543/598/670 542/597/669 562/618/689 563/619/690
f 544/599/671 543/598/670 563/619/690 564/620/691
f 545/600/672 544/599/671 564/620/691 565/621/692
f 546/601/673 545/600/672 565/621/692 566/622/693
f 547/602/674 546/601/673 566/622/693 567/623/694
f 548/603/675 547/602/674 567/623/694 568/624/695
f 549/604/676 548/603/675 568/624/695 569/625/696
f 550/605/677 549/604/676 569/625/696 570/626/697
f 551/606/678 550/605/677 570/626/697 571/627/698
f 552/607/679 551/606/678 571/627/698 572/628/699
f 553/608/680 552/607/679 572/628/699 573/629/700
f 554/609/681 553/608/680 573/629/700 574/630/701
f 535/610/662 554/609/681 574/630/701 555/631/682
f 556/612/683 555/611/682 575/632/702 576/633/703
f 557/613/684 556/612/683 576/633/703 577/634/704
f 558/614/685 557/613/684 577/634/704 578/635/705
f 559/615/686 558/614/685 578/635/705 579/636/706
f 560/616/687 559/615/686 579/636/706 580/637/707
f 561/617/688 560/616/687 580/637/707 581/638/708
f 562/618/689 561/617/688 581/638/708 582/639/709
f 563/619/690 562/618/689 582/639/709 583/640/710
f 564/620/691 563/619/690 583/640/710 584/641/711
f 565/621/692 564/620/691 584/641/711 585/642/712
f 566/622/693 565/621/692 585/642/712 586/643/713
f 567/623/694 566/622/693 586/643/713 587/644/714
f 568/624/695 567/623/694 587/644/714 588/645/715
f 569/625/696 568/624/695 588/645/715 589/646/716
f 570/626/697 569/625/696 589/646/716 590/647/717
f 571/627/698 570/626/697 590/647/717 591/648/718
f 572/628/699 571/627/698 591/648/718 592/649/719
f 573/629/700 572/628/699 592/649/719 593/650/720
f 574/630/701 573/629/700 593/650/720 594/651/721
f 555/631/682 574/630/701 594/651/721 575/652/702
f 576/633/703 575/632/702 595/653/722 596/654/723
f 577/634/704 576/633/703 596/654/723 597/655/724
f 578/635/705 577/634/704 597/655/724 598/656/725
f 579/636/706 578/635/705 598/656/725 599/657/726
f 580/637/707 579/636/706 599/657/726 600/658/727
f 581/638/708 580/637/707 600/658/727 601/659/728
f 582/639/709 581/638/708 601/659/728 602/660/729
f 583/640/710 582/639/709 602/660/729 603/661/730
f 584/641/711 583/640/710 603/661/730 604/662/731
f 585/642/712 584/641/711 604/662/731 605/663/732
f 586/643/713 585/642/712 605/663/732 606/664/733
f 587/644/714 586/643/713 606/664/733 607/665/734
f 588/645/715 587/644/714 607/665/734 608/666/735
f 589/646/716 588/645/715 608/666/735 609/667/736
f 590/647/717 589/646/716 609/667/736 610/668/737
f 591/648/718 590/647/717 610/668/737 611/669/738
f 592/649/719 591/648/718 611/669/738 612/670/739
f 593/650/720 592/649/719 612/670/739 613/671/740
f 594/651/721 593/650/720 613/671/740 614/672/741
f 575/652/702 594/651/721 614/672/741 595/673/722
f 596/654/723 595/653/722 615/674/742 616/675/743
f 597/655/724 596/654/723 616/675/743 617/676/744
f 598/656/725 597/655/724 617/676/744 618/677/745
f 599/657/726 598/656/725 618/677/745 619/678/746
f 600/658/727 599/657/726 619/678/746 620/679/747
f 601/659/728 600/658/727 620/679/747 621/680/748
f 602/660/729 601/659/728 621/680/748 622/681/749
f 603/661/730 602/660/729 622/681/749 623/682/750
f 604/662/731 603/661/730 623/682/750 624/683/751
f 605/663/732 604/662/731 624/683/751 625/684/752
f 606/664/733 605/663/732 625/684/752 626/685/753
f 607/665/734 606/664/733 626/685/753 627/686/754
f 608/666/735 607/665/734 627/686/754 628/687/755
f 609/667/736 608/666/735 628/687/755 629/688/756
f 610/668/737 609/667/736 629/688/756 630/689/757
f 611/669/738 610/668/737 630/689/757 631/690/758
f 612/670/739 611/669/738 631/690/758 632/691/759
f 613/671/740 612/670/739 632/691/759 633/692/760
f 614/672/741 613/671/740 633/692/760 634/693/761
f 595/673/722 614/672/741 634/693/761 615/694/742
f 616/675/743 615/674/742 635/695/762 636/696/763
f 617/676/744 616/675/743 636/696/763 637/697/764
f 618/677/745 617/676/744 637/697/764 638/698/765
f 619/678/746 618/677/745 638/698/765 639/699/766
f 620/679/747 619/678/746 639/699/766 640/700/767
f 621/680/748 620/679/747 640/700/767 641/701/768
f 622/681/749 621/680/748 641/701/768 642/702/769
f 623/682/750 622/681/749 642/702/769 643/703/770
f 624/683/751 623/682/750 643/703/770 644/704/771
f 625/684/752 624/683/751 644/704/771 645/705/772
f 626/685/753 625/684/752 645/705/772 646/706/773
f 627/686/754 626/685/753 646/706/773 647/707/774
f 628/687/755 627/686/754 647/707/774 648/708/775
f 629/688/756 628/687/755 648/708/775 649/709/776
f 630/689/757 629/688/756 649/709/776 650/710/777
f 631/690/758 630/689/757 650/710/777 651/711/778
f 632/691/759 631/690/758 651/711/778 652/712/779
f 633/692/760 632/691/759 652/712/779 653/713/780
f 634/693/761 633/692/760 653/713/780 654/714/781
f 615/694/742 634/693/761 654/714/781 635/715/762
f 636/696/763 635/695/762 255/716/383 256/717/382
f 637/697/764 636/696/763 256/717/382 257/718/386
f 638/698/765 637/697/764 257/718/386 258/719/388
f 639/699/766 638/698/765 258/719/388 259/720/390
f 640/700/767 639/699/766 259/720/390 260/721/392
f 641/701/768 640/700/767 260/721/392 261/722/394
f 642/702/769 641/701/768 261/722/394 262/723/396
f 643/703/770 642/702/769 262/723/396 263/724/398
f 644/704/771 643/703/770 263/724/398 264/725/400
f 645/705/772 644/704/771 264/725/400 265/726/402
f 646/706/773 645/705/772 265/726/402 266/727/404
f 647/707/774 646/706/773 266/727/404 267/728/406
f 648/708/775 647/707/774 267/728/406 268/729/408
f 649/709/776 648/708/775 268/729/408 269/730/410
f 650/710/777 649/709/776 269/730/410 270/731/412
f 651/711/778 650/710/777 270/731/412 271/732/414
f 652/712/779 651/711/778 271/732/414 272/733/416
f 653/713/780 652/712/779 272/733/416 273/734/418
f 654/714/781 653/713/780 273/734/418 274/735/420
f 635/715/762 654/714/781 274/735/420 255/736/383
g default
v -0.022569 5.895661 -0.650910
v -0.022569 6.502196 -1.001093
v -0.022569 7.191922 -0.879476
v -0.022569 7.642108 -0.342964
v -0.022569 7.642108 0.357401
v -0.022569 7.191922 0.893913
v -0.022569 6.502196 1.015530
v -0.022569 5.895661 0.665347
v -0.022569 5.656122 0.007219
v 0.615296 5.895661 -0.650910
v 0.615296 6.502196 -1.001093
v 0.615296 7.191922 -0.879476
v 0.615296 7.642108 -0.342964
v 0.615296 7.642108 0.357401
v 0.615296 7.191922 0.893913
v 0.615296 6.502196 1.015530
v 0.615296 5.895661 0.665347
v 0.615296 5.656122 0.007219
v -0.022569 6.679988 0.007219
v 0.615296 6.679988 0.007219
vt 0.619694 0.055814
vt 0.527133 0.002374
vt 0.421875 0.020934
vt 0.353173 0.102809
vt 0.353173 0.209691
vt 0.421875 0.291566
vt 0.527133 0.310126
vt 0.619694 0.256686
vt 0.656250 0.156250
vt 0.375000 0.312500
vt 0.402778 0.312500
vt 0.430556 0.312500
vt 0.458333 0.312500
vt 0.486111 0.312500
vt 0.513889 0.312500
vt 0.541667 0.312500
vt 0.569445 0.312500
vt 0.597222 0.312500
vt 0.625000 0.312500
vt 0.375000 0.687500
vt 0.402778 0.687500
vt 0.430556 0.687500
vt 0.458333 0.687500
vt 0.486111 0.687500
vt 0.513889 0.687500
vt 0.541667 0.687500
vt 0.569445 0.687500
vt 0.597222 0.687500
vt 0.625000 0.687500
vt 0.619694 0.743314
vt 0.527133 0.689874
vt 0.421875 0.708434
vt 0.353173 0.790309
vt 0.353173 0.897191
vt 0.421875 0.979066
vt 0.527133 0.997626
vt 0.619694 0.944186
vt 0.656250 0.843750
vt 0.500000 0.156250
vt 0.500000 0.843750
vn 0.000000 -0.500000 -0.866025
vn 0.000000 -0.500000 -0.866025
vn 0.000000 -0.500000 -0.866025
vn 0.000000 -0.500000 -0.866025
vn 0.000000 0.173648 -0.984808
vn 0.000000 0.173648 -0.984808
vn 0.000000 0.173648 -0.984808
vn 0.000000 0.173648 -0.984808
vn 0.000000 0.766044 -0.642788
vn 0.000000 0.766044 -0.642788
vn 0.000000 0.766044 -0.642788
vn 0.000000 0.766044 -0.642788
vn 0.000000 1.000000 0.000000
vn 0.000000 1.000000 0.000000
vn 0.000000 1.000000 0.000000
vn 0.000000 1.000000 0.000000
vn 0.000000 0.766044 0.642788
vn 0.000000 0.766044 0.642788
vn 0.000000 0.766044 0.642788
vn 0.000000 0.766044 0.642788
vn 0.000000 0.173648 0.984808
vn 0.000000 0.173648 0.984808
vn 0.000000 0.173648 0.984808
vn 0.000000 0.173648 0.984808
vn 0.000000 -0.500000 0.866025
vn 0.000000 -0.500000 0.866025
vn 0.000000 -0.500000 0.866025
vn 0.000000 -0.500000 0.866025
vn 0.000000 -0.939693 0.342020
vn 0.000000 -0.939693 0.342020
vn 0.000000 -0.939693 0.342020
vn 0.000000 -0.939693 0.342020
vn 0.000000 -0.939693 -0.342020
vn 0.000000 -0.939693 -0.342020
vn 0.000000 -0.939693 -0.342020
vn 0.000000 -0.939693 -0.342020
vn -1.000000 0.000000 0.000000
vn -1.000000 0.000000 0.000000
vn -1.000000 0.000000 0.000000
vn -1.000000 0.000000 0.000000
vn -1.000000 0.000000 0.000000
vn -1.000000 0.000000 0.000000
vn -1.000000 0.000000 0.000000
vn -1.000000 0.000000 0.000000
vn -1.000000 0.000000 0.000000
vn -1.000000 0.000000 0.000000
vn -1.000000 0.000000 0.000000
vn -1.000000 0.000000 0.000000
vn -1.000000 0.000000 0.000000
vn -1.000000 0.000000 0.000000
vn -1.000000 0.000000 0.000000
vn -1.000000 -0.000000 0.000000
vn -1.000000 0.000000 0.000000
vn -1.000000 0.000000 0.000000
vn -1.000000 -0.000000 0.000000
vn -1.000000 -0.000000 0.000000
vn -1.000000 0.000000 0.000000
vn -1.000000 0.000000 0.000000
vn -1.000000 -0.000000 0.000000
vn -1.000000 0.000000 0.000000
vn -1.000000 0.000000 0.000000
vn -1.000000 0.000000 0.000000
vn -1.000000 0.000000 0.000000
vn 1.000000 0.000000 0.000000
vn 1.000000 0.000000 0.000000
vn 1.000000 0.000000 0.000000
vn 1.000000 0.000000 0.000000
vn 1.000000 0.000000 0.000000
vn 1.000000 0.000000 0.000000
vn 1.000000 0.000000 0.000000
vn 1.000000 0.000000 0.000000
vn 1.000000 0.000000 0.000000
vn 1.000000 0.000000 0.000000
vn 1.000000 0.000000 0.000000
vn 1.000000 0.000000 0.000000
vn 1.000000 0.000000 0.000000
vn 1.000000 0.000000 0.000000
vn 1.000000 0.000000 0.000000
vn 1.000000 0.000000 0.000000
vn 1.000000 0.000000 0.000000
vn 1.000000 0.000000 0.000000
vn 1.000000 0.000000 0.000000
vn 1.000000 0.000000 0.000000
vn 1.000000 0.000000 0.000000
vn 1.000000 0.000000 0.000000
vn 1.000000 0.000000 0.000000
vn 1.000000 0.000000 0.000000
vn 1.000000 0.000000 0.000000
vn 1.000000 0.000000 0.000000
vn 1.000000 0.000000 0.000000
s off
g wheel pCylinder1
usemtl pCylinder1SG
f 655/746/782 656/747/783 665/757/784 664/756/785
f 656/747/786 657/748/787 666/758/788 665/757/789
f 657/748/790 658/749/791 667/759/792 666/758/793
f 658/749/794 659/750/795 668/760/796 667/759/797
f 659/750/798 660/751/799 669/761/800 668/760/801
f 660/751/802 661/752/803 670/762/804 669/761/805
f 661/752/806 662/753/807 671/763/808 670/762/809
f 662/753/810 663/754/811 672/764/812 671/763/813
f 663/754/814 655/755/815 664/765/816 672/764/817
f 656/738/818 655/737/819 673/775/820
f 657/739/821 656/738/822 673/775/823
f 658/740/824 657/739/825 673/775/826
f 659/741/827 658/740/828 673/775/829
f 660/742/830 659/741/831 673/775/832
f 661/743/833 660/742/834 673/775/835
f 662/744/836 661/743/837 673/775/838
f 663/745/839 662/744/840 673/775/841
f 655/737/842 663/745/843 673/775/844
f 664/773/845 665/772/846 674/776/847
f 665/772/848 666/771/849 674/776/850
f 666/771/851 667/770/852 674/776/853
f 667/770/854 668/769/855 674/776/856
f 668/769/857 669/768/858 674/776/859
f 669/768/860 670/767/861 674/776/862
f 670/767/863 671/766/864 674/776/865
f 671/766/866 672/774/867 674/776/868
f 672/774/869 664/773/870 674/776/871
g default
v 0.117667 14.099844 -0.363247
v 0.117667 14.094028 1.610437
v 0.117667 13.245925 3.577199
v 0.117667 11.638553 5.344519
v 0.117667 9.429253 6.739400
v 0.117667 6.834287 7.625301
v 0.117667 4.107667 7.915504
v 0.158045 14.120432 -0.367797
v 0.158045 14.114602 1.610606
v 0.158045 13.264471 3.582070
v 0.158045 11.653256 5.353616
v 0.158045 9.438673 6.751832
v 0.158045 6.837502 7.639852
v 0.158045 4.104364 7.930748
v 0.194472 14.180178 -0.381001
v 0.194472 14.174308 1.611096
v 0.194472 13.318292 3.596208
v 0.194472 11.695923 5.380016
v 0.194472 9.466011 6.787911
v 0.194472 6.846835 7.682078
v 0.194472 4.094777 7.974988
v 0.223380 14.273234 -0.401567
v 0.223380 14.267301 1.611861
v 0.223380 13.402119 3.618227
v 0.223380 11.762379 5.421136
v 0.223380 9.508591 6.844105
v 0.223380 6.861370 7.747846
v 0.223380 4.079845 8.043892
v 0.241940 14.390492 -0.427482
v 0.241940 14.384480 1.612823
v 0.241940 13.507748 3.645974
v 0.241940 11.846120 5.472950
v 0.241940 9.562245 6.914915
v 0.241940 6.879685 7.830719
v 0.241940 4.061029 8.130718
v 0.248335 14.520473 -0.456208
v 0.248335 14.514374 1.613891
v 0.248335 13.624840 3.676730
v 0.248335 11.938946 5.530385
v 0.248335 9.621721 6.993407
v 0.248335 6.899988 7.922585
v 0.248335 4.040172 8.226964
v 0.241940 14.650455 -0.484935
v 0.241940 14.644268 1.614958
v 0.241940 13.741931 3.707487
v 0.241940 12.031773 5.587821
v 0.241940 9.681196 7.071900
v 0.241940 6.920291 8.014451
v 0.241940 4.019314 8.323211
v 0.223380 14.767713 -0.510850
v 0.223380 14.761446 1.615921
v 0.223380 13.847560 3.735234
v 0.223380 12.115513 5.639635
v 0.223380 9.734850 7.142709
v 0.223380 6.938607 8.097325
v 0.223380 4.000499 8.410037
v 0.194472 14.860770 -0.531416
v 0.194472 14.854440 1.616685
v 0.194472 13.931389 3.757253
v 0.194472 12.181970 5.680754
v 0.194472 9.777430 7.198904
v 0.194472 6.953142 8.163094
v 0.194472 3.985567 8.478942
v 0.158045 14.920515 -0.544620
v 0.158045 14.914146 1.617176
v 0.158045 13.985209 3.771391
v 0.158045 12.224637 5.707155
v 0.158045 9.804768 7.234982
v 0.158045 6.962474 8.205319
v 0.158045 3.975980 8.523181
v 0.117667 14.941102 -0.549170
v 0.117667 14.934718 1.617345
v 0.117667 14.003754 3.776262
v 0.117667 12.239340 5.716252
v 0.117667 9.814188 7.247415
v 0.117667 6.965690 8.219869
v 0.117667 3.972676 8.538425
v 0.077288 14.920515 -0.544620
v 0.077288 14.914146 1.617176
v 0.077288 13.985209 3.771391
v 0.077288 12.224637 5.707155
v 0.077288 9.804768 7.234982
v 0.077288 6.962474 8.205319
v 0.077288 3.975980 8.523181
v 0.040862 14.860770 -0.531416
v 0.040862 14.854440 1.616685
v 0.040862 13.931389 3.757253
v 0.040862 12.181970 5.680754
v 0.040862 9.777430 7.198904
v 0.040862 6.953142 8.163094
v 0.040862 3.985567 8.478942
v 0.011954 14.767713 -0.510850
v 0.011954 14.761446 1.615921
v 0.011954 13.847560 3.735234
v 0.011954 12.115513 5.639635
v 0.011954 9.734850 7.142709
v 0.011954 6.938607 8.097325
v 0.011954 4.000499 8.410037
v -0.006606 14.650455 -0.484935
v -0.006606 14.644268 1.614958
v -0.006606 13.741931 3.707487
v -0.006606 12.031773 5.587821
v -0.006606 9.681196 7.071900
v -0.006606 6.920291 8.014451
v -0.006606 4.019314 8.323211
v -0.013002 14.520473 -0.456208
v -0.013002 14.514374 1.613891
v -0.013002 13.624840 3.676730
v -0.013002 11.938946 5.530385
v -0.013002 9.621721 6.993407
v -0.013002 6.899988 7.922585
v -0.013002 4.040172 8.226964
v -0.006606 14.390492 -0.427482
v -0.006606 14.384480 1.612823
v -0.006606 13.507748 3.645974
v -0.006606 11.846120 5.472950
v -0.006606 9.562245 6.914915
v -0.006606 6.879685 7.830719
v -0.006606 4.061029 8.130718
v 0.011954 14.273234 -0.401567
v 0.011954 14.267301 1.611861
v 0.011954 13.402119 3.618227
v 0.011954 11.762379 5.421136
v 0.011954 9.508591 6.844105
v 0.011954 6.861370 7.747846
v 0.011954 4.079845 8.043892
v 0.040862 14.180177 -0.381001
v 0.040862 14.174307 1.611096
v 0.040862 13.318291 3.596208
v 0.040862 11.695923 5.380016
v 0.040862 9.466011 6.787911
v 0.040862 6.846835 7.682078
v 0.040862 4.094777 7.974987
v 0.077288 14.120432 -0.367797
v 0.077288 14.114602 1.610606
v 0.077288 13.264471 3.582070
v 0.077288 11.653256 5.353616
v 0.077288 9.438673 6.751832
v 0.077288 6.837502 7.639852
v 0.077288 4.104364 7.930748
vt 0.450000 1.000000
vt 0.500000 1.000000
vt 0.550000 1.000000
vt 0.600000 1.000000
vt 0.650000 1.000000
vt 0.700000 1.000000
vt 0.750000 1.000000
vt 0.450000 0.950000
vt 0.500000 0.950000
vt 0.550000 0.950000
vt 0.600000 0.950000
vt 0.650000 0.950000
vt 0.700000 0.950000
vt 0.750000 0.950000
vt 0.450000 0.900000
vt 0.500000 0.900000
vt 0.550000 0.900000
vt 0.600000 0.900000
vt 0.650000 0.900000
vt 0.700000 0.900000
vt 0.750000 0.900000
vt 0.450000 0.850000
vt 0.500000 0.850000
vt 0.550000 0.850000
vt 0.600000 0.850000
vt 0.650000 0.850000
vt 0.700000 0.850000
vt 0.750000 0.850000
vt 0.450000 0.800000
vt 0.500000 0.800000
vt 0.550000 0.800000
vt 0.600000 0.800000
vt 0.650000 0.800000
vt 0.700000 0.800000
vt 0.750000 0.800000
vt 0.450000 0.750000
vt 0.500000 0.750000
vt 0.550000 0.750000
vt 0.600000 0.750000
vt 0.650000 0.750000
vt 0.700000 0.750000
vt 0.750000 0.750000
vt 0.450000 0.700000
vt 0.500000 0.700000
vt 0.550000 0.700000
vt 0.600000 0.700000
vt 0.650000 0.700000
vt 0.700000 0.700000
vt 0.750000 0.700000
vt 0.450000 0.650000
vt 0.500000 0.650000
vt 0.550000 0.650000
vt 0.600000 0.650000
vt 0.650000 0.650000
vt 0.700000 0.650000
vt 0.750000 0.650000
vt 0.450000 0.600000
vt 0.500000 0.600000
vt 0.550000 0.600000
vt 0.600000 0.600000
vt 0.650000 0.600000
vt 0.700000 0.600000
vt 0.750000 0.600000
vt 0.450000 0.550000
vt 0.500000 0.550000
vt 0.550000 0.550000
vt 0.600000 0.550000
vt 0.650000 0.550000
vt 0.700000 0.550000
vt 0.750000 0.550000
vt 0.450000 0.500000
vt 0.500000 0.500000
vt 0.550000 0.500000
vt 0.600000 0.500000
vt 0.650000 0.500000
vt 0.700000 0.500000
vt 0.750000 0.500000
vt 0.450000 0.450000
vt 0.500000 0.450000
vt 0.550000 0.450000
vt 0.600000 0.450000
vt 0.650000 0.450000
vt 0.700000 0.450000
vt 0.750000 0.450000
vt 0.450000 0.400000
vt 0.500000 0.400000
vt 0.550000 0.400000
vt 0.600000 0.400000
vt 0.650000 0.400000
vt 0.700000 0.400000
vt 0.750000 0.400000
vt 0.450000 0.350000
vt 0.500000 0.350000
vt 0.550000 0.350000
vt 0.600000 0.350000
vt 0.650000 0.350000
vt 0.700000 0.350000
vt 0.750000 0.350000
vt 0.450000 0.300000
vt 0.500000 0.300000
vt 0.550000 0.300000
vt 0.600000 0.300000
vt 0.650000 0.300000
vt 0.700000 0.300000
vt 0.750000 0.300000
vt 0.450000 0.250000
vt 0.500000 0.250000
vt 0.550000 0.250000
vt 0.600000 0.250000
vt 0.650000 0.250000
vt 0.700000 0.250000
vt 0.750000 0.250000
vt 0.450000 0.200000
vt 0.500000 0.200000
vt 0.550000 0.200000
vt 0.600000 0.200000
vt 0.650000 0.200000
vt 0.700000 0.200000
vt 0.750000 0.200000
vt 0.450000 0.150000
vt 0.500000 0.150000
vt 0.550000 0.150000
vt 0.600000 0.150000
vt 0.650000 0.150000
vt 0.700000 0.150000
vt 0.750000 0.150000
vt 0.450000 0.100000
vt 0.500000 0.100000
vt 0.550000 0.100000
vt 0.600000 0.100000
vt 0.650000 0.100000
vt 0.700000 0.100000
vt 0.750000 0.100000
vt 0.450000 0.050000
vt 0.500000 0.050000
vt 0.550000 0.050000
vt 0.600000 0.050000
vt 0.650000 0.050000
vt 0.700000 0.050000
vt 0.750000 0.050000
vt 0.450000 -0.000000
vt 0.500000 -0.000000
vt 0.550000 -0.000000
vt 0.600000 -0.000000
vt 0.650000 -0.000000
vt 0.700000 -0.000000
vt 0.750000 -0.000000
vn -0.000000 -0.977544 -0.210732
vn 0.000000 -0.999996 -0.002947
vn 0.727789 -0.685798 -0.002021
vn 0.720677 -0.677682 -0.146190
vn -0.000000 -0.836333 -0.548221
vn 0.684502 -0.609617 -0.399779
vn 0.000000 -0.638927 -0.769267
vn 0.646622 -0.487280 -0.586889
vn -0.000000 -0.429464 -0.903084
vn 0.620287 -0.336792 -0.708389
vn -0.000000 -0.215799 -0.976438
vn 0.611075 -0.170821 -0.772922
vn 0.000000 -0.105835 -0.994384
vn 0.606287 -0.084165 -0.790779
vn 0.921925 -0.387367 -0.001142
vn 0.919013 -0.385323 -0.083310
vn 0.903302 -0.358593 -0.235490
vn 0.885042 -0.297169 -0.358317
vn 0.871138 -0.210704 -0.443534
vn 0.866020 -0.107901 -0.488228
vn 0.863048 -0.053460 -0.502284
vn 0.976612 -0.215007 -0.000634
vn 0.975654 -0.214316 -0.046560
vn 0.970402 -0.201683 -0.132830
vn 0.964086 -0.169320 -0.204618
vn 0.959122 -0.121278 -0.255689
vn 0.957260 -0.062415 -0.282412
vn 0.955923 -0.031075 -0.291968
vn 0.995417 -0.095625 -0.000282
vn 0.995223 -0.095354 -0.020969
vn 0.994159 -0.089932 -0.059660
vn 0.992881 -0.075688 -0.091973
vn 0.991877 -0.054345 -0.115006
vn 0.991502 -0.028074 -0.127029
vn 0.991049 -0.014129 -0.132747
vn 0.999989 0.004756 0.000014
vn 0.999988 0.004827 0.000670
vn 0.999985 0.004918 0.002594
vn 0.999978 0.004545 0.004732
vn 0.999972 0.003464 0.006651
vn 0.999969 0.001702 0.007702
vn 0.999986 0.000567 0.005329
vn 0.994427 0.105428 0.000311
vn 0.994185 0.105305 0.022500
vn 0.992848 0.100001 0.065210
vn 0.991167 0.084928 0.101855
vn 0.989782 0.061368 0.128706
vn 0.989246 0.031563 0.142813
vn 0.989509 0.015290 0.143659
vn 0.974189 0.225731 0.000665
vn 0.973098 0.225193 0.048665
vn 0.967172 0.212440 0.139457
vn 0.959925 0.178948 0.215690
vn 0.954116 0.128520 0.270455
vn 0.951908 0.066118 0.299166
vn 0.952279 0.032304 0.303515
vn 0.916714 0.399542 0.001177
vn 0.913490 0.397594 0.086347
vn 0.896467 0.370095 0.243674
vn 0.876579 0.306871 0.370728
vn 0.861324 0.217778 0.459014
vn 0.855676 0.111678 0.505318
vn 0.856041 0.054707 0.514004
vn 0.717156 0.696909 0.002053
vn 0.709536 0.688541 0.149899
vn 0.671931 0.618290 0.407708
vn 0.632658 0.493454 0.596864
vn 0.605354 0.340945 0.719238
vn 0.595784 0.173318 0.784221
vn 0.596008 0.084984 0.798469
vn 0.000000 0.999996 0.002947
vn -0.000000 0.977079 0.212877
vn 0.000000 0.834714 0.550684
vn -0.000000 0.637034 0.770836
vn 0.000000 0.428246 0.903662
vn -0.000000 0.215799 0.976438
vn 0.000000 0.105835 0.994384
vn -0.717156 0.696909 0.002054
vn -0.709536 0.688541 0.149899
vn -0.671931 0.618290 0.407708
vn -0.632658 0.493454 0.596864
vn -0.605354 0.340945 0.719238
vn -0.595784 0.173318 0.784221
vn -0.596008 0.084984 0.798469
vn -0.916714 0.399542 0.001177
vn -0.913489 0.397594 0.086347
vn -0.896467 0.370095 0.243674
vn -0.876579 0.306871 0.370728
vn -0.861324 0.217778 0.459014
vn -0.855676 0.111678 0.505318
vn -0.856041 0.054707 0.514004
vn -0.974189 0.225731 0.000665
vn -0.973098 0.225193 0.048665
vn -0.967172 0.212440 0.139457
vn -0.959925 0.178949 0.215690
vn -0.954115 0.128520 0.270456
vn -0.951908 0.066118 0.299166
vn -0.952279 0.032304 0.303515
vn -0.994427 0.105428 0.000311
vn -0.994185 0.105305 0.022500
vn -0.992848 0.100001 0.065210
vn -0.991167 0.084929 0.101855
vn -0.989782 0.061368 0.128706
vn -0.989246 0.031563 0.142813
vn -0.989509 0.015290 0.143659
vn -0.999989 0.004756 0.000014
vn -0.999988 0.004827 0.000670
vn -0.999985 0.004918 0.002594
vn -0.999978 0.004545 0.004732
vn -0.999972 0.003464 0.006651
vn -0.999969 0.001702 0.007702
vn -0.999986 0.000567 0.005329
vn -0.995417 -0.095625 -0.000282
vn -0.995223 -0.095354 -0.020969
vn -0.994159 -0.089932 -0.059660
vn -0.992881 -0.075688 -0.091973
vn -0.991877 -0.054345 -0.115006
vn -0.991502 -0.028074 -0.127029
vn -0.991049 -0.014129 -0.132747
vn -0.976612 -0.215006 -0.000634
vn -0.975654 -0.214315 -0.046560
vn -0.970402 -0.201683 -0.132830
vn -0.964086 -0.169319 -0.204618
vn -0.959122 -0.121278 -0.255689
vn -0.957260 -0.062415 -0.282412
vn -0.955923 -0.031075 -0.291967
vn -0.921925 -0.387367 -0.001141
vn -0.919013 -0.385323 -0.083310
vn -0.903302 -0.358593 -0.235490
vn -0.885042 -0.297169 -0.358317
vn -0.871138 -0.210704 -0.443535
vn -0.866020 -0.107902 -0.488229
vn -0.863049 -0.053460 -0.502284
vn -0.727786 -0.685801 -0.002021
vn -0.720674 -0.677685 -0.146190
vn -0.684500 -0.609619 -0.399780
vn -0.646619 -0.487281 -0.586891
vn -0.620285 -0.336793 -0.708391
vn -0.611072 -0.170821 -0.772924
vn -0.606282 -0.084166 -0.790784
s 1
g wheel pTorus4
usemtl pTorus4SG
f 676/778/872 675/777/873 682/784/874 683/785/875
f 677/779/876 676/778/872 683/785/875 684/786/877
f 678/780/878 677/779/876 684/786/877 685/787/879
f 679/781/880 678/780/878 685/787/879 686/788/881
f 680/782/882 679/781/880 686/788/881 687/789/883
f 681/783/884 680/782/882 687/789/883 688/790/885
f 683/785/875 682/784/874 689/791/886 690/792/887
f 684/786/877 683/785/875 690/792/887 691/793/888
f 685/787/879 684/786/877 691/793/888 692/794/889
f 686/788/881 685/787/879 692/794/889 693/795/890
f 687/789/883 686/788/881 693/795/890 694/796/891
f 688/790/885 687/789/883 694/796/891 695/797/892
f 690/792/887 689/791/886 696/798/893 697/799/894
f 691/793/888 690/792/887 697/799/894 698/800/895
f 692/794/889 691/793/888 698/800/895 699/801/896
f 693/795/890 692/794/889 699/801/896 700/802/897
f 694/796/891 693/795/890 700/802/897 701/803/898
f 695/797/892 694/796/891 701/803/898 702/804/899
f 697/799/894 696/798/893 703/805/900 704/806/901
f 698/800/895 697/799/894 704/806/901 705/807/902
f 699/801/896 698/800/895 705/807/902 706/808/903
f 700/802/897 699/801/896 706/808/903 707/809/904
f 701/803/898 700/802/897 707/809/904 708/810/905
f 702/804/899 701/803/898 708/810/905 709/811/906
f 704/806/901 703/805/900 710/812/907 711/813/908
f 705/807/902 704/806/901 711/813/908 712/814/909
f 706/808/903 705/807/902 712/814/909 713/815/910
f 707/809/904 706/808/903 713/815/910 714/816/911
f 708/810/905 707/809/904 714/816/911 715/817/912
f 709/811/906 708/810/905 715/817/912 716/818/913
f 711/813/908 710/812/907 717/819/914 718/820/915
f 712/814/909 711/813/908 718/820/915 719/821/916
f 713/815/910 712/814/909 719/821/916 720/822/917
f 714/816/911 713/815/910 720/822/917 721/823/918
f 715/817/912 714/816/911 721/823/918 722/824/919
f 716/818/913 715/817/912 722/824/919 723/825/920
f 718/820/915 717/819/914 724/826/921 725/827/922
f 719/821/916 718/820/915 725/827/922 726/828/923
f 720/822/917 719/821/916 726/828/923 727/829/924
f 721/823/918 720/822/917 727/829/924 728/830/925
f 722/824/919 721/823/918 728/830/925 729/831/926
f 723/825/920 722/824/919 729/831/926 730/832/927
f 725/827/922 724/826/921 731/833/928 732/834/929
f 726/828/923 725/827/922 732/834/929 733/835/930
f 727/829/924 726/828/923 733/835/930 734/836/931
f 728/830/925 727/829/924 734/836/931 735/837/932
f 729/831/926 728/830/925 735/837/932 736/838/933
f 730/832/927 729/831/926 736/838/933 737/839/934
f 732/834/929 731/833/928 738/840/935 739/841/936
f 733/835/930 732/834/929 739/841/936 740/842/937
f 734/836/931 733/835/930 740/842/937 741/843/938
f 735/837/932 734/836/931 741/843/938 742/844/939
f 736/838/933 735/837/932 742/844/939 743/845/940
f 737/839/934 736/838/933 743/845/940 744/846/941
f 739/841/936 738/840/935 745/847/942 746/848/943
f 740/842/937 739/841/936 746/848/943 747/849/944
f 741/843/938 740/842/937 747/849/944 748/850/945
f 742/844/939 741/843/938 748/850/945 749/851/946
f 743/845/940 742/844/939 749/851/946 750/852/947
f 744/846/941 743/845/940 750/852/947 751/853/948
f 746/848/943 745/847/942 752/854/949 753/855/950
f 747/849/944 746/848/943 753/855/950 754/856/951
f 748/850/945 747/849/944 754/856/951 755/857/952
f 749/851/946 748/850/945 755/857/952 756/858/953
f 750/852/947 749/851/946 756/858/953 757/859/954
f 751/853/948 750/852/947 757/859/954 758/860/955
f 753/855/950 752/854/949 759/861/956 760/862/957
f 754/856/951 753/855/950 760/862/957 761/863/958
f 755/857/952 754/856/951 761/863/958 762/864/959
f 756/858/953 755/857/952 762/864/959 763/865/960
f 757/859/954 756/858/953 763/865/960 764/866/961
f 758/860/955 757/859/954 764/866/961 765/867/962
f 760/862/957 759/861/956 766/868/963 767/869/964
f 761/863/958 760/862/957 767/869/964 768/870/965
f 762/864/959 761/863/958 768/870/965 769/871/966
f 763/865/960 762/864/959 769/871/966 770/872/967
f 764/866/961 763/865/960 770/872/967 771/873/968
f 765/867/962 764/866/961 771/873/968 772/874/969
f 767/869/964 766/868/963 773/875/970 774/876/971
f 768/870/965 767/869/964 774/876/971 775/877/972
f 769/871/966 768/870/965 775/877/972 776/878/973
f 770/872/967 769/871/966 776/878/973 777/879/974
f 771/873/968 770/872/967 777/879/974 778/880/975
f 772/874/969 771/873/968 778/880/975 779/881/976
f 774/876/971 773/875/970 780/882/977 781/883/978
f 775/877/972 774/876/971 781/883/978 782/884/979
f 776/878/973 775/877/972 782/884/979 783/885/980
f 777/879/974 776/878/973 783/885/980 784/886/981
f 778/880/975 777/879/974 784/886/981 785/887/982
f 779/881/976 778/880/975 785/887/982 786/888/983
f 781/883/978 780/882/977 787/889/984 788/890/985
f 782/884/979 781/883/978 788/890/985 789/891/986
f 783/885/980 782/884/979 789/891/986 790/892/987
f 784/886/981 783/885/980 790/892/987 791/893/988
f 785/887/982 784/886/981 791/893/988 792/894/989
f 786/888/983 785/887/982 792/894/989 793/895/990
f 788/890/985 787/889/984 794/896/991 795/897/992
f 789/891/986 788/890/985 795/897/992 796/898/993
f 790/892/987 789/891/986 796/898/993 797/899/994
f 791/893/988 790/892/987 797/899/994 798/900/995
f 792/894/989 791/893/988 798/900/995 799/901/996
f 793/895/990 792/894/989 799/901/996 800/902/997
f 795/897/992 794/896/991 801/903/998 802/904/999
f 796/898/993 795/897/992 802/904/999 803/905/1000
f 797/899/994 796/898/993 803/905/1000 804/906/1001
f 798/900/995 797/899/994 804/906/1001 805/907/1002
f 799/901/996 798/900/995 805/907/1002 806/908/1003
f 800/902/997 799/901/996 806/908/1003 807/909/1004
f 802/904/999 801/903/998 808/910/1005 809/911/1006
f 803/905/1000 802/904/999 809/911/1006 810/912/1007
f 804/906/1001 803/905/1000 810/912/1007 811/913/1008
f 805/907/1002 804/906/1001 811/913/1008 812/914/1009
f 806/908/1003 805/907/1002 812/914/1009 813/915/1010
f 807/909/1004 806/908/1003 813/915/1010 814/916/1011
f 809/911/1006 808/910/1005 675/917/873 676/918/872
f 810/912/1007 809/911/1006 676/918/872 677/919/876
f 811/913/1008 810/912/1007 677/919/876 678/920/878
f 812/914/1009 811/913/1008 678/920/878 679/921/880
f 813/915/1010 812/914/1009 679/921/880 680/922/882
f 814/916/1011 813/915/1010 680/922/882 681/923/884
g default
v 0.097756 0.256797 7.547958
v 0.097756 0.521433 7.028581
v 0.097756 0.933614 6.616400
v 0.097756 1.452991 6.351764
v 0.097756 2.028725 6.260577
v 0.097756 2.604460 6.351764
v 0.097756 3.123837 6.616401
v 0.097756 3.536017 7.028581
v 0.097756 3.800653 7.547958
v 0.097756 3.891840 8.123692
v 0.097756 3.800653 8.699426
v 0.097756 3.536017 9.218804
v 0.097756 3.123837 9.630984
v 0.097756 2.604460 9.895619
v 0.097756 2.028725 9.986807
v 0.097756 1.452992 9.895619
v 0.097756 0.933614 9.630984
v 0.097756 0.521434 9.218803
v 0.097756 0.256799 8.699426
v 0.097756 0.165611 8.123692
v 0.125881 0.252561 7.546581
v 0.125881 0.517829 7.025962
v 0.125881 0.930995 6.612796
v 0.125881 1.451615 6.347528
v 0.125881 2.028725 6.256123
v 0.125881 2.605836 6.347528
v 0.125881 3.126455 6.612797
v 0.125881 3.539621 7.025963
v 0.125881 3.804889 7.546582
v 0.125881 3.896295 8.123692
v 0.125881 3.804889 8.700803
v 0.125881 3.539621 9.221422
v 0.125881 3.126455 9.634587
v 0.125881 2.605836 9.899856
v 0.125881 2.028725 9.991261
v 0.125881 1.451615 9.899856
v 0.125881 0.930996 9.634587
v 0.125881 0.517830 9.221422
v 0.125881 0.252562 8.700803
v 0.125881 0.161157 8.123692
v 0.151253 0.240266 7.542587
v 0.151253 0.507371 7.018364
v 0.151253 0.923397 6.602338
v 0.151253 1.447620 6.335233
v 0.151253 2.028725 6.243195
v 0.151253 2.609831 6.335233
v 0.151253 3.134054 6.602338
v 0.151253 3.550080 7.018364
v 0.151253 3.817184 7.542587
v 0.151253 3.909222 8.123692
v 0.151253 3.817184 8.704798
v 0.151253 3.550079 9.229021
v 0.151253 3.134054 9.645046
v 0.151253 2.609831 9.912151
v 0.151253 2.028725 10.004189
v 0.151253 1.447620 9.912151
v 0.151253 0.923397 9.645046
v 0.151253 0.507372 9.229021
v 0.151253 0.240267 8.704798
v 0.151253 0.148229 8.123692
v 0.171388 0.221116 7.536364
v 0.171388 0.491081 7.006528
v 0.171388 0.911562 6.586048
v 0.171388 1.441398 6.316083
v 0.171388 2.028725 6.223060
v 0.171388 2.616053 6.316083
v 0.171388 3.145889 6.586048
v 0.171388 3.566369 7.006529
v 0.171388 3.836334 7.536365
v 0.171388 3.929358 8.123692
v 0.171388 3.836334 8.711020
v 0.171388 3.566369 9.240856
v 0.171388 3.145889 9.661336
v 0.171388 2.616053 9.931301
v 0.171388 2.028725 10.024324
v 0.171388 1.441398 9.931301
v 0.171388 0.911562 9.661336
v 0.171388 0.491082 9.240856
v 0.171388 0.221117 8.711020
v 0.171388 0.128094 8.123692
v 0.184316 0.196986 7.528524
v 0.184316 0.470555 6.991615
v 0.184316 0.896648 6.565522
v 0.184316 1.433557 6.291953
v 0.184316 2.028725 6.197688
v 0.184316 2.623894 6.291953
v 0.184316 3.160802 6.565522
v 0.184316 3.586896 6.991615
v 0.184316 3.860464 7.528524
v 0.184316 3.954729 8.123692
v 0.184316 3.860464 8.718860
v 0.184316 3.586895 9.255769
v 0.184316 3.160802 9.681862
v 0.184316 2.623893 9.955431
v 0.184316 2.028725 10.049696
v 0.184316 1.433558 9.955431
v 0.184316 0.896649 9.681862
v 0.184316 0.470556 9.255769
v 0.184316 0.196987 8.718860
v 0.184316 0.102722 8.123692
v 0.188771 0.170237 7.519833
v 0.188771 0.447801 6.975084
v 0.188771 0.880117 6.542768
v 0.188771 1.424866 6.265205
v 0.188771 2.028725 6.169563
v 0.188771 2.632585 6.265205
v 0.188771 3.177334 6.542768
v 0.188771 3.609649 6.975084
v 0.188771 3.887213 7.519833
v 0.188771 3.982854 8.123692
v 0.188771 3.887213 8.727551
v 0.188771 3.609649 9.272300
v 0.188771 3.177334 9.704616
v 0.188771 2.632585 9.982179
v 0.188771 2.028725 10.077821
v 0.188771 1.424867 9.982179
v 0.188771 0.880117 9.704616
v 0.188771 0.447802 9.272300
v 0.188771 0.170239 8.727551
v 0.188771 0.074597 8.123692
v 0.184316 0.143489 7.511142
v 0.184316 0.425047 6.958552
v 0.184316 0.863585 6.520014
v 0.184316 1.416175 6.238456
v 0.184316 2.028725 6.141438
v 0.184316 2.641276 6.238456
v 0.184316 3.193865 6.520015
v 0.184316 3.632403 6.958552
v 0.184316 3.913961 7.511142
v 0.184316 4.010980 8.123692
v 0.184316 3.913961 8.736242
v 0.184316 3.632403 9.288832
v 0.184316 3.193865 9.727369
v 0.184316 2.641276 10.008928
v 0.184316 2.028725 10.105946
v 0.184316 1.416175 10.008928
v 0.184316 0.863586 9.727369
v 0.184316 0.425049 9.288832
v 0.184316 0.143490 8.736242
v 0.184316 0.046472 8.123692
v 0.171388 0.119359 7.503301
v 0.171388 0.404521 6.943639
v 0.171388 0.848672 6.499488
v 0.171388 1.408335 6.214326
v 0.171388 2.028725 6.116066
v 0.171388 2.649116 6.214326
v 0.171388 3.208779 6.499488
v 0.171388 3.652929 6.943639
v 0.171388 3.938091 7.503302
v 0.171388 4.036351 8.123692
v 0.171388 3.938091 8.744083
v 0.171388 3.652929 9.303745
v 0.171388 3.208778 9.747896
v 0.171388 2.649116 10.033058
v 0.171388 2.028725 10.131318
v 0.171388 1.408335 10.033058
v 0.171388 0.848673 9.747896
v 0.171388 0.404522 9.303745
v 0.171388 0.119360 8.744083
v 0.171388 0.021100 8.123692
v 0.151253 0.100209 7.497079
v 0.151253 0.388231 6.931804
v 0.151253 0.836837 6.483198
v 0.151253 1.402113 6.195176
v 0.151253 2.028725 6.095930
v 0.151253 2.655338 6.195176
v 0.151253 3.220614 6.483199
v 0.151253 3.669219 6.931804
v 0.151253 3.957241 7.497080
v 0.151253 4.056487 8.123692
v 0.151253 3.957241 8.750305
v 0.151253 3.669219 9.315580
v 0.151253 3.220614 9.764186
v 0.151253 2.655338 10.052208
v 0.151253 2.028725 10.151453
v 0.151253 1.402113 10.052208
v 0.151253 0.836838 9.764185
v 0.151253 0.388232 9.315580
v 0.151253 0.100210 8.750305
v 0.151253 0.000965 8.123692
v 0.125881 0.087914 7.493084
v 0.125881 0.377773 6.924205
v 0.125881 0.829238 6.472740
v 0.125881 1.398118 6.182881
v 0.125881 2.028725 6.083003
v 0.125881 2.659333 6.182881
v 0.125881 3.228212 6.472740
v 0.125881 3.679678 6.924205
v 0.125881 3.969536 7.493085
v 0.125881 4.069414 8.123692
v 0.125881 3.969536 8.754300
v 0.125881 3.679677 9.323179
v 0.125881 3.228212 9.774644
v 0.125881 2.659333 10.064503
v 0.125881 2.028725 10.164381
v 0.125881 1.398118 10.064502
v 0.125881 0.829239 9.774644
v 0.125881 0.377774 9.323179
v 0.125881 0.087915 8.754300
v 0.125881 -0.011963 8.123692
v 0.097756 0.083678 7.491708
v 0.097756 0.374169 6.921587
v 0.097756 0.826620 6.469136
v 0.097756 1.396741 6.178645
v 0.097756 2.028725 6.078548
v 0.097756 2.660710 6.178645
v 0.097756 3.230831 6.469136
v 0.097756 3.683281 6.921587
v 0.097756 3.973773 7.491708
v 0.097756 4.073869 8.123692
v 0.097756 3.973773 8.755676
v 0.097756 3.683281 9.325797
v 0.097756 3.230831 9.778248
v 0.097756 2.660710 10.068739
v 0.097756 2.028725 10.168836
v 0.097756 1.396742 10.068739
v 0.097756 0.826621 9.778248
v 0.097756 0.374170 9.325797
v 0.097756 0.083679 8.755676
v 0.097756 -0.016418 8.123692
v 0.069631 0.087914 7.493084
v 0.069631 0.377773 6.924205
v 0.069631 0.829238 6.472740
v 0.069631 1.398118 6.182881
v 0.069631 2.028725 6.083003
v 0.069631 2.659333 6.182881
v 0.069631 3.228212 6.472740
v 0.069631 3.679678 6.924205
v 0.069631 3.969536 7.493085
v 0.069631 4.069414 8.123692
v 0.069631 3.969536 8.754300
v 0.069631 3.679677 9.323179
v 0.069631 3.228212 9.774644
v 0.069631 2.659333 10.064503
v 0.069631 2.028725 10.164381
v 0.069631 1.398118 10.064502
v 0.069631 0.829239 9.774644
v 0.069631 0.377774 9.323179
v 0.069631 0.087915 8.754300
v 0.069631 -0.011963 8.123692
v 0.044259 0.100209 7.497079
v 0.044259 0.388231 6.931804
v 0.044259 0.836837 6.483198
v 0.044259 1.402113 6.195176
v 0.044259 2.028725 6.095930
v 0.044259 2.655338 6.195176
v 0.044259 3.220614 6.483199
v 0.044259 3.669219 6.931804
v 0.044259 3.957241 7.497080
v 0.044259 4.056487 8.123692
v 0.044259 3.957241 8.750305
v 0.044259 3.669219 9.315580
v 0.044259 3.220614 9.764186
v 0.044259 2.655338 10.052208
v 0.044259 2.028725 10.151453
v 0.044259 1.402113 10.052208
v 0.044259 0.836838 9.764185
v 0.044259 0.388232 9.315580
v 0.044259 0.100210 8.750305
v 0.044259 0.000965 8.123692
v 0.024124 0.119359 7.503301
v 0.024124 0.404521 6.943639
v 0.024124 0.848672 6.499488
v 0.024124 1.408335 6.214326
v 0.024124 2.028725 6.116066
v 0.024124 2.649116 6.214326
v 0.024124 3.208779 6.499488
v 0.024124 3.652929 6.943639
v 0.024124 3.938091 7.503302
v 0.024124 4.036351 8.123692
v 0.024124 3.938091 8.744083
v 0.024124 3.652929 9.303745
v 0.024124 3.208778 9.747896
v 0.024124 2.649116 10.033058
v 0.024124 2.028725 10.131318
v 0.024124 1.408335 10.033058
v 0.024124 0.848673 9.747896
v 0.024124 0.404522 9.303745
v 0.024124 0.119360 8.744083
v 0.024124 0.021100 8.123692
v 0.011196 0.143489 7.511142
v 0.011196 0.425047 6.958552
v 0.011196 0.863585 6.520014
v 0.011196 1.416175 6.238456
v 0.011196 2.028725 6.141438
v 0.011196 2.641276 6.238456
v 0.011196 3.193865 6.520015
v 0.011196 3.632403 6.958552
v 0.011196 3.913961 7.511142
v 0.011196 4.010980 8.123692
v 0.011196 3.913961 8.736242
v 0.011196 3.632403 9.288832
v 0.011196 3.193865 9.727369
v 0.011196 2.641276 10.008928
v 0.011196 2.028725 10.105946
v 0.011196 1.416175 10.008928
v 0.011196 0.863586 9.727369
v 0.011196 0.425049 9.288832
v 0.011196 0.143490 8.736242
v 0.011196 0.046472 8.123692
v 0.006742 0.170237 7.519833
v 0.006742 0.447801 6.975084
v 0.006742 0.880117 6.542768
v 0.006742 1.424866 6.265205
v 0.006742 2.028725 6.169563
v 0.006742 2.632585 6.265205
v 0.006742 3.177334 6.542768
v 0.006742 3.609649 6.975084
v 0.006742 3.887213 7.519833
v 0.006742 3.982854 8.123692
v 0.006742 3.887213 8.727551
v 0.006742 3.609649 9.272300
v 0.006742 3.177334 9.704616
v 0.006742 2.632585 9.982179
v 0.006742 2.028725 10.077821
v 0.006742 1.424867 9.982179
v 0.006742 0.880117 9.704616
v 0.006742 0.447802 9.272300
v 0.006742 0.170239 8.727551
v 0.006742 0.074597 8.123692
v 0.011196 0.196986 7.528524
v 0.011196 0.470555 6.991615
v 0.011196 0.896648 6.565522
v 0.011196 1.433557 6.291953
v 0.011196 2.028725 6.197688
v 0.011196 2.623894 6.291953
v 0.011196 3.160802 6.565522
v 0.011196 3.586896 6.991615
v 0.011196 3.860464 7.528524
v 0.011196 3.954729 8.123692
v 0.011196 3.860464 8.718860
v 0.011196 3.586895 9.255769
v 0.011196 3.160802 9.681862
v 0.011196 2.623893 9.955431
v 0.011196 2.028725 10.049696
v 0.011196 1.433558 9.955431
v 0.011196 0.896649 9.681862
v 0.011196 0.470556 9.255769
v 0.011196 0.196987 8.718860
v 0.011196 0.102722 8.123692
v 0.024124 0.221116 7.536364
v 0.024124 0.491081 7.006528
v 0.024124 0.911562 6.586048
v 0.024124 1.441398 6.316083
v 0.024124 2.028725 6.223060
v 0.024124 2.616053 6.316083
v 0.024124 3.145889 6.586048
v 0.024124 3.566369 7.006529
v 0.024124 3.836334 7.536365
v 0.024124 3.929358 8.123692
v 0.024124 3.836334 8.711020
v 0.024124 3.566369 9.240856
v 0.024124 3.145889 9.661336
v 0.024124 2.616053 9.931301
v 0.024124 2.028725 10.024324
v 0.024124 1.441398 9.931301
v 0.024124 0.911562 9.661336
v 0.024124 0.491082 9.240856
v 0.024124 0.221117 8.711020
v 0.024124 0.128094 8.123692
v 0.044259 0.240266 7.542587
v 0.044259 0.507371 7.018364
v 0.044259 0.923397 6.602338
v 0.044259 1.447620 6.335233
v 0.044259 2.028725 6.243195
v 0.044259 2.609831 6.335233
v 0.044259 3.134054 6.602338
v 0.044259 3.550079 7.018364
v 0.044259 3.817184 7.542587
v 0.044259 3.909222 8.123692
v 0.044259 3.817184 8.704798
v 0.044259 3.550079 9.229021
v 0.044259 3.134054 9.645046
v 0.044259 2.609831 9.912151
v 0.044259 2.028725 10.004189
v 0.044259 1.447620 9.912151
v 0.044259 0.923397 9.645046
v 0.044259 0.507372 9.229020
v 0.044259 0.240267 8.704798
v 0.044259 0.148229 8.123692
v 0.069631 0.252561 7.546581
v 0.069631 0.517829 7.025962
v 0.069631 0.930995 6.612796
v 0.069631 1.451615 6.347528
v 0.069631 2.028725 6.256123
v 0.069631 2.605836 6.347528
v 0.069631 3.126455 6.612797
v 0.069631 3.539621 7.025963
v 0.069631 3.804889 7.546582
v 0.069631 3.896295 8.123692
v 0.069631 3.804889 8.700803
v 0.069631 3.539621 9.221422
v 0.069631 3.126455 9.634587
v 0.069631 2.605836 9.899856
v 0.069631 2.028725 9.991261
v 0.069631 1.451615 9.899856
v 0.069631 0.930996 9.634587
v 0.069631 0.517830 9.221422
v 0.069631 0.252562 8.700803
v 0.069631 0.161157 8.123692
vt 0.000000 1.000000
vt 0.050000 1.000000
vt 0.100000 1.000000
vt 0.150000 1.000000
vt 0.200000 1.000000
vt 0.250000 1.000000
vt 0.300000 1.000000
vt 0.350000 1.000000
vt 0.400000 1.000000
vt 0.450000 1.000000
vt 0.500000 1.000000
vt 0.550000 1.000000
vt 0.600000 1.000000
vt 0.650000 1.000000
vt 0.700000 1.000000
vt 0.750000 1.000000
vt 0.800000 1.000000
vt 0.850000 1.000000
vt 0.900000 1.000000
vt 0.950000 1.000000
vt 1.000000 1.000000
vt 0.000000 0.950000
vt 0.050000 0.950000
vt 0.100000 0.950000
vt 0.150000 0.950000
vt 0.200000 0.950000
vt 0.250000 0.950000
vt 0.300000 0.950000
vt 0.350000 0.950000
vt 0.400000 0.950000
vt 0.450000 0.950000
vt 0.500000 0.950000
vt 0.550000 0.950000
vt 0.600000 0.950000
vt 0.650000 0.950000
vt 0.700000 0.950000
vt 0.750000 0.950000
vt 0.800000 0.950000
vt 0.850000 0.950000
vt 0.900000 0.950000
vt 0.950000 0.950000
vt 1.000000 0.950000
vt 0.000000 0.900000
vt 0.050000 0.900000
vt 0.100000 0.900000
vt 0.150000 0.900000
vt 0.200000 0.900000
vt 0.250000 0.900000
vt 0.300000 0.900000
vt 0.350000 0.900000
vt 0.400000 0.900000
vt 0.450000 0.900000
vt 0.500000 0.900000
vt 0.550000 0.900000
vt 0.600000 0.900000
vt 0.650000 0.900000
vt 0.700000 0.900000
vt 0.750000 0.900000
vt 0.800000 0.900000
vt 0.850000 0.900000
vt 0.900000 0.900000
vt 0.950000 0.900000
vt 1.000000 0.900000
vt 0.000000 0.850000
vt 0.050000 0.850000
vt 0.100000 0.850000
vt 0.150000 0.850000
vt 0.200000 0.850000
vt 0.250000 0.850000
vt 0.300000 0.850000
vt 0.350000 0.850000
vt 0.400000 0.850000
vt 0.450000 0.850000
vt 0.500000 0.850000
vt 0.550000 0.850000
vt 0.600000 0.850000
vt 0.650000 0.850000
vt 0.700000 0.850000
vt 0.750000 0.850000
vt 0.800000 0.850000
vt 0.850000 0.850000
vt 0.900000 0.850000
vt 0.950000 0.850000
vt 1.000000 0.850000
vt 0.000000 0.800000
vt 0.050000 0.800000
vt 0.100000 0.800000
vt 0.150000 0.800000
vt 0.200000 0.800000
vt 0.250000 0.800000
vt 0.300000 0.800000
vt 0.350000 0.800000
vt 0.400000 0.800000
vt 0.450000 0.800000
vt 0.500000 0.800000
vt 0.550000 0.800000
vt 0.600000 0.800000
vt 0.650000 0.800000
vt 0.700000 0.800000
vt 0.750000 0.800000
vt 0.800000 0.800000
vt 0.850000 0.800000
vt 0.900000 0.800000
vt 0.950000 0.800000
vt 1.000000 0.800000
vt 0.000000 0.750000
vt 0.050000 0.750000
vt 0.100000 0.750000
vt 0.150000 0.750000
vt 0.200000 0.750000
vt 0.250000 0.750000
vt 0.300000 0.750000
vt 0.350000 0.750000
vt 0.400000 0.750000
vt 0.450000 0.750000
vt 0.500000 0.750000
vt 0.550000 0.750000
vt 0.600000 0.750000
vt 0.650000 0.750000
vt 0.700000 0.750000
vt 0.750000 0.750000
vt 0.800000 0.750000
vt 0.850000 0.750000
vt 0.900000 0.750000
vt 0.950000 0.750000
vt 1.000000 0.750000
vt 0.000000 0.700000
vt 0.050000 0.700000
vt 0.100000 0.700000
vt 0.150000 0.700000
vt 0.200000 0.700000
vt 0.250000 0.700000
vt 0.300000 0.700000
vt 0.350000 0.700000
vt 0.400000 0.700000
vt 0.450000 0.700000
vt 0.500000 0.700000
vt 0.550000 0.700000
vt 0.600000 0.700000
vt 0.650000 0.700000
vt 0.700000 0.700000
vt 0.750000 0.700000
vt 0.800000 0.700000
vt 0.850000 0.700000
vt 0.900000 0.700000
vt 0.950000 0.700000
vt 1.000000 0.700000
vt 0.000000 0.650000
vt 0.050000 0.650000
vt 0.100000 0.650000
vt 0.150000 0.650000
vt 0.200000 0.650000
vt 0.250000 0.650000
vt 0.300000 0.650000
vt 0.350000 0.650000
vt 0.400000 0.650000
vt 0.450000 0.650000
vt 0.500000 0.650000
vt 0.550000 0.650000
vt 0.600000 0.650000
vt 0.650000 0.650000
vt 0.700000 0.650000
vt 0.750000 0.650000
vt 0.800000 0.650000
vt 0.850000 0.650000
vt 0.900000 0.650000
vt 0.950000 0.650000
vt 1.000000 0.650000
vt 0.000000 0.600000
vt 0.050000 0.600000
vt 0.100000 0.600000
vt 0.150000 0.600000
vt 0.200000 0.600000
vt 0.250000 0.600000
vt 0.300000 0.600000
vt 0.350000 0.600000
vt 0.400000 0.600000
vt 0.450000 0.600000
vt 0.500000 0.600000
vt 0.550000 0.600000
vt 0.600000 0.600000
vt 0.650000 0.600000
vt 0.700000 0.600000
vt 0.750000 0.600000
vt 0.800000 0.600000
vt 0.850000 0.600000
vt 0.900000 0.600000
vt 0.950000 0.600000
vt 1.000000 0.600000
vt 0.000000 0.550000
vt 0.050000 0.550000
vt 0.100000 0.550000
vt 0.150000 0.550000
vt 0.200000 0.550000
vt 0.250000 0.550000
vt 0.300000 0.550000
vt 0.350000 0.550000
vt 0.400000 0.550000
vt 0.450000 0.550000
vt 0.500000 0.550000
vt 0.550000 0.550000
vt 0.600000 0.550000
vt 0.650000 0.550000
vt 0.700000 0.550000
vt 0.750000 0.550000
vt 0.800000 0.550000
vt 0.850000 0.550000
vt 0.900000 0.550000
vt 0.950000 0.550000
vt 1.000000 0.550000
vt 0.000000 0.500000
vt 0.050000 0.500000
vt 0.100000 0.500000
vt 0.150000 0.500000
vt 0.200000 0.500000
vt 0.250000 0.500000
vt 0.300000 0.500000
vt 0.350000 0.500000
vt 0.400000 0.500000
vt 0.450000 0.500000
vt 0.500000 0.500000
vt 0.550000 0.500000
vt 0.600000 0.500000
vt 0.650000 0.500000
vt 0.700000 0.500000
vt 0.750000 0.500000
vt 0.800000 0.500000
vt 0.850000 0.500000
vt 0.900000 0.500000
vt 0.950000 0.500000
vt 1.000000 0.500000
vt 0.000000 0.450000
vt 0.050000 0.450000
vt 0.100000 0.450000
vt 0.150000 0.450000
vt 0.200000 0.450000
vt 0.250000 0.450000
vt 0.300000 0.450000
vt 0.350000 0.450000
vt 0.400000 0.450000
vt 0.450000 0.450000
vt 0.500000 0.450000
vt 0.550000 0.450000
vt 0.600000 0.450000
vt 0.650000 0.450000
vt 0.700000 0.450000
vt 0.750000 0.450000
vt 0.800000 0.450000
vt 0.850000 0.450000
vt 0.900000 0.450000
vt 0.950000 0.450000
vt 1.000000 0.450000
vt 0.000000 0.400000
vt 0.050000 0.400000
vt 0.100000 0.400000
vt 0.150000 0.400000
vt 0.200000 0.400000
vt 0.250000 0.400000
vt 0.300000 0.400000
vt 0.350000 0.400000
vt 0.400000 0.400000
vt 0.450000 0.400000
vt 0.500000 0.400000
vt 0.550000 0.400000
vt 0.600000 0.400000
vt 0.650000 0.400000
vt 0.700000 0.400000
vt 0.750000 0.400000
vt 0.800000 0.400000
vt 0.850000 0.400000
vt 0.900000 0.400000
vt 0.950000 0.400000
vt 1.000000 0.400000
vt 0.000000 0.350000
vt 0.050000 0.350000
vt 0.100000 0.350000
vt 0.150000 0.350000
vt 0.200000 0.350000
vt 0.250000 0.350000
vt 0.300000 0.350000
vt 0.350000 0.350000
vt 0.400000 0.350000
vt 0.450000 0.350000
vt 0.500000 0.350000
vt 0.550000 0.350000
vt 0.600000 0.350000
vt 0.650000 0.350000
vt 0.700000 0.350000
vt 0.750000 0.350000
vt 0.800000 0.350000
vt 0.850000 0.350000
vt 0.900000 0.350000
vt 0.950000 0.350000
vt 1.000000 0.350000
vt 0.000000 0.300000
vt 0.050000 0.300000
vt 0.100000 0.300000
vt 0.150000 0.300000
vt 0.200000 0.300000
vt 0.250000 0.300000
vt 0.300000 0.300000
vt 0.350000 0.300000
vt 0.400000 0.300000
vt 0.450000 0.300000
vt 0.500000 0.300000
vt 0.550000 0.300000
vt 0.600000 0.300000
vt 0.650000 0.300000
vt 0.700000 0.300000
vt 0.750000 0.300000
vt 0.800000 0.300000
vt 0.850000 0.300000
vt 0.900000 0.300000
vt 0.950000 0.300000
vt 1.000000 0.300000
vt 0.000000 0.250000
vt 0.050000 0.250000
vt 0.100000 0.250000
vt 0.150000 0.250000
vt 0.200000 0.250000
vt 0.250000 0.250000
vt 0.300000 0.250000
vt 0.350000 0.250000
vt 0.400000 0.250000
vt 0.450000 0.250000
vt 0.500000 0.250000
vt 0.550000 0.250000
vt 0.600000 0.250000
vt 0.650000 0.250000
vt 0.700000 0.250000
vt 0.750000 0.250000
vt 0.800000 0.250000
vt 0.850000 0.250000
vt 0.900000 0.250000
vt 0.950000 0.250000
vt 1.000000 0.250000
vt 0.000000 0.200000
vt 0.050000 0.200000
vt 0.100000 0.200000
vt 0.150000 0.200000
vt 0.200000 0.200000
vt 0.250000 0.200000
vt 0.300000 0.200000
vt 0.350000 0.200000
vt 0.400000 0.200000
vt 0.450000 0.200000
vt 0.500000 0.200000
vt 0.550000 0.200000
vt 0.600000 0.200000
vt 0.650000 0.200000
vt 0.700000 0.200000
vt 0.750000 0.200000
vt 0.800000 0.200000
vt 0.850000 0.200000
vt 0.900000 0.200000
vt 0.950000 0.200000
vt 1.000000 0.200000
vt 0.000000 0.150000
vt 0.050000 0.150000
vt 0.100000 0.150000
vt 0.150000 0.150000
vt 0.200000 0.150000
vt 0.250000 0.150000
vt 0.300000 0.150000
vt 0.350000 0.150000
vt 0.400000 0.150000
vt 0.450000 0.150000
vt 0.500000 0.150000
vt 0.550000 0.150000
vt 0.600000 0.150000
vt 0.650000 0.150000
vt 0.700000 0.150000
vt 0.750000 0.150000
vt 0.800000 0.150000
vt 0.850000 0.150000
vt 0.900000 0.150000
vt 0.950000 0.150000
vt 1.000000 0.150000
vt 0.000000 0.100000
vt 0.050000 0.100000
vt 0.100000 0.100000
vt 0.150000 0.100000
vt 0.200000 0.100000
vt 0.250000 0.100000
vt 0.300000 0.100000
vt 0.350000 0.100000
vt 0.400000 0.100000
vt 0.450000 0.100000
vt 0.500000 0.100000
vt 0.550000 0.100000
vt 0.600000 0.100000
vt 0.650000 0.100000
vt 0.700000 0.100000
vt 0.750000 0.100000
vt 0.800000 0.100000
vt 0.850000 0.100000
vt 0.900000 0.100000
vt 0.950000 0.100000
vt 1.000000 0.100000
vt 0.000000 0.050000
vt 0.050000 0.050000
vt 0.100000 0.050000
vt 0.150000 0.050000
vt 0.200000 0.050000
vt 0.250000 0.050000
vt 0.300000 0.050000
vt 0.350000 0.050000
vt 0.400000 0.050000
vt 0.450000 0.050000
vt 0.500000 0.050000
vt 0.550000 0.050000
vt 0.600000 0.050000
vt 0.650000 0.050000
vt 0.700000 0.050000
vt 0.750000 0.050000
vt 0.800000 0.050000
vt 0.850000 0.050000
vt 0.900000 0.050000
vt 0.950000 0.050000
vt 1.000000 0.050000
vt 0.000000 -0.000000
vt 0.050000 -0.000000
vt 0.100000 -0.000000
vt 0.150000 -0.000000
vt 0.200000 -0.000000
vt 0.250000 -0.000000
vt 0.300000 -0.000000
vt 0.350000 -0.000000
vt 0.400000 -0.000000
vt 0.450000 -0.000000
vt 0.500000 -0.000000
vt 0.550000 -0.000000
vt 0.600000 -0.000000
vt 0.650000 -0.000000
vt 0.700000 -0.000000
vt 0.750000 -0.000000
vt 0.800000 -0.000000
vt 0.850000 -0.000000
vt 0.900000 -0.000000
vt 0.950000 -0.000000
vt 1.000000 -0.000000
vn 0.000000 0.809017 0.587785
vn -0.000000 0.951057 0.309016
vn 0.313879 0.902993 0.293399
vn 0.313878 0.768132 0.558081
vn -0.000000 0.587785 0.809017
vn 0.313878 0.558080 0.768132
vn 0.000000 0.309017 0.951057
vn 0.313880 0.293400 0.902993
vn -0.000000 -0.000000 1.000000
vn 0.313881 -0.000000 0.949462
vn 0.000000 -0.309017 0.951056
vn 0.313881 -0.293400 0.902992
vn 0.000000 -0.587785 0.809017
vn 0.313880 -0.558080 0.768131
vn 0.000000 -0.809017 0.587785
vn 0.313879 -0.768132 0.558080
vn 0.000000 -0.951057 0.309017
vn 0.313879 -0.902993 0.293400
vn 0.000000 -1.000000 0.000000
vn 0.313879 -0.949463 0.000000
vn -0.000000 -0.951056 -0.309017
vn 0.313879 -0.902993 -0.293400
vn 0.000000 -0.809017 -0.587785
vn 0.313878 -0.768132 -0.558081
vn 0.000000 -0.587785 -0.809017
vn 0.313879 -0.558080 -0.768132
vn 0.000000 -0.309017 -0.951056
vn 0.313881 -0.293400 -0.902992
vn 0.000000 0.000000 -1.000000
vn 0.313880 0.000000 -0.949463
vn 0.000000 0.309017 -0.951056
vn 0.313879 0.293400 -0.902993
vn -0.000000 0.587785 -0.809017
vn 0.313880 0.558080 -0.768132
vn 0.000000 0.809017 -0.587785
vn 0.313879 0.768132 -0.558080
vn 0.000000 0.951056 -0.309017
vn 0.313879 0.902993 -0.293400
vn -0.000000 1.000000 -0.000001
vn 0.313879 0.949463 -0.000001
vn 0.595644 0.763935 0.248217
vn 0.595644 0.649842 0.472138
vn 0.595644 0.472138 0.649842
vn 0.595643 0.248218 0.763936
vn 0.595642 0.000000 0.803250
vn 0.595645 -0.248217 0.763934
vn 0.595645 -0.472138 0.649841
vn 0.595644 -0.649842 0.472138
vn 0.595644 -0.763935 0.248217
vn 0.595644 -0.803249 0.000000
vn 0.595644 -0.763935 -0.248218
vn 0.595644 -0.649842 -0.472138
vn 0.595643 -0.472138 -0.649843
vn 0.595643 -0.248218 -0.763936
vn 0.595643 0.000000 -0.803249
vn 0.595644 0.248218 -0.763935
vn 0.595644 0.472137 -0.649842
vn 0.595645 0.649841 -0.472137
vn 0.595644 0.763935 -0.248217
vn 0.595644 0.803249 -0.000001
vn 0.816856 0.548609 0.178253
vn 0.816856 0.466674 0.339059
vn 0.816856 0.339059 0.466675
vn 0.816856 0.178254 0.548609
vn 0.816856 0.000000 0.576841
vn 0.816857 -0.178254 0.548608
vn 0.816856 -0.339059 0.466674
vn 0.816856 -0.466675 0.339059
vn 0.816856 -0.548609 0.178254
vn 0.816856 -0.576841 0.000000
vn 0.816856 -0.548609 -0.178254
vn 0.816856 -0.466674 -0.339059
vn 0.816856 -0.339059 -0.466675
vn 0.816855 -0.178254 -0.548610
vn 0.816856 0.000000 -0.576842
vn 0.816857 0.178254 -0.548608
vn 0.816857 0.339058 -0.466674
vn 0.816856 0.466674 -0.339059
vn 0.816856 0.548609 -0.178254
vn 0.816856 0.576842 -0.000001
vn 0.955846 0.279486 0.090810
vn 0.955846 0.237745 0.172732
vn 0.955846 0.172732 0.237745
vn 0.955846 0.090810 0.279486
vn 0.955846 -0.000000 0.293869
vn 0.955846 -0.090811 0.279486
vn 0.955846 -0.172732 0.237745
vn 0.955846 -0.237745 0.172732
vn 0.955846 -0.279486 0.090810
vn 0.955846 -0.293869 0.000000
vn 0.955846 -0.279486 -0.090811
vn 0.955846 -0.237745 -0.172732
vn 0.955846 -0.172732 -0.237745
vn 0.955846 -0.090811 -0.279486
vn 0.955846 0.000000 -0.293869
vn 0.955846 0.090810 -0.279486
vn 0.955846 0.172732 -0.237745
vn 0.955846 0.237745 -0.172732
vn 0.955846 0.279486 -0.090811
vn 0.955846 0.293869 -0.000000
vn 0.999859 -0.015947 -0.005181
vn 0.999859 -0.013565 -0.009856
vn 0.999859 -0.009856 -0.013565
vn 0.999859 -0.005181 -0.015947
vn 0.999859 0.000000 -0.016767
vn 0.999859 0.005181 -0.015947
vn 0.999859 0.009856 -0.013565
vn 0.999859 0.013565 -0.009856
vn 0.999859 0.015947 -0.005181
vn 0.999859 0.016767 -0.000000
vn 0.999859 0.015947 0.005181
vn 0.999859 0.013565 0.009856
vn 0.999859 0.009856 0.013565
vn 0.999859 0.005181 0.015947
vn 0.999859 -0.000000 0.016767
vn 0.999859 -0.005181 0.015947
vn 0.999859 -0.009856 0.013565
vn 0.999859 -0.013565 0.009856
vn 0.999859 -0.015947 0.005181
vn 0.999859 -0.016767 0.000000
vn 0.945990 -0.308327 -0.100181
vn 0.945991 -0.262279 -0.190557
vn 0.945991 -0.190557 -0.262279
vn 0.945991 -0.100181 -0.308327
vn 0.945991 0.000000 -0.324194
vn 0.945990 0.100182 -0.308327
vn 0.945991 0.190557 -0.262279
vn 0.945990 0.262279 -0.190557
vn 0.945990 0.308327 -0.100182
vn 0.945990 0.324195 0.000000
vn 0.945990 0.308327 0.100182
vn 0.945990 0.262279 0.190557
vn 0.945991 0.190557 0.262279
vn 0.945990 0.100182 0.308327
vn 0.945990 -0.000000 0.324194
vn 0.945991 -0.100182 0.308327
vn 0.945990 -0.190557 0.262279
vn 0.945990 -0.262279 0.190557
vn 0.945990 -0.308327 0.100182
vn 0.945990 -0.324195 0.000000
vn 0.800921 -0.569464 -0.185030
vn 0.800921 -0.484415 -0.351948
vn 0.800921 -0.351948 -0.484415
vn 0.800921 -0.185030 -0.569464
vn 0.800921 0.000000 -0.598770
vn 0.800921 0.185030 -0.569464
vn 0.800921 0.351948 -0.484415
vn 0.800921 0.484415 -0.351948
vn 0.800921 0.569464 -0.185030
vn 0.800921 0.598770 0.000000
vn 0.800921 0.569464 0.185030
vn 0.800921 0.484415 0.351948
vn 0.800921 0.351948 0.484415
vn 0.800920 0.185031 0.569466
vn 0.800919 -0.000000 0.598772
vn 0.800921 -0.185030 0.569465
vn 0.800921 -0.351948 0.484415
vn 0.800920 -0.484416 0.351949
vn 0.800921 -0.569465 0.185030
vn 0.800921 -0.598770 0.000001
vn 0.579721 -0.774936 -0.251791
vn 0.579720 -0.659200 -0.478936
vn 0.579719 -0.478937 -0.659201
vn 0.579720 -0.251792 -0.774936
vn 0.579721 0.000000 -0.814815
vn 0.579721 0.251792 -0.774935
vn 0.579721 0.478936 -0.659199
vn 0.579721 0.659200 -0.478936
vn 0.579720 0.774936 -0.251792
vn 0.579720 0.814815 0.000000
vn 0.579720 0.774935 0.251792
vn 0.579720 0.659199 0.478937
vn 0.579721 0.478936 0.659199
vn 0.579720 0.251792 0.774936
vn 0.579719 -0.000000 0.814816
vn 0.579719 -0.251792 0.774937
vn 0.579719 -0.478937 0.659201
vn 0.579719 -0.659200 0.478937
vn 0.579719 -0.774936 0.251792
vn 0.579720 -0.814816 0.000001
vn 0.304041 -0.906033 -0.294387
vn 0.304041 -0.770717 -0.559959
vn 0.304042 -0.559959 -0.770717
vn 0.304041 -0.294388 -0.906032
vn 0.304040 0.000000 -0.952659
vn 0.304041 0.294388 -0.906032
vn 0.304042 0.559959 -0.770717
vn 0.304042 0.770717 -0.559959
vn 0.304041 0.906033 -0.294387
vn 0.304041 0.952659 0.000000
vn 0.304041 0.906033 0.294388
vn 0.304041 0.770717 0.559959
vn 0.304042 0.559959 0.770717
vn 0.304043 0.294387 0.906032
vn 0.304043 -0.000000 0.952658
vn 0.304043 -0.294388 0.906032
vn 0.304042 -0.559959 0.770717
vn 0.304041 -0.770717 0.559959
vn 0.304041 -0.906032 0.294388
vn 0.304041 -0.952659 0.000001
vn 0.000000 -0.951057 -0.309016
vn 0.000000 -0.809017 -0.587785
vn 0.000000 -0.587785 -0.809017
vn 0.000000 -0.309017 -0.951057
vn 0.000000 0.000000 -1.000000
vn -0.000000 0.309017 -0.951056
vn 0.000000 0.587785 -0.809017
vn 0.000000 0.809017 -0.587785
vn 0.000000 0.951056 -0.309017
vn 0.000000 1.000000 0.000000
vn 0.000000 0.951056 0.309017
vn -0.000000 0.809017 0.587785
vn -0.000000 0.587785 0.809017
vn -0.000000 0.309017 0.951056
vn 0.000000 -0.000000 1.000000
vn 0.000000 -0.309017 0.951056
vn 0.000000 -0.587785 0.809017
vn 0.000000 -0.809017 0.587785
vn 0.000000 -0.951056 0.309017
vn 0.000000 -1.000000 0.000001
vn -0.304041 -0.906033 -0.294387
vn -0.304041 -0.770717 -0.559959
vn -0.304042 -0.559959 -0.770717
vn -0.304041 -0.294388 -0.906033
vn -0.304040 0.000000 -0.952659
vn -0.304041 0.294388 -0.906033
vn -0.304042 0.559959 -0.770717
vn -0.304042 0.770717 -0.559959
vn -0.304041 0.906033 -0.294387
vn -0.304041 0.952659 0.000000
vn -0.304041 0.906033 0.294388
vn -0.304041 0.770717 0.559959
vn -0.304042 0.559959 0.770717
vn -0.304043 0.294387 0.906032
vn -0.304043 -0.000000 0.952658
vn -0.304042 -0.294388 0.906032
vn -0.304042 -0.559959 0.770717
vn -0.304041 -0.770717 0.559959
vn -0.304041 -0.906032 0.294388
vn -0.304041 -0.952659 0.000001
vn -0.579721 -0.774936 -0.251791
vn -0.579721 -0.659199 -0.478936
vn -0.579719 -0.478937 -0.659200
vn -0.579720 -0.251792 -0.774936
vn -0.579721 0.000000 -0.814815
vn -0.579721 0.251792 -0.774935
vn -0.579721 0.478937 -0.659199
vn -0.579720 0.659200 -0.478936
vn -0.579720 0.774936 -0.251792
vn -0.579720 0.814816 -0.000000
vn -0.579720 0.774936 0.251792
vn -0.579720 0.659199 0.478937
vn -0.579721 0.478936 0.659199
vn -0.579720 0.251792 0.774936
vn -0.579719 -0.000000 0.814816
vn -0.579719 -0.251792 0.774937
vn -0.579719 -0.478937 0.659201
vn -0.579719 -0.659200 0.478937
vn -0.579719 -0.774936 0.251792
vn -0.579720 -0.814816 0.000001
vn -0.800921 -0.569465 -0.185030
vn -0.800921 -0.484415 -0.351948
vn -0.800921 -0.351948 -0.484416
vn -0.800921 -0.185030 -0.569465
vn -0.800921 0.000000 -0.598770
vn -0.800921 0.185030 -0.569465
vn -0.800921 0.351949 -0.484416
vn -0.800921 0.484416 -0.351949
vn -0.800921 0.569465 -0.185030
vn -0.800921 0.598771 -0.000000
vn -0.800921 0.569465 0.185030
vn -0.800921 0.484415 0.351948
vn -0.800921 0.351948 0.484416
vn -0.800920 0.185031 0.569466
vn -0.800919 -0.000000 0.598772
vn -0.800920 -0.185030 0.569465
vn -0.800921 -0.351949 0.484416
vn -0.800920 -0.484416 0.351949
vn -0.800920 -0.569465 0.185030
vn -0.800921 -0.598771 0.000001
vn -0.945990 -0.308328 -0.100181
vn -0.945990 -0.262279 -0.190557
vn -0.945990 -0.190557 -0.262279
vn -0.945990 -0.100182 -0.308327
vn -0.945990 0.000000 -0.324194
vn -0.945990 0.100182 -0.308328
vn -0.945990 0.190557 -0.262279
vn -0.945990 0.262279 -0.190557
vn -0.945990 0.308328 -0.100182
vn -0.945990 0.324195 -0.000000
vn -0.945990 0.308328 0.100182
vn -0.945990 0.262279 0.190557
vn -0.945990 0.190557 0.262279
vn -0.945990 0.100182 0.308328
vn -0.945990 -0.000000 0.324195
vn -0.945991 -0.100182 0.308327
vn -0.945990 -0.190557 0.262279
vn -0.945990 -0.262279 0.190557
vn -0.945990 -0.308328 0.100182
vn -0.945990 -0.324195 0.000000
vn -0.999859 -0.015947 -0.005181
vn -0.999859 -0.013565 -0.009856
vn -0.999859 -0.009856 -0.013565
vn -0.999859 -0.005181 -0.015947
vn -0.999859 0.000000 -0.016768
vn -0.999859 0.005181 -0.015947
vn -0.999859 0.009856 -0.013565
vn -0.999859 0.013565 -0.009856
vn -0.999859 0.015947 -0.005181
vn -0.999859 0.016767 -0.000000
vn -0.999859 0.015947 0.005181
vn -0.999859 0.013565 0.009856
vn -0.999859 0.009856 0.013565
vn -0.999859 0.005181 0.015947
vn -0.999859 -0.000000 0.016768
vn -0.999859 -0.005181 0.015947
vn -0.999859 -0.009856 0.013565
vn -0.999859 -0.013565 0.009856
vn -0.999859 -0.015947 0.005181
vn -0.999859 -0.016767 0.000000
vn -0.955846 0.279486 0.090810
vn -0.955846 0.237745 0.172732
vn -0.955846 0.172732 0.237745
vn -0.955846 0.090810 0.279486
vn -0.955846 -0.000000 0.293869
vn -0.955846 -0.090811 0.279486
vn -0.955846 -0.172732 0.237745
vn -0.955846 -0.237745 0.172732
vn -0.955846 -0.279486 0.090810
vn -0.955846 -0.293869 0.000000
vn -0.955846 -0.279486 -0.090811
vn -0.955846 -0.237745 -0.172732
vn -0.955846 -0.172732 -0.237745
vn -0.955846 -0.090811 -0.279486
vn -0.955846 0.000000 -0.293869
vn -0.955846 0.090810 -0.279486
vn -0.955846 0.172732 -0.237745
vn -0.955846 0.237745 -0.172732
vn -0.955846 0.279486 -0.090810
vn -0.955846 0.293869 -0.000000
vn -0.816857 0.548608 0.178253
vn -0.816857 0.466674 0.339058
vn -0.816856 0.339059 0.466674
vn -0.816857 0.178253 0.548607
vn -0.816858 -0.000000 0.576839
vn -0.816857 -0.178253 0.548607
vn -0.816857 -0.339058 0.466674
vn -0.816857 -0.466674 0.339058
vn -0.816857 -0.548608 0.178253
vn -0.816857 -0.576840 0.000000
vn -0.816857 -0.548608 -0.178253
vn -0.816857 -0.466674 -0.339058
vn -0.816857 -0.339059 -0.466674
vn -0.816857 -0.178253 -0.548608
vn -0.816857 0.000000 -0.576840
vn -0.816857 0.178253 -0.548607
vn -0.816857 0.339058 -0.466673
vn -0.816857 0.466674 -0.339058
vn -0.816857 0.548608 -0.178253
vn -0.816857 0.576840 -0.000001
vn -0.595644 0.763935 0.248217
vn -0.595644 0.649842 0.472138
vn -0.595644 0.472138 0.649842
vn -0.595644 0.248217 0.763935
vn -0.595643 -0.000000 0.803249
vn -0.595644 -0.248218 0.763935
vn -0.595644 -0.472138 0.649841
vn -0.595644 -0.649842 0.472138
vn -0.595644 -0.763935 0.248217
vn -0.595644 -0.803249 -0.000000
vn -0.595644 -0.763935 -0.248217
vn -0.595644 -0.649842 -0.472138
vn -0.595644 -0.472138 -0.649842
vn -0.595645 -0.248217 -0.763934
vn -0.595644 0.000000 -0.803249
vn -0.595643 0.248218 -0.763935
vn -0.595644 0.472138 -0.649841
vn -0.595645 0.649841 -0.472138
vn -0.595644 0.763935 -0.248217
vn -0.595644 0.803249 -0.000001
vn -0.313876 0.902994 0.293400
vn -0.313876 0.768132 0.558081
vn -0.313878 0.558080 0.768132
vn -0.313879 0.293400 0.902993
vn -0.313878 -0.000000 0.949463
vn -0.313877 -0.293401 0.902993
vn -0.313878 -0.558081 0.768132
vn -0.313877 -0.768132 0.558080
vn -0.313877 -0.902994 0.293400
vn -0.313877 -0.949464 -0.000000
vn -0.313876 -0.902994 -0.293400
vn -0.313876 -0.768132 -0.558081
vn -0.313878 -0.558081 -0.768132
vn -0.313879 -0.293400 -0.902993
vn -0.313878 0.000000 -0.949463
vn -0.313878 0.293400 -0.902993
vn -0.313878 0.558081 -0.768132
vn -0.313877 0.768132 -0.558080
vn -0.313877 0.902994 -0.293400
vn -0.313876 0.949464 -0.000001
s 1
g pTorus1 small_wheel
usemtl pTorus1SG1
f 816/925/1012 815/924/1013 835/945/1014 836/946/1015
f 817/926/1016 816/925/1012 836/946/1015 837/947/1017
f 818/927/1018 817/926/1016 837/947/1017 838/948/1019
f 819/928/1020 818/927/1018 838/948/1019 839/949/1021
f 820/929/1022 819/928/1020 839/949/1021 840/950/1023
f 821/930/1024 820/929/1022 840/950/1023 841/951/1025
f 822/931/1026 821/930/1024 841/951/1025 842/952/1027
f 823/932/1028 822/931/1026 842/952/1027 843/953/1029
f 824/933/1030 823/932/1028 843/953/1029 844/954/1031
f 825/934/1032 824/933/1030 844/954/1031 845/955/1033
f 826/935/1034 825/934/1032 845/955/1033 846/956/1035
f 827/936/1036 826/935/1034 846/956/1035 847/957/1037
f 828/937/1038 827/936/1036 847/957/1037 848/958/1039
f 829/938/1040 828/937/1038 848/958/1039 849/959/1041
f 830/939/1042 829/938/1040 849/959/1041 850/960/1043
f 831/940/1044 830/939/1042 850/960/1043 851/961/1045
f 832/941/1046 831/940/1044 851/961/1045 852/962/1047
f 833/942/1048 832/941/1046 852/962/1047 853/963/1049
f 834/943/1050 833/942/1048 853/963/1049 854/964/1051
f 815/944/1013 834/943/1050 854/964/1051 835/965/1014
f 836/946/1015 835/945/1014 855/966/1052 856/967/1053
f 837/947/1017 836/946/1015 856/967/1053 857/968/1054
f 838/948/1019 837/947/1017 857/968/1054 858/969/1055
f 839/949/1021 838/948/1019 858/969/1055 859/970/1056
f 840/950/1023 839/949/1021 859/970/1056 860/971/1057
f 841/951/1025 840/950/1023 860/971/1057 861/972/1058
f 842/952/1027 841/951/1025 861/972/1058 862/973/1059
f 843/953/1029 842/952/1027 862/973/1059 863/974/1060
f 844/954/1031 843/953/1029 863/974/1060 864/975/1061
f 845/955/1033 844/954/1031 864/975/1061 865/976/1062
f 846/956/1035 845/955/1033 865/976/1062 866/977/1063
f 847/957/1037 846/956/1035 866/977/1063 867/978/1064
f 848/958/1039 847/957/1037 867/978/1064 868/979/1065
f 849/959/1041 848/958/1039 868/979/1065 869/980/1066
f 850/960/1043 849/959/1041 869/980/1066 870/981/1067
f 851/961/1045 850/960/1043 870/981/1067 871/982/1068
f 852/962/1047 851/961/1045 871/982/1068 872/983/1069
f 853/963/1049 852/962/1047 872/983/1069 873/984/1070
f 854/964/1051 853/963/1049 873/984/1070 874/985/1071
f 835/965/1014 854/964/1051 874/985/1071 855/986/1052
f 856/967/1053 855/966/1052 875/987/1072 876/988/1073
f 857/968/1054 856/967/1053 876/988/1073 877/989/1074
f 858/969/1055 857/968/1054 877/989/1074 878/990/1075
f 859/970/1056 858/969/1055 878/990/1075 879/991/1076
f 860/971/1057 859/970/1056 879/991/1076 880/992/1077
f 861/972/1058 860/971/1057 880/992/1077 881/993/1078
f 862/973/1059 861/972/1058 881/993/1078 882/994/1079
f 863/974/1060 862/973/1059 882/994/1079 883/995/1080
f 864/975/1061 863/974/1060 883/995/1080 884/996/1081
f 865/976/1062 864/975/1061 884/996/1081 885/997/1082
f 866/977/1063 865/976/1062 885/997/1082 886/998/1083
f 867/978/1064 866/977/1063 886/998/1083 887/999/1084
f 868/979/1065 867/978/1064 887/999/1084 888/1000/1085
f 869/980/1066 868/979/1065 888/1000/1085 889/1001/1086
f 870/981/1067 869/980/1066 889/1001/1086 890/1002/1087
f 871/982/1068 870/981/1067 890/1002/1087 891/1003/1088
f 872/983/1069 871/982/1068 891/1003/1088 892/1004/1089
f 873/984/1070 872/983/1069 892/1004/1089 893/1005/1090
f 874/985/1071 873/984/1070 893/1005/1090 894/1006/1091
f 855/986/1052 874/985/1071 894/1006/1091 875/1007/1072
f 876/988/1073 875/987/1072 895/1008/1092 896/1009/1093
f 877/989/1074 876/988/1073 896/1009/1093 897/1010/1094
f 878/990/1075 877/989/1074 897/1010/1094 898/1011/1095
f 879/991/1076 878/990/1075 898/1011/1095 899/1012/1096
f 880/992/1077 879/991/1076 899/1012/1096 900/1013/1097
f 881/993/1078 880/992/1077 900/1013/1097 901/1014/1098
f 882/994/1079 881/993/1078 901/1014/1098 902/1015/1099
f 883/995/1080 882/994/1079 902/1015/1099 903/1016/1100
f 884/996/1081 883/995/1080 903/1016/1100 904/1017/1101
f 885/997/1082 884/996/1081 904/1017/1101 905/1018/1102
f 886/998/1083 885/997/1082 905/1018/1102 906/1019/1103
f 887/999/1084 886/998/1083 906/1019/1103 907/1020/1104
f 888/1000/1085 887/999/1084 907/1020/1104 908/1021/1105
f 889/1001/1086 888/1000/1085 908/1021/1105 909/1022/1106
f 890/1002/1087 889/1001/1086 909/1022/1106 910/1023/1107
f 891/1003/1088 890/1002/1087 910/1023/1107 911/1024/1108
f 892/1004/1089 891/1003/1088 911/1024/1108 912/1025/1109
f 893/1005/1090 892/1004/1089 912/1025/1109 913/1026/1110
f 894/1006/1091 893/1005/1090 913/1026/1110 914/1027/1111
f 875/1007/1072 894/1006/1091 914/1027/1111 895/1028/1092
f 896/1009/1093 895/1008/1092 915/1029/1112 916/1030/1113
f 897/1010/1094 896/1009/1093 916/1030/1113 917/1031/1114
f 898/1011/1095 897/1010/1094 917/1031/1114 918/1032/1115
f 899/1012/1096 898/1011/1095 918/1032/1115 919/1033/1116
f 900/1013/1097 899/1012/1096 919/1033/1116 920/1034/1117
f 901/1014/1098 900/1013/1097 920/1034/1117 921/1035/1118
f 902/1015/1099 901/1014/1098 921/1035/1118 922/1036/1119
f 903/1016/1100 902/1015/1099 922/1036/1119 923/1037/1120
f 904/1017/1101 903/1016/1100 923/1037/1120 924/1038/1121
f 905/1018/1102 904/1017/1101 924/1038/1121 925/1039/1122
f 906/1019/1103 905/1018/1102 925/1039/1122 926/1040/1123
f 907/1020/1104 906/1019/1103 926/1040/1123 927/1041/1124
f 908/1021/1105 907/1020/1104 927/1041/1124 928/1042/1125
f 909/1022/1106 908/1021/1105 928/1042/1125 929/1043/1126
f 910/1023/1107 909/1022/1106 929/1043/1126 930/1044/1127
f 911/1024/1108 910/1023/1107 930/1044/1127 931/1045/1128
f 912/1025/1109 911/1024/1108 931/1045/1128 932/1046/1129
f 913/1026/1110 912/1025/1109 932/1046/1129 933/1047/1130
f 914/1027/1111 913/1026/1110 933/1047/1130 934/1048/1131
f 895/1028/1092 914/1027/1111 934/1048/1131 915/1049/1112
f 916/1030/1113 915/1029/1112 935/1050/1132 936/1051/1133
f 917/1031/1114 916/1030/1113 936/1051/1133 937/1052/1134
f 918/1032/1115 917/1031/1114 937/1052/1134 938/1053/1135
f 919/1033/1116 918/1032/1115 938/1053/1135 939/1054/1136
f 920/1034/1117 919/1033/1116 939/1054/1136 940/1055/1137
f 921/1035/1118 920/1034/1117 940/1055/1137 941/1056/1138
f 922/1036/1119 921/1035/1118 941/1056/1138 942/1057/1139
f 923/1037/1120 922/1036/1119 942/1057/1139 943/1058/1140
f 924/1038/1121 923/1037/1120 943/1058/1140 944/1059/1141
f 925/1039/1122 924/1038/1121 944/1059/1141 945/1060/1142
f 926/1040/1123 925/1039/1122 945/1060/1142 946/1061/1143
f 927/1041/1124 926/1040/1123 946/1061/1143 947/1062/1144
f 928/1042/1125 927/1041/1124 947/1062/1144 948/1063/1145
f 929/1043/1126 928/1042/1125 948/1063/1145 949/1064/1146
f 930/1044/1127 929/1043/1126 949/1064/1146 950/1065/1147
f 931/1045/1128 930/1044/1127 950/1065/1147 951/1066/1148
f 932/1046/1129 931/1045/1128 951/1066/1148 952/1067/1149
f 933/1047/1130 932/1046/1129 952/1067/1149 953/1068/1150
f 934/1048/1131 933/1047/1130 953/1068/1150 954/1069/1151
f 915/1049/1112 934/1048/1131 954/1069/1151 935/1070/1132
f 936/1051/1133 935/1050/1132 955/1071/1152 956/1072/1153
f 937/1052/1134 936/1051/1133 956/1072/1153 957/1073/1154
f 938/1053/1135 937/1052/1134 957/1073/1154 958/1074/1155
f 939/1054/1136 938/1053/1135 958/1074/1155 959/1075/1156
f 940/1055/1137 939/1054/1136 959/1075/1156 960/1076/1157
f 941/1056/1138 940/1055/1137 960/1076/1157 961/1077/1158
f 942/1057/1139 941/1056/1138 961/1077/1158 962/1078/1159
f 943/1058/1140 942/1057/1139 962/1078/1159 963/1079/1160
f 944/1059/1141 943/1058/1140 963/1079/1160 964/1080/1161
f 945/1060/1142 944/1059/1141 964/1080/1161 965/1081/1162
f 946/1061/1143 945/1060/1142 965/1081/1162 966/1082/1163
f 947/1062/1144 946/1061/1143 966/1082/1163 967/1083/1164
f 948/1063/1145 947/1062/1144 967/1083/1164 968/1084/1165
f 949/1064/1146 948/1063/1145 968/1084/1165 969/1085/1166
f 950/1065/1147 949/1064/1146 969/1085/1166 970/1086/1167
f 951/1066/1148 950/1065/1147 970/1086/1167 971/1087/1168
f 952/1067/1149 951/1066/1148 971/1087/1168 972/1088/1169
f 953/1068/1150 952/1067/1149 972/1088/1169 973/1089/1170
f 954/1069/1151 953/1068/1150 973/1089/1170 974/1090/1171
f 935/1070/1132 954/1069/1151 974/1090/1171 955/1091/1152
f 956/1072/1153 955/1071/1152 975/1092/1172 976/1093/1173
f 957/1073/1154 956/1072/1153 976/1093/1173 977/1094/1174
f 958/1074/1155 957/1073/1154 977/1094/1174 978/1095/1175
f 959/1075/1156 958/1074/1155 978/1095/1175 979/1096/1176
f 960/1076/1157 959/1075/1156 979/1096/1176 980/1097/1177
f 961/1077/1158 960/1076/1157 980/1097/1177 981/1098/1178
f 962/1078/1159 961/1077/1158 981/1098/1178 982/1099/1179
f 963/1079/1160 962/1078/1159 982/1099/1179 983/1100/1180
f 964/1080/1161 963/1079/1160 983/1100/1180 984/1101/1181
f 965/1081/1162 964/1080/1161 984/1101/1181 985/1102/1182
f 966/1082/1163 965/1081/1162 985/1102/1182 986/1103/1183
f 967/1083/1164 966/1082/1163 986/1103/1183 987/1104/1184
f 968/1084/1165 967/1083/1164 987/1104/1184 988/1105/1185
f 969/1085/1166 968/1084/1165 988/1105/1185 989/1106/1186
f 970/1086/1167 969/1085/1166 989/1106/1186 990/1107/1187
f 971/1087/1168 970/1086/1167 990/1107/1187 991/1108/1188
f 972/1088/1169 971/1087/1168 991/1108/1188 992/1109/1189
f 973/1089/1170 972/1088/1169 992/1109/1189 993/1110/1190
f 974/1090/1171 973/1089/1170 993/1110/1190 994/1111/1191
f 955/1091/1152 974/1090/1171 994/1111/1191 975/1112/1172
f 976/1093/1173 975/1092/1172 995/1113/1192 996/1114/1193
f 977/1094/1174 976/1093/1173 996/1114/1193 997/1115/1194
f 978/1095/1175 977/1094/1174 997/1115/1194 998/1116/1195
f 979/1096/1176 978/1095/1175 998/1116/1195 999/1117/1196
f 980/1097/1177 979/1096/1176 999/1117/1196 1000/1118/1197
f 981/1098/1178 980/1097/1177 1000/1118/1197 1001/1119/1198
f 982/1099/1179 981/1098/1178 1001/1119/1198 1002/1120/1199
f 983/1100/1180 982/1099/1179 1002/1120/1199 1003/1121/1200
f 984/1101/1181 983/1100/1180 1003/1121/1200 1004/1122/1201
f 985/1102/1182 984/1101/1181 1004/1122/1201 1005/1123/1202
f 986/1103/1183 985/1102/1182 1005/1123/1202 1006/1124/1203
f 987/1104/1184 986/1103/1183 1006/1124/1203 1007/1125/1204
f 988/1105/1185 987/1104/1184 1007/1125/1204 1008/1126/1205
f 989/1106/1186 988/1105/1185 1008/1126/1205 1009/1127/1206
f 990/1107/1187 989/1106/1186 1009/1127/1206 1010/1128/1207
f 991/1108/1188 990/1107/1187 1010/1128/1207 1011/1129/1208
f 992/1109/1189 991/1108/1188 1011/1129/1208 1012/1130/1209
f 993/1110/1190 992/1109/1189 1012/1130/1209 1013/1131/1210
f 994/1111/1191 993/1110/1190 1013/1131/1210 1014/1132/1211
f 975/1112/1172 994/1111/1191 1014/1132/1211 995/1133/1192
f 996/1114/1193 995/1113/1192 1015/1134/1212 1016/1135/1213
f 997/1115/1194 996/1114/1193 1016/1135/1213 1017/1136/1214
f 998/1116/1195 997/1115/1194 1017/1136/1214 1018/1137/1215
f 999/1117/1196 998/1116/1195 1018/1137/1215 1019/1138/1216
f 1000/1118/1197 999/1117/1196 1019/1138/1216 1020/1139/1217
f 1001/1119/1198 1000/1118/1197 1020/1139/1217 1021/1140/1218
f 1002/1120/1199 1001/1119/1198 1021/1140/1218 1022/1141/1219
f 1003/1121/1200 1002/1120/1199 1022/1141/1219 1023/1142/1220
f 1004/1122/1201 1003/1121/1200 1023/1142/1220 1024/1143/1221
f 1005/1123/1202 1004/1122/1201 1024/1143/1221 1025/1144/1222
f 1006/1124/1203 1005/1123/1202 1025/1144/1222 1026/1145/1223
f 1007/1125/1204 1006/1124/1203 1026/1145/1223 1027/1146/1224
f 1008/1126/1205 1007/1125/1204 1027/1146/1224 1028/1147/1225
f 1009/1127/1206 1008/1126/1205 1028/1147/1225 1029/1148/1226
f 1010/1128/1207 1009/1127/1206 1029/1148/1226 1030/1149/1227
f 1011/1129/1208 1010/1128/1207 1030/1149/1227 1031/1150/1228
f 1012/1130/1209 1011/1129/1208 1031/1150/1228 1032/1151/1229
f 1013/1131/1210 1012/1130/1209 1032/1151/1229 1033/1152/1230
f 1014/1132/1211 1013/1131/1210 1033/1152/1230 1034/1153/1231
f 995/1133/1192 1014/1132/1211 1034/1153/1231 1015/1154/1212
f 1016/1135/1213 1015/1134/1212 1035/1155/1232 1036/1156/1233
f 1017/1136/1214 1016/1135/1213 1036/1156/1233 1037/1157/1234
f 1018/1137/1215 1017/1136/1214 1037/1157/1234 1038/1158/1235
f 1019/1138/1216 1018/1137/1215 1038/1158/1235 1039/1159/1236
f 1020/1139/1217 1019/1138/1216 1039/1159/1236 1040/1160/1237
f 1021/1140/1218 1020/1139/1217 1040/1160/1237 1041/1161/1238
f 1022/1141/1219 1021/1140/1218 1041/1161/1238 1042/1162/1239
f 1023/1142/1220 1022/1141/1219 1042/1162/1239 1043/1163/1240
f 1024/1143/1221 1023/1142/1220 1043/1163/1240 1044/1164/1241
f 1025/1144/1222 1024/1143/1221 1044/1164/1241 1045/1165/1242
f 1026/1145/1223 1025/1144/1222 1045/1165/1242 1046/1166/1243
f 1027/1146/1224 1026/1145/1223 1046/1166/1243 1047/1167/1244
f 1028/1147/1225 1027/1146/1224 1047/1167/1244 1048/1168/1245
f 1029/1148/1226 1028/1147/1225 1048/1168/1245 1049/1169/1246
f 1030/1149/1227 1029/1148/1226 1049/1169/1246 1050/1170/1247
f 1031/1150/1228 1030/1149/1227 1050/1170/1247 1051/1171/1248
f 1032/1151/1229 1031/1150/1228 1051/1171/1248 1052/1172/1249
f 1033/1152/1230 1032/1151/1229 1052/1172/1249 1053/1173/1250
f 1034/1153/1231 1033/1152/1230 1053/1173/1250 1054/1174/1251
f 1015/1154/1212 1034/1153/1231 1054/1174/1251 1035/1175/1232
f 1036/1156/1233 1035/1155/1232 1055/1176/1252 1056/1177/1253
f 1037/1157/1234 1036/1156/1233 1056/1177/1253 1057/1178/1254
f 1038/1158/1235 1037/1157/1234 1057/1178/1254 1058/1179/1255
f 1039/1159/1236 1038/1158/1235 1058/1179/1255 1059/1180/1256
f 1040/1160/1237 1039/1159/1236 1059/1180/1256 1060/1181/1257
f 1041/1161/1238 1040/1160/1237 1060/1181/1257 1061/1182/1258
f 1042/1162/1239 1041/1161/1238 1061/1182/1258 1062/1183/1259
f 1043/1163/1240 1042/1162/1239 1062/1183/1259 1063/1184/1260
f 1044/1164/1241 1043/1163/1240 1063/1184/1260 1064/1185/1261
f 1045/1165/1242 1044/1164/1241 1064/1185/1261 1065/1186/1262
f 1046/1166/1243 1045/1165/1242 1065/1186/1262 1066/1187/1263
f 1047/1167/1244 1046/1166/1243 1066/1187/1263 1067/1188/1264
f 1048/1168/1245 1047/1167/1244 1067/1188/1264 1068/1189/1265
f 1049/1169/1246 1048/1168/1245 1068/1189/1265 1069/1190/1266
f 1050/1170/1247 1049/1169/1246 1069/1190/1266 1070/1191/1267
f 1051/1171/1248 1050/1170/1247 1070/1191/1267 1071/1192/1268
f 1052/1172/1249 1051/1171/1248 1071/1192/1268 1072/1193/1269
f 1053/1173/1250 1052/1172/1249 1072/1193/1269 1073/1194/1270
f 1054/1174/1251 1053/1173/1250 1073/1194/1270 1074/1195/1271
f 1035/1175/1232 1054/1174/1251 1074/1195/1271 1055/1196/1252
f 1056/1177/1253 1055/1176/1252 1075/1197/1272 1076/1198/1273
f 1057/1178/1254 1056/1177/1253 1076/1198/1273 1077/1199/1274
f 1058/1179/1255 1057/1178/1254 1077/1199/1274 1078/1200/1275
f 1059/1180/1256 1058/1179/1255 1078/1200/1275 1079/1201/1276
f 1060/1181/1257 1059/1180/1256 1079/1201/1276 1080/1202/1277
f 1061/1182/1258 1060/1181/1257 1080/1202/1277 1081/1203/1278
f 1062/1183/1259 1061/1182/1258 1081/1203/1278 1082/1204/1279
f 1063/1184/1260 1062/1183/1259 1082/1204/1279 1083/1205/1280
f 1064/1185/1261 1063/1184/1260 1083/1205/1280 1084/1206/1281
f 1065/1186/1262 1064/1185/1261 1084/1206/1281 1085/1207/1282
f 1066/1187/1263 1065/1186/1262 1085/1207/1282 1086/1208/1283
f 1067/1188/1264 1066/1187/1263 1086/1208/1283 1087/1209/1284
f 1068/1189/1265 1067/1188/1264 1087/1209/1284 1088/1210/1285
f 1069/1190/1266 1068/1189/1265 1088/1210/1285 1089/1211/1286
f 1070/1191/1267 1069/1190/1266 1089/1211/1286 1090/1212/1287
f 1071/1192/1268 1070/1191/1267 1090/1212/1287 1091/1213/1288
f 1072/1193/1269 1071/1192/1268 1091/1213/1288 1092/1214/1289
f 1073/1194/1270 1072/1193/1269 1092/1214/1289 1093/1215/1290
f 1074/1195/1271 1073/1194/1270 1093/1215/1290 1094/1216/1291
f 1055/1196/1252 1074/1195/1271 1094/1216/1291 1075/1217/1272
f 1076/1198/1273 1075/1197/1272 1095/1218/1292 1096/1219/1293
f 1077/1199/1274 1076/1198/1273 1096/1219/1293 1097/1220/1294
f 1078/1200/1275 1077/1199/1274 1097/1220/1294 1098/1221/1295
f 1079/1201/1276 1078/1200/1275 1098/1221/1295 1099/1222/1296
f 1080/1202/1277 1079/1201/1276 1099/1222/1296 1100/1223/1297
f 1081/1203/1278 1080/1202/1277 1100/1223/1297 1101/1224/1298
f 1082/1204/1279 1081/1203/1278 1101/1224/1298 1102/1225/1299
f 1083/1205/1280 1082/1204/1279 1102/1225/1299 1103/1226/1300
f 1084/1206/1281 1083/1205/1280 1103/1226/1300 1104/1227/1301
f 1085/1207/1282 1084/1206/1281 1104/1227/1301 1105/1228/1302
f 1086/1208/1283 1085/1207/1282 1105/1228/1302 1106/1229/1303
f 1087/1209/1284 1086/1208/1283 1106/1229/1303 1107/1230/1304
f 1088/1210/1285 1087/1209/1284 1107/1230/1304 1108/1231/1305
f 1089/1211/1286 1088/1210/1285 1108/1231/1305 1109/1232/1306
f 1090/1212/1287 1089/1211/1286 1109/1232/1306 1110/1233/1307
f 1091/1213/1288 1090/1212/1287 1110/1233/1307 1111/1234/1308
f 1092/1214/1289 1091/1213/1288 1111/1234/1308 1112/1235/1309
f 1093/1215/1290 1092/1214/1289 1112/1235/1309 1113/1236/1310
f 1094/1216/1291 1093/1215/1290 1113/1236/1310 1114/1237/1311
f 1075/1217/1272 1094/1216/1291 1114/1237/1311 1095/1238/1292
f 1096/1219/1293 1095/1218/1292 1115/1239/1312 1116/1240/1313
f 1097/1220/1294 1096/1219/1293 1116/1240/1313 1117/1241/1314
f 1098/1221/1295 1097/1220/1294 1117/1241/1314 1118/1242/1315
f 1099/1222/1296 1098/1221/1295 1118/1242/1315 1119/1243/1316
f 1100/1223/1297 1099/1222/1296 1119/1243/1316 1120/1244/1317
f 1101/1224/1298 1100/1223/1297 1120/1244/1317 1121/1245/1318
f 1102/1225/1299 1101/1224/1298 1121/1245/1318 1122/1246/1319
f 1103/1226/1300 1102/1225/1299 1122/1246/1319 1123/1247/1320
f 1104/1227/1301 1103/1226/1300 1123/1247/1320 1124/1248/1321
f 1105/1228/1302 1104/1227/1301 1124/1248/1321 1125/1249/1322
f 1106/1229/1303 1105/1228/1302 1125/1249/1322 1126/1250/1323
f 1107/1230/1304 1106/1229/1303 1126/1250/1323 1127/1251/1324
f 1108/1231/1305 1107/1230/1304 1127/1251/1324 1128/1252/1325
f 1109/1232/1306 1108/1231/1305 1128/1252/1325 1129/1253/1326
f 1110/1233/1307 1109/1232/1306 1129/1253/1326 1130/1254/1327
f 1111/1234/1308 1110/1233/1307 1130/1254/1327 1131/1255/1328
f 1112/1235/1309 1111/1234/1308 1131/1255/1328 1132/1256/1329
f 1113/1236/1310 1112/1235/1309 1132/1256/1329 1133/1257/1330
f 1114/1237/1311 1113/1236/1310 1133/1257/1330 1134/1258/1331
f 1095/1238/1292 1114/1237/1311 1134/1258/1331 1115/1259/1312
f 1116/1240/1313 1115/1239/1312 1135/1260/1332 1136/1261/1333
f 1117/1241/1314 1116/1240/1313 1136/1261/1333 1137/1262/1334
f 1118/1242/1315 1117/1241/1314 1137/1262/1334 1138/1263/1335
f 1119/1243/1316 1118/1242/1315 1138/1263/1335 1139/1264/1336
f 1120/1244/1317 1119/1243/1316 1139/1264/1336 1140/1265/1337
f 1121/1245/1318 1120/1244/1317 1140/1265/1337 1141/1266/1338
f 1122/1246/1319 1121/1245/1318 1141/1266/1338 1142/1267/1339
f 1123/1247/1320 1122/1246/1319 1142/1267/1339 1143/1268/1340
f 1124/1248/1321 1123/1247/1320 1143/1268/1340 1144/1269/1341
f 1125/1249/1322 1124/1248/1321 1144/1269/1341 1145/1270/1342
f 1126/1250/1323 1125/1249/1322 1145/1270/1342 1146/1271/1343
f 1127/1251/1324 1126/1250/1323 1146/1271/1343 1147/1272/1344
f 1128/1252/1325 1127/1251/1324 1147/1272/1344 1148/1273/1345
f 1129/1253/1326 1128/1252/1325 1148/1273/1345 1149/1274/1346
f 1130/1254/1327 1129/1253/1326 1149/1274/1346 1150/1275/1347
f 1131/1255/1328 1130/1254/1327 1150/1275/1347 1151/1276/1348
f 1132/1256/1329 1131/1255/1328 1151/1276/1348 1152/1277/1349
f 1133/1257/1330 1132/1256/1329 1152/1277/1349 1153/1278/1350
f 1134/1258/1331 1133/1257/1330 1153/1278/1350 1154/1279/1351
f 1115/1259/1312 1134/1258/1331 1154/1279/1351 1135/1280/1332
f 1136/1261/1333 1135/1260/1332 1155/1281/1352 1156/1282/1353
f 1137/1262/1334 1136/1261/1333 1156/1282/1353 1157/1283/1354
f 1138/1263/1335 1137/1262/1334 1157/1283/1354 1158/1284/1355
f 1139/1264/1336 1138/1263/1335 1158/1284/1355 1159/1285/1356
f 1140/1265/1337 1139/1264/1336 1159/1285/1356 1160/1286/1357
f 1141/1266/1338 1140/1265/1337 1160/1286/1357 1161/1287/1358
f 1142/1267/1339 1141/1266/1338 1161/1287/1358 1162/1288/1359
f 1143/1268/1340 1142/1267/1339 1162/1288/1359 1163/1289/1360
f 1144/1269/1341 1143/1268/1340 1163/1289/1360 1164/1290/1361
f 1145/1270/1342 1144/1269/1341 1164/1290/1361 1165/1291/1362
f 1146/1271/1343 1145/1270/1342 1165/1291/1362 1166/1292/1363
f 1147/1272/1344 1146/1271/1343 1166/1292/1363 1167/1293/1364
f 1148/1273/1345 1147/1272/1344 1167/1293/1364 1168/1294/1365
f 1149/1274/1346 1148/1273/1345 1168/1294/1365 1169/1295/1366
f 1150/1275/1347 1149/1274/1346 1169/1295/1366 1170/1296/1367
f 1151/1276/1348 1150/1275/1347 1170/1296/1367 1171/1297/1368
f 1152/1277/1349 1151/1276/1348 1171/1297/1368 1172/1298/1369
f 1153/1278/1350 1152/1277/1349 1172/1298/1369 1173/1299/1370
f 1154/1279/1351 1153/1278/1350 1173/1299/1370 1174/1300/1371
f 1135/1280/1332 1154/1279/1351 1174/1300/1371 1155/1301/1352
f 1156/1282/1353 1155/1281/1352 1175/1302/1372 1176/1303/1373
f 1157/1283/1354 1156/1282/1353 1176/1303/1373 1177/1304/1374
f 1158/1284/1355 1157/1283/1354 1177/1304/1374 1178/1305/1375
f 1159/1285/1356 1158/1284/1355 1178/1305/1375 1179/1306/1376
f 1160/1286/1357 1159/1285/1356 1179/1306/1376 1180/1307/1377
f 1161/1287/1358 1160/1286/1357 1180/1307/1377 1181/1308/1378
f 1162/1288/1359 1161/1287/1358 1181/1308/1378 1182/1309/1379
f 1163/1289/1360 1162/1288/1359 1182/1309/1379 1183/1310/1380
f 1164/1290/1361 1163/1289/1360 1183/1310/1380 1184/1311/1381
f 1165/1291/1362 1164/1290/1361 1184/1311/1381 1185/1312/1382
f 1166/1292/1363 1165/1291/1362 1185/1312/1382 1186/1313/1383
f 1167/1293/1364 1166/1292/1363 1186/1313/1383 1187/1314/1384
f 1168/1294/1365 1167/1293/1364 1187/1314/1384 1188/1315/1385
f 1169/1295/1366 1168/1294/1365 1188/1315/1385 1189/1316/1386
f 1170/1296/1367 1169/1295/1366 1189/1316/1386 1190/1317/1387
f 1171/1297/1368 1170/1296/1367 1190/1317/1387 1191/1318/1388
f 1172/1298/1369 1171/1297/1368 1191/1318/1388 1192/1319/1389
f 1173/1299/1370 1172/1298/1369 1192/1319/1389 1193/1320/1390
f 1174/1300/1371 1173/1299/1370 1193/1320/1390 1194/1321/1391
f 1155/1301/1352 1174/1300/1371 1194/1321/1391 1175/1322/1372
f 1176/1303/1373 1175/1302/1372 1195/1323/1392 1196/1324/1393
f 1177/1304/1374 1176/1303/1373 1196/1324/1393 1197/1325/1394
f 1178/1305/1375 1177/1304/1374 1197/1325/1394 1198/1326/1395
f 1179/1306/1376 1178/1305/1375 1198/1326/1395 1199/1327/1396
f 1180/1307/1377 1179/1306/1376 1199/1327/1396 1200/1328/1397
f 1181/1308/1378 1180/1307/1377 1200/1328/1397 1201/1329/1398
f 1182/1309/1379 1181/1308/1378 1201/1329/1398 1202/1330/1399
f 1183/1310/1380 1182/1309/1379 1202/1330/1399 1203/1331/1400
f 1184/1311/1381 1183/1310/1380 1203/1331/1400 1204/1332/1401
f 1185/1312/1382 1184/1311/1381 1204/1332/1401 1205/1333/1402
f 1186/1313/1383 1185/1312/1382 1205/1333/1402 1206/1334/1403
f 1187/1314/1384 1186/1313/1383 1206/1334/1403 1207/1335/1404
f 1188/1315/1385 1187/1314/1384 1207/1335/1404 1208/1336/1405
f 1189/1316/1386 1188/1315/1385 1208/1336/1405 1209/1337/1406
f 1190/1317/1387 1189/1316/1386 1209/1337/1406 1210/1338/1407
f 1191/1318/1388 1190/1317/1387 1210/1338/1407 1211/1339/1408
f 1192/1319/1389 1191/1318/1388 1211/1339/1408 1212/1340/1409
f 1193/1320/1390 1192/1319/1389 1212/1340/1409 1213/1341/1410
f 1194/1321/1391 1193/1320/1390 1213/1341/1410 1214/1342/1411
f 1175/1322/1372 1194/1321/1391 1214/1342/1411 1195/1343/1392
f 1196/1324/1393 1195/1323/1392 815/1344/1013 816/1345/1012
f 1197/1325/1394 1196/1324/1393 816/1345/1012 817/1346/1016
f 1198/1326/1395 1197/1325/1394 817/1346/1016 818/1347/1018
f 1199/1327/1396 1198/1326/1395 818/1347/1018 819/1348/1020
f 1200/1328/1397 1199/1327/1396 819/1348/1020 820/1349/1022
f 1201/1329/1398 1200/1328/1397 820/1349/1022 821/1350/1024
f 1202/1330/1399 1201/1329/1398 821/1350/1024 822/1351/1026
f 1203/1331/1400 1202/1330/1399 822/1351/1026 823/1352/1028
f 1204/1332/1401 1203/1331/1400 823/1352/1028 824/1353/1030
f 1205/1333/1402 1204/1332/1401 824/1353/1030 825/1354/1032
f 1206/1334/1403 1205/1333/1402 825/1354/1032 826/1355/1034
f 1207/1335/1404 1206/1334/1403 826/1355/1034 827/1356/1036
f 1208/1336/1405 1207/1335/1404 827/1356/1036 828/1357/1038
f 1209/1337/1406 1208/1336/1405 828/1357/1038 829/1358/1040
f 1210/1338/1407 1209/1337/1406 829/1358/1040 830/1359/1042
f 1211/1339/1408 1210/1338/1407 830/1359/1042 831/1360/1044
f 1212/1340/1409 1211/1339/1408 831/1360/1044 832/1361/1046
f 1213/1341/1410 1212/1340/1409 832/1361/1046 833/1362/1048
f 1214/1342/1411 1213/1341/1410 833/1362/1048 834/1363/1050
f 1195/1343/1392 1214/1342/1411 834/1363/1050 815/1364/1013
g default
v -0.006847 1.786008 7.927207
v -0.006847 1.970020 7.820968
v -0.006847 2.179269 7.857864
v -0.006847 2.315848 8.020632
v -0.006847 2.315848 8.233109
v -0.006847 2.179269 8.395877
v -0.006847 1.970020 8.432773
v -0.006847 1.786008 8.326534
v -0.006847 1.713337 8.126871
v 0.186669 1.786008 7.927207
v 0.186669 1.970020 7.820968
v 0.186669 2.179269 7.857864
v 0.186669 2.315848 8.020632
v 0.186669 2.315848 8.233109
v 0.186669 2.179269 8.395877
v 0.186669 1.970020 8.432773
v 0.186669 1.786008 8.326534
v 0.186669 1.713337 8.126871
v -0.006847 2.023959 8.126871
v 0.186669 2.023959 8.126871
vt 0.619694 0.055814
vt 0.527133 0.002374
vt 0.421875 0.020934
vt 0.353173 0.102809
vt 0.353173 0.209691
vt 0.421875 0.291566
vt 0.527133 0.310126
vt 0.619694 0.256686
vt 0.656250 0.156250
vt 0.375000 0.312500
vt 0.402778 0.312500
vt 0.430556 0.312500
vt 0.458333 0.312500
vt 0.486111 0.312500
vt 0.513889 0.312500
vt 0.541667 0.312500
vt 0.569445 0.312500
vt 0.597222 0.312500
vt 0.625000 0.312500
vt 0.375000 0.687500
vt 0.402778 0.687500
vt 0.430556 0.687500
vt 0.458333 0.687500
vt 0.486111 0.687500
vt 0.513889 0.687500
vt 0.541667 0.687500
vt 0.569445 0.687500
vt 0.597222 0.687500
vt 0.625000 0.687500
vt 0.619694 0.743314
vt 0.527133 0.689874
vt 0.421875 0.708434
vt 0.353173 0.790309
vt 0.353173 0.897191
vt 0.421875 0.979066
vt 0.527133 0.997626
vt 0.619694 0.944186
vt 0.656250 0.843750
vt 0.500000 0.156250
vt 0.500000 0.843750
vn 0.000000 -0.500000 -0.866025
vn 0.000000 -0.500000 -0.866025
vn 0.000000 -0.500000 -0.866025
vn 0.000000 -0.500000 -0.866025
vn 0.000000 0.173648 -0.984808
vn 0.000000 0.173648 -0.984808
vn 0.000000 0.173648 -0.984808
vn 0.000000 0.173648 -0.984808
vn 0.000000 0.766044 -0.642788
vn 0.000000 0.766044 -0.642788
vn 0.000000 0.766044 -0.642788
vn 0.000000 0.766044 -0.642788
vn 0.000000 1.000000 0.000000
vn 0.000000 1.000000 0.000000
vn 0.000000 1.000000 0.000000
vn 0.000000 1.000000 0.000000
vn 0.000000 0.766044 0.642788
vn 0.000000 0.766044 0.642788
vn 0.000000 0.766044 0.642788
vn 0.000000 0.766044 0.642788
vn 0.000000 0.173648 0.984808
vn 0.000000 0.173648 0.984808
vn 0.000000 0.173648 0.984808
vn 0.000000 0.173648 0.984808
vn 0.000000 -0.500000 0.866025
vn 0.000000 -0.500000 0.866025
vn 0.000000 -0.500000 0.866025
vn 0.000000 -0.500000 0.866025
vn 0.000000 -0.939693 0.342020
vn 0.000000 -0.939693 0.342020
vn 0.000000 -0.939693 0.342020
vn 0.000000 -0.939693 0.342020
vn 0.000000 -0.939693 -0.342020
vn 0.000000 -0.939693 -0.342020
vn 0.000000 -0.939693 -0.342020
vn 0.000000 -0.939693 -0.342020
vn -1.000000 0.000000 0.000000
vn -1.000000 0.000000 0.000000
vn -1.000000 0.000000 0.000000
vn -1.000000 0.000000 0.000000
vn -1.000000 0.000000 0.000000
vn -1.000000 0.000000 0.000000
vn -1.000000 0.000000 0.000000
vn -1.000000 0.000000 0.000000
vn -1.000000 0.000000 0.000000
vn -1.000000 0.000000 0.000000
vn -1.000000 0.000000 0.000000
vn -1.000000 0.000000 0.000000
vn -1.000000 0.000000 0.000000
vn -1.000000 0.000000 0.000000
vn -1.000000 0.000000 0.000000
vn -1.000000 -0.000000 0.000000
vn -1.000000 0.000000 0.000000
vn -1.000000 0.000000 0.000000
vn -1.000000 -0.000000 0.000000
vn -1.000000 -0.000000 0.000000
vn -1.000000 0.000000 0.000000
vn -1.000000 0.000000 0.000000
vn -1.000000 -0.000000 0.000000
vn -1.000000 0.000000 0.000000
vn -1.000000 0.000000 0.000000
vn -1.000000 0.000000 0.000000
vn -1.000000 0.000000 0.000000
vn 1.000000 0.000000 0.000000
vn 1.000000 0.000000 0.000000
vn 1.000000 0.000000 0.000000
vn 1.000000 0.000000 0.000000
vn 1.000000 0.000000 0.000000
vn 1.000000 0.000000 0.000000
vn 1.000000 0.000000 0.000000
vn 1.000000 0.000000 0.000000
vn 1.000000 0.000000 0.000000
vn 1.000000 0.000000 0.000000
vn 1.000000 0.000000 0.000000
vn 1.000000 0.000000 0.000000
vn 1.000000 0.000000 0.000000
vn 1.000000 0.000000 0.000000
vn 1.000000 0.000000 0.000000
vn 1.000000 0.000000 0.000000
vn 1.000000 0.000000 0.000000
vn 1.000000 0.000000 0.000000
vn 1.000000 0.000000 0.000000
vn 1.000000 0.000000 0.000000
vn 1.000000 0.000000 0.000000
vn 1.000000 0.000000 0.000000
vn 1.000000 0.000000 0.000000
vn 1.000000 0.000000 0.000000
vn 1.000000 0.000000 0.000000
vn 1.000000 0.000000 0.000000
vn 1.000000 0.000000 0.000000
s off
g small_wheel pCylinder1
usemtl pCylinder1SG1
f 1215/1374/1412 1216/1375/1413 1225/1385/1414 1224/1384/1415
f 1216/1375/1416 1217/1376/1417 1226/1386/1418 1225/1385/1419
f 1217/1376/1420 1218/1377/1421 1227/1387/1422 1226/1386/1423
f 1218/1377/1424 1219/1378/1425 1228/1388/1426 1227/1387/1427
f 1219/1378/1428 1220/1379/1429 1229/1389/1430 1228/1388/1431
f 1220/1379/1432 1221/1380/1433 1230/1390/1434 1229/1389/1435
f 1221/1380/1436 1222/1381/1437 1231/1391/1438 1230/1390/1439
f 1222/1381/1440 1223/1382/1441 1232/1392/1442 1231/1391/1443
f 1223/1382/1444 1215/1383/1445 1224/1393/1446 1232/1392/1447
f 1216/1366/1448 1215/1365/1449 1233/1403/1450
f 1217/1367/1451 1216/1366/1452 1233/1403/1453
f 1218/1368/1454 1217/1367/1455 1233/1403/1456
f 1219/1369/1457 1218/1368/1458 1233/1403/1459
f 1220/1370/1460 1219/1369/1461 1233/1403/1462
f 1221/1371/1463 1220/1370/1464 1233/1403/1465
f 1222/1372/1466 1221/1371/1467 1233/1403/1468
f 1223/1373/1469 1222/1372/1470 1233/1403/1471
f 1215/1365/1472 1223/1373/1473 1233/1403/1474
f 1224/1401/1475 1225/1400/1476 1234/1404/1477
f 1225/1400/1478 1226/1399/1479 1234/1404/1480
f 1226/1399/1481 1227/1398/1482 1234/1404/1483
f 1227/1398/1484 1228/1397/1485 1234/1404/1486
f 1228/1397/1487 1229/1396/1488 1234/1404/1489
f 1229/1396/1490 1230/1395/1491 1234/1404/1492
f 1230/1395/1493 1231/1394/1494 1234/1404/1495
f 1231/1394/1496 1232/1402/1497 1234/1404/1498
f 1232/1402/1499 1224/1401/1500 1234/1404/1501
g default
v 1.437218 5.346508 0.529484
v 2.661659 5.346508 0.529484
v 1.437218 5.697077 0.529484
v 2.661659 5.697077 0.529484
v 1.437218 5.697077 -0.331883
v 2.661659 5.697077 -0.331883
v 1.437218 5.346508 -0.331883
v 2.661659 5.346508 -0.331883
vt 0.375000 0.000000
vt 0.625000 0.000000
vt 0.375000 0.250000
vt 0.625000 0.250000
vt 0.375000 0.500000
vt 0.625000 0.500000
vt 0.375000 0.750000
vt 0.625000 0.750000
vt 0.375000 1.000000
vt 0.625000 1.000000
vt 0.875000 0.000000
vt 0.875000 0.250000
vt 0.125000 0.000000
vt 0.125000 0.250000
vn 0.000000 0.000000 1.000000
vn 0.000000 0.000000 1.000000
vn 0.000000 0.000000 1.000000
vn 0.000000 0.000000 1.000000
vn 0.000000 1.000000 0.000000
vn 0.000000 1.000000 0.000000
vn 0.000000 1.000000 0.000000
vn 0.000000 1.000000 0.000000
vn 0.000000 0.000000 -1.000000
vn 0.000000 0.000000 -1.000000
vn 0.000000 0.000000 -1.000000
vn 0.000000 0.000000 -1.000000
vn 0.000000 -1.000000 0.000000
vn 0.000000 -1.000000 0.000000
vn 0.000000 -1.000000 0.000000
vn 0.000000 -1.000000 0.000000
vn 1.000000 0.000000 0.000000
vn 1.000000 0.000000 0.000000
vn 1.000000 0.000000 0.000000
vn 1.000000 0.000000 0.000000
vn -1.000000 0.000000 0.000000
vn -1.000000 0.000000 0.000000
vn -1.000000 0.000000 0.000000
vn -1.000000 0.000000 0.000000
s off
g pCube1 pedal
usemtl pCube1SG
f 1235/1405/1502 1236/1406/1503 1238/1408/1504 1237/1407/1505
f 1237/1407/1506 1238/1408/1507 1240/1410/1508 1239/1409/1509
f 1239/1409/1510 1240/1410/1511 1242/1412/1512 1241/1411/1513
f 1241/1411/1514 1242/1412/1515 1236/1414/1516 1235/1413/1517
f 1236/1406/1518 1242/1415/1519 1240/1416/1520 1238/1408/1521
f 1241/1417/1522 1235/1405/1523 1237/1407/1524 1239/1418/1525
g default
v 1.627051 5.523489 0.007764
v 1.616099 5.514037 -0.041031
v 1.508661 5.407872 -0.022416
v 1.455118 5.374907 0.056061
v 1.455118 5.379103 0.156532
v 1.508661 5.418497 0.231986
v 1.616099 5.525849 0.241752
v 1.627051 5.531198 0.192338
v 1.631376 5.530266 0.099929
v 0.750089 6.819058 -0.046350
v 0.739137 6.809607 -0.095145
v 0.599875 6.750456 -0.078493
v 0.546333 6.717491 -0.000017
v 0.546333 6.721687 0.100454
v 0.599875 6.761082 0.175909
v 0.739137 6.821419 0.187638
v 0.750089 6.826768 0.138224
v 0.754414 6.825836 0.045815
v 1.569547 5.454326 0.103067
v 0.660762 6.796911 0.046989
vt 0.619694 0.055814
vt 0.527133 0.002374
vt 0.421875 0.020934
vt 0.353173 0.102809
vt 0.353173 0.209691
vt 0.421875 0.291566
vt 0.527133 0.310126
vt 0.619694 0.256686
vt 0.656250 0.156250
vt 0.375000 0.312500
vt 0.402778 0.312500
vt 0.430556 0.312500
vt 0.458333 0.312500
vt 0.486111 0.312500
vt 0.513889 0.312500
vt 0.541667 0.312500
vt 0.569445 0.312500
vt 0.597222 0.312500
vt 0.625000 0.312500
vt 0.375000 0.687500
vt 0.402778 0.687500
vt 0.430556 0.687500
vt 0.458333 0.687500
vt 0.486111 0.687500
vt 0.513889 0.687500
vt 0.541667 0.687500
vt 0.569445 0.687500
vt 0.597222 0.687500
vt 0.625000 0.687500
vt 0.619694 0.743314
vt 0.527133 0.689874
vt 0.421875 0.708434
vt 0.353173 0.790309
vt 0.353173 0.897191
vt 0.421875 0.979066
vt 0.527133 0.997626
vt 0.619694 0.944186
vt 0.656250 0.843750
vt 0.500000 0.156250
vt 0.500000 0.843750
vn 0.799910 0.529670 -0.282123
vn 0.799910 0.529670 -0.282123
vn 0.799910 0.529670 -0.282123
vn 0.799910 0.529670 -0.282123
vn -0.078493 -0.094583 -0.992418
vn -0.078493 -0.094583 -0.992418
vn -0.078493 -0.094583 -0.992418
vn -0.078493 -0.094583 -0.992418
vn -0.634551 -0.455600 -0.624318
vn -0.634551 -0.455600 -0.624318
vn -0.634551 -0.455600 -0.624318
vn -0.634551 -0.455600 -0.624318
vn -0.828348 -0.559726 0.023379
vn -0.828348 -0.559726 0.023379
vn -0.828348 -0.559726 0.023379
vn -0.828348 -0.559726 0.023379
vn -0.634551 -0.401950 0.660137
vn -0.634551 -0.401950 0.660137
vn -0.634551 -0.401950 0.660137
vn -0.634551 -0.401950 0.660137
vn -0.078867 -0.011749 0.996816
vn -0.078867 -0.011749 0.996816
vn -0.078867 -0.011749 0.996816
vn -0.078867 -0.011749 0.996816
vn 0.799910 0.551351 0.236971
vn 0.799910 0.551351 0.236971
vn 0.799910 0.551351 0.236971
vn 0.799910 0.551351 0.236971
vn 0.827027 0.561189 0.033048
vn 0.827027 0.561189 0.033048
vn 0.827027 0.561189 0.033048
vn 0.827027 0.561189 0.033048
vn 0.827027 0.556479 -0.079731
vn 0.827027 0.556479 -0.079731
vn 0.827027 0.556479 -0.079731
vn 0.827027 0.556479 -0.079731
vn 0.703536 -0.707594 -0.065930
vn 0.755627 -0.654721 -0.019212
vn 0.670889 -0.740912 0.030941
vn 0.641398 -0.766720 -0.027372
vn 0.703536 -0.707594 -0.065930
vn 0.670889 -0.740912 0.030941
vn 0.560214 -0.827626 0.034568
vn 0.641398 -0.766720 -0.027372
vn 0.670889 -0.740912 0.030941
vn 0.560214 -0.827626 0.034569
vn 0.560214 -0.827626 0.034568
vn 0.670889 -0.740912 0.030941
vn 0.641400 -0.761765 0.091216
vn 0.560214 -0.827626 0.034569
vn 0.670889 -0.740912 0.030941
vn 0.703507 -0.699665 0.124688
vn 0.641400 -0.761765 0.091216
vn 0.670889 -0.740912 0.030941
vn 0.755603 -0.650865 0.073746
vn 0.703507 -0.699665 0.124688
vn 0.670889 -0.740912 0.030941
vn 0.775739 -0.630504 0.026339
vn 0.755603 -0.650865 0.073746
vn 0.670889 -0.740912 0.030941
vn 0.755627 -0.654721 -0.019212
vn 0.775739 -0.630504 0.026339
vn 0.670889 -0.740912 0.030941
vn -0.323656 0.942243 -0.086166
vn -0.390645 0.910728 -0.134055
vn -0.437733 0.898322 -0.037528
vn -0.390645 0.910728 -0.134055
vn -0.470576 0.877081 -0.096372
vn -0.437733 0.898322 -0.037528
vn -0.470576 0.877081 -0.096372
vn -0.560214 0.827626 -0.034569
vn -0.437733 0.898322 -0.037528
vn -0.560214 0.827626 -0.034569
vn -0.560214 0.827626 -0.034569
vn -0.437733 0.898322 -0.037528
vn -0.560214 0.827626 -0.034569
vn -0.470573 0.882064 0.022896
vn -0.437733 0.898322 -0.037528
vn -0.470573 0.882064 0.022896
vn -0.390686 0.918719 0.057620
vn -0.437733 0.898322 -0.037528
vn -0.390686 0.918719 0.057620
vn -0.323690 0.946135 0.007293
vn -0.437733 0.898322 -0.037528
vn -0.323690 0.946135 0.007293
vn -0.295323 0.954565 -0.039867
vn -0.437733 0.898322 -0.037528
vn -0.295323 0.954565 -0.039867
vn -0.323656 0.942243 -0.086166
vn -0.437733 0.898322 -0.037528
s off
g pedal pCylinder3
usemtl pCylinder3SG
f 1243/1428/1526 1244/1429/1527 1253/1439/1528 1252/1438/1529
f 1244/1429/1530 1245/1430/1531 1254/1440/1532 1253/1439/1533
f 1245/1430/1534 1246/1431/1535 1255/1441/1536 1254/1440/1537
f 1246/1431/1538 1247/1432/1539 1256/1442/1540 1255/1441/1541
f 1247/1432/1542 1248/1433/1543 1257/1443/1544 1256/1442/1545
f 1248/1433/1546 1249/1434/1547 1258/1444/1548 1257/1443/1549
f 1249/1434/1550 1250/1435/1551 1259/1445/1552 1258/1444/1553
f 1250/1435/1554 1251/1436/1555 1260/1446/1556 1259/1445/1557
f 1251/1436/1558 1243/1437/1559 1252/1447/1560 1260/1446/1561
f 1244/1420/1562 1243/1419/1563 1261/1457/1564
f 1245/1421/1565 1244/1420/1566 1261/1457/1567
f 1246/1422/1568 1245/1421/1569 1261/1457/1570
f 1247/1423/1571 1246/1422/1572 1261/1457/1573
f 1248/1424/1574 1247/1423/1575 1261/1457/1576
f 1249/1425/1577 1248/1424/1578 1261/1457/1579
f 1250/1426/1580 1249/1425/1581 1261/1457/1582
f 1251/1427/1583 1250/1426/1584 1261/1457/1585
f 1243/1419/1586 1251/1427/1587 1261/1457/1588
f 1252/1455/1589 1253/1454/1590 1262/1458/1591
f 1253/1454/1592 1254/1453/1593 1262/1458/1594
f 1254/1453/1595 1255/1452/1596 1262/1458/1597
f 1255/1452/1598 1256/1451/1599 1262/1458/1600
f 1256/1451/1601 1257/1450/1602 1262/1458/1603
f 1257/1450/1604 1258/1449/1605 1262/1458/1606
f 1258/1449/1607 1259/1448/1608 1262/1458/1609
f 1259/1448/1610 1260/1456/1611 1262/1458/1612
f 1260/1456/1613 1252/1455/1614 1262/1458/1615
g default
v 0.577297 6.415580 -0.190390
v 0.577297 6.597697 -0.295535
v 0.577297 6.804793 -0.259019
v 0.577297 6.939965 -0.097927
v 0.577297 6.939965 0.112364
v 0.577297 6.804793 0.273456
v 0.577297 6.597697 0.309972
v 0.577297 6.415580 0.204827
v 0.577297 6.343657 0.007219
v 0.768821 6.415580 -0.190390
v 0.768821 6.597697 -0.295535
v 0.768821 6.804793 -0.259019
v 0.768821 6.939965 -0.097927
v 0.768821 6.939965 0.112364
v 0.768821 6.804793 0.273456
v 0.768821 6.597697 0.309972
v 0.768821 6.415580 0.204827
v 0.768821 6.343657 0.007219
v 0.577297 6.651081 0.007219
v 0.768821 6.651081 0.007219
vt 0.619694 0.055814
vt 0.527133 0.002374
vt 0.421875 0.020934
vt 0.353173 0.102809
vt 0.353173 0.209691
vt 0.421875 0.291566
vt 0.527133 0.310126
vt 0.619694 0.256686
vt 0.656250 0.156250
vt 0.375000 0.312500
vt 0.402778 0.312500
vt 0.430556 0.312500
vt 0.458333 0.312500
vt 0.486111 0.312500
vt 0.513889 0.312500
vt 0.541667 0.312500
vt 0.569445 0.312500
vt 0.597222 0.312500
vt 0.625000 0.312500
vt 0.375000 0.687500
vt 0.402778 0.687500
vt 0.430556 0.687500
vt 0.458333 0.687500
vt 0.486111 0.687500
vt 0.513889 0.687500
vt 0.541667 0.687500
vt 0.569445 0.687500
vt 0.597222 0.687500
vt 0.625000 0.687500
vt 0.619694 0.743314
vt 0.527133 0.689874
vt 0.421875 0.708434
vt 0.353173 0.790309
vt 0.353173 0.897191
vt 0.421875 0.979066
vt 0.527133 0.997626
vt 0.619694 0.944186
vt 0.656250 0.843750
vt 0.500000 0.156250
vt 0.500000 0.843750
vn 0.000000 -0.500000 -0.866025
vn 0.000000 -0.500000 -0.866025
vn 0.000000 -0.500000 -0.866025
vn 0.000000 -0.500000 -0.866025
vn 0.000000 0.173648 -0.984808
vn 0.000000 0.173648 -0.984808
vn 0.000000 0.173648 -0.984808
vn 0.000000 0.173648 -0.984808
vn 0.000000 0.766044 -0.642788
vn 0.000000 0.766044 -0.642788
vn 0.000000 0.766044 -0.642788
vn 0.000000 0.766044 -0.642788
vn 0.000000 1.000000 0.000000
vn 0.000000 1.000000 0.000000
vn 0.000000 1.000000 0.000000
vn 0.000000 1.000000 0.000000
vn 0.000000 0.766044 0.642788
vn 0.000000 0.766044 0.642788
vn 0.000000 0.766044 0.642788
vn 0.000000 0.766044 0.642788
vn 0.000000 0.173648 0.984808
vn 0.000000 0.173648 0.984808
vn 0.000000 0.173648 0.984808
vn 0.000000 0.173648 0.984808
vn 0.000000 -0.500000 0.866025
vn 0.000000 -0.500000 0.866025
vn 0.000000 -0.500000 0.866025
vn 0.000000 -0.500000 0.866025
vn 0.000000 -0.939693 0.342020
vn 0.000000 -0.939693 0.342020
vn 0.000000 -0.939693 0.342020
vn 0.000000 -0.939693 0.342020
vn 0.000000 -0.939693 -0.342020
vn 0.000000 -0.939693 -0.342020
vn 0.000000 -0.939693 -0.342020
vn 0.000000 -0.939693 -0.342020
vn -1.000000 0.000000 0.000000
vn -1.000000 0.000000 0.000000
vn -1.000000 0.000000 0.000000
vn -1.000000 0.000000 0.000000
vn -1.000000 0.000000 0.000000
vn -1.000000 0.000000 0.000000
vn -1.000000 0.000000 0.000000
vn -1.000000 0.000000 0.000000
vn -1.000000 0.000000 0.000000
vn -1.000000 0.000000 0.000000
vn -1.000000 0.000000 0.000000
vn -1.000000 0.000000 0.000000
vn -1.000000 0.000000 0.000000
vn -1.000000 0.000000 0.000000
vn -1.000000 0.000000 0.000000
vn -1.000000 -0.000000 0.000000
vn -1.000000 0.000000 0.000000
vn -1.000000 0.000000 0.000000
vn -1.000000 -0.000000 0.000000
vn -1.000000 -0.000000 0.000000
vn -1.000000 0.000000 0.000000
vn -1.000000 0.000000 0.000000
vn -1.000000 -0.000000 0.000000
vn -1.000000 0.000000 0.000000
vn -1.000000 0.000000 0.000000
vn -1.000000 0.000000 0.000000
vn -1.000000 0.000000 0.000000
vn 1.000000 0.000000 0.000000
vn 1.000000 0.000000 0.000000
vn 1.000000 0.000000 0.000000
vn 1.000000 0.000000 0.000000
vn 1.000000 0.000000 0.000000
vn 1.000000 0.000000 0.000000
vn 1.000000 0.000000 0.000000
vn 1.000000 0.000000 0.000000
vn 1.000000 0.000000 0.000000
vn 1.000000 0.000000 0.000000
vn 1.000000 0.000000 0.000000
vn 1.000000 0.000000 0.000000
vn 1.000000 0.000000 0.000000
vn 1.000000 0.000000 0.000000
vn 1.000000 0.000000 0.000000
vn 1.000000 0.000000 0.000000
vn 1.000000 0.000000 0.000000
vn 1.000000 0.000000 0.000000
vn 1.000000 0.000000 0.000000
vn 1.000000 0.000000 0.000000
vn 1.000000 0.000000 0.000000
vn 1.000000 0.000000 0.000000
vn 1.000000 0.000000 0.000000
vn 1.000000 0.000000 0.000000
vn 1.000000 0.000000 0.000000
vn 1.000000 0.000000 0.000000
vn 1.000000 0.000000 0.000000
s off
g pedal pCylinder2
usemtl pCylinder2SG
f 1263/1468/1616 1264/1469/1617 1273/1479/1618 1272/1478/1619
f 1264/1469/1620 1265/1470/1621 1274/1480/1622 1273/1479/1623
f 1265/1470/1624 1266/1471/1625 1275/1481/1626 1274/1480/1627
f 1266/1471/1628 1267/1472/1629 1276/1482/1630 1275/1481/1631
f 1267/1472/1632 1268/1473/1633 1277/1483/1634 1276/1482/1635
f 1268/1473/1636 1269/1474/1637 1278/1484/1638 1277/1483/1639
f 1269/1474/1640 1270/1475/1641 1279/1485/1642 1278/1484/1643
f 1270/1475/1644 1271/1476/1645 1280/1486/1646 1279/1485/1647
f 1271/1476/1648 1263/1477/1649 1272/1487/1650 1280/1486/1651
f 1264/1460/1652 1263/1459/1653 1281/1497/1654
f 1265/1461/1655 1264/1460/1656 1281/1497/1657
f 1266/1462/1658 1265/1461/1659 1281/1497/1660
f 1267/1463/1661 1266/1462/1662 1281/1497/1663
f 1268/1464/1664 1267/1463/1665 1281/1497/1666
f 1269/1465/1667 1268/1464/1668 1281/1497/1669
f 1270/1466/1670 1269/1465/1671 1281/1497/1672
f 1271/1467/1673 1270/1466/1674 1281/1497/1675
f 1263/1459/1676 1271/1467/1677 1281/1497/1678
f 1272/1495/1679 1273/1494/1680 1282/1498/1681
f 1273/1494/1682 1274/1493/1683 1282/1498/1684
f 1274/1493/1685 1275/1492/1686 1282/1498/1687
f 1275/1492/1688 1276/1491/1689 1282/1498/1690
f 1276/1491/1691 1277/1490/1692 1282/1498/1693
f 1277/1490/1694 1278/1489/1695 1282/1498/1696
f 1278/1489/1697 1279/1488/1698 1282/1498/1699
f 1279/1488/1700 1280/1496/1701 1282/1498/1702
f 1280/1496/1703 1272/1495/1704 1282/1498/1705
g default
v -0.072792 7.454765 -1.130459
v -1.297232 7.454765 -1.130459
v -0.072792 7.805251 -1.138120
v -1.297232 7.805251 -1.138120
v -0.072792 7.824075 -0.276958
v -1.297232 7.824075 -0.276958
v -0.072792 7.473589 -0.269297
v -1.297232 7.473589 -0.269297
vt 0.375000 0.000000
vt 0.625000 0.000000
vt 0.375000 0.250000
vt 0.625000 0.250000
vt 0.375000 0.500000
vt 0.625000 0.500000
vt 0.375000 0.750000
vt 0.625000 0.750000
vt 0.375000 1.000000
vt 0.625000 1.000000
vt 0.875000 0.000000
vt 0.875000 0.250000
vt 0.125000 0.000000
vt 0.125000 0.250000
vn 0.000000 -0.021854 -0.999761
vn 0.000000 -0.021854 -0.999761
vn 0.000000 -0.021854 -0.999761
vn 0.000000 -0.021854 -0.999761
vn 0.000000 0.999761 -0.021854
vn 0.000000 0.999761 -0.021854
vn 0.000000 0.999761 -0.021854
vn 0.000000 0.999761 -0.021854
vn -0.000000 0.021854 0.999761
vn -0.000000 0.021854 0.999761
vn -0.000000 0.021854 0.999761
vn -0.000000 0.021854 0.999761
vn -0.000000 -0.999761 0.021854
vn -0.000000 -0.999761 0.021854
vn -0.000000 -0.999761 0.021854
vn -0.000000 -0.999761 0.021854
vn -1.000000 0.000000 -0.000000
vn -1.000000 0.000000 -0.000000
vn -1.000000 0.000000 -0.000000
vn -1.000000 0.000000 -0.000000
vn 1.000000 -0.000000 0.000000
vn 1.000000 -0.000000 0.000000
vn 1.000000 -0.000000 0.000000
vn 1.000000 -0.000000 0.000000
s off
g pCube1 pedal1
usemtl pCube1SG1
f 1283/1499/1706 1284/1500/1707 1286/1502/1708 1285/1501/1709
f 1285/1501/1710 1286/1502/1711 1288/1504/1712 1287/1503/1713
f 1287/1503/1714 1288/1504/1715 1290/1506/1716 1289/1505/1717
f 1289/1505/1718 1290/1506/1719 1284/1508/1720 1283/1507/1721
f 1284/1500/1722 1290/1509/1723 1288/1510/1724 1286/1502/1725
f 1289/1511/1726 1283/1499/1727 1285/1501/1728 1287/1512/1729
g default
v -0.265416 7.743295 -0.691993
v -0.272162 7.717791 -0.735517
v -0.126697 7.697375 -0.775315
v -0.038582 7.708548 -0.728168
v -0.000207 7.751605 -0.645793
v -0.029528 7.806397 -0.566735
v -0.164152 7.838975 -0.503668
v -0.194918 7.822393 -0.540664
v -0.234911 7.784606 -0.615040
v -0.532644 6.430943 0.118446
v -0.539390 6.405439 0.074922
v -0.403622 6.337399 0.064534
v -0.315507 6.348573 0.111681
v -0.277132 6.391629 0.194056
v -0.306453 6.446421 0.273114
v -0.431380 6.526623 0.306772
v -0.462146 6.510040 0.269775
v -0.502138 6.472253 0.195399
v -0.144885 7.776687 -0.652882
v -0.421810 6.416711 0.186967
vt 0.619694 0.055814
vt 0.527133 0.002374
vt 0.421875 0.020934
vt 0.353173 0.102809
vt 0.353173 0.209691
vt 0.421875 0.291566
vt 0.527133 0.310126
vt 0.619694 0.256686
vt 0.656250 0.156250
vt 0.375000 0.312500
vt 0.402778 0.312500
vt 0.430556 0.312500
vt 0.458333 0.312500
vt 0.486111 0.312500
vt 0.513889 0.312500
vt 0.541667 0.312500
vt 0.569445 0.312500
vt 0.597222 0.312500
vt 0.625000 0.312500
vt 0.375000 0.687500
vt 0.402778 0.687500
vt 0.430556 0.687500
vt 0.458333 0.687500
vt 0.486111 0.687500
vt 0.513889 0.687500
vt 0.541667 0.687500
vt 0.569445 0.687500
vt 0.597222 0.687500
vt 0.625000 0.687500
vt 0.619694 0.743314
vt 0.527133 0.689874
vt 0.421875 0.708434
vt 0.353173 0.790309
vt 0.353173 0.897191
vt 0.421875 0.979066
vt 0.527133 0.997626
vt 0.619694 0.944186
vt 0.656250 0.843750
vt 0.500000 0.156250
vt 0.500000 0.843750
vn -0.976367 0.214600 0.025565
vn -0.976367 0.214600 0.025565
vn -0.976367 0.214600 0.025565
vn -0.976367 0.214600 0.025565
vn -0.293822 -0.458214 -0.838873
vn -0.293822 -0.458214 -0.838873
vn -0.293822 -0.458214 -0.838873
vn -0.293822 -0.458214 -0.838873
vn 0.450589 -0.533693 -0.715640
vn 0.450589 -0.533693 -0.715640
vn 0.450589 -0.533693 -0.715640
vn 0.450589 -0.533693 -0.715640
vn 0.908419 -0.337411 -0.246837
vn 0.908419 -0.337411 -0.246837
vn 0.908419 -0.337411 -0.246837
vn 0.908419 -0.337411 -0.246837
vn 0.941189 0.016750 0.337464
vn 0.941189 0.016750 0.337464
vn 0.941189 0.016750 0.337464
vn 0.941189 0.016750 0.337464
vn 0.466376 0.394099 0.791947
vn 0.466376 0.394099 0.791947
vn 0.466376 0.394099 0.791947
vn 0.466376 0.394099 0.791947
vn -0.778098 0.437054 0.451162
vn -0.778098 0.437054 0.451162
vn -0.778098 0.437054 0.451162
vn -0.778098 0.437054 0.451162
vn -0.885433 0.361038 0.292677
vn -0.885433 0.361038 0.292677
vn -0.885433 0.361038 0.292677
vn -0.885433 0.361038 0.292677
vn -0.928509 0.312707 0.200211
vn -0.928509 0.312707 0.200211
vn -0.928509 0.312707 0.200211
vn -0.928509 0.312707 0.200211
vn -0.040558 0.842135 -0.537740
vn -0.089206 0.876374 -0.473298
vn 0.041568 0.877391 -0.477972
vn 0.053480 0.841693 -0.537301
vn -0.040558 0.842135 -0.537740
vn 0.041568 0.877391 -0.477972
vn 0.170708 0.838347 -0.517719
vn 0.053480 0.841693 -0.537301
vn 0.041568 0.877391 -0.477972
vn 0.170708 0.838347 -0.517719
vn 0.170708 0.838347 -0.517719
vn 0.041568 0.877391 -0.477972
vn 0.098773 0.892513 -0.440072
vn 0.170708 0.838347 -0.517719
vn 0.041568 0.877391 -0.477972
vn 0.032288 0.923816 -0.381472
vn 0.098773 0.892513 -0.440072
vn 0.041568 0.877391 -0.477972
vn -0.053667 0.916206 -0.397097
vn 0.032288 0.923816 -0.381472
vn 0.041568 0.877391 -0.477972
vn -0.099162 0.900092 -0.424265
vn -0.053667 0.916206 -0.397097
vn 0.041568 0.877391 -0.477972
vn -0.089206 0.876374 -0.473298
vn -0.099162 0.900092 -0.424265
vn 0.041568 0.877391 -0.477972
vn -0.419813 -0.740123 0.525334
vn -0.375395 -0.796453 0.474069
vn -0.297178 -0.782355 0.547362
vn -0.375395 -0.796453 0.474069
vn -0.286175 -0.823027 0.490642
vn -0.297178 -0.782355 0.547362
vn -0.286175 -0.823027 0.490642
vn -0.170709 -0.838347 0.517719
vn -0.297178 -0.782355 0.547362
vn -0.170709 -0.838347 0.517719
vn -0.170708 -0.838347 0.517719
vn -0.297178 -0.782355 0.547362
vn -0.170708 -0.838347 0.517719
vn -0.240623 -0.771915 0.588428
vn -0.297178 -0.782355 0.547362
vn -0.240623 -0.771915 0.588428
vn -0.302148 -0.714336 0.631214
vn -0.297178 -0.782355 0.547362
vn -0.302148 -0.714336 0.631214
vn -0.384086 -0.700092 0.601955
vn -0.297178 -0.782355 0.547362
vn -0.384086 -0.700092 0.601955
vn -0.427324 -0.704117 0.567110
vn -0.297178 -0.782355 0.547362
vn -0.427324 -0.704117 0.567110
vn -0.419813 -0.740123 0.525334
vn -0.297178 -0.782355 0.547362
s off
g pedal1 pCylinder3
usemtl pCylinder3SG1
f 1291/1522/1730 1292/1523/1731 1301/1533/1732 1300/1532/1733
f 1292/1523/1734 1293/1524/1735 1302/1534/1736 1301/1533/1737
f 1293/1524/1738 1294/1525/1739 1303/1535/1740 1302/1534/1741
f 1294/1525/1742 1295/1526/1743 1304/1536/1744 1303/1535/1745
f 1295/1526/1746 1296/1527/1747 1305/1537/1748 1304/1536/1749
f 1296/1527/1750 1297/1528/1751 1306/1538/1752 1305/1537/1753
f 1297/1528/1754 1298/1529/1755 1307/1539/1756 1306/1538/1757
f 1298/1529/1758 1299/1530/1759 1308/1540/1760 1307/1539/1761
f 1299/1530/1762 1291/1531/1763 1300/1541/1764 1308/1540/1765
f 1292/1514/1766 1291/1513/1767 1309/1551/1768
f 1293/1515/1769 1292/1514/1770 1309/1551/1771
f 1294/1516/1772 1293/1515/1773 1309/1551/1774
f 1295/1517/1775 1294/1516/1776 1309/1551/1777
f 1296/1518/1778 1295/1517/1779 1309/1551/1780
f 1297/1519/1781 1296/1518/1782 1309/1551/1783
f 1298/1520/1784 1297/1519/1785 1309/1551/1786
f 1299/1521/1787 1298/1520/1788 1309/1551/1789
f 1291/1513/1790 1299/1521/1791 1309/1551/1792
f 1300/1549/1793 1301/1548/1794 1310/1552/1795
f 1301/1548/1796 1302/1547/1797 1310/1552/1798
f 1302/1547/1799 1303/1546/1800 1310/1552/1801
f 1303/1546/1802 1304/1545/1803 1310/1552/1804
f 1304/1545/1805 1305/1544/1806 1310/1552/1807
f 1305/1544/1808 1306/1543/1809 1310/1552/1810
f 1306/1543/1811 1307/1542/1812 1310/1552/1813
f 1307/1542/1814 1308/1550/1815 1310/1552/1816
f 1308/1550/1817 1300/1549/1818 1310/1552/1819
g default
v -0.050260 6.332205 0.179141
v -0.050260 6.516576 0.280281
v -0.050260 6.722824 0.239248
v -0.050260 6.854444 0.075240
v -0.050260 6.849848 -0.135000
v -0.050260 6.711188 -0.293100
v -0.050260 6.503343 -0.325082
v -0.050260 6.323568 -0.215981
v -0.050260 6.255980 -0.016848
v -0.241784 6.332205 0.179141
v -0.241784 6.516576 0.280281
v -0.241784 6.722824 0.239248
v -0.241784 6.854444 0.075240
v -0.241784 6.849848 -0.135000
v -0.241784 6.711188 -0.293100
v -0.241784 6.503343 -0.325082
v -0.241784 6.323568 -0.215981
v -0.241784 6.255980 -0.016848
v -0.050260 6.563331 -0.023567
v -0.241784 6.563331 -0.023567
vt 0.619694 0.055814
vt 0.527133 0.002374
vt 0.421875 0.020934
vt 0.353173 0.102809
vt 0.353173 0.209691
vt 0.421875 0.291566
vt 0.527133 0.310126
vt 0.619694 0.256686
vt 0.656250 0.156250
vt 0.375000 0.312500
vt 0.402778 0.312500
vt 0.430556 0.312500
vt 0.458333 0.312500
vt 0.486111 0.312500
vt 0.513889 0.312500
vt 0.541667 0.312500
vt 0.569445 0.312500
vt 0.597222 0.312500
vt 0.625000 0.312500
vt 0.375000 0.687500
vt 0.402778 0.687500
vt 0.430556 0.687500
vt 0.458333 0.687500
vt 0.486111 0.687500
vt 0.513889 0.687500
vt 0.541667 0.687500
vt 0.569445 0.687500
vt 0.597222 0.687500
vt 0.625000 0.687500
vt 0.619694 0.743314
vt 0.527133 0.689874
vt 0.421875 0.708434
vt 0.353173 0.790309
vt 0.353173 0.897191
vt 0.421875 0.979066
vt 0.527133 0.997626
vt 0.619694 0.944186
vt 0.656250 0.843750
vt 0.500000 0.156250
vt 0.500000 0.843750
vn -0.000000 -0.480954 0.876746
vn -0.000000 -0.480954 0.876746
vn -0.000000 -0.480954 0.876746
vn -0.000000 -0.480954 0.876746
vn -0.000000 0.195129 0.980778
vn -0.000000 0.195129 0.980778
vn -0.000000 0.195129 0.980778
vn -0.000000 0.195129 0.980778
vn -0.000000 0.779909 0.625893
vn -0.000000 0.779909 0.625893
vn -0.000000 0.779909 0.625893
vn -0.000000 0.779909 0.625893
vn 0.000000 0.999761 -0.021854
vn 0.000000 0.999761 -0.021854
vn 0.000000 0.999761 -0.021854
vn 0.000000 0.999761 -0.021854
vn 0.000000 0.751814 -0.659376
vn 0.000000 0.751814 -0.659376
vn 0.000000 0.751814 -0.659376
vn 0.000000 0.751814 -0.659376
vn 0.000000 0.152085 -0.988367
vn 0.000000 0.152085 -0.988367
vn 0.000000 0.152085 -0.988367
vn 0.000000 0.152085 -0.988367
vn 0.000000 -0.518807 -0.854891
vn 0.000000 -0.518807 -0.854891
vn 0.000000 -0.518807 -0.854891
vn 0.000000 -0.518807 -0.854891
vn 0.000000 -0.946943 -0.321402
vn 0.000000 -0.946943 -0.321402
vn 0.000000 -0.946943 -0.321402
vn 0.000000 -0.946943 -0.321402
vn -0.000000 -0.931994 0.362474
vn -0.000000 -0.931994 0.362474
vn -0.000000 -0.931994 0.362474
vn -0.000000 -0.931994 0.362474
vn 1.000000 0.000000 -0.000000
vn 1.000000 0.000000 0.000000
vn 1.000000 0.000000 -0.000000
vn 1.000000 0.000000 -0.000000
vn 1.000000 0.000000 -0.000000
vn 1.000000 0.000000 -0.000000
vn 1.000000 0.000000 -0.000000
vn 1.000000 0.000000 -0.000000
vn 1.000000 0.000000 -0.000000
vn 1.000000 0.000000 -0.000000
vn 1.000000 0.000000 -0.000000
vn 1.000000 0.000000 -0.000000
vn 1.000000 0.000000 -0.000000
vn 1.000000 0.000000 -0.000000
vn 1.000000 0.000000 -0.000000
vn 1.000000 -0.000000 0.000000
vn 1.000000 0.000000 -0.000000
vn 1.000000 0.000000 -0.000000
vn 1.000000 -0.000000 0.000000
vn 1.000000 -0.000000 0.000000
vn 1.000000 0.000000 -0.000000
vn 1.000000 0.000000 0.000000
vn 1.000000 -0.000000 0.000000
vn 1.000000 0.000000 -0.000000
vn 1.000000 0.000000 0.000000
vn 1.000000 0.000000 0.000000
vn 1.000000 0.000000 -0.000000
vn -1.000000 0.000000 -0.000000
vn -1.000000 0.000000 -0.000000
vn -1.000000 0.000000 -0.000000
vn -1.000000 0.000000 -0.000000
vn -1.000000 0.000000 -0.000000
vn -1.000000 0.000000 -0.000000
vn -1.000000 0.000000 -0.000000
vn -1.000000 0.000000 -0.000000
vn -1.000000 0.000000 -0.000000
vn -1.000000 0.000000 -0.000000
vn -1.000000 0.000000 -0.000000
vn -1.000000 0.000000 -0.000000
vn -1.000000 0.000000 -0.000000
vn -1.000000 0.000000 -0.000000
vn -1.000000 0.000000 -0.000000
vn -1.000000 0.000000 -0.000000
vn -1.000000 0.000000 -0.000000
vn -1.000000 0.000000 -0.000000
vn -1.000000 0.000000 -0.000000
vn -1.000000 0.000000 -0.000000
vn -1.000000 0.000000 -0.000000
vn -1.000000 0.000000 -0.000000
vn -1.000000 0.000000 -0.000000
vn -1.000000 0.000000 -0.000000
vn -1.000000 0.000000 -0.000000
vn -1.000000 0.000000 -0.000000
vn -1.000000 0.000000 -0.000000
s off
g pedal1 pCylinder2
usemtl pCylinder2SG1
f 1311/1562/1820 1312/1563/1821 1321/1573/1822 1320/1572/1823
f 1312/1563/1824 1313/1564/1825 1322/1574/1826 1321/1573/1827
f 1313/1564/1828 1314/1565/1829 1323/1575/1830 1322/1574/1831
f 1314/1565/1832 1315/1566/1833 1324/1576/1834 1323/1575/1835
f 1315/1566/1836 1316/1567/1837 1325/1577/1838 1324/1576/1839
f 1316/1567/1840 1317/1568/1841 1326/1578/1842 1325/1577/1843
f 1317/1568/1844 1318/1569/1845 1327/1579/1846 1326/1578/1847
f 1318/1569/1848 1319/1570/1849 1328/1580/1850 1327/1579/1851
f 1319/1570/1852 1311/1571/1853 1320/1581/1854 1328/1580/1855
f 1312/1554/1856 1311/1553/1857 1329/1591/1858
f 1313/1555/1859 1312/1554/1860 1329/1591/1861
f 1314/1556/1862 1313/1555/1863 1329/1591/1864
f 1315/1557/1865 1314/1556/1866 1329/1591/1867
f 1316/1558/1868 1315/1557/1869 1329/1591/1870
f 1317/1559/1871 1316/1558/1872 1329/1591/1873
f 1318/1560/1874 1317/1559/1875 1329/1591/1876
f 1319/1561/1877 1318/1560/1878 1329/1591/1879
f 1311/1553/1880 1319/1561/1881 1329/1591/1882
f 1320/1589/1883 1321/1588/1884 1330/1592/1885
f 1321/1588/1886 1322/1587/1887 1330/1592/1888
f 1322/1587/1889 1323/1586/1890 1330/1592/1891
f 1323/1586/1892 1324/1585/1893 1330/1592/1894
f 1324/1585/1895 1325/1584/1896 1330/1592/1897
f 1325/1584/1898 1326/1583/1899 1330/1592/1900
f 1326/1583/1901 1327/1582/1902 1330/1592/1903
f 1327/1582/1904 1328/1590/1905 1330/1592/1906
f 1328/1590/1907 1320/1589/1908 1330/1592/1909
