# This file uses centimeters as units for non-parametric coordinates.

mtllib properla.mtl
g default
v 3.430873 28.890907 999.270629
v 3.430873 28.890907 998.928502
v -0.069872 28.877994 995.574403
v -0.069872 28.877994 995.574403
v -0.069872 28.877994 995.916529
v 2.946787 28.884429 997.578961
v 2.946787 28.884429 997.236835
v 1.665307 28.879733 996.351439
v 1.665307 28.879733 996.009313
v 0.061145 28.876052 1007.903696
v 0.061145 28.876052 1007.561570
v 0.061145 28.876052 1007.561570
v 3.488821 28.890038 1004.472502
v 3.488821 28.890038 1004.130376
v 1.786695 28.877921 1007.430860
v 1.786695 28.877921 1007.088734
v 3.041621 28.883022 1006.175118
v 3.041621 28.883022 1005.832992
v -3.486344 28.890877 999.006500
v -3.486344 28.890877 999.348626
v -1.784391 28.879718 996.048142
v -1.784391 28.879718 996.390268
v -3.039236 28.884413 997.304222
v -3.039236 28.884413 997.646348
v -3.428384 28.890024 1004.206454
v -3.428384 28.890024 1004.548580
v -2.944384 28.883008 1005.897670
v -2.944384 28.883008 1006.239796
v -1.662989 28.877907 1007.125531
v -1.662989 28.877907 1007.467657
v -3.263278 149.046296 999.182811
v -3.263278 149.046296 999.182811
v -3.276295 149.072060 999.743690
v 2.926167 149.051615 1004.069423
v 3.446299 149.024229 1003.865909
v 3.446299 149.024229 1003.865909
v -2.741505 149.072102 998.976587
v -1.851670 149.132815 999.181457
v -0.830556 149.192470 999.740756
v 3.461303 149.051672 1003.302320
v 2.963321 149.116871 1002.532734
v 2.084526 149.182777 1001.765744
v 1.015714 149.182650 1003.304014
v 2.036518 149.116773 1003.863990
v -2.778008 149.132716 1000.512599
v -1.899043 149.192343 1001.279025
v -0.663202 48.001514 995.301695
v -0.663202 48.001514 995.301695
v -5.367150 121.012362 996.430000
v -5.367150 121.012362 996.430000
v -1.998482 63.927589 993.304587
v -1.998482 63.927589 993.304587
v -4.177308 84.013689 992.729937
v -4.177308 84.013689 992.729937
v -5.472468 104.384793 994.458627
v -5.472468 104.384793 994.458627
v -5.519213 121.069378 997.414614
v -1.785860 47.966876 995.905580
v -5.892068 104.437901 995.638178
v -4.979209 84.042472 993.916486
v -3.043343 63.922482 994.216283
v -0.548075 47.960145 1007.481202
v 4.566891 121.044954 1006.849776
v 0.699981 63.910425 1009.500435
v 2.856962 84.024349 1010.263700
v 4.378381 104.415022 1008.748796
v 5.525379 120.985949 1006.647390
v 5.525379 120.985949 1006.647390
v 0.677995 47.994227 1007.833939
v 0.677995 47.994227 1007.833939
v 5.601154 104.360080 1008.641902
v 5.601154 104.360080 1008.641902
v 4.261739 83.994126 1010.392378
v 4.261739 83.994126 1010.392378
v 2.040601 63.914552 1009.827887
v 2.040601 63.914552 1009.827887
v 0.570324 47.966692 995.651045
v -4.405705 121.069463 996.222196
v -0.650708 63.922383 993.625379
v -2.766877 84.042451 992.849698
v -4.245660 104.437943 994.344284
v 1.575677 47.983751 996.848543
v -2.884381 121.192878 996.841996
v 0.642318 63.975943 995.095472
v -1.100207 84.139503 994.251952
v -2.518995 104.564081 995.322464
v 2.086344 48.013119 998.584683
v -1.193511 121.310001 998.120877
v 1.546860 64.036853 997.346550
v 0.407181 84.237620 996.590961
v -0.724661 104.686051 997.140778
v 5.682733 121.045011 1005.659051
v 1.808455 47.959962 1007.231860
v 6.028990 104.415057 1007.459982
v 5.073908 84.024335 1009.207297
v 3.094544 63.910327 1008.919012
v 4.979413 121.173858 1004.150920
v 2.542061 47.978516 1005.846537
v 5.523415 104.546268 1005.506669
v 5.061079 84.125408 1006.996176
v 3.580126 63.966567 1007.006335
v 3.586635 121.298459 1002.535669
v 2.675434 48.009945 1004.038383
v 4.184387 104.675229 1003.307400
v 4.183413 84.229056 1004.333552
v 3.345024 64.031160 1004.581089
v -2.063210 48.010058 1004.547903
v 1.357307 121.298332 1004.947370
v -1.494919 64.031188 1005.779376
v -0.312617 84.229006 1006.520066
v 0.861559 104.675130 1005.948464
v 3.046452 121.173760 1006.227718
v -1.553070 47.978650 1006.282802
v 2.653012 104.546177 1007.767681
v 1.191611 84.125365 1008.858172
v -0.592112 63.966609 1008.028649
v -4.814159 121.192779 998.921053
v -2.518959 47.983885 997.292031
v -5.383593 104.564004 997.590362
v -4.963139 84.139482 996.128397
v -3.527200 63.975992 996.130767
v -3.420584 121.309874 1000.534046
v -2.651942 48.013232 999.099170
v -4.043329 104.685931 999.786696
v -4.084024 84.237557 998.787859
v -3.291101 64.036867 998.553981
v -3.029442 150.197938 999.353253
v -3.029442 150.197938 999.353253
v -2.601529 151.315519 999.655760
v -2.601529 151.315519 999.655760
v -3.058315 150.209917 999.895621
v -2.618421 151.321953 999.992130
v 2.715752 150.190601 1003.909140
v 2.477130 151.304669 1003.524234
v 3.212768 150.177112 1003.695015
v 3.212768 150.177112 1003.695015
v 1.049623 152.893224 1002.181014
v 1.049623 152.893224 1002.181014
v 2.025913 152.253784 1002.859396
v 2.025913 152.253784 1002.859396
v 2.785545 151.297276 1003.391266
v 2.785545 151.297276 1003.391266
v -2.530817 150.209973 999.136419
v -2.291567 151.321996 999.520987
v -1.840506 152.267089 1000.185486
v -1.840506 152.267089 1000.185486
v -1.692357 150.255123 999.307990
v -1.606047 151.356705 999.648198
v -1.459659 152.273551 1000.050825
v -0.737358 150.305776 999.820784
v -0.760971 151.398455 1000.093153
v -0.777580 152.302603 1000.367554
v 3.243570 150.190657 1003.150051
v 2.017790 152.261544 1002.454850
v 2.803693 151.304726 1003.052752
v 2.791843 150.240054 1002.419746
v 2.444930 151.342906 1002.452818
v 1.977454 150.296591 1001.701518
v 1.425016 152.295689 1002.008088
v 1.731281 151.389904 1001.816313
v 0.922710 150.296478 1003.223759
v 0.946510 151.389806 1002.951164
v 1.018963 152.295619 1002.595945
v 0.002426 153.116803 1001.455901
v 0.002426 153.116803 1001.455901
v 1.877445 150.239942 1003.737117
v 1.645198 152.261516 1002.993719
v 1.791391 151.342821 1003.396572
v -2.606331 150.255025 1000.625362
v -1.832117 152.273523 1000.589693
v -2.259315 151.356648 1000.591951
v -1.791804 150.305663 1001.343025
v -0.862390 152.899926 1000.860933
v -0.862390 152.899926 1000.860933
v -1.294982 152.302532 1001.116710
v -1.545546 151.398356 1001.228005
v 3.461041 28.895676 1001.871170
v 3.461041 28.895676 1001.529044
v 0.626583 149.225401 1000.752911
v 2.383699 48.029254 1001.310404
v 2.452775 64.071104 1000.959361
v 2.304394 84.292746 1000.451872
v 1.732980 104.754065 1000.215059
v 1.196120 121.374523 1000.323984
v 0.619704 150.334630 1000.760813
v 0.484951 151.422949 1000.954507
v 0.357134 152.322596 1001.139172
v -3.458501 28.895660 1001.606816
v -3.458501 28.895660 1001.948942
v -0.441121 149.225288 1002.291632
v -2.360110 48.029359 1001.824778
v -2.399023 64.071132 1002.171081
v -2.206039 84.292689 1002.663557
v -1.592790 104.753967 1002.875425
v -1.030463 121.374396 1002.743812
v -0.434083 150.334503 1002.283392
v -0.299216 151.422850 1002.089585
v -0.171344 152.322525 1001.904807
v -3.837295 142.921071 999.358107
v -4.411228 136.142649 998.870371
v -4.984137 128.828223 998.234995
v -4.903553 128.778784 997.371383
v -4.903553 128.778784 997.371383
v -4.374515 136.101139 998.121216
v -4.374515 136.101139 998.121216
v -3.821356 142.887519 998.710314
v -3.821356 142.887519 998.710314
v -4.075039 128.828294 997.141907
v -3.664882 136.142720 997.890837
v -3.213512 142.921128 998.490206
v -3.257209 142.997855 1000.263934
v -3.763955 136.235546 999.941900
v -4.291681 128.936824 999.506764
v 4.001879 142.863688 1004.341905
v 4.001879 142.863688 1004.341905
v 4.550372 136.076053 1004.937098
v 4.550372 136.076053 1004.937098
v 5.072097 128.752851 1005.695397
v 5.072097 128.752851 1005.695397
v 4.246191 128.804223 1005.920471
v 3.842979 136.119453 1005.163753
v 3.395952 142.899032 1004.558852
v 2.889357 128.918143 1005.455762
v 2.650503 136.217500 1004.813612
v 2.359923 142.980698 1004.291224
v 4.020224 142.899075 1003.690951
v 4.590135 136.119510 1004.184331
v 5.156664 128.804280 1004.828060
v -2.717543 128.936937 997.604923
v -2.471940 136.235673 998.239735
v -2.177167 142.997968 998.756931
v -1.184595 129.040627 998.632204
v -1.109531 136.325000 999.070726
v -0.986829 143.072480 999.436330
v 3.173934 129.029283 1002.224358
v 2.779014 136.314023 1002.012152
v 2.415796 143.062067 1001.868800
v 3.440621 142.980796 1002.784334
v 3.943612 136.217585 1003.111674
v 4.465360 128.918242 1003.554710
v 1.357558 129.029142 1004.427013
v 1.288844 136.313896 1003.981493
v 1.170068 143.061926 1003.610922
v -2.999658 129.040500 1000.835536
v -2.598934 136.324859 1001.040180
v -2.232095 143.072353 1001.178565
v 0.993849 129.097756 1000.425798
v 0.833959 136.374228 1000.540028
v 0.713885 143.113566 1000.651775
v -0.819722 129.097615 1002.632855
v -0.653920 136.374101 1002.511514
v -0.530189 143.113425 1002.395026
v -3.069059 73.867404 992.755108
v -3.069059 73.867404 992.755108
v -4.022045 73.878409 993.826524
v 1.731942 73.863397 1010.132087
v 3.131355 73.851192 1010.373302
v 3.131355 73.851192 1010.373302
v -1.663114 73.878346 992.987971
v -0.166020 73.952456 994.471382
v 1.043296 74.030954 996.839513
v 4.094310 73.863333 1009.304595
v 4.357225 73.940773 1007.188742
v 3.815519 74.023864 1004.569237
v -0.970726 74.023864 1006.279754
v 0.236016 73.940773 1008.646192
v -4.282345 73.952470 995.944071
v -3.739340 74.030940 998.560979
v 2.438104 74.075116 1000.696925
v -2.362565 74.075095 1002.427534
v -4.944516 94.245160 993.521985
v -4.944516 94.245160 993.521985
v -5.570628 94.286219 994.739913
v 3.706529 94.265696 1009.603264
v 5.051837 94.222980 1009.590622
v 5.051837 94.222980 1009.590622
v -3.594350 94.286233 993.500990
v -1.856219 94.398092 994.683927
v -0.163708 94.508407 996.773368
v 5.687564 94.265703 1008.372130
v 5.423339 94.382114 1006.251196
v 4.288641 94.498707 1003.789266
v 0.280396 94.498636 1006.327613
v 1.969727 94.382050 1008.417280
v -5.303194 94.398043 996.860621
v -4.167151 94.508323 999.319278
v 2.069470 94.570157 1000.270368
v -1.949038 94.570080 1002.833435
v -5.510294 112.831523 995.500356
v -5.510294 112.831523 995.500356
v -5.785289 112.887051 996.594009
v 4.561907 112.863284 1007.762263
v 5.655059 112.805823 1007.588434
v 5.655059 112.805823 1007.588434
v -4.413679 112.887108 995.320094
v -2.774945 113.012781 996.097130
v -1.008704 113.133134 997.625918
v 5.936838 112.863333 1006.491509
v 5.309969 112.994269 1004.760561
v 3.916080 113.121882 1002.865492
v 1.160400 113.121783 1005.452488
v 2.924294 112.994177 1006.982631
v -5.156063 113.012689 998.323376
v -3.761138 113.133014 1000.215962
v 1.454454 113.199851 1000.239327
v -1.300143 113.199731 1002.839530
v -1.209664 55.792113 994.315275
v -1.209664 55.792113 994.315275
v -2.308486 55.770766 995.065334
v -0.045549 55.761517 1008.471235
v 1.236984 55.782117 1008.819230
v 1.236984 55.782117 1008.819230
v 0.080287 55.770617 994.658417
v 1.210938 55.803838 995.997122
v 1.885534 55.847204 997.990167
v 2.344151 55.761376 1008.071655
v 2.982073 55.796656 1006.430443
v 2.967180 55.842844 1004.320233
v -1.849176 55.842914 1005.139710
v -1.175592 55.796741 1007.131288
v -2.945418 55.803944 996.707900
v -2.929875 55.847274 998.816756
v 2.430943 55.871408 1001.152830
v -2.393613 55.871479 1001.980660
v -2.317531 42.863592 997.768367
v 0.405416 42.861031 1007.073044
v 0.405416 42.861031 1007.073044
v 1.551181 42.846343 1006.570296
v 2.186356 42.882477 999.001307
v -2.170645 42.880135 1004.132408
v -2.522651 42.882506 999.349754
v -2.348302 42.893483 1001.741815
v -0.136745 33.262270 996.178175
v -0.136745 33.262270 996.178175
v 1.328554 33.265124 996.549084
v 2.423098 33.272560 997.637770
v 2.853260 33.281921 999.153802
v 0.132573 33.259208 1006.957911
v 0.132573 33.259208 1006.957911
v 1.577934 33.262298 1006.514197
v 2.617535 33.270348 1005.371444
v 2.971668 33.280574 1003.834868
v -2.847891 33.280545 1003.980816
v -2.417853 33.270320 1005.496284
v -1.323424 33.262277 1006.585534
v -1.572803 33.265110 996.623018
v -2.612286 33.272521 997.766222
v -2.966296 33.281886 999.302234
v 2.913718 33.288415 1001.493940
v -2.908268 33.288387 1001.641920
v -0.138925 33.391848 996.194542
v -0.138925 33.391848 996.194542
v -0.396145 42.830152 996.068121
v -0.396145 42.830152 996.068121
v -0.194934 36.262688 996.388462
v -0.194934 36.262688 996.388462
v -0.284597 39.721064 996.345682
v -0.284597 39.721064 996.345682
v 2.832538 33.443852 999.161252
v 2.541221 36.305334 999.218593
v 2.304887 39.764048 999.163058
v 1.317993 33.403950 996.564661
v 0.809264 42.844600 996.395009
v 1.131574 36.272127 996.730362
v 0.948684 39.731138 996.672231
v 2.404946 33.428046 997.650750
v 1.754452 42.867796 997.467102
v 2.132769 36.290928 997.765996
v 1.896437 39.749212 997.702560
v 2.538579 42.883169 1003.787799
v 2.953407 33.442497 1003.824709
v 2.556729 39.762066 1003.703706
v 2.712436 36.303711 1003.717590
v 0.134904 33.388761 1006.941544
v 0.134904 33.388761 1006.941544
v 0.288233 39.716534 1006.790403
v 0.288233 39.716534 1006.790403
v 0.194285 36.258984 1006.747624
v 0.194285 36.258984 1006.747624
v 2.333292 42.863874 1005.370089
v 2.603278 33.425820 1005.356318
v 2.310398 39.745946 1005.201453
v 2.414081 36.288254 1005.198067
v 1.571845 33.401086 1006.497378
v 1.479452 39.726947 1006.330548
v 1.492177 36.268699 1006.306957
v -2.947907 33.443795 999.312392
v -2.544860 39.763992 999.433621
v -2.704353 36.305277 999.419737
v -2.597907 33.427996 997.781347
v -2.298715 39.749163 997.936438
v -2.406147 36.290886 997.939712
v -1.535570 42.844572 996.567934
v -1.566605 33.403922 996.639723
v -1.467984 39.731117 996.806666
v -1.484401 36.272099 996.830370
v -2.827044 33.442434 1003.973366
v -2.533167 36.303655 1003.915800
v -2.293096 39.762016 1003.971109
v -1.312756 33.401058 1006.569844
v -0.794093 42.839542 1006.738481
v -1.123826 36.268670 1006.404030
v -0.937294 39.726919 1006.461822
v -1.739037 42.863832 1005.665823
v -2.399580 33.425771 1005.483304
v -1.884863 39.745903 1005.430929
v -2.124875 36.288212 1005.367945
v 2.364262 42.896693 1001.393819
v 2.894308 33.449693 1001.492698
v 2.432293 39.772895 1001.432874
v 2.628164 36.312382 1001.467640
v -2.888733 33.449630 1001.643274
v -2.420340 39.772838 1001.702873
v -2.620002 36.312325 1001.668220
v 17.530555 -7.415351 999.270629
v 17.530555 -7.415351 998.928502
v 19.269744 -4.377162 995.916529
v 19.269744 -4.377162 995.574403
v 19.269744 -4.377162 995.574403
v 17.766987 -6.992882 997.578961
v 17.766987 -6.992882 997.236835
v 18.403658 -5.880740 996.351439
v 18.403658 -5.880740 996.009313
v 19.202553 -4.489653 1007.903696
v 19.202553 -4.489653 1007.561570
v 19.202553 -4.489653 1007.561570
v 17.500828 -7.465101 1004.472502
v 17.500828 -7.465101 1004.130376
v 18.341397 -5.984959 1007.430860
v 18.341397 -5.984959 1007.088734
v 17.718351 -7.074308 1006.175118
v 17.718351 -7.074308 1005.832992
v 20.989136 -1.424850 999.348626
v 20.989136 -1.424850 999.006500
v 20.128497 -2.893207 996.390268
v 20.128497 -2.893207 996.048142
v 20.759985 -1.808825 997.646348
v 20.759985 -1.808825 997.304222
v 20.959418 -1.474618 1004.548580
v 20.959418 -1.474618 1004.206454
v 20.711342 -1.890265 1006.239796
v 20.711342 -1.890265 1005.897670
v 20.066226 -2.997437 1007.467657
v 20.066226 -2.997437 1007.125531
v 124.935256 -61.695756 999.182811
v 124.935256 -61.695756 999.182811
v 124.964067 -61.697357 999.743690
v 121.845130 -67.058626 1004.069423
v 121.561346 -67.495377 1003.865909
v 121.561346 -67.495377 1003.865909
v 124.696707 -62.160521 998.976587
v 124.304365 -62.961487 999.181457
v 123.845484 -63.875638 999.740756
v 121.577615 -67.522093 1003.302320
v 121.883070 -67.123437 1002.532734
v 122.379540 -66.395326 1001.765744
v 122.913836 -65.469647 1003.304014
v 122.346382 -66.320736 1003.863990
v 124.767452 -62.159216 1000.512599
v 124.379611 -62.950242 1001.279025
v 36.127862 -13.425083 995.301695
v 36.127862 -13.425083 995.301695
v 101.709083 -45.856771 996.430000
v 101.709083 -45.856771 996.430000
v 50.587883 -20.231727 993.304587
v 50.587883 -20.231727 993.304587
v 69.072369 -28.387872 992.729937
v 69.072369 -28.387872 992.729937
v 87.361849 -37.451784 994.458627
v 87.361849 -37.451784 994.458627
v 101.834509 -45.753596 997.414614
v 36.659185 -12.435505 995.905580
v 87.617639 -37.114948 995.638178
v 69.498256 -27.707796 993.916486
v 51.105898 -19.324302 994.216283
v 36.034475 -13.504103 1007.481202
v 96.770294 -54.476209 1006.849776
v 49.223792 -22.560094 1009.500435
v 65.564470 -34.485052 1010.263700
v 82.462609 -45.997972 1008.748796
v 96.239948 -55.276780 1006.647390
v 96.239948 -55.276780 1006.647390
v 35.450953 -14.582954 1007.833939
v 35.450953 -14.582954 1007.833939
v 81.803634 -47.029458 1008.641902
v 81.803634 -47.029458 1008.641902
v 64.835907 -35.686514 1010.392378
v 64.835907 -35.686514 1010.392378
v 48.557049 -23.723166 1009.827887
v 48.557049 -23.723166 1009.827887
v 35.480940 -14.475934 995.651045
v 101.277813 -46.717970 996.222196
v 49.909494 -21.396339 993.625379
v 68.392068 -29.623717 992.849698
v 86.794472 -38.540808 994.344284
v 34.993038 -15.355129 996.848543
v 100.624037 -48.097177 996.841996
v 49.309362 -22.542908 995.095472
v 67.642778 -31.115615 994.251952
v 86.040378 -40.099211 995.322464
v 34.763142 -15.812064 998.584683
v 99.880032 -49.620080 998.120877
v 48.909842 -23.356722 997.346550
v 66.974061 -32.470116 996.590961
v 85.248838 -41.714130 997.140778
v 96.212413 -55.442580 1005.659051
v 34.856042 -15.544820 1007.231860
v 81.637332 -47.427478 1007.459982
v 64.455982 -36.404968 1009.207297
v 48.026418 -24.633783 1008.919012
v 96.675669 -54.897905 1004.150920
v 34.505313 -16.189421 1005.846537
v 82.003748 -47.055236 1005.506669
v 64.549929 -36.444404 1006.996176
v 47.832342 -25.082443 1007.006335
v 97.479957 -53.754031 1002.535669
v 34.465845 -16.320646 1004.038383
v 82.784946 -45.960074 1003.307400
v 65.078526 -35.736144 1004.333552
v 48.005825 -24.911133 1004.581089
v 36.835264 -12.216911 1004.547903
v 98.594519 -51.823307 1004.947370
v 50.425819 -20.719625 1005.779376
v 67.326501 -31.842443 1006.520066
v 84.446271 -43.082380 1005.948464
v 97.642061 -53.223861 1006.227718
v 36.552994 -12.643003 1006.282802
v 83.438870 -44.569340 1007.767681
v 66.484625 -33.093324 1008.858172
v 49.918495 -21.469200 1008.028649
v 101.588842 -46.425898 998.921053
v 37.040465 -11.809137 997.292031
v 87.472608 -37.618353 997.590362
v 69.574221 -27.770209 996.128397
v 51.394168 -18.932031 996.130767
v 100.993458 -47.691304 1000.534046
v 37.132381 -11.708639 999.099170
v 86.908074 -38.840013 999.786696
v 69.219609 -28.580593 998.787859
v 51.328834 -19.166932 998.553981
v 125.815686 -62.474076 999.353253
v 125.815686 -62.474076 999.353253
v 126.569582 -63.403451 999.655760
v 126.569582 -63.403451 999.655760
v 125.840490 -62.455056 999.895621
v 126.583607 -63.392051 999.992130
v 122.936722 -67.445895 1003.909140
v 124.020850 -67.796275 1003.524234
v 122.676529 -67.869581 1003.695015
v 122.676529 -67.869581 1003.695015
v 126.110333 -67.354296 1002.181014
v 126.110333 -67.354296 1002.181014
v 125.068421 -67.880057 1002.859396
v 125.068421 -67.880057 1002.859396
v 123.860242 -68.059670 1003.391266
v 123.860242 -68.059670 1003.391266
v 125.576784 -62.911927 999.136419
v 126.420205 -63.675129 999.520987
v 127.013141 -64.538303 1000.185486
v 127.013141 -64.538303 1000.185486
v 125.196661 -63.660624 999.307990
v 126.107511 -64.286153 999.648198
v 126.828321 -64.871357 1000.050825
v 124.763036 -64.513005 999.820784
v 125.721124 -65.038892 1000.093153
v 126.512439 -65.476582 1000.367554
v 122.672875 -67.903027 1003.150051
v 125.079200 -67.876910 1002.454850
v 123.857618 -68.079113 1003.052752
v 122.941519 -67.536520 1002.419746
v 124.070064 -67.787499 1002.452818
v 123.397664 -66.859506 1001.701518
v 125.405157 -67.380625 1002.008088
v 124.467584 -67.192969 1001.816313
v 123.924948 -65.946003 1003.223759
v 124.859883 -66.513288 1002.951164
v 125.608121 -67.028932 1002.595945
v 126.827559 -66.559186 1001.455901
v 126.827559 -66.559186 1001.455901
v 123.398623 -66.744563 1003.737117
v 125.265459 -67.554213 1002.993719
v 124.396768 -67.221484 1003.396572
v 125.653568 -62.869042 1000.625362
v 127.014524 -64.548786 1000.589693
v 126.434089 -63.720392 1000.591951
v 125.290165 -63.599756 1001.343025
v 127.072147 -65.701797 1000.860933
v 127.072147 -65.701797 1000.860933
v 126.771093 -65.028466 1001.116710
v 126.113324 -64.359381 1001.228005
v 17.519599 -7.443863 1001.871170
v 17.519599 -7.443863 1001.529044
v 123.145429 -65.154012 1000.752911
v 34.628432 -16.077646 1001.310404
v 48.486541 -24.158393 1000.959361
v 66.073193 -34.140718 1000.451872
v 84.078924 -43.876510 1000.215059
v 98.741095 -51.721818 1000.323984
v 124.109486 -65.702672 1000.760813
v 125.119384 -66.130132 1000.954507
v 125.962396 -66.469267 1001.139172
v 20.979359 -1.451355 1001.948942
v 20.979359 -1.451355 1001.606816
v 123.679175 -64.229313 1002.291632
v 37.000433 -11.969438 1001.824778
v 50.912464 -19.956628 1002.171081
v 68.328364 -30.234536 1002.663557
v 85.741723 -40.996276 1002.875425
v 99.854275 -49.793465 1002.743812
v 124.636276 -64.790002 1002.283392
v 125.511373 -65.450973 1002.089585
v 126.226581 -66.011556 1001.904807
v 119.917651 -58.136032 999.358107
v 114.334336 -54.249766 998.870371
v 108.286311 -50.096402 998.234995
v 108.203206 -50.141481 997.371383
v 108.203206 -50.141481 997.371383
v 114.280028 -54.260814 998.121216
v 114.280028 -54.260814 998.121216
v 119.880628 -58.133041 998.710314
v 119.880628 -58.133041 998.710314
v 107.831824 -50.883744 997.141907
v 113.961232 -54.896163 997.890837
v 119.605804 -58.676255 998.490206
v 119.694101 -58.676784 1000.263934
v 114.091152 -54.856776 999.941900
v 108.034140 -50.750389 999.506764
v 115.948373 -64.896246 1004.341905
v 115.948373 -64.896246 1004.341905
v 109.795867 -61.977444 1004.937098
v 109.795867 -61.977444 1004.937098
v 103.192925 -58.767670 1005.695397
v 103.192925 -58.767670 1005.695397
v 103.650360 -58.078099 1005.920471
v 110.187144 -61.386519 1005.163753
v 116.281948 -64.389173 1004.558852
v 104.427438 -56.960009 1005.455762
v 110.868292 -60.402829 1004.813612
v 116.870686 -63.532786 1004.291224
v 115.969847 -64.929826 1003.690951
v 109.813617 -62.033614 1004.184331
v 103.195175 -58.866620 1004.828060
v 107.247164 -52.113694 997.604923
v 113.445249 -55.975762 998.239735
v 119.154189 -59.612192 998.756931
v 106.570495 -53.493098 998.632204
v 112.841407 -57.200300 999.070726
v 118.623546 -60.680313 999.436330
v 104.381399 -57.262022 1002.224358
v 110.887629 -60.562393 1002.012152
v 116.913212 -63.621859 1001.868800
v 116.330421 -64.468736 1002.784334
v 110.221818 -61.522753 1003.111674
v 103.639524 -58.324908 1003.554710
v 105.289470 -55.688924 1004.427013
v 111.632608 -59.271801 1003.981493
v 117.535961 -62.542958 1003.610922
v 107.477910 -51.921156 1000.835536
v 113.585991 -55.910372 1001.040180
v 119.246070 -59.601807 1001.178565
v 105.530748 -55.408258 1000.425798
v 111.912300 -58.908017 1000.540028
v 117.808775 -62.173714 1000.651775
v 106.437401 -53.837580 1002.632855
v 112.656122 -57.619415 1002.511514
v 118.430684 -61.096231 1002.395026
v 59.731311 -24.274500 992.755108
v 59.731311 -24.274500 992.755108
v 60.217332 -23.454677 993.826524
v 57.327338 -28.430285 1010.132087
v 56.617058 -29.636098 1010.373302
v 56.617058 -29.636098 1010.373302
v 59.037806 -25.497550 992.987971
v 58.353445 -26.831126 994.471382
v 57.816764 -27.917681 996.839513
v 56.146098 -30.476119 1009.304595
v 56.081706 -30.742533 1007.188742
v 56.424520 -30.314946 1004.569237
v 58.817635 -26.169936 1006.279754
v 58.142311 -27.173464 1008.646192
v 60.411619 -23.266295 995.944071
v 60.208069 -23.775773 998.560979
v 57.157605 -29.147701 1000.696925
v 59.557927 -24.990181 1002.427534
v 78.316693 -32.839177 993.521985
v 78.316693 -32.839177 993.521985
v 78.665303 -32.317480 994.739913
v 74.008957 -40.341463 1009.603264
v 73.299308 -41.485197 1009.590622
v 73.299308 -41.485197 1009.590622
v 77.677182 -34.028985 993.500990
v 76.904993 -35.590196 994.683927
v 76.154271 -37.111104 996.773368
v 73.018445 -42.057109 1008.372130
v 73.251364 -41.886491 1006.251196
v 73.919694 -40.962103 1003.789266
v 75.923751 -37.490824 1006.327613
v 74.978121 -38.895533 1008.417280
v 78.628435 -32.604995 996.860621
v 78.155916 -33.643987 999.319278
v 75.091152 -39.075979 1000.270368
v 77.100339 -35.595805 1002.833435
v 94.695844 -41.642397 995.500356
v 94.695844 -41.642397 995.500356
v 94.881426 -41.432004 996.594009
v 89.687249 -50.381046 1007.762263
v 89.090906 -51.299014 1007.588434
v 89.090906 -51.299014 1007.588434
v 94.195671 -42.619879 995.320094
v 93.485140 -44.101894 996.097130
v 92.706249 -45.691691 997.625918
v 88.999829 -51.571806 1006.491509
v 89.426654 -51.094384 1004.760561
v 90.234117 -49.951046 1002.865492
v 91.611870 -47.564502 1005.452488
v 90.619411 -49.028274 1006.982631
v 94.675618 -42.039748 998.323376
v 94.082365 -43.307948 1000.215962
v 91.532448 -47.858191 1000.239327
v 92.909644 -45.472599 1002.839530
v 43.147954 -16.847133 994.315275
v 43.147954 -16.847133 994.315275
v 43.678875 -15.884854 995.065334
v 42.539399 -17.839987 1008.471235
v 41.915966 -18.960987 1008.819230
v 41.915966 -18.960987 1008.819230
v 42.484351 -17.953516 994.658417
v 41.947804 -18.949301 995.997122
v 41.648062 -19.555203 997.990167
v 41.344420 -19.909456 1008.071655
v 41.056015 -20.479556 1006.430443
v 41.103459 -20.489750 1004.320233
v 43.511703 -16.318699 1005.139710
v 43.134917 -16.878947 1007.131288
v 44.026070 -15.349841 996.707900
v 44.055823 -15.384960 998.816756
v 41.396318 -20.039637 1001.152830
v 43.808657 -15.861489 1001.980660
v 32.505457 -9.423430 997.768367
v 31.141767 -11.780291 1007.073044
v 31.141767 -11.780291 1007.073044
v 30.556165 -12.765212 1006.570296
v 30.269867 -13.333353 999.001307
v 32.446342 -9.558909 1004.132408
v 32.624396 -9.255248 999.349754
v 32.546727 -9.411726 1001.741815
v 23.100073 -6.511386 996.178175
v 23.100073 -6.511386 996.178175
v 22.369896 -7.781798 996.549084
v 21.829062 -8.733421 997.637770
v 21.622090 -9.110630 999.153802
v 22.962765 -6.743092 1006.957911
v 22.962765 -6.743092 1006.957911
v 22.242758 -7.996353 1006.514197
v 21.729930 -8.900703 1005.371444
v 21.561718 -9.212500 1003.834868
v 24.471473 -4.172603 1003.980816
v 24.247599 -4.539915 1005.496284
v 23.693418 -5.483692 1006.585421
v 23.820562 -5.269141 996.623018
v 24.346723 -4.372629 997.766222
v 24.531839 -4.070729 999.302234
v 21.597485 -9.166235 1001.493940
v 24.508454 -4.124236 1001.641920
v 23.213383 -6.574286 996.194542
v 23.213383 -6.574286 996.194542
v 31.515805 -11.070680 996.068121
v 31.515805 -11.070680 996.068121
v 25.727608 -7.961203 996.388462
v 25.727608 -7.961203 996.388462
v 28.767478 -9.612736 996.345682
v 28.767478 -9.612736 996.345682
v 21.772686 -9.173650 999.161252
v 24.396462 -10.352107 999.218593
v 27.509966 -11.876789 999.163058
v 22.495404 -7.842067 996.564661
v 30.925610 -12.121817 996.395009
v 25.072522 -9.114708 996.730362
v 28.159561 -10.685827 996.672231
v 21.972795 -8.795439 997.650750
v 30.473103 -12.951971 997.467102
v 24.588211 -9.991173 997.765996
v 27.701336 -11.515639 997.702560
v 30.094348 -13.638728 1003.787799
v 21.711077 -9.277647 1003.824709
v 27.382324 -12.093898 1003.703706
v 24.309449 -10.499572 1003.717590
v 23.073794 -6.809886 1006.941544
v 23.073794 -6.809886 1006.941544
v 28.477139 -10.106560 1006.790403
v 28.477139 -10.106560 1006.790403
v 25.529792 -8.296423 1006.747624
v 25.529792 -8.296423 1006.747624
v 30.180289 -13.451305 1005.370089
v 21.871702 -8.966093 1005.356318
v 27.491532 -11.872513 1005.201453
v 24.445242 -10.233460 1005.198067
v 22.365999 -8.060477 1006.497378
v 27.890547 -11.143390 1006.330548
v 24.889254 -9.425285 1006.306957
v 24.662859 -4.167608 999.312392
v 29.934788 -7.676757 999.433621
v 27.019200 -5.809275 999.419624
v 24.474179 -4.462820 997.781347
v 29.798875 -7.882511 997.936438
v 26.857634 -6.060335 997.939712
v 32.097997 -10.091117 996.567934
v 23.937677 -5.343914 996.639723
v 29.367877 -8.592919 996.806666
v 26.380493 -6.849195 996.830370
v 24.601249 -4.271599 1003.973366
v 26.932199 -5.956715 1003.915800
v 29.807193 -7.893802 1003.971109
v 23.808274 -5.562324 1006.569844
v 31.722908 -10.730741 1006.738481
v 26.197229 -7.159744 1006.404030
v 29.098895 -9.050411 1006.461822
v 32.216417 -9.924541 1005.665823
v 24.373088 -4.633464 1005.483304
v 29.589126 -8.239287 1005.430929
v 26.714679 -6.302584 1005.367945
v 30.193224 -13.494533 1001.393819
v 21.746860 -9.230067 1001.492698
v 27.453916 -11.991548 1001.432874
v 24.359091 -10.430922 1001.467640
v 24.638325 -4.221775 1001.643274
v 29.880192 -7.789019 1001.702873
v 26.983122 -5.885847 1001.668220
v -20.961427 -1.472900 998.928502
v -20.961427 -1.472900 999.270629
v -19.199874 -4.498179 995.574403
v -19.199874 -4.498179 995.574403
v -19.199874 -4.498179 995.916529
v -20.713778 -1.888893 997.236835
v -20.713778 -1.888893 997.578961
v -20.068969 -2.996337 996.009313
v -20.068969 -2.996337 996.351439
v -19.263700 -4.383744 1007.561570
v -19.263700 -4.383744 1007.561570
v -19.263700 -4.383744 1007.903696
v -20.989651 -1.422282 1004.130376
v -20.989651 -1.422282 1004.472502
v -20.128095 -2.890308 1007.088734
v -20.128095 -2.890308 1007.430860
v -20.759976 -1.806060 1005.832992
v -20.759976 -1.806060 1006.175118
v -17.502796 -7.463372 999.006500
v -17.502796 -7.463372 999.348626
v -18.344109 -5.983855 996.048142
v -18.344109 -5.983855 996.390268
v -17.720752 -7.072936 997.304222
v -17.720752 -7.072936 997.646348
v -17.531036 -7.412751 1004.206454
v -17.531036 -7.412751 1004.548580
v -17.766960 -6.990088 1005.897670
v -17.766960 -6.990088 1006.239796
v -18.403240 -5.877815 1007.125531
v -18.403240 -5.877815 1007.467657
v -121.671993 -67.347898 999.182811
v -121.671993 -67.347898 999.182811
v -121.687767 -67.372053 999.743690
v -124.771318 -61.990340 1004.069423
v -125.007637 -61.526196 1003.865909
v -125.007637 -61.526196 1003.865909
v -121.955212 -66.908924 998.976587
v -122.452725 -66.168665 999.181457
v -123.014945 -65.314189 999.740756
v -125.038946 -61.526929 1003.302320
v -124.846422 -61.990785 1002.532734
v -124.464070 -62.784801 1001.765744
v -123.929576 -63.710353 1003.304014
v -124.382913 -62.793380 1003.863990
v -121.989470 -66.970851 1000.512599
v -122.480591 -66.239452 1001.279025
v -35.464668 -14.573776 995.301695
v -35.464668 -14.573776 995.301695
v -96.341945 -55.152941 996.430000
v -96.341945 -55.152941 996.430000
v -48.589406 -23.693205 993.304587
v -48.589406 -23.693205 993.304587
v -64.895068 -35.623163 992.729937
v -64.895068 -35.623163 992.729937
v -81.889384 -46.930360 994.458627
v -81.889384 -46.930360 994.458627
v -96.315313 -55.313147 997.414614
v -34.873323 -15.528703 995.905580
v -81.725573 -47.320303 995.638178
v -64.519044 -36.332036 993.916486
v -48.062559 -24.595525 994.216283
v -35.486407 -14.453390 1007.481202
v -101.337200 -46.566096 1006.849776
v -49.923783 -21.347675 1009.500435
v -68.421437 -29.536642 1010.263587
v -86.840984 -38.414401 1008.748796
v -101.765337 -45.706520 1006.647390
v -101.765337 -45.706520 1006.647390
v -36.128955 -13.408620 1007.833939
v -36.128955 -13.408620 1007.833939
v -87.404791 -37.327966 1008.641902
v -87.404791 -37.327966 1008.641902
v -69.097653 -28.304957 1010.392378
v -69.097653 -28.304957 1010.392378
v -50.597665 -20.188725 1009.827887
v -50.597665 -20.188725 1009.827887
v -36.051265 -13.488099 995.651045
v -96.872122 -54.348843 996.222196
v -49.258794 -22.523388 993.625379
v -65.625204 -34.416085 992.849698
v -82.548824 -45.894479 994.344284
v -36.568719 -12.625965 996.848543
v -97.739670 -53.093052 996.841996
v -49.951681 -21.430378 995.095472
v -66.542565 -33.021231 994.251952
v -83.521403 -44.462214 995.322464
v -36.849493 -12.198400 998.584683
v -98.686541 -51.687278 998.120877
v -50.456711 -20.677476 997.346550
v -67.381245 -31.764855 996.590961
v -84.524190 -42.969265 997.140778
v -101.895165 -45.599768 1005.659051
v -36.664501 -12.412482 1007.231860
v -87.666331 -36.984930 1007.459982
v -69.529882 -27.616705 1009.207297
v -51.120967 -19.273875 1008.919012
v -101.655093 -46.273304 1004.150920
v -37.047378 -11.786439 1005.846537
v -87.527162 -37.488383 1005.506669
v -69.611005 -27.678350 1006.996176
v -51.412475 -18.881473 1007.006335
v -101.066609 -47.541772 1002.535669
v -37.141287 -11.686643 1004.038383
v -86.969345 -38.712499 1003.307400
v -69.261937 -28.490257 1004.333552
v -51.350859 -19.117366 1004.581089
v -34.772059 -15.790490 1004.547903
v -99.951835 -49.472369 1004.947370
v -48.930901 -23.308898 1005.779376
v -67.013877 -32.383914 1006.520066
v -85.307836 -41.590094 1005.948464
v -100.688532 -47.947242 1006.227718
v -34.999931 -15.332991 1006.282802
v -86.091885 -39.974180 1007.767681
v -67.676239 -31.029386 1008.858172
v -49.326392 -22.494753 1008.028649
v -96.774710 -54.764239 998.921053
v -34.521518 -16.172088 997.292031
v -82.089018 -46.942995 997.590362
v -64.611094 -36.366611 996.128397
v -47.866974 -25.041314 996.130767
v -97.572875 -53.615920 1000.534046
v -34.480438 -16.301937 999.099170
v -82.864742 -45.843262 999.786696
v -65.135585 -35.654317 998.787859
v -48.037740 -24.867281 998.553981
v -122.786245 -67.721213 999.353253
v -122.786245 -67.721213 999.353253
v -123.968052 -67.909419 999.655760
v -123.968052 -67.909419 999.655760
v -122.782181 -67.752204 999.895621
v -123.965202 -67.927260 999.992130
v -125.652510 -62.742050 1003.909140
v -126.497991 -63.505738 1003.524234
v -125.889337 -62.304868 1003.695015
v -125.889337 -62.304868 1003.695015
v -127.159964 -65.536272 1002.181014
v -127.159964 -65.536272 1002.181014
v -127.094341 -64.371071 1002.859396
v -127.094341 -64.371071 1002.859396
v -126.645787 -63.234949 1003.391266
v -126.645787 -63.234949 1003.391266
v -123.045971 -67.295396 999.136419
v -124.128660 -67.644217 999.520987
v -125.172647 -67.726123 1000.185486
v -125.172647 -67.726123 1000.185486
v -123.504317 -66.591850 999.307990
v -124.501460 -67.067903 999.648198
v -125.368698 -67.399538 1000.050825
v -124.025704 -65.790129 999.820784
v -124.960145 -66.356913 1000.093153
v -125.734867 -66.823365 1000.367554
v -125.916469 -62.284981 1003.150051
v -127.096993 -64.381977 1002.454850
v -126.661336 -63.222956 1003.052752
v -125.733385 -62.700885 1002.419746
v -126.514978 -63.552751 1002.452818
v -125.375160 -63.434429 1001.701518
v -126.830184 -64.912408 1002.008088
v -126.198898 -64.194272 1001.816313
v -124.847650 -64.347818 1003.223759
v -125.806430 -64.873854 1002.951164
v -126.627106 -65.264030 1002.595945
v -126.830014 -66.554967 1001.455901
v -126.830014 -66.554967 1001.455901
v -125.276055 -63.492729 1003.737117
v -126.910678 -64.704632 1002.993719
v -126.188161 -64.118688 1003.396572
v -123.047241 -67.383334 1000.625362
v -125.182439 -67.722080 1000.589693
v -124.174798 -67.633607 1000.591951
v -123.498349 -66.703258 1001.343025
v -126.209777 -67.195480 1000.860933
v -126.209777 -67.195480 1000.860933
v -125.476099 -67.271424 1001.116710
v -124.567803 -67.036319 1001.228005
v -20.980644 -1.449157 1001.529044
v -20.980644 -1.449157 1001.871170
v -123.772002 -64.068733 1000.752911
v -37.012140 -11.948951 1001.310404
v -50.939329 -19.910049 1000.959361
v -68.377592 -30.149379 1000.451872
v -85.811904 -40.874899 1000.215059
v -99.937224 -49.650056 1000.323984
v -124.729201 -64.629302 1000.760813
v -125.604326 -65.290168 1000.954507
v -126.319562 -65.850673 1001.139172
v -17.520860 -7.441651 1001.606816
v -17.520860 -7.441651 1001.948942
v -123.238086 -64.993326 1002.291632
v -34.640323 -16.057268 1001.824778
v -48.513448 -24.111846 1002.171081
v -66.122322 -34.055504 1002.663557
v -84.148949 -43.755041 1002.875425
v -98.823819 -51.578275 1002.743812
v -124.202185 -65.541852 1002.283392
v -125.212168 -65.969221 1002.089585
v -126.055264 -66.308320 1001.904807
v -116.080388 -64.782390 999.358107
v -109.923113 -61.890220 998.870371
v -103.302188 -58.729166 998.234995
v -103.299677 -58.634653 997.371383
v -103.299677 -58.634653 997.371383
v -109.905519 -61.837676 998.121216
v -109.905519 -61.837676 998.121216
v -116.059280 -64.751814 998.710314
v -116.059280 -64.751814 998.710314
v -103.756802 -57.941900 997.141907
v -110.296358 -61.243908 997.890837
v -116.392305 -64.242209 998.490206
v -116.436905 -64.318407 1000.263934
v -110.327215 -61.376120 999.941900
v -103.742481 -58.183786 999.506764
v -119.950258 -57.964786 1004.341905
v -119.950258 -57.964786 1004.341905
v -114.346251 -54.095959 1004.937098
v -114.346251 -54.095959 1004.937098
v -108.265034 -49.982524 1005.695397
v -108.265034 -49.982524 1005.695397
v -107.896558 -50.723461 1005.920471
v -114.030122 -54.730278 1005.163753
v -119.677918 -58.507210 1004.558852
v -107.316815 -51.955477 1005.455762
v -113.518795 -55.812008 1004.813612
v -119.230620 -59.445263 1004.291224
v -119.990075 -57.966592 1003.690951
v -114.403761 -54.083247 1004.184331
v -108.351856 -49.935004 1004.828060
v -104.529640 -56.820594 997.604923
v -110.973329 -60.257262 998.239735
v -116.977043 -63.383127 998.756931
v -105.385908 -55.544880 998.632204
v -111.731896 -59.122043 999.070726
v -117.636731 -62.389518 999.436330
v -107.555335 -51.764598 1002.224358
v -113.666655 -55.748981 1002.012152
v -119.329019 -59.437559 1001.868800
v -119.771040 -58.509397 1002.784334
v -114.165452 -54.692182 1003.111674
v -108.104898 -50.590677 1003.554710
v -106.647039 -53.337562 1004.427013
v -112.921464 -57.039445 1003.981493
v -118.706044 -60.516318 1003.610922
v -104.478268 -57.116695 1000.835536
v -110.987072 -60.411838 1001.040180
v -117.013982 -63.467896 1001.178565
v -106.524604 -53.686849 1000.425798
v -112.746267 -57.463562 1000.540028
v -118.522664 -60.937203 1000.651775
v -105.617684 -55.257372 1002.632855
v -112.002205 -58.752023 1002.511514
v -117.900507 -62.014538 1002.395026
v -56.662257 -29.590256 992.755108
v -56.662257 -29.590256 992.755108
v -56.195291 -30.421071 993.826524
v -59.059281 -25.430466 1010.132087
v -59.748411 -24.212433 1010.373302
v -59.748411 -24.212433 1010.373302
v -57.374704 -28.378136 992.987971
v -58.187426 -27.118677 994.471382
v -58.860073 -26.110620 996.839513
v -60.240415 -23.384560 1009.304595
v -60.438935 -23.195592 1007.188742
v -60.240048 -23.706270 1004.569237
v -57.846912 -27.851275 1006.279754
v -58.378334 -26.764664 1008.646192
v -56.129280 -30.683520 995.944071
v -56.468732 -30.252498 998.560979
v -59.595726 -24.924762 1000.696925
v -57.195369 -29.082261 1002.427534
v -73.372190 -41.403334 993.521985
v -73.372190 -41.403334 993.521985
v -73.094678 -41.966082 994.739913
v -77.715483 -33.921577 1009.603264
v -78.351156 -32.735134 1009.590622
v -78.351156 -32.735134 1009.590622
v -74.082827 -40.254598 993.500990
v -75.048782 -38.805254 994.683927
v -75.990559 -37.394654 996.773368
v -78.706023 -32.205938 1008.372130
v -78.674714 -32.492966 1006.251196
v -78.208333 -33.533948 1003.789266
v -76.204148 -37.005156 1006.327613
v -76.947858 -35.483860 1008.417167
v -73.325241 -41.790398 996.860621
v -73.988788 -40.861686 999.319278
v -77.160642 -35.491522 1000.270368
v -75.151315 -38.971619 1002.833435
v -89.185566 -51.186477 995.500356
v -89.185566 -51.186477 995.500356
v -89.096155 -51.452391 996.594009
v -94.249160 -42.479582 1007.762263
v -94.745975 -41.504146 1007.588434
v -94.745975 -41.504146 1007.588434
v -89.782008 -50.264572 995.320094
v -90.710206 -48.908223 996.097130
v -91.697564 -47.438787 997.625918
v -94.936679 -41.288878 1006.491509
v -94.736635 -41.897228 1004.760561
v -94.150211 -43.168187 1002.865492
v -92.772274 -45.554625 1005.452488
v -93.543709 -43.963247 1006.982631
v -89.519572 -50.970285 998.323376
v -90.321236 -49.822417 1000.215962
v -92.986907 -45.339004 1000.239327
v -91.609514 -47.724482 1002.839530
v -41.938294 -18.942324 994.315275
v -41.938294 -18.942324 994.315275
v -41.370392 -19.883255 995.065334
v -42.493854 -17.918873 1008.471235
v -43.152948 -16.818470 1008.819230
v -43.152948 -16.818470 1008.819230
v -42.564648 -17.814442 994.658417
v -43.158747 -16.851881 995.997122
v -43.533607 -16.289351 997.990167
v -43.688579 -15.849256 1008.071655
v -44.038091 -15.314444 1006.430443
v -44.070642 -15.350430 1004.320233
v -41.662532 -19.521559 1005.139710
v -41.959324 -18.915135 1007.131288
v -41.080658 -20.451443 996.707900
v -41.125945 -20.459654 998.816756
v -43.827264 -15.829115 1001.152830
v -41.415052 -20.007334 1001.980660
v -30.187929 -13.437506 997.768367
v -31.547188 -11.078088 1007.073044
v -31.547188 -11.078088 1007.073044
v -32.107351 -10.078482 1006.570296
v -32.456225 -9.546468 999.001307
v -30.275701 -13.318574 1004.132408
v -30.101752 -13.624604 999.349754
v -30.198427 -13.479101 1001.741815
v -22.963331 -6.748228 996.178175
v -22.963331 -6.748228 996.178175
v -23.698453 -5.480669 996.549084
v -24.252163 -4.536482 997.637770
v -24.475353 -4.168638 999.153802
v -23.095341 -6.513464 1006.957911
v -23.095341 -6.513464 1006.957911
v -23.820696 -5.263289 1006.514197
v -24.347471 -4.366993 1005.371444
v -24.533387 -4.065417 1003.834868
v -21.623586 -9.105290 1003.980816
v -21.829753 -8.727749 1005.496284
v -22.369997 -7.775925 1006.585421
v -22.247760 -7.993313 996.623018
v -21.734438 -8.897239 997.766222
v -21.565545 -9.208500 999.302234
v -24.511204 -4.119523 1001.493940
v -21.600192 -9.161498 1001.641920
v -23.074461 -6.814909 996.194542
v -23.074461 -6.814909 996.194542
v -31.119661 -11.756819 996.068121
v -31.119661 -11.756819 996.068121
v -25.532679 -8.298832 996.388462
v -25.532679 -8.298832 996.388462
v -28.482883 -10.105671 996.345682
v -28.482883 -10.105671 996.345682
v -24.605226 -4.267546 999.161252
v -26.937691 -5.950574 999.218593
v -29.814854 -7.884607 999.163058
v -23.813400 -5.559231 996.564661
v -31.734879 -10.720127 996.395009
v -26.204100 -7.154756 996.730362
v -29.108249 -9.042651 996.672231
v -24.377741 -4.629951 997.650750
v -32.227564 -9.913169 997.467102
v -26.720986 -6.297099 997.765996
v -29.597777 -8.230913 997.702560
v -32.632929 -9.241777 1003.787799
v -24.664485 -4.162190 1003.824709
v -29.939056 -7.665511 1003.703706
v -27.021889 -5.801487 1003.717590
v -23.208702 -6.576219 1006.941544
v -23.208702 -6.576219 1006.941544
v -28.765377 -9.607318 1006.790403
v -28.765377 -9.607318 1006.790403
v -25.724079 -7.959909 1006.747624
v -25.724079 -7.959909 1006.747624
v -32.513591 -9.409916 1005.370089
v -24.474985 -4.457074 1005.356318
v -29.801934 -7.870779 1005.201453
v -26.859331 -6.052141 1005.198067
v -23.937848 -5.337956 1006.497378
v -29.370001 -8.580898 1006.330548
v -26.381435 -6.840757 1006.306957
v -21.714953 -9.273531 999.312392
v -27.389929 -12.084579 999.433621
v -24.314851 -10.493350 999.419624
v -21.876275 -8.962523 997.781347
v -27.500163 -11.863998 997.936438
v -24.451489 -10.227898 997.939712
v -30.562430 -12.750792 996.567934
v -22.371073 -8.057352 996.639723
v -27.899894 -11.135541 996.806666
v -24.896094 -9.420251 996.830370
v -21.774208 -9.168179 1003.973366
v -24.399037 -10.344283 1003.915800
v -27.514100 -11.865557 1003.971109
v -22.495520 -7.836081 1006.569844
v -30.928820 -12.106145 1006.738481
v -25.073404 -9.106263 1006.403917
v -28.161604 -10.673848 1006.461822
v -30.477385 -12.936634 1005.665823
v -21.973511 -8.789654 1005.483304
v -27.704265 -11.503960 1005.430929
v -24.589809 -9.982968 1005.367945
v -32.557489 -9.399503 1001.393819
v -24.641171 -4.216970 1001.492698
v -29.886213 -7.778683 1001.432874
v -26.987260 -5.878803 1001.467640
v -21.749597 -9.225199 1001.643274
v -27.459856 -11.981167 1001.702873
v -24.363123 -10.423818 1001.668220
vt 0.718897 0.991508
vt 0.357264 0.628553
vt 0.362550 0.627701
vt 0.635975 0.111712
vt 0.722328 0.995007
vt 0.720612 0.991978
vt 0.359029 0.628396
vt 0.721868 0.993258
vt 0.360796 0.628112
vt 0.710212 0.995015
vt 0.620098 0.113020
vt 0.346681 0.629016
vt 0.713640 0.991511
vt 0.352063 0.628968
vt 0.710670 0.993265
vt 0.348494 0.629119
vt 0.711924 0.991982
vt 0.350291 0.629100
vt 0.630592 0.111755
vt 0.718899 0.998500
vt 0.634169 0.111607
vt 0.721869 0.996745
vt 0.632368 0.111625
vt 0.720614 0.998028
vt 0.625383 0.112168
vt 0.713644 0.998502
vt 0.623614 0.112325
vt 0.711929 0.998033
vt 0.621844 0.112610
vt 0.710673 0.996752
vt 0.638114 0.233368
vt 0.353168 0.506608
vt 0.637553 0.233375
vt 0.630041 0.234013
vt 0.629490 0.234105
vt 0.344539 0.507380
vt 0.352614 0.506702
vt 0.351712 0.506772
vt 0.350575 0.506842
vt 0.345104 0.507372
vt 0.346006 0.507279
vt 0.347139 0.507147
vt 0.632083 0.233882
vt 0.630944 0.233947
vt 0.636652 0.233464
vt 0.635519 0.233591
vt 0.360869 0.608465
vt 0.636761 0.131070
vt 0.639846 0.204983
vt 0.358939 0.534528
vt 0.362184 0.592257
vt 0.639559 0.147148
vt 0.362875 0.571902
vt 0.641267 0.167486
vt 0.361399 0.551275
vt 0.640839 0.188136
vt 0.638846 0.205085
vt 0.635480 0.131251
vt 0.639584 0.188273
vt 0.639834 0.167667
vt 0.638174 0.147363
vt 0.623066 0.132203
vt 0.624688 0.206086
vt 0.621844 0.148402
vt 0.621176 0.168698
vt 0.622470 0.189312
vt 0.623701 0.206187
vt 0.342781 0.535777
vt 0.621775 0.132276
vt 0.345866 0.609698
vt 0.621237 0.189445
vt 0.341776 0.552627
vt 0.619761 0.168824
vt 0.341343 0.573282
vt 0.620456 0.148476
vt 0.343057 0.593622
vt 0.359572 0.608536
vt 0.357949 0.534630
vt 0.360790 0.592331
vt 0.361454 0.572028
vt 0.360161 0.551408
vt 0.357993 0.608640
vt 0.356284 0.534663
vt 0.358825 0.592412
vt 0.359261 0.572090
vt 0.358155 0.551455
vt 0.356160 0.608760
vt 0.354138 0.534703
vt 0.356389 0.592503
vt 0.356461 0.572140
vt 0.355573 0.551492
vt 0.343786 0.535672
vt 0.347153 0.609512
vt 0.343036 0.552487
vt 0.342780 0.573095
vt 0.344447 0.593402
vt 0.345449 0.535432
vt 0.348738 0.609338
vt 0.345054 0.552225
vt 0.344991 0.572833
vt 0.346429 0.593168
vt 0.347584 0.535162
vt 0.350581 0.609173
vt 0.347634 0.551947
vt 0.347801 0.572577
vt 0.348883 0.592949
vt 0.626478 0.131983
vt 0.628499 0.206023
vt 0.626243 0.148235
vt 0.626168 0.168593
vt 0.627056 0.189237
vt 0.626352 0.206057
vt 0.624645 0.132100
vt 0.624476 0.189268
vt 0.623370 0.168637
vt 0.623810 0.148322
vt 0.637184 0.205319
vt 0.633894 0.131421
vt 0.637567 0.188528
vt 0.637622 0.167923
vt 0.636190 0.147591
vt 0.635050 0.205583
vt 0.632053 0.131581
vt 0.634988 0.188800
vt 0.634814 0.168173
vt 0.633738 0.147805
vt 0.352722 0.505481
vt 0.637867 0.234554
vt 0.352020 0.504441
vt 0.637354 0.235699
vt 0.637329 0.234494
vt 0.637027 0.235612
vt 0.630454 0.235080
vt 0.630945 0.236133
vt 0.629937 0.235233
vt 0.344787 0.506192
vt 0.632926 0.237629
vt 0.347322 0.503315
vt 0.631681 0.237117
vt 0.346184 0.504036
vt 0.630639 0.236275
vt 0.345302 0.505044
vt 0.352203 0.505637
vt 0.351712 0.504585
vt 0.350979 0.503604
vt 0.636475 0.236703
vt 0.351382 0.505723
vt 0.351052 0.504671
vt 0.350633 0.503812
vt 0.350349 0.505785
vt 0.350132 0.504731
vt 0.349936 0.503847
vt 0.345328 0.506252
vt 0.346561 0.504181
vt 0.345632 0.505131
vt 0.346154 0.506190
vt 0.346298 0.505098
vt 0.347182 0.506068
vt 0.347242 0.504048
vt 0.347216 0.504991
vt 0.632310 0.234939
vt 0.632529 0.235995
vt 0.632719 0.236920
vt 0.634272 0.237748
vt 0.348626 0.502963
vt 0.631276 0.234996
vt 0.632026 0.236908
vt 0.631607 0.236050
vt 0.636505 0.234552
vt 0.636098 0.236560
vt 0.636360 0.235643
vt 0.635477 0.234669
vt 0.349740 0.503088
vt 0.635346 0.237429
vt 0.635405 0.236646
vt 0.635445 0.235743
vt 0.716269 0.991508
vt 0.354662 0.628726
vt 0.348855 0.506966
vt 0.353374 0.608957
vt 0.352642 0.592690
vt 0.352134 0.572297
vt 0.351602 0.551643
vt 0.350856 0.534861
vt 0.348763 0.505893
vt 0.348671 0.504816
vt 0.348595 0.503904
vt 0.627989 0.111996
vt 0.716271 0.998502
vt 0.633804 0.233765
vt 0.629262 0.131792
vt 0.629985 0.148055
vt 0.630488 0.168444
vt 0.631024 0.189095
vt 0.631779 0.205875
vt 0.633897 0.234838
vt 0.633992 0.235914
vt 0.634076 0.236824
vt 0.637829 0.227216
vt 0.638074 0.220357
vt 0.638400 0.212943
vt 0.639273 0.212859
vt 0.357430 0.526749
vt 0.638828 0.220289
vt 0.355958 0.519430
vt 0.638479 0.227167
vt 0.354554 0.512673
vt 0.356563 0.526839
vt 0.355208 0.519508
vt 0.353907 0.512744
vt 0.636754 0.227363
vt 0.636822 0.220538
vt 0.636951 0.213152
vt 0.628100 0.228040
vt 0.344169 0.513585
vt 0.626690 0.221283
vt 0.343813 0.520466
vt 0.625215 0.213966
vt 0.343361 0.527898
vt 0.626078 0.213876
vt 0.627438 0.221207
vt 0.628744 0.227970
vt 0.627533 0.213848
vt 0.628698 0.221177
vt 0.629825 0.227933
vt 0.344822 0.513534
vt 0.344571 0.520396
vt 0.344238 0.527812
vt 0.355107 0.526872
vt 0.353948 0.519541
vt 0.352826 0.512785
vt 0.353237 0.526915
vt 0.352333 0.519589
vt 0.351448 0.512840
vt 0.347545 0.527350
vt 0.347426 0.519990
vt 0.347266 0.513200
vt 0.345898 0.513383
vt 0.345824 0.520210
vt 0.345688 0.527597
vt 0.629404 0.213810
vt 0.630313 0.221135
vt 0.631204 0.227883
vt 0.635095 0.213394
vt 0.635220 0.220752
vt 0.635386 0.227540
vt 0.350386 0.527069
vt 0.349876 0.519737
vt 0.349354 0.512981
vt 0.632254 0.213665
vt 0.632771 0.220996
vt 0.633299 0.227751
vt 0.362708 0.582185
vt 0.640659 0.157205
vt 0.639225 0.157410
vt 0.621358 0.158444
vt 0.619930 0.158544
vt 0.341952 0.583565
vt 0.361275 0.582285
vt 0.359154 0.582358
vt 0.356482 0.582429
vt 0.343390 0.583353
vt 0.345532 0.583101
vt 0.348221 0.582864
vt 0.626148 0.158306
vt 0.623479 0.158372
vt 0.637083 0.157656
vt 0.634395 0.157888
vt 0.352357 0.582598
vt 0.630266 0.158145
vt 0.362287 0.561531
vt 0.641137 0.177861
vt 0.639763 0.178018
vt 0.621699 0.179048
vt 0.620348 0.179192
vt 0.341474 0.562904
vt 0.360930 0.561675
vt 0.358805 0.561735
vt 0.356090 0.561776
vt 0.342852 0.562743
vt 0.344996 0.562481
vt 0.347717 0.562215
vt 0.626537 0.178954
vt 0.623825 0.178991
vt 0.637619 0.178274
vt 0.634901 0.178533
vt 0.351904 0.561926
vt 0.630719 0.178813
vt 0.640316 0.196697
vt 0.360220 0.542755
vt 0.639183 0.196814
vt 0.623532 0.197841
vt 0.622417 0.197962
vt 0.342305 0.544065
vt 0.359101 0.542878
vt 0.357262 0.542919
vt 0.354895 0.542958
vt 0.343443 0.543944
vt 0.345287 0.543693
vt 0.347646 0.543418
vt 0.627737 0.197769
vt 0.625372 0.197802
vt 0.637339 0.197060
vt 0.634982 0.197328
vt 0.351267 0.543114
vt 0.631363 0.197623
vt 0.361449 0.600531
vt 0.638157 0.138927
vt 0.636822 0.139135
vt 0.622535 0.140142
vt 0.621193 0.140207
vt 0.344464 0.601842
vt 0.360100 0.600595
vt 0.358333 0.600685
vt 0.356210 0.600791
vt 0.345804 0.601629
vt 0.347582 0.601420
vt 0.349718 0.601224
vt 0.626424 0.139950
vt 0.624303 0.140052
vt 0.635043 0.139339
vt 0.632909 0.139530
vt 0.352968 0.600985
vt 0.629662 0.139763
vt 0.633082 0.126188
vt 0.622097 0.127019
vt 0.346826 0.614882
vt 0.348091 0.614713
vt 0.356167 0.614045
vt 0.626474 0.126697
vt 0.631434 0.126322
vt 0.628952 0.126515
vt 0.361457 0.623373
vt 0.635483 0.116188
vt 0.359954 0.623685
vt 0.358384 0.623914
vt 0.356764 0.624057
vt 0.621190 0.117355
vt 0.347172 0.624551
vt 0.348719 0.624600
vt 0.350312 0.624561
vt 0.351938 0.624440
vt 0.625883 0.116673
vt 0.624261 0.116815
vt 0.622688 0.117044
vt 0.633942 0.116137
vt 0.632344 0.116174
vt 0.630715 0.116294
vt 0.354351 0.624229
vt 0.628299 0.116503
vt 0.361428 0.623244
vt 0.635471 0.116321
vt 0.360547 0.613759
vt 0.635801 0.125854
vt 0.360913 0.620399
vt 0.635329 0.119225
vt 0.360580 0.616918
vt 0.635442 0.122725
vt 0.356745 0.623889
vt 0.356481 0.620908
vt 0.356263 0.617293
vt 0.359930 0.623544
vt 0.359273 0.613806
vt 0.359531 0.620603
vt 0.359281 0.617031
vt 0.358362 0.623754
vt 0.357807 0.613913
vt 0.358049 0.620775
vt 0.357838 0.617164
vt 0.351207 0.614429
vt 0.351934 0.624272
vt 0.351527 0.617668
vt 0.351794 0.621280
vt 0.621219 0.117484
vt 0.347184 0.624418
vt 0.622066 0.123820
vt 0.347212 0.618041
vt 0.621734 0.120334
vt 0.347327 0.621522
vt 0.349560 0.614566
vt 0.350312 0.624400
vt 0.349946 0.617796
vt 0.350220 0.621402
vt 0.348724 0.624456
vt 0.348498 0.617914
vt 0.348725 0.621482
vt 0.630719 0.116463
vt 0.631118 0.123082
vt 0.630858 0.119461
vt 0.632344 0.116336
vt 0.632700 0.122959
vt 0.632436 0.119342
vt 0.634553 0.126043
vt 0.633937 0.116282
vt 0.634151 0.122844
vt 0.633933 0.119263
vt 0.625901 0.116840
vt 0.626165 0.119826
vt 0.626380 0.123447
vt 0.622712 0.117186
vt 0.623367 0.126934
vt 0.623110 0.120130
vt 0.623359 0.123707
vt 0.624834 0.126827
vt 0.624282 0.116975
vt 0.624804 0.123574
vt 0.624595 0.119959
vt 0.353689 0.614229
vt 0.354339 0.624062
vt 0.353897 0.617472
vt 0.354137 0.621083
vt 0.628310 0.116670
vt 0.628747 0.123272
vt 0.628511 0.119655
vt 0.269153 0.875227
vt 0.945327 0.118147
vt 0.265652 0.878655
vt 0.494704 0.089746
vt 0.940041 0.118999
vt 0.268683 0.876942
vt 0.943562 0.118304
vt 0.267401 0.878196
vt 0.941795 0.118588
vt 0.265654 0.866539
vt 0.955910 0.117683
vt 0.478826 0.091058
vt 0.269156 0.869969
vt 0.950528 0.117731
vt 0.267403 0.866998
vt 0.954096 0.117580
vt 0.268685 0.868253
vt 0.952300 0.117600
vt 0.262162 0.875223
vt 0.489320 0.089791
vt 0.263914 0.878194
vt 0.492897 0.089642
vt 0.262632 0.876938
vt 0.491097 0.089660
vt 0.262164 0.869967
vt 0.484111 0.090205
vt 0.262635 0.868253
vt 0.482343 0.090362
vt 0.263917 0.866998
vt 0.480573 0.090648
vt 0.949426 0.240091
vt 0.496874 0.211401
vt 0.496313 0.211409
vt 0.488802 0.212048
vt 0.958054 0.239319
vt 0.488250 0.212141
vt 0.949980 0.239997
vt 0.950881 0.239928
vt 0.952019 0.239858
vt 0.957490 0.239327
vt 0.956588 0.239420
vt 0.955455 0.239553
vt 0.490843 0.211917
vt 0.489704 0.211982
vt 0.495412 0.211498
vt 0.494279 0.211625
vt 0.941723 0.138235
vt 0.495495 0.109104
vt 0.943654 0.212171
vt 0.498599 0.183016
vt 0.940408 0.154442
vt 0.498297 0.125181
vt 0.939718 0.174798
vt 0.500010 0.145518
vt 0.499588 0.166169
vt 0.941194 0.195425
vt 0.497599 0.183118
vt 0.494213 0.109285
vt 0.498332 0.166306
vt 0.498577 0.145700
vt 0.496911 0.125396
vt 0.481800 0.110241
vt 0.483441 0.184123
vt 0.480582 0.126439
vt 0.479919 0.146735
vt 0.481218 0.167350
vt 0.959812 0.210922
vt 0.482454 0.184225
vt 0.480509 0.110313
vt 0.956726 0.137001
vt 0.960817 0.194072
vt 0.479985 0.167483
vt 0.478504 0.146862
vt 0.961249 0.173417
vt 0.479194 0.126514
vt 0.959535 0.153077
vt 0.943019 0.138163
vt 0.944645 0.212069
vt 0.941802 0.154369
vt 0.941138 0.174672
vt 0.942432 0.195292
vt 0.944598 0.138060
vt 0.946309 0.212036
vt 0.943767 0.154288
vt 0.943331 0.174610
vt 0.944438 0.195245
vt 0.946432 0.137940
vt 0.948456 0.211997
vt 0.946203 0.154197
vt 0.946132 0.174560
vt 0.947020 0.195208
vt 0.958807 0.211028
vt 0.955438 0.137187
vt 0.959557 0.194212
vt 0.959813 0.173604
vt 0.958145 0.153297
vt 0.957144 0.211267
vt 0.953853 0.137361
vt 0.957539 0.194474
vt 0.957601 0.173866
vt 0.956163 0.153531
vt 0.955010 0.211537
vt 0.952010 0.137526
vt 0.954959 0.194752
vt 0.954791 0.174123
vt 0.953708 0.153751
vt 0.485212 0.110020
vt 0.487252 0.184059
vt 0.484981 0.126271
vt 0.484911 0.146629
vt 0.485805 0.167273
vt 0.485105 0.184094
vt 0.483379 0.110137
vt 0.483224 0.167305
vt 0.482113 0.146675
vt 0.482548 0.126359
vt 0.495937 0.183353
vt 0.492628 0.109455
vt 0.496315 0.166562
vt 0.496365 0.145956
vt 0.494928 0.125625
vt 0.493803 0.183617
vt 0.490786 0.109616
vt 0.493737 0.166834
vt 0.493557 0.146207
vt 0.492476 0.125840
vt 0.496628 0.212588
vt 0.949872 0.241218
vt 0.496115 0.213732
vt 0.950574 0.242258
vt 0.496089 0.212528
vt 0.495787 0.213646
vt 0.489215 0.213115
vt 0.489706 0.214168
vt 0.957807 0.240507
vt 0.488697 0.213269
vt 0.955272 0.243384
vt 0.491688 0.215664
vt 0.956410 0.242663
vt 0.490442 0.215152
vt 0.957292 0.241655
vt 0.489400 0.214310
vt 0.950391 0.241063
vt 0.950882 0.242114
vt 0.495235 0.214737
vt 0.951615 0.243095
vt 0.951212 0.240976
vt 0.951543 0.242029
vt 0.951961 0.242888
vt 0.952245 0.240914
vt 0.952462 0.241969
vt 0.952658 0.242852
vt 0.957266 0.240448
vt 0.956033 0.242519
vt 0.956962 0.241568
vt 0.956440 0.240509
vt 0.956296 0.241602
vt 0.955412 0.240632
vt 0.955352 0.242651
vt 0.955378 0.241708
vt 0.491070 0.212974
vt 0.491290 0.214030
vt 0.491480 0.214955
vt 0.953968 0.243736
vt 0.493033 0.215783
vt 0.490036 0.213031
vt 0.490787 0.214943
vt 0.490368 0.214085
vt 0.495265 0.212585
vt 0.494859 0.214594
vt 0.495121 0.213677
vt 0.494237 0.212703
vt 0.952854 0.243612
vt 0.494107 0.215464
vt 0.494166 0.214680
vt 0.494205 0.213778
vt 0.269156 0.872598
vt 0.947929 0.117973
vt 0.953739 0.239734
vt 0.949217 0.137743
vt 0.949950 0.154010
vt 0.950458 0.174402
vt 0.950991 0.195057
vt 0.951737 0.211839
vt 0.953831 0.240807
vt 0.953923 0.241884
vt 0.953999 0.242795
vt 0.262162 0.872595
vt 0.486718 0.090032
vt 0.492564 0.211800
vt 0.487996 0.109828
vt 0.488723 0.126090
vt 0.489231 0.146479
vt 0.489773 0.167130
vt 0.490532 0.183910
vt 0.492657 0.212872
vt 0.492752 0.213949
vt 0.492837 0.214859
vt 0.496588 0.205250
vt 0.496831 0.198391
vt 0.497155 0.190976
vt 0.945164 0.219951
vt 0.498028 0.190893
vt 0.946635 0.227269
vt 0.497585 0.198322
vt 0.948040 0.234027
vt 0.497237 0.205200
vt 0.946031 0.219860
vt 0.947386 0.227192
vt 0.948687 0.233955
vt 0.495512 0.205397
vt 0.495579 0.198572
vt 0.495706 0.191186
vt 0.958425 0.233114
vt 0.486858 0.206076
vt 0.958781 0.226233
vt 0.485447 0.199319
vt 0.959232 0.218801
vt 0.483970 0.192003
vt 0.484833 0.191913
vt 0.486195 0.199243
vt 0.487503 0.206006
vt 0.486288 0.191884
vt 0.487455 0.199213
vt 0.488584 0.205968
vt 0.957772 0.233165
vt 0.958023 0.226303
vt 0.958355 0.218887
vt 0.947486 0.219828
vt 0.948646 0.227158
vt 0.949768 0.233914
vt 0.949357 0.219785
vt 0.950260 0.227111
vt 0.951146 0.233859
vt 0.955049 0.219350
vt 0.955167 0.226709
vt 0.955328 0.233499
vt 0.956696 0.233316
vt 0.956770 0.226490
vt 0.956905 0.219102
vt 0.488159 0.191846
vt 0.489070 0.199171
vt 0.489962 0.205918
vt 0.493850 0.191428
vt 0.493977 0.198786
vt 0.494145 0.205574
vt 0.952207 0.219630
vt 0.952718 0.226963
vt 0.953240 0.233719
vt 0.491009 0.191700
vt 0.491528 0.199031
vt 0.492057 0.205786
vt 0.939884 0.164514
vt 0.499399 0.135237
vt 0.497966 0.135444
vt 0.480098 0.136481
vt 0.478671 0.136582
vt 0.960639 0.163134
vt 0.941318 0.164415
vt 0.943438 0.164341
vt 0.946110 0.164271
vt 0.959202 0.163346
vt 0.957060 0.163598
vt 0.954371 0.163835
vt 0.484889 0.136343
vt 0.482220 0.136409
vt 0.495823 0.135690
vt 0.493136 0.135922
vt 0.950235 0.164101
vt 0.489007 0.136180
vt 0.499883 0.155894
vt 0.940305 0.185169
vt 0.498509 0.156051
vt 0.480445 0.157086
vt 0.961119 0.183795
vt 0.479094 0.157230
vt 0.941662 0.185025
vt 0.943788 0.184965
vt 0.946502 0.184923
vt 0.959740 0.183956
vt 0.957597 0.184219
vt 0.954876 0.184485
vt 0.485283 0.156990
vt 0.482571 0.157028
vt 0.496365 0.156308
vt 0.493647 0.156568
vt 0.950688 0.184773
vt 0.489465 0.156848
vt 0.942373 0.203944
vt 0.499066 0.174729
vt 0.497934 0.174847
vt 0.482283 0.175878
vt 0.960288 0.202634
vt 0.481168 0.176000
vt 0.943492 0.203822
vt 0.945332 0.203780
vt 0.947698 0.203741
vt 0.959150 0.202755
vt 0.957306 0.203007
vt 0.954947 0.203282
vt 0.486488 0.175805
vt 0.484123 0.175839
vt 0.496090 0.175093
vt 0.493733 0.175362
vt 0.951326 0.203586
vt 0.490114 0.175658
vt 0.941143 0.146168
vt 0.496892 0.116960
vt 0.495558 0.117169
vt 0.481271 0.118179
vt 0.479929 0.118244
vt 0.958128 0.144857
vt 0.942491 0.146105
vt 0.944259 0.146014
vt 0.946382 0.145908
vt 0.956788 0.145070
vt 0.955010 0.145279
vt 0.952874 0.145475
vt 0.485160 0.117986
vt 0.483039 0.118089
vt 0.493779 0.117373
vt 0.491644 0.117564
vt 0.949624 0.145715
vt 0.488397 0.117798
vt 0.491814 0.104223
vt 0.480830 0.105057
vt 0.955765 0.131817
vt 0.954500 0.131986
vt 0.946424 0.132654
vt 0.485207 0.104734
vt 0.490166 0.104357
vt 0.487684 0.104551
vt 0.494213 0.094222
vt 0.941134 0.123327
vt 0.942637 0.123015
vt 0.944207 0.122786
vt 0.945827 0.122643
vt 0.955419 0.122148
vt 0.479920 0.095393
vt 0.953872 0.122099
vt 0.952279 0.122138
vt 0.950653 0.122259
vt 0.484613 0.094709
vt 0.482990 0.094852
vt 0.481418 0.095082
vt 0.492671 0.094172
vt 0.491074 0.094209
vt 0.489445 0.094329
vt 0.948240 0.122471
vt 0.487029 0.094539
vt 0.494201 0.094355
vt 0.941162 0.123456
vt 0.942044 0.132940
vt 0.494533 0.103888
vt 0.494059 0.097259
vt 0.941679 0.126301
vt 0.942011 0.129782
vt 0.494174 0.100759
vt 0.945846 0.122810
vt 0.946110 0.125791
vt 0.946328 0.129406
vt 0.942661 0.123156
vt 0.943319 0.132893
vt 0.943060 0.126097
vt 0.943310 0.129669
vt 0.944229 0.122946
vt 0.944784 0.132786
vt 0.944542 0.125925
vt 0.944753 0.129535
vt 0.951384 0.132271
vt 0.950657 0.122428
vt 0.951064 0.129031
vt 0.950798 0.125419
vt 0.955407 0.122281
vt 0.479949 0.095522
vt 0.480798 0.101858
vt 0.955379 0.128659
vt 0.955264 0.125177
vt 0.480465 0.098372
vt 0.953031 0.132134
vt 0.952279 0.122300
vt 0.952645 0.128904
vt 0.952371 0.125297
vt 0.953867 0.122243
vt 0.954093 0.128785
vt 0.953866 0.125217
vt 0.489449 0.094498
vt 0.489849 0.101117
vt 0.489589 0.097496
vt 0.491074 0.094371
vt 0.491432 0.100994
vt 0.491166 0.097377
vt 0.493285 0.104077
vt 0.492667 0.094316
vt 0.492882 0.100878
vt 0.492664 0.097298
vt 0.484631 0.094877
vt 0.484896 0.097863
vt 0.485112 0.101483
vt 0.481442 0.095223
vt 0.482099 0.104971
vt 0.481841 0.098168
vt 0.482090 0.101744
vt 0.483566 0.104864
vt 0.483012 0.095012
vt 0.483536 0.101611
vt 0.483326 0.097996
vt 0.948902 0.132470
vt 0.948252 0.122638
vt 0.948694 0.129227
vt 0.948454 0.125616
vt 0.487040 0.094706
vt 0.487478 0.101308
vt 0.487241 0.097691
vt 0.853508 0.636542
vt 0.478455 0.939111
vt 0.649387 0.237669
vt 0.858794 0.635690
vt 0.474956 0.942542
vt 0.855274 0.636385
vt 0.477985 0.940827
vt 0.857040 0.636101
vt 0.476705 0.942082
vt 0.842925 0.637005
vt 0.665265 0.236357
vt 0.474948 0.930426
vt 0.848307 0.636957
vt 0.478453 0.933854
vt 0.844739 0.637108
vt 0.476698 0.930884
vt 0.846535 0.637089
vt 0.477981 0.932138
vt 0.654771 0.237624
vt 0.471464 0.939113
vt 0.651194 0.237773
vt 0.473218 0.942083
vt 0.652995 0.237755
vt 0.471935 0.940829
vt 0.659980 0.237210
vt 0.471461 0.933858
vt 0.661748 0.237053
vt 0.471931 0.932143
vt 0.663518 0.236767
vt 0.473211 0.930887
vt 0.849413 0.514597
vt 0.647216 0.116014
vt 0.647777 0.116006
vt 0.655289 0.115367
vt 0.840785 0.515369
vt 0.655840 0.115274
vt 0.848859 0.514691
vt 0.847958 0.514761
vt 0.846820 0.514830
vt 0.841349 0.515361
vt 0.842251 0.515268
vt 0.843384 0.515136
vt 0.653248 0.115498
vt 0.654386 0.115433
vt 0.648679 0.115917
vt 0.649811 0.115790
vt 0.857113 0.616454
vt 0.648597 0.218311
vt 0.855184 0.542517
vt 0.645492 0.144399
vt 0.858428 0.600246
vt 0.645794 0.202234
vt 0.859119 0.579891
vt 0.644081 0.181897
vt 0.644503 0.161246
vt 0.857644 0.559264
vt 0.646492 0.144297
vt 0.649878 0.218130
vt 0.645758 0.161110
vt 0.645514 0.181715
vt 0.647180 0.202019
vt 0.662291 0.217174
vt 0.660650 0.143292
vt 0.663509 0.200976
vt 0.664172 0.180680
vt 0.662872 0.160065
vt 0.839026 0.543766
vt 0.661637 0.143190
vt 0.663582 0.217102
vt 0.842110 0.617687
vt 0.838021 0.560616
vt 0.664105 0.159932
vt 0.665587 0.180553
vt 0.837588 0.581271
vt 0.664897 0.200900
vt 0.839302 0.601611
vt 0.855816 0.616525
vt 0.854194 0.542619
vt 0.857034 0.600320
vt 0.857699 0.580017
vt 0.856406 0.559397
vt 0.854238 0.616629
vt 0.852529 0.542652
vt 0.855069 0.600401
vt 0.855506 0.580079
vt 0.854400 0.559444
vt 0.852404 0.616749
vt 0.850383 0.542692
vt 0.852633 0.600492
vt 0.852705 0.580129
vt 0.851818 0.559481
vt 0.840031 0.543661
vt 0.843398 0.617501
vt 0.839281 0.560476
vt 0.839024 0.581084
vt 0.840691 0.601391
vt 0.841694 0.543421
vt 0.844982 0.617327
vt 0.841299 0.560214
vt 0.841236 0.580822
vt 0.842674 0.601157
vt 0.843828 0.543151
vt 0.846826 0.617162
vt 0.843879 0.559936
vt 0.844046 0.580566
vt 0.845128 0.600938
vt 0.658880 0.217395
vt 0.656839 0.143356
vt 0.659110 0.201144
vt 0.659180 0.180786
vt 0.658286 0.160142
vt 0.658985 0.143321
vt 0.660712 0.217278
vt 0.660866 0.160110
vt 0.661978 0.180740
vt 0.661543 0.201056
vt 0.648154 0.144062
vt 0.651463 0.217960
vt 0.647776 0.160853
vt 0.647726 0.181459
vt 0.649163 0.201790
vt 0.650288 0.143798
vt 0.653305 0.217799
vt 0.650354 0.160581
vt 0.650534 0.181208
vt 0.651616 0.201575
vt 0.647463 0.114827
vt 0.848967 0.513470
vt 0.647976 0.113683
vt 0.848265 0.512430
vt 0.648001 0.114888
vt 0.648303 0.113769
vt 0.654876 0.114300
vt 0.654384 0.113247
vt 0.841032 0.514181
vt 0.655393 0.114146
vt 0.652403 0.111751
vt 0.843567 0.511304
vt 0.842429 0.512025
vt 0.653649 0.112263
vt 0.841547 0.513033
vt 0.654691 0.113105
vt 0.848448 0.513626
vt 0.847957 0.512574
vt 0.648855 0.112678
vt 0.847224 0.511593
vt 0.847627 0.513712
vt 0.847296 0.512660
vt 0.846879 0.511801
vt 0.846594 0.513774
vt 0.846377 0.512720
vt 0.846181 0.511836
vt 0.841574 0.514240
vt 0.842806 0.512170
vt 0.841877 0.513120
vt 0.842399 0.514179
vt 0.842544 0.513086
vt 0.843427 0.514057
vt 0.843487 0.512037
vt 0.843461 0.512980
vt 0.653020 0.114441
vt 0.652801 0.113385
vt 0.652610 0.112460
vt 0.844872 0.510952
vt 0.651057 0.111632
vt 0.654054 0.114384
vt 0.653304 0.112472
vt 0.653723 0.113330
vt 0.648825 0.114830
vt 0.649232 0.112821
vt 0.648970 0.113738
vt 0.649853 0.114712
vt 0.649984 0.111952
vt 0.845985 0.511076
vt 0.649925 0.112735
vt 0.649885 0.113638
vt 0.850906 0.636715
vt 0.478455 0.936483
vt 0.845100 0.514954
vt 0.849618 0.616946
vt 0.848886 0.600679
vt 0.848379 0.580286
vt 0.847847 0.559631
vt 0.847101 0.542850
vt 0.845008 0.513881
vt 0.844916 0.512804
vt 0.844840 0.511893
vt 0.657373 0.237383
vt 0.471461 0.936485
vt 0.651527 0.115615
vt 0.656096 0.217588
vt 0.655368 0.201325
vt 0.654860 0.180936
vt 0.654318 0.160285
vt 0.653558 0.143505
vt 0.651433 0.114543
vt 0.651338 0.113466
vt 0.651254 0.112556
vt 0.647503 0.122165
vt 0.647260 0.129025
vt 0.646936 0.136439
vt 0.853674 0.534737
vt 0.646063 0.136523
vt 0.852204 0.527419
vt 0.646506 0.129093
vt 0.850799 0.520662
vt 0.646853 0.122215
vt 0.852808 0.534828
vt 0.851453 0.527496
vt 0.850152 0.520733
vt 0.648578 0.122018
vt 0.648512 0.128843
vt 0.648385 0.136229
vt 0.840414 0.521574
vt 0.657232 0.121339
vt 0.840058 0.528455
vt 0.658643 0.128096
vt 0.839606 0.535887
vt 0.660121 0.135412
vt 0.659257 0.135502
vt 0.657895 0.128172
vt 0.656588 0.121409
vt 0.657802 0.135531
vt 0.656636 0.128202
vt 0.655506 0.121447
vt 0.841067 0.521523
vt 0.840816 0.528385
vt 0.840483 0.535801
vt 0.851352 0.534860
vt 0.850193 0.527530
vt 0.849071 0.520774
vt 0.849482 0.534904
vt 0.848578 0.527578
vt 0.847693 0.520829
vt 0.843790 0.535338
vt 0.843671 0.527979
vt 0.843511 0.521189
vt 0.842143 0.521372
vt 0.842069 0.528199
vt 0.841933 0.535586
vt 0.655932 0.135569
vt 0.655021 0.128244
vt 0.654128 0.121497
vt 0.650241 0.135987
vt 0.650114 0.128629
vt 0.649945 0.121841
vt 0.846631 0.535058
vt 0.846120 0.527726
vt 0.845599 0.520970
vt 0.653081 0.135715
vt 0.652563 0.128384
vt 0.652033 0.121629
vt 0.858952 0.590174
vt 0.644692 0.192178
vt 0.646125 0.191972
vt 0.663993 0.190934
vt 0.665420 0.190833
vt 0.838197 0.591554
vt 0.857519 0.590274
vt 0.855398 0.590347
vt 0.852726 0.590418
vt 0.839635 0.591342
vt 0.841776 0.591090
vt 0.844466 0.590853
vt 0.659202 0.191072
vt 0.661871 0.191006
vt 0.648268 0.191725
vt 0.650955 0.191493
vt 0.848601 0.590587
vt 0.655084 0.191235
vt 0.644208 0.171521
vt 0.858532 0.569520
vt 0.645582 0.171364
vt 0.663646 0.170329
vt 0.837718 0.570893
vt 0.664997 0.170185
vt 0.857175 0.569664
vt 0.855049 0.569724
vt 0.852335 0.569765
vt 0.839097 0.570732
vt 0.841241 0.570469
vt 0.843961 0.570203
vt 0.658807 0.170425
vt 0.661520 0.170387
vt 0.647725 0.171107
vt 0.650444 0.170847
vt 0.848149 0.569915
vt 0.654626 0.170567
vt 0.856465 0.550744
vt 0.645024 0.152686
vt 0.646157 0.152568
vt 0.661808 0.151537
vt 0.838550 0.552054
vt 0.662922 0.151415
vt 0.855346 0.550867
vt 0.853506 0.550908
vt 0.851140 0.550947
vt 0.839688 0.551933
vt 0.841532 0.551682
vt 0.843890 0.551406
vt 0.657603 0.151610
vt 0.659968 0.151576
vt 0.648001 0.152322
vt 0.650358 0.152053
vt 0.847512 0.551103
vt 0.653977 0.151757
vt 0.857693 0.608520
vt 0.647199 0.210454
vt 0.648534 0.210246
vt 0.662820 0.209235
vt 0.664162 0.209170
vt 0.840708 0.609831
vt 0.856345 0.608584
vt 0.854577 0.608674
vt 0.852454 0.608780
vt 0.842048 0.609618
vt 0.843826 0.609409
vt 0.845962 0.609213
vt 0.658931 0.209429
vt 0.661052 0.209325
vt 0.650312 0.210042
vt 0.652447 0.209850
vt 0.849212 0.608974
vt 0.655694 0.209617
vt 0.652277 0.223192
vt 0.663261 0.222358
vt 0.843070 0.622871
vt 0.844336 0.622702
vt 0.852411 0.622034
vt 0.658885 0.222681
vt 0.653925 0.223058
vt 0.656407 0.222864
vt 0.649879 0.233193
vt 0.857702 0.631362
vt 0.856198 0.631674
vt 0.854628 0.631903
vt 0.853008 0.632046
vt 0.843417 0.632540
vt 0.664171 0.232022
vt 0.844963 0.632589
vt 0.846557 0.632550
vt 0.848183 0.632429
vt 0.659479 0.232706
vt 0.661101 0.232563
vt 0.662674 0.232334
vt 0.651420 0.233243
vt 0.653017 0.233206
vt 0.654647 0.233086
vt 0.850595 0.632218
vt 0.657062 0.232876
vt 0.649890 0.233060
vt 0.857673 0.631233
vt 0.856791 0.621748
vt 0.649558 0.223527
vt 0.650032 0.230156
vt 0.857157 0.628388
vt 0.856824 0.624907
vt 0.649918 0.226656
vt 0.852989 0.631878
vt 0.852725 0.628897
vt 0.852507 0.625282
vt 0.856174 0.631533
vt 0.855517 0.621795
vt 0.855775 0.628592
vt 0.855526 0.625020
vt 0.854606 0.631743
vt 0.854052 0.621902
vt 0.854293 0.628764
vt 0.854082 0.625153
vt 0.847452 0.622418
vt 0.848178 0.632261
vt 0.847772 0.625657
vt 0.848038 0.629269
vt 0.843428 0.632407
vt 0.664143 0.231893
vt 0.663293 0.225557
vt 0.843456 0.626030
vt 0.843571 0.629511
vt 0.663626 0.229043
vt 0.845804 0.622555
vt 0.846556 0.632389
vt 0.846190 0.625784
vt 0.846464 0.629391
vt 0.844968 0.632445
vt 0.844743 0.625903
vt 0.844969 0.629471
vt 0.654642 0.232917
vt 0.654242 0.226298
vt 0.654502 0.229919
vt 0.653017 0.233044
vt 0.652660 0.226421
vt 0.652925 0.230038
vt 0.650806 0.223338
vt 0.651425 0.233099
vt 0.651209 0.226537
vt 0.651427 0.230117
vt 0.659460 0.232538
vt 0.659196 0.229552
vt 0.658980 0.225932
vt 0.662650 0.232192
vt 0.661992 0.222444
vt 0.662250 0.229247
vt 0.662001 0.225671
vt 0.660525 0.222551
vt 0.661080 0.232403
vt 0.660555 0.225804
vt 0.660765 0.229419
vt 0.849934 0.622218
vt 0.850584 0.632051
vt 0.850142 0.625461
vt 0.850382 0.629072
vt 0.657051 0.232709
vt 0.656613 0.226107
vt 0.656850 0.229724
vn -0.989469 0.125110 -0.072796
vn -0.992142 0.124196 0.015130
vn -0.991974 0.123909 0.025167
vn -0.000043 -0.999992 -0.004119
vn -0.000030 -0.999996 -0.002971
vn -0.000031 -0.999996 -0.002970
vn 0.989547 0.124465 0.072838
vn 0.992224 0.123552 -0.015076
vn 0.992058 0.123258 -0.025086
vn 0.486134 0.145556 -0.861677
vn 0.241122 0.136606 -0.960832
vn 0.242858 0.135697 -0.960524
vn 0.847564 0.145089 -0.510475
vn 0.478271 0.143360 -0.866432
vn 0.856545 0.147497 -0.494545
vn 0.983593 0.135285 -0.119346
vn 0.535305 0.141545 0.832714
vn 0.294200 0.061036 0.953793
vn 0.282935 0.134579 0.949651
vn -0.986431 0.105172 0.126068
vn -0.984083 0.132793 0.118095
vn -0.554825 -0.074474 0.828627
vn -0.889202 -0.017262 0.457189
vn -0.887042 -0.014492 0.461462
vn 0.939616 0.060313 -0.336875
vn 0.993724 0.107247 0.031802
vn 0.995477 0.088744 0.033924
vn -0.377330 0.045065 0.924982
vn -0.549510 0.030450 0.834932
vn -0.390787 0.048112 0.919223
vn 0.376709 0.044622 -0.925256
vn 0.549256 0.029743 -0.835125
vn 0.390298 0.047407 -0.919467
vn -0.368401 0.116141 -0.922384
vn 0.026092 0.080687 -0.996398
vn -0.342450 0.104322 -0.933726
vn 0.750998 0.029012 -0.659667
vn 0.933653 0.074355 -0.350376
vn 0.009663 0.085800 -0.996266
vn -0.617011 0.021070 0.786672
vn -0.740401 0.035139 0.671247
vn -0.750464 0.029694 0.660244
vn -0.011987 0.086007 0.996223
vn -0.028224 0.081181 0.996300
vn 0.365568 0.116209 0.923502
vn 0.339384 0.104630 0.934811
vn 0.580599 0.022830 -0.813870
vn 0.605637 0.020523 -0.795476
vn 0.617358 0.020376 -0.786418
vn -0.580546 0.023534 0.813887
vn -0.605430 0.020968 0.795622
vn -0.932918 0.074619 0.352274
vn -0.938711 0.060762 0.339307
vn 0.740683 0.034685 -0.670959
vn 0.261971 -0.108960 -0.958905
vn 0.571499 -0.077754 -0.816911
vn 0.552255 -0.075862 -0.830216
vn -0.964553 -0.065844 -0.255545
vn -0.667943 -0.098943 -0.737606
vn -0.944038 -0.049015 -0.326174
vn 0.889094 -0.018816 -0.457338
vn 0.886976 -0.015812 -0.461546
vn -0.998810 -0.025096 0.041824
vn -0.999945 -0.010343 -0.001805
vn 0.983245 0.001912 -0.182278
vn 0.987891 0.010230 -0.154813
vn 0.994541 -0.006987 -0.104113
vn 0.999929 -0.011765 0.001851
vn 0.997479 0.004691 -0.070805
vn 0.727290 -0.118299 0.676058
vn 0.403889 -0.123942 0.906373
vn 0.664597 -0.102298 0.740166
vn -0.994548 -0.005339 0.104140
vn -0.997470 0.006108 0.070823
vn 0.964401 -0.067434 0.255700
vn 0.943956 -0.050372 0.326205
vn 0.998770 -0.026760 -0.041734
vn -0.729218 -0.117031 -0.674200
vn -0.403103 -0.118140 -0.907497
vn -0.983249 0.003552 0.182232
vn -0.987881 0.011621 0.154777
vn -0.265888 -0.108695 0.957857
vn -0.574308 -0.076255 0.815080
vn -0.967210 0.042012 -0.250480
vn -0.999642 -0.007754 0.025619
vn -0.992307 0.013369 0.123075
vn -0.886887 -0.010047 -0.461878
vn -0.971153 -0.058765 -0.231105
vn -0.993661 -0.031265 -0.107985
vn -0.740884 -0.091817 -0.665327
vn -0.871549 -0.122383 -0.474790
vn -0.929202 -0.091678 -0.358021
vn -0.472236 -0.137456 -0.870689
vn -0.806326 -0.120718 -0.579021
vn -0.561951 -0.140171 -0.815207
vn -0.278142 0.105496 0.954729
vn 0.158267 0.113667 0.980832
vn -0.211419 0.109653 0.971225
vn -0.354422 0.092032 0.930545
vn -0.086209 0.041671 0.995405
vn 0.014625 0.080385 0.996657
vn -0.509302 0.018869 0.860381
vn -0.233261 -0.061477 0.970469
vn -0.166450 -0.012977 0.985965
vn -0.575726 -0.058632 0.815538
vn -0.270992 -0.112145 0.956027
vn -0.257772 -0.099949 0.961022
vn 0.274926 0.103792 -0.955847
vn -0.163157 0.112544 -0.980160
vn 0.208452 0.108119 -0.972038
vn 0.351046 0.090224 -0.932001
vn 0.079625 0.040108 -0.996018
vn -0.020695 0.078959 -0.996663
vn 0.506016 0.016903 -0.862359
vn 0.227471 -0.063040 -0.971742
vn 0.160010 -0.014599 -0.987008
vn 0.572993 -0.060334 -0.817337
vn 0.266894 -0.113161 -0.957059
vn 0.252824 -0.101206 -0.962204
vn 0.618085 0.086017 -0.781391
vn 0.557736 0.084249 -0.825732
vn 0.756413 0.076860 -0.649563
vn 0.687223 0.081732 -0.721834
vn 0.814436 0.042377 -0.578704
vn 0.560461 -0.025962 -0.827774
vn 0.879193 -0.004694 -0.476442
vn 0.756891 0.056797 -0.651069
vn 0.701642 0.056032 -0.710323
vn 0.870510 0.048800 -0.489726
vn 0.813746 0.064794 -0.577597
vn 0.919304 0.030320 -0.392379
vn 0.858634 0.016569 -0.512322
vn 0.971898 0.008309 -0.235256
vn 0.965933 0.041286 0.255476
vn 0.999709 -0.009337 -0.022251
vn 0.992722 0.011929 -0.119835
vn 0.884094 -0.010807 0.467185
vn 0.970169 -0.060474 0.234764
vn 0.993213 -0.032906 0.111558
vn 0.736583 -0.092759 0.669956
vn 0.869655 -0.124047 0.477821
vn 0.927691 -0.093436 0.361469
vn 0.468594 -0.138180 0.872540
vn 0.804278 -0.122258 0.581541
vn 0.557811 -0.141044 0.817896
vn 0.914395 -0.022285 -0.404210
vn 0.873884 -0.008149 -0.486066
vn 0.982483 -0.057284 -0.177327
vn 0.955641 -0.040562 -0.291729
vn 0.994496 -0.088562 0.055982
vn 0.995626 -0.072813 -0.058540
vn 0.984733 -0.073906 0.157604
vn 0.816495 -0.004839 -0.577332
vn 0.764046 0.002974 -0.645155
vn 0.922688 -0.031135 -0.384287
vn 0.874371 -0.018456 -0.484906
vn 0.982409 -0.046548 -0.180848
vn 0.958806 -0.040035 -0.281227
vn 0.993848 -0.041275 -0.102773
vn -0.757094 0.059004 0.650636
vn -0.558358 0.086174 0.825113
vn -0.701890 0.058047 0.709916
vn -0.870585 0.051136 0.489354
vn -0.687698 0.083898 0.721133
vn -0.813846 0.067097 0.577193
vn -0.919349 0.032586 0.392092
vn -0.858833 0.018583 0.511918
vn -0.814725 0.044515 0.578136
vn -0.971908 0.010184 0.235142
vn -0.879346 -0.002909 0.476175
vn -0.618674 0.088107 0.780692
vn -0.756776 0.079028 0.648879
vn -0.563439 -0.024036 0.825808
vn -0.914032 -0.020107 0.405142
vn -0.873392 -0.006172 0.486979
vn -0.982462 -0.054963 0.178176
vn -0.955455 -0.038273 0.292645
vn -0.994704 -0.086493 -0.055516
vn -0.995749 -0.070557 0.059217
vn -0.984913 -0.072061 -0.157330
vn -0.816175 -0.002577 0.577799
vn -0.763669 0.005020 0.645588
vn -0.922580 -0.028708 0.384738
vn -0.874153 -0.016062 0.485384
vn -0.981347 -0.050027 0.185621
vn -0.958795 -0.037692 0.281588
vn -0.993330 -0.031421 0.110944
vn 0.985505 -0.014175 -0.169054
vn 0.940459 -0.003202 -0.339893
vn 0.841383 0.025782 -0.539824
vn 0.722940 0.027701 -0.690355
vn 0.714413 0.010105 -0.699651
vn -0.970151 -0.012840 0.242160
vn -0.986604 -0.005733 0.163030
vn -0.940450 -0.000879 0.339932
vn -0.841289 0.028161 0.539851
vn -0.722871 0.029771 0.690341
vn -0.714004 0.011878 0.700041
vn -0.993820 0.107381 -0.028118
vn -0.995577 0.088985 -0.030139
vn -0.384510 0.278987 -0.879954
vn 0.570348 0.019861 -0.821163
vn 0.605596 0.111453 -0.787929
vn 0.925780 0.221912 -0.306081
vn -0.031571 0.227194 -0.973338
vn -0.746564 0.145929 0.649112
vn 0.747398 0.145661 -0.648212
vn -0.349279 0.150546 0.924846
vn -0.538256 0.025199 0.842405
vn 0.462119 0.414532 -0.783971
vn 0.560643 0.236314 -0.793622
vn 0.508301 0.239839 -0.827108
vn -0.570300 0.020309 0.821186
vn -0.604896 0.111736 0.788426
vn 0.030290 0.226885 0.973450
vn 0.959914 0.274396 0.057201
vn -0.924788 0.221991 0.309010
vn 0.382384 0.278453 0.881049
vn 0.349493 0.150351 -0.924797
vn 0.537958 0.024749 -0.842608
vn -0.769380 0.625807 0.128142
vn -0.878144 0.475333 -0.054057
vn -0.851057 0.434253 0.295170
vn 0.152783 0.625865 0.764820
vn 0.021453 0.436589 0.899405
vn 0.357714 0.477020 0.802803
vn -0.150880 0.626839 -0.764400
vn -0.021690 0.437502 -0.898956
vn -0.358942 0.478099 -0.801612
vn 0.382075 0.599884 -0.702963
vn 0.128785 0.541333 -0.830887
vn 0.308994 0.327263 -0.892985
vn 0.526649 0.114370 -0.842354
vn -0.502987 0.377810 0.777344
vn -0.520812 0.602345 0.604926
vn -0.570038 0.415052 0.709075
vn 0.554990 0.547188 -0.626556
vn 0.771189 0.624230 -0.124919
vn 0.713159 0.544323 -0.441719
vn 0.878280 0.474576 0.058319
vn 0.852401 0.434016 -0.291620
vn 0.730671 0.324578 -0.600640
vn 0.586253 0.267515 -0.764686
vn 0.559945 0.407627 -0.721319
vn -0.163149 0.545727 0.821927
vn -0.389128 0.550465 0.738625
vn -0.476892 0.409623 0.777678
vn 0.566051 0.110124 -0.816982
vn -0.509517 0.269291 0.817236
vn -0.526398 0.114531 0.842489
vn -0.307849 0.327379 0.893338
vn -0.732467 0.540784 0.413576
vn -0.729325 0.324687 0.602216
vn -0.595452 0.238334 0.767225
vn -0.565564 0.110338 0.817290
vn -0.544314 0.236451 0.804869
vn 0.650906 0.050386 -0.757484
vn -0.960087 0.274580 -0.053289
vn 0.549394 0.375618 -0.746376
vn 0.898518 0.006656 -0.438886
vn 0.969384 -0.010167 -0.245340
vn 0.984174 0.132136 -0.118071
vn -0.651195 0.052151 0.757117
vn -0.898480 0.009060 0.438922
vn -0.983494 0.135948 0.119408
vn -0.607473 0.044299 0.793104
vn -0.674063 0.029879 0.738070
vn -0.573034 0.037067 0.818693
vn -0.632827 0.027835 0.773793
vn -0.601292 0.025959 0.798608
vn 0.607174 0.042849 -0.793413
vn 0.674127 0.028079 -0.738082
vn 0.572749 0.035975 -0.818941
vn 0.632882 0.026364 -0.773799
vn 0.601345 0.024859 -0.798603
vn -0.976695 0.031715 0.212278
vn -0.991775 0.079918 -0.099972
vn -0.985199 0.060523 -0.160372
vn -0.960710 0.047027 0.273542
vn -0.994934 0.083908 -0.055363
vn -0.947228 0.053967 0.315987
vn 0.796280 0.015588 -0.604728
vn 0.831750 0.005430 -0.555124
vn 0.672172 0.014442 -0.740254
vn 0.768659 0.022994 -0.639245
vn 0.639283 0.018124 -0.768758
vn -0.831171 0.007147 0.555972
vn -0.795682 0.016997 0.605477
vn -0.768080 0.024054 0.639902
vn -0.671770 0.015890 0.740589
vn -0.638904 0.019207 0.769047
vn 0.265367 0.122418 0.956344
vn -0.158879 0.107947 0.981379
vn 0.209642 0.119126 0.970494
vn 0.307611 0.111800 0.944921
vn -0.104849 0.103095 0.989130
vn -0.061506 0.090578 0.993988
vn -0.505812 0.078993 0.859020
vn -0.457275 0.068958 0.886648
vn -0.418654 0.057614 0.906317
vn 0.102370 0.102010 -0.989502
vn 0.505161 0.077289 -0.859557
vn 0.156123 0.106614 -0.981967
vn 0.059220 0.089766 -0.994201
vn 0.456657 0.067545 -0.887075
vn 0.418090 0.056538 -0.906644
vn 0.961539 0.046012 -0.270788
vn 0.977383 0.030459 -0.209274
vn 0.948122 0.053215 -0.313421
vn -0.269110 0.121681 -0.955392
vn -0.214007 0.118191 -0.969656
vn -0.310954 0.111261 -0.943890
vn 0.991379 0.079374 0.104246
vn 0.984468 0.059817 0.165059
vn 0.994739 0.083494 0.059349
vn -0.953076 0.018869 0.302143
vn 0.953054 0.016752 -0.302337
vn -0.440523 0.067467 0.895203
vn 0.821042 -0.049039 0.568758
vn 0.437082 0.065563 -0.897029
vn -0.824713 -0.048139 -0.563500
vn 0.937658 0.013959 0.347280
vn -0.096772 0.102378 -0.990027
vn 0.091284 0.103696 0.990411
vn -0.939566 0.014770 -0.342050
vn -0.776399 0.026620 0.629679
vn 0.776466 0.024338 -0.629689
vn 0.646999 -0.132660 0.750862
vn -0.651405 -0.131708 -0.747211
vn -0.245244 0.135918 0.959886
vn -0.497923 0.088449 0.862699
vn -0.487924 0.145940 0.860600
vn 0.496029 0.087877 -0.863848
vn 0.245854 0.073801 -0.966493
vn 0.993676 0.084400 0.074058
vn 0.995131 0.093721 -0.030506
vn 0.881843 0.137121 0.451167
vn 0.540893 0.068651 0.838285
vn -0.886627 0.079523 -0.455596
vn -0.881778 0.137709 -0.451113
vn 0.886576 0.078744 0.455832
vn -0.993609 0.085274 -0.073950
vn -0.995045 0.094604 0.030576
vn -0.542827 0.069095 -0.836998
vn -0.536977 0.141882 -0.831580
vn 0.858559 0.103974 -0.502061
vn -0.856479 0.148111 0.494476
vn -0.858476 0.104771 0.502038
vn -0.988014 0.119961 -0.097147
vn -0.859689 0.128733 -0.494331
vn -0.501226 0.131885 -0.855207
vn -0.285268 0.134803 -0.948920
vn -0.264041 0.127635 -0.956029
vn -0.243201 0.136933 0.960262
vn -0.479926 0.143775 0.865448
vn -0.847487 0.145694 0.510430
vn 0.988083 0.119332 0.097222
vn 0.859668 0.128181 0.494510
vn 0.499512 0.131613 0.856251
vn 0.262014 0.127488 0.956606
vn 0.986536 0.104287 -0.125980
vn -0.296612 0.061274 -0.953031
vn -0.626648 -0.034023 -0.778559
vn -0.357758 -0.049078 -0.932524
vn -0.578917 0.037141 -0.814540
vn -0.319935 0.021423 -0.947197
vn -0.259980 -0.038625 0.964841
vn -0.532435 -0.014810 0.846341
vn -0.252726 0.030394 0.967060
vn -0.511753 0.047743 0.857805
vn -0.248332 0.074177 0.965831
vn 0.256745 -0.039011 -0.965692
vn 0.530307 -0.015676 -0.847661
vn 0.250012 0.030008 -0.967778
vn 0.509767 0.047080 -0.859023
vn 0.878298 0.026798 -0.477361
vn 0.868013 0.073232 -0.491111
vn 0.988626 0.045938 -0.143206
vn 0.988163 0.078681 -0.131696
vn 0.359387 -0.043715 0.932164
vn 0.574378 0.031194 0.817996
vn 0.619819 -0.026730 0.784289
vn 0.317309 0.021138 0.948087
vn 0.905474 0.050133 0.421429
vn 0.926436 0.007943 0.376368
vn 0.996468 0.062844 0.055702
vn 0.999059 0.030545 0.030809
vn -0.878304 0.027883 0.477289
vn -0.988566 0.047122 0.143239
vn -0.867965 0.074138 0.491060
vn -0.988076 0.079677 0.131745
vn -0.924901 0.004278 -0.380184
vn -0.903454 0.055880 -0.425026
vn -0.996409 0.063838 -0.055625
vn -0.999023 0.031750 -0.030746
vn 0.996727 0.070428 -0.039687
vn 0.997708 0.041226 -0.053650
vn -0.996653 0.071427 0.039753
vn -0.997655 0.042426 0.053705
vn 0.603083 0.794350 -0.072796
vn 0.603628 0.797122 0.015130
vn 0.603296 0.797120 0.025167
vn -0.865997 0.500033 -0.004120
vn -0.866006 0.500024 -0.002971
vn -0.866006 0.500024 -0.002970
vn -0.386984 -0.919205 0.072837
vn -0.389113 -0.921067 -0.015076
vn -0.389284 -0.920776 -0.025086
vn -0.117012 -0.493783 -0.861677
vn -0.002257 -0.277121 -0.960832
vn -0.003912 -0.278170 -0.960524
vn -0.298132 -0.806556 -0.510475
vn -0.114982 -0.485875 -0.866432
vn -0.300537 -0.815539 -0.494544
vn -0.374637 -0.919459 -0.119346
vn -0.145071 -0.534360 0.832714
vn -0.094241 -0.285303 0.953793
vn -0.024919 -0.312318 0.949651
vn 0.584297 0.801688 0.126068
vn 0.607043 0.785845 0.118096
vn 0.212916 0.517729 0.828627
vn 0.429651 0.778702 0.457189
vn 0.430970 0.775446 0.461463
vn -0.417574 -0.843888 -0.336876
vn -0.403985 -0.914213 0.031805
vn -0.420884 -0.906480 0.033924
vn 0.227694 0.304248 0.924980
vn 0.301125 0.460664 0.834932
vn 0.237060 0.314375 0.919223
vn -0.149712 -0.348553 -0.925255
vn -0.248869 -0.490540 -0.835126
vn -0.154093 -0.361710 -0.919468
vn 0.284782 0.260969 -0.922385
vn 0.056831 -0.062939 -0.996398
vn 0.261569 0.244406 -0.933728
vn -0.350375 -0.664890 -0.659665
vn -0.402436 -0.845747 -0.350366
vn 0.069474 -0.051269 -0.996265
vn 0.326754 0.523814 0.786670
vn 0.400631 0.623637 0.671247
vn 0.400949 0.635076 0.660241
vn 0.080477 -0.032620 0.996223
vn 0.084418 -0.016149 0.996300
vn -0.082143 -0.374687 0.923505
vn -0.079083 -0.346236 0.934808
vn -0.270528 -0.514228 -0.813870
vn -0.285044 -0.534755 -0.795479
vn -0.291034 -0.544837 -0.786417
vn 0.310656 0.491002 0.813886
vn 0.320872 0.513833 0.795624
vn 0.531079 0.770621 0.352274
vn 0.521976 0.782565 0.339312
vn -0.340305 -0.658794 -0.670957
vn -0.225348 -0.172393 -0.958905
vn -0.353086 -0.456056 -0.816911
vn -0.341827 -0.440336 -0.830216
vn 0.425254 0.868249 -0.255545
vn 0.248285 0.627927 -0.737606
vn 0.429571 0.842068 -0.326175
vn -0.460842 -0.760569 -0.457339
vn -0.457181 -0.760237 -0.461546
vn 0.477671 0.877543 0.041822
vn 0.491015 0.871149 -0.001805
vn -0.489967 -0.852471 -0.182278
vn -0.485086 -0.860654 -0.154813
vn -0.503322 -0.857804 -0.104113
vn -0.510154 -0.860081 0.001850
vn -0.494677 -0.866188 -0.070805
vn -0.466095 -0.570703 0.676057
vn -0.309281 -0.287807 0.906373
vn -0.420891 -0.524409 0.740166
vn 0.492651 0.863973 0.104140
vn 0.504024 0.860781 0.070823
vn -0.540600 -0.801479 0.255702
vn -0.515602 -0.792304 0.326205
vn -0.522560 -0.851580 -0.041733
vn 0.263257 0.690037 -0.674199
vn 0.099239 0.408168 -0.907497
vn 0.494701 0.849742 0.182233
vn 0.504005 0.849719 0.154778
vn 0.038811 0.284613 0.957857
vn 0.221115 0.535493 0.815080
vn 0.519988 0.816622 -0.250479
vn 0.493107 0.869592 0.025618
vn 0.507731 0.852679 0.123075
vn 0.434744 0.773092 -0.461874
vn 0.434684 0.870425 -0.231107
vn 0.469754 0.876168 -0.107985
vn 0.290924 0.687530 -0.665331
vn 0.329788 0.815976 -0.474788
vn 0.385206 0.850551 -0.358021
vn 0.117077 0.477694 -0.870690
vn 0.298619 0.758659 -0.579020
vn 0.159585 0.556751 -0.815206
vn 0.230433 0.188130 0.954729
vn 0.019305 -0.193896 0.980832
vn 0.200672 0.128267 0.971225
vn 0.256913 0.260922 0.930546
vn 0.079191 0.053821 0.995405
vn 0.062304 -0.052858 0.996657
vn 0.270993 0.431635 0.860380
vn 0.063390 0.232749 0.970469
vn 0.071987 0.150639 0.985964
vn 0.237087 0.527910 0.815537
vn 0.038376 0.290758 0.956027
vn 0.042329 0.273213 0.961022
vn -0.047577 -0.289989 -0.955847
vn 0.179045 0.085027 -0.980160
vn -0.010593 -0.234584 -0.972038
vn -0.097387 -0.349126 -0.932002
vn -0.005078 -0.089011 -0.996018
vn 0.078728 -0.021557 -0.996663
vn -0.238369 -0.446674 -0.862359
vn -0.168330 -0.165475 -0.971742
vn -0.092648 -0.131273 -0.987008
vn -0.338747 -0.466059 -0.817337
vn -0.231447 -0.174555 -0.957059
vn -0.214058 -0.168347 -0.962205
vn -0.234550 -0.578287 -0.781390
vn -0.205906 -0.525138 -0.825732
vn -0.311644 -0.693503 -0.649563
vn -0.272830 -0.636017 -0.721835
vn -0.370518 -0.726510 -0.578705
vn -0.302714 -0.472392 -0.827774
vn -0.443661 -0.759057 -0.476442
vn -0.329258 -0.683885 -0.651068
vn -0.302296 -0.635657 -0.710322
vn -0.392992 -0.778283 -0.489727
vn -0.350760 -0.737121 -0.577598
vn -0.433394 -0.811300 -0.392379
vn -0.414968 -0.751883 -0.512322
vn -0.478753 -0.845843 -0.235256
vn -0.447211 -0.857165 0.255481
vn -0.507941 -0.861105 -0.022248
vn -0.486030 -0.865687 -0.119835
vn -0.451407 -0.760246 0.467181
vn -0.537457 -0.809954 0.234765
vn -0.525104 -0.843695 0.111557
vn -0.448623 -0.591519 0.669957
vn -0.542256 -0.691120 0.477820
vn -0.544763 -0.756685 0.361470
vn -0.353965 -0.336725 0.872540
vn -0.508018 -0.635396 0.581542
vn -0.401053 -0.412555 0.817897
vn -0.476496 -0.780746 -0.404212
vn -0.443999 -0.752731 -0.486067
vn -0.540851 -0.822214 -0.177326
vn -0.512948 -0.807327 -0.291731
vn -0.573945 -0.816978 0.055983
vn -0.560871 -0.825831 -0.058540
vn -0.556371 -0.815851 0.157604
vn -0.412438 -0.704686 -0.577333
vn -0.379448 -0.663169 -0.645156
vn -0.488308 -0.783504 -0.384287
vn -0.453169 -0.748000 -0.484907
vn -0.531516 -0.827517 -0.180848
vn -0.514075 -0.810333 -0.281226
vn -0.532669 -0.840060 -0.102773
vn 0.429647 0.626161 0.650635
vn 0.353807 0.440465 0.825113
vn 0.401215 0.578832 0.709916
vn 0.479577 0.728381 0.489354
vn 0.416507 0.553615 0.721133
vn 0.465031 0.671264 0.577193
vn 0.487895 0.779886 0.392093
vn 0.445510 0.734479 0.511920
vn 0.445914 0.683315 0.578136
vn 0.494773 0.836605 0.235140
vn 0.437154 0.762990 0.476175
vn 0.385641 0.491735 0.780691
vn 0.446828 0.615874 0.648879
vn 0.260904 0.499971 0.825808
vn 0.439603 0.801629 0.405141
vn 0.431351 0.759466 0.486978
vn 0.443632 0.878319 0.178176
vn 0.444583 0.846584 0.292646
vn 0.422447 0.904686 -0.055515
vn 0.436770 0.897622 0.059218
vn 0.430050 0.888991 -0.157331
vn 0.405856 0.708116 0.577800
vn 0.386182 0.658847 0.645589
vn 0.436428 0.813331 0.384738
vn 0.423166 0.765070 0.485385
vn 0.447349 0.874885 0.185620
vn 0.446755 0.849187 0.281587
vn 0.469454 0.875959 0.110944
vn -0.505029 -0.846385 -0.169054
vn -0.473002 -0.812861 -0.339891
vn -0.398364 -0.741550 -0.539824
vn -0.337481 -0.639935 -0.690354
vn -0.348455 -0.623753 -0.699651
vn 0.473955 0.846596 0.242160
vn 0.488337 0.857291 0.163031
vn 0.469464 0.814892 0.339933
vn 0.445033 0.714498 0.539851
vn 0.387218 0.611140 0.690341
vn 0.367289 0.612407 0.700040
vn 0.589903 0.806984 -0.028112
vn 0.574851 0.817703 -0.030112
vn 0.433854 0.193487 -0.879962
vn -0.267974 -0.503868 -0.821162
vn -0.206276 -0.580187 -0.787930
vn -0.270706 -0.912706 -0.306081
vn 0.212538 -0.086263 -0.973338
vn 0.499661 0.573574 0.649116
vn -0.247550 -0.720099 -0.648210
vn 0.305016 0.227209 0.924846
vn 0.290953 0.453547 0.842402
vn 0.127934 -0.607475 -0.783969
vn -0.075669 -0.603691 -0.793619
vn -0.046444 -0.560121 -0.827108
vn 0.302738 0.483739 0.821186
vn 0.399213 0.467992 0.788424
vn 0.181341 -0.139677 0.973450
vn -0.242326 -0.968508 0.057189
vn 0.654642 0.689894 0.309015
vn 0.049955 -0.470378 0.881050
vn -0.044540 -0.377845 -0.924797
vn -0.247546 -0.478264 -0.842606
vn 0.926656 0.353398 0.128135
vn 0.850718 0.522835 -0.054058
vn 0.801606 0.519904 0.295173
vn 0.465638 -0.445225 0.764824
vn 0.367369 -0.236876 0.899405
vn 0.234249 -0.548294 0.802808
vn 0.618313 -0.182727 -0.764395
vn 0.389737 -0.199975 -0.898952
vn 0.593525 0.071798 -0.801607
vn 0.328468 -0.630823 -0.702973
vn 0.404426 -0.382180 -0.830890
vn 0.128921 -0.431227 -0.892985
vn -0.164277 -0.513278 -0.842353
vn 0.578688 0.246690 0.777345
vn 0.782054 0.149860 0.604924
vn 0.644464 0.286148 0.709074
vn 0.196379 -0.754225 -0.626562
vn 0.155005 -0.979988 -0.124888
vn 0.114817 -0.889791 -0.441688
vn -0.028139 -0.997900 0.058345
vn -0.050326 -0.955211 -0.291614
vn -0.084240 -0.795070 -0.600639
vn -0.061451 -0.641470 -0.764683
vn 0.073043 -0.688742 -0.721318
vn 0.554190 -0.131551 0.821929
vn 0.671273 0.061761 0.738633
vn 0.593184 0.208187 0.777683
vn -0.187656 -0.545275 -0.816983
vn 0.487972 0.306607 0.817236
vn 0.362385 0.398607 0.842490
vn 0.437448 0.102913 0.893336
vn 0.834568 0.363942 0.413572
vn 0.645856 0.469266 0.602212
vn 0.504130 0.396511 0.767223
vn 0.378334 0.434625 0.817291
vn 0.476931 0.353157 0.804871
vn -0.281817 -0.588894 -0.757485
vn 0.717835 0.694170 -0.053296
vn 0.050596 -0.663607 -0.746368
vn -0.443495 -0.781468 -0.438886
vn -0.493497 -0.834427 -0.245341
vn -0.377653 -0.918388 -0.118071
vn 0.370761 0.537876 0.757117
vn 0.457087 0.773576 0.438921
vn 0.609482 0.783756 0.119408
vn 0.342101 0.503937 0.793104
vn 0.362907 0.568816 0.738069
vn 0.318617 0.477728 0.818694
vn 0.340520 0.534127 0.773792
vn 0.323127 0.507755 0.798608
vn -0.266479 -0.547254 -0.793411
vn -0.312746 -0.597851 -0.738082
vn -0.255220 -0.514003 -0.818941
vn -0.293609 -0.561274 -0.773799
vn -0.279144 -0.533209 -0.798603
vn 0.515813 0.829984 0.212281
vn 0.565099 0.818942 -0.099982
vn 0.545014 0.822946 -0.160375
vn 0.521082 0.808487 0.273538
vn 0.570134 0.819684 -0.055377
vn 0.520351 0.793341 0.315984
vn -0.384640 -0.697391 -0.604730
vn -0.411172 -0.723031 -0.555124
vn -0.323579 -0.589339 -0.740255
vn -0.364417 -0.677177 -0.639243
vn -0.303945 -0.562696 -0.768759
vn 0.421774 0.716241 0.555972
vn 0.412560 0.680581 0.605478
vn 0.404871 0.653150 0.639902
vn 0.349646 0.573825 0.740589
vn 0.336086 0.543704 0.769047
vn -0.026667 -0.291019 0.956346
vn 0.172925 0.083620 0.981379
vn -0.001655 -0.241120 0.970494
vn -0.056982 -0.322295 0.944923
vn 0.141708 0.039255 0.989130
vn 0.109196 0.007978 0.993988
vn 0.321316 0.398549 0.859020
vn 0.288356 0.361531 0.886649
vn 0.259221 0.333757 0.906317
vn 0.037157 -0.139661 -0.989502
vn -0.185647 -0.476126 -0.859558
vn 0.014269 -0.188514 -0.981967
vn 0.048130 -0.096168 -0.994201
vn -0.169833 -0.429250 -0.887074
vn -0.160082 -0.390346 -0.906644
vn -0.440922 -0.855722 -0.270791
vn -0.462313 -0.861667 -0.209276
vn -0.427977 -0.847707 -0.313416
vn 0.239934 0.172217 -0.955392
vn 0.209361 0.126239 -0.969656
vn 0.251834 0.213669 -0.943888
vn -0.426949 -0.898247 0.104247
vn -0.440430 -0.882483 0.165063
vn -0.425062 -0.903217 0.059345
vn 0.492879 0.815953 0.302144
vn -0.462019 -0.833745 -0.302338
vn 0.278689 0.347770 0.895203
vn -0.452991 -0.686525 0.568755
vn -0.161762 -0.411306 -0.897029
vn 0.370666 0.738289 -0.563503
vn -0.456738 -0.819012 0.347289
vn 0.137048 0.032617 -0.990027
vn 0.044161 -0.130902 0.990411
vn 0.482574 0.806302 -0.342053
vn 0.411253 0.659071 0.629680
vn -0.367156 -0.684609 -0.629688
vn -0.438388 -0.493990 0.750860
vn 0.211641 0.629989 -0.747210
vn 0.240330 0.144428 0.959886
vn 0.325561 0.386989 0.862699
vn 0.370350 0.349585 0.860600
vn -0.171911 -0.473513 -0.863847
vn -0.059012 -0.249816 -0.966494
vn -0.423746 -0.902748 0.074058
vn -0.416402 -0.908669 -0.030506
vn -0.322171 -0.832258 0.451167
vn -0.210993 -0.502753 0.838285
vn 0.512183 0.728080 -0.455596
vn 0.560149 0.694788 -0.451113
vn -0.375093 -0.807169 0.455832
vn 0.570655 0.817854 -0.073950
vn 0.579453 0.814432 0.030576
vn 0.331252 0.435555 -0.836997
vn 0.391362 0.394096 -0.831579
vn -0.339236 -0.795521 -0.502060
vn 0.556508 0.667677 0.494476
vn 0.519972 0.691077 0.502037
vn 0.597897 0.795665 -0.097147
vn 0.541330 0.680145 -0.494332
vn 0.364828 0.368132 -0.855207
vn 0.259377 0.179648 -0.948920
vn 0.242555 0.164849 -0.956029
vn 0.240188 0.142152 0.960262
vn 0.364476 0.343740 0.865448
vn 0.549919 0.661098 0.510430
vn -0.390697 -0.915371 0.097222
vn -0.318826 -0.808585 0.494510
vn -0.135776 -0.498397 0.856251
vn -0.020599 -0.290655 0.956606
vn -0.402954 -0.906508 -0.125980
vn 0.201370 0.226236 -0.953031
vn 0.283860 0.559705 -0.778559
vn 0.136377 0.334366 -0.932524
vn 0.321623 0.482786 -0.814541
vn 0.178520 0.266359 -0.947198
vn 0.096540 0.244462 0.964841
vn 0.253392 0.468507 0.846341
vn 0.152685 0.203670 0.967061
vn 0.297224 0.419320 0.857805
vn 0.188405 0.177972 0.965831
vn -0.162156 -0.202842 -0.965692
vn -0.278729 -0.451421 -0.847661
vn -0.099019 -0.231520 -0.967778
vn -0.214110 -0.465012 -0.859023
vn -0.415941 -0.774028 -0.477361
vn -0.370586 -0.788337 -0.491112
vn -0.454529 -0.879144 -0.143207
vn -0.425942 -0.895115 -0.131696
vn -0.217552 -0.289381 0.932164
vn -0.260174 -0.513023 0.817996
vn -0.333059 -0.523414 0.784289
vn -0.140349 -0.285367 0.948087
vn -0.409320 -0.809230 0.421430
vn -0.456339 -0.806289 0.376368
vn -0.443809 -0.894388 0.055702
vn -0.473076 -0.880483 0.030808
vn 0.463300 0.746692 0.477289
vn 0.535091 0.832562 0.143239
vn 0.498188 0.714611 0.491059
vn 0.563041 0.815860 0.131745
vn 0.466155 0.798849 -0.380183
vn 0.500120 0.754475 -0.425026
vn 0.553490 0.830996 -0.055625
vn 0.527007 0.849305 -0.030746
vn -0.437371 -0.898405 -0.039687
vn -0.463151 -0.884654 -0.053649
vn 0.560184 0.827414 0.039753
vn 0.535569 0.842782 0.053705
vn 0.386386 -0.919460 -0.072795
vn 0.388514 -0.921318 0.015130
vn 0.388678 -0.921030 0.025166
vn 0.866039 0.499959 -0.004120
vn 0.866037 0.499971 -0.002971
vn 0.866037 0.499971 -0.002970
vn -0.602563 0.794741 0.072837
vn -0.603111 0.797515 -0.015076
vn -0.602773 0.797518 -0.025086
vn -0.369123 0.348226 -0.861677
vn -0.238865 0.140515 -0.960832
vn -0.238946 0.142473 -0.960524
vn -0.549433 0.661468 -0.510475
vn -0.363289 0.342515 -0.866432
vn -0.556010 0.668042 -0.494544
vn -0.608956 0.784174 -0.119346
vn -0.390235 0.392815 0.832714
vn -0.199959 0.224266 0.953793
vn -0.258016 0.177739 0.949651
vn 0.402133 -0.906861 0.126067
vn 0.377040 -0.918637 0.118096
vn 0.341909 -0.443256 0.828627
vn 0.459551 -0.761440 0.457189
vn 0.456071 -0.760954 0.461463
vn -0.522042 0.783575 -0.336872
vn -0.589735 0.806969 0.031849
vn -0.574594 0.817735 0.033922
vn 0.149639 -0.349312 0.924981
vn 0.248385 -0.491114 0.834932
vn 0.153728 -0.362488 0.919222
vn -0.226999 0.303929 -0.925256
vn -0.300387 0.460799 -0.835124
vn -0.236204 0.314304 -0.919468
vn 0.083617 -0.377112 -0.922385
vn -0.082922 -0.017748 -0.996398
vn 0.080879 -0.348733 -0.933726
vn -0.400623 0.635878 -0.659666
vn -0.531221 0.771397 -0.350357
vn -0.079135 -0.034532 -0.996266
vn 0.290259 -0.544884 0.786671
vn 0.339768 -0.658772 0.671251
vn 0.349518 -0.664769 0.660241
vn -0.068488 -0.053386 0.996223
vn -0.056193 -0.065034 0.996300
vn -0.283426 0.258497 0.923498
vn -0.260307 0.241603 0.934809
vn -0.310070 0.491398 -0.813870
vn -0.320588 0.514233 -0.795479
vn -0.326324 0.524459 -0.786419
vn 0.269891 -0.514534 0.813888
vn 0.284557 -0.534801 0.795622
vn 0.401837 -0.845238 0.352279
vn 0.416734 -0.843326 0.339314
vn -0.400378 0.624108 -0.670960
vn -0.036623 0.281353 -0.958905
vn -0.218413 0.533809 -0.816911
vn -0.210428 0.516198 -0.830216
vn 0.539299 -0.802405 -0.255545
vn 0.419658 -0.528985 -0.737605
vn 0.514467 -0.793054 -0.326175
vn -0.428251 0.779386 -0.457339
vn -0.429794 0.776049 -0.461545
vn 0.521139 -0.852446 0.041822
vn 0.508930 -0.860806 -0.001805
vn -0.493278 0.850560 -0.182277
vn -0.502805 0.850424 -0.154812
vn -0.491219 0.864792 -0.104113
vn -0.489775 0.871847 0.001850
vn -0.502802 0.861497 -0.070805
vn -0.261196 0.689002 0.676057
vn -0.094608 0.411749 0.906373
vn -0.243706 0.626707 0.740166
vn 0.501897 -0.858635 0.104141
vn 0.493446 -0.866888 0.070822
vn -0.423801 0.868913 0.255703
vn -0.428354 0.842676 0.326205
vn -0.476210 0.878341 -0.041734
vn 0.465961 -0.573006 -0.674200
vn 0.303864 -0.290028 -0.907497
vn 0.488547 -0.853295 0.182234
vn 0.483876 -0.861341 0.154779
vn 0.227077 -0.175917 0.957857
vn 0.353193 -0.459237 0.815080
vn 0.447222 -0.858635 -0.250476
vn 0.506535 -0.861839 0.025619
vn 0.484575 -0.866048 0.123077
vn 0.452144 -0.763044 -0.461876
vn 0.536468 -0.811660 -0.231104
vn 0.523906 -0.844903 -0.107987
vn 0.449957 -0.595715 -0.665329
vn 0.541762 -0.693592 -0.474788
vn 0.543997 -0.758874 -0.358021
vn 0.355156 -0.340237 -0.870691
vn 0.507708 -0.637940 -0.579021
vn 0.402368 -0.416579 -0.815207
vn 0.047709 -0.293627 0.954729
vn -0.177571 0.080227 0.980832
vn 0.010747 -0.237920 0.971225
vn 0.097508 -0.352954 0.930546
vn 0.007015 -0.095492 0.995405
vn -0.076928 -0.027527 0.996657
vn 0.238310 -0.450504 0.860380
vn 0.169872 -0.171273 0.970469
vn 0.094463 -0.137661 0.985965
vn 0.338639 -0.469278 0.815538
vn 0.232616 -0.178614 0.956027
vn 0.215445 -0.173265 0.961022
vn -0.227349 0.186196 -0.955847
vn -0.015886 -0.197571 -0.980160
vn -0.197859 0.126465 -0.972038
vn -0.253658 0.258903 -0.932001
vn -0.074547 0.048903 -0.996018
vn -0.058033 -0.057402 -0.996663
vn -0.267646 0.429771 -0.862359
vn -0.059140 0.228516 -0.971742
vn -0.067361 0.145871 -0.987008
vn -0.234246 0.526393 -0.817337
vn -0.035446 0.287717 -0.957059
vn -0.038765 0.269554 -0.962205
vn -0.383536 0.492270 -0.781390
vn -0.351830 0.440889 -0.825732
vn -0.444769 0.616643 -0.649563
vn -0.414392 0.554286 -0.721835
vn -0.443918 0.684133 -0.578704
vn -0.257747 0.498355 -0.827774
vn -0.435532 0.763750 -0.476443
vn -0.427633 0.627089 -0.651068
vn -0.399347 0.579625 -0.710321
vn -0.477516 0.729483 -0.489728
vn -0.462986 0.672327 -0.577599
vn -0.485910 0.780980 -0.392381
vn -0.443666 0.735315 -0.512321
vn -0.493145 0.837534 -0.235256
vn -0.518721 0.815879 0.255478
vn -0.491768 0.870442 -0.022251
vn -0.506692 0.853758 -0.119836
vn -0.432687 0.771051 0.467186
vn -0.432712 0.870429 0.234763
vn -0.468109 0.876601 0.111558
vn -0.287959 0.684278 0.669957
vn -0.327400 0.815167 0.477820
vn -0.382927 0.850122 0.361469
vn -0.114630 0.474907 0.872539
vn -0.296259 0.757654 0.581542
vn -0.156756 0.553597 0.817899
vn -0.437898 0.803031 -0.404212
vn -0.429884 0.760880 -0.486067
vn -0.441633 0.879498 -0.177326
vn -0.442692 0.847890 -0.291732
vn -0.420552 0.905540 0.055982
vn -0.434755 0.898644 -0.058540
vn -0.428362 0.889757 0.157603
vn -0.404057 0.709525 -0.577332
vn -0.384598 0.660196 -0.645156
vn -0.434381 0.814639 -0.384287
vn -0.421202 0.766456 -0.484906
vn -0.450893 0.874065 -0.180848
vn -0.444732 0.850368 -0.281225
vn -0.461179 0.881335 -0.102773
vn 0.327448 -0.685165 0.650635
vn 0.204550 -0.526639 0.825113
vn 0.300675 -0.636879 0.709916
vn 0.391007 -0.779516 0.489355
vn 0.271191 -0.637513 0.721133
vn 0.348816 -0.738361 0.577193
vn 0.431454 -0.812472 0.392092
vn 0.413322 -0.753062 0.511921
vn 0.368812 -0.727830 0.578136
vn 0.477135 -0.846789 0.235139
vn 0.442192 -0.760081 0.476176
vn 0.233035 -0.579843 0.780690
vn 0.309947 -0.694901 0.648880
vn 0.302536 -0.475934 0.825808
vn 0.474429 -0.781522 0.405142
vn 0.442041 -0.753294 0.486978
vn 0.538831 -0.823355 0.178178
vn 0.510872 -0.808312 0.292646
vn 0.572257 -0.818193 -0.055516
vn 0.558978 -0.827065 0.059219
vn 0.554863 -0.816929 -0.157332
vn 0.410318 -0.705540 0.577800
vn 0.377487 -0.663867 0.645588
vn 0.486152 -0.784623 0.384737
vn 0.450986 -0.749007 0.485386
vn 0.533998 -0.824858 0.185620
vn 0.512040 -0.811495 0.281587
vn 0.523876 -0.844539 0.110944
vn -0.480476 0.860560 -0.169054
vn -0.467457 0.816062 -0.339892
vn -0.443019 0.715768 -0.539824
vn -0.385460 0.612234 -0.690355
vn -0.365958 0.613648 -0.699651
vn 0.496196 -0.833756 0.242160
vn 0.498268 -0.851557 0.163032
vn 0.470986 -0.814014 0.339931
vn 0.396256 -0.742659 0.539850
vn 0.335653 -0.640910 0.690341
vn 0.346716 -0.624285 0.700041
vn 0.403917 -0.914363 -0.028137
vn 0.420726 -0.906688 -0.030110
vn -0.049362 -0.472481 -0.879958
vn -0.302376 0.484007 -0.821161
vn -0.399317 0.468735 -0.787930
vn -0.655073 0.690787 -0.306092
vn -0.180970 -0.140937 -0.973338
vn 0.246905 -0.719509 0.649111
vn -0.499848 0.574429 -0.648216
vn 0.044263 -0.377760 0.924845
vn 0.247307 -0.478747 0.842402
vn -0.590044 0.192948 -0.783976
vn -0.484972 0.367371 -0.793625
vn -0.461858 0.320282 -0.827107
vn 0.267562 -0.504049 0.821185
vn 0.205683 -0.579723 0.788426
vn -0.211636 -0.087219 0.973449
vn -0.717594 0.694110 0.057187
vn 0.270143 -0.911886 0.309010
vn -0.432344 0.191922 0.881048
vn -0.304954 0.227492 -0.924798
vn -0.290416 0.453513 -0.842606
vn -0.157270 -0.979208 0.128136
vn 0.027426 -0.998162 -0.054045
vn 0.049445 -0.954163 0.295174
vn -0.618405 -0.180617 0.764822
vn -0.388820 -0.199722 0.899406
vn -0.591970 0.071274 0.802802
vn -0.467412 -0.444109 -0.764391
vn -0.368045 -0.237546 -0.898952
vn -0.234573 -0.549921 -0.801600
vn -0.710534 0.030947 -0.702982
vn -0.533214 -0.159139 -0.830878
vn -0.437913 0.103969 -0.892985
vn -0.362375 0.398903 -0.842354
vn -0.075700 -0.624510 0.777339
vn -0.261235 -0.752217 0.604918
vn -0.074420 -0.701196 0.709074
vn -0.751375 0.207040 -0.626554
vn -0.926193 0.355751 -0.124929
vn -0.827985 0.345460 -0.441700
vn -0.850134 0.523319 0.058395
vn -0.802078 0.521185 -0.291610
vn -0.646430 0.470483 -0.600645
vn -0.524809 0.373948 -0.764682
vn -0.632995 0.281103 -0.721317
vn -0.391039 -0.414144 0.821932
vn -0.282160 -0.612217 0.738631
vn -0.116300 -0.617803 0.777685
vn -0.378392 0.435150 -0.816985
vn 0.021543 -0.575900 0.817236
vn 0.164012 -0.513140 0.842489
vn -0.129595 -0.430297 0.893336
vn -0.102104 -0.904731 0.413566
vn 0.083468 -0.793961 0.602212
vn 0.091320 -0.634844 0.767225
vn 0.187228 -0.544953 0.817295
vn 0.067383 -0.589610 0.804872
vn -0.369089 0.538509 -0.757484
vn 0.242249 -0.968750 -0.053289
vn -0.599991 0.287991 -0.746372
vn -0.455023 0.774812 -0.438886
vn -0.475887 0.844594 -0.245340
vn -0.606521 0.786252 -0.118071
vn 0.280433 -0.590026 0.757117
vn 0.441393 -0.782637 0.438921
vn 0.374012 -0.919705 0.119408
vn 0.265372 -0.548235 0.793105
vn 0.311155 -0.598694 0.738071
vn 0.254416 -0.514795 0.818693
vn 0.292308 -0.561962 0.773792
vn 0.278165 -0.533714 0.798607
vn -0.340696 0.504405 -0.793412
vn -0.361381 0.569771 -0.738082
vn -0.317530 0.478029 -0.818940
vn -0.339272 0.534910 -0.773799
vn -0.322201 0.508351 -0.798602
vn 0.460881 -0.861699 0.212281
vn 0.426675 -0.898861 -0.099988
vn 0.440186 -0.883468 -0.160375
vn 0.439629 -0.855514 0.273535
vn 0.424800 -0.903593 -0.055358
vn 0.426877 -0.847306 0.315988
vn -0.411639 0.681804 -0.604729
vn -0.420577 0.717601 -0.555124
vn -0.348593 0.574897 -0.740254
vn -0.404244 0.654181 -0.639245
vn -0.335337 0.544571 -0.768760
vn 0.409396 -0.723389 0.555971
vn 0.383121 -0.697580 0.605475
vn 0.363208 -0.677203 0.639903
vn 0.322125 -0.589717 0.740587
vn 0.302818 -0.562910 0.769047
vn -0.238700 0.168605 0.956344
vn -0.014046 -0.191567 0.981379
vn -0.207988 0.121993 0.970494
vn -0.250623 0.210494 0.944923
vn -0.036859 -0.142349 0.989130
vn -0.047688 -0.098556 0.993988
vn 0.184496 -0.477542 0.859019
vn 0.168918 -0.430491 0.886648
vn 0.159432 -0.391371 0.906317
vn -0.139529 0.037651 -0.989502
vn -0.319514 0.398838 -0.859558
vn -0.170393 0.081899 -0.981967
vn -0.107349 0.006403 -0.994201
vn -0.286825 0.361705 -0.887074
vn -0.258008 0.333807 -0.906645
vn -0.520617 0.809710 -0.270792
vn -0.515069 0.831209 -0.209275
vn -0.520148 0.794492 -0.313415
vn 0.029177 -0.293899 -0.955391
vn 0.004645 -0.244430 -0.969656
vn 0.059122 -0.324924 -0.943890
vn -0.564430 0.818872 0.104244
vn -0.544036 0.822665 0.165069
vn -0.569678 0.819722 0.059350
vn 0.460197 -0.834822 0.302144
vn -0.491035 0.816992 -0.302339
vn 0.161833 -0.415236 0.895203
vn -0.368053 0.735565 0.568754
vn -0.275321 0.345743 -0.897028
vn 0.454044 -0.690150 -0.563505
vn -0.480916 0.805053 0.347289
vn -0.040277 -0.134996 -0.990027
vn -0.135445 0.027206 0.990411
vn 0.456991 -0.821072 -0.342053
vn 0.365146 -0.685691 0.629680
vn -0.409311 0.660270 -0.629689
vn -0.208615 0.626650 0.750859
vn 0.439766 -0.498281 -0.747209
vn 0.004913 -0.280346 0.959886
vn 0.172362 -0.475439 0.862699
vn 0.117575 -0.495525 0.860599
vn -0.324118 0.385636 -0.863847
vn -0.186840 0.176015 -0.966493
vn -0.569930 0.818349 0.074058
vn -0.578729 0.814949 -0.030506
vn -0.559672 0.695138 0.451166
vn -0.329901 0.434101 0.838285
vn 0.374444 -0.807603 -0.455597
vn 0.321629 -0.832497 -0.451113
vn -0.511482 0.728425 0.455832
vn 0.422955 -0.903128 -0.073949
vn 0.415593 -0.909037 0.030576
vn 0.211576 -0.504651 -0.836997
vn 0.145616 -0.535977 -0.831580
vn -0.519324 0.691547 -0.502061
vn 0.299972 -0.815787 0.494477
vn 0.338504 -0.795848 0.502037
vn 0.390117 -0.915626 -0.097147
vn 0.318358 -0.808878 -0.494332
vn 0.136397 -0.500017 -0.855207
vn 0.025891 -0.314451 -0.948921
vn 0.021486 -0.292484 -0.956029
vn 0.003013 -0.279085 0.960262
vn 0.115450 -0.487516 0.865448
vn 0.297568 -0.806793 0.510430
vn -0.597386 0.796039 0.097222
vn -0.540842 0.680404 0.494511
vn -0.363736 0.366783 0.856251
vn -0.241415 0.163167 0.956606
vn -0.583582 0.802223 -0.125981
vn 0.095241 -0.287510 -0.953031
vn 0.342789 -0.525682 -0.778559
vn 0.221382 -0.285289 -0.932524
vn 0.257293 -0.519926 -0.814541
vn 0.141414 -0.287782 -0.947198
vn 0.163441 -0.205837 0.964841
vn 0.279043 -0.453698 0.846341
vn 0.100041 -0.234064 0.967061
vn 0.214529 -0.467063 0.857805
vn 0.059926 -0.252149 0.965831
vn -0.094588 0.241852 -0.965692
vn -0.251577 0.467096 -0.847661
vn -0.150993 0.201513 -0.967778
vn -0.295656 0.417931 -0.859023
vn -0.462358 0.747230 -0.477361
vn -0.497427 0.715106 -0.491111
vn -0.534097 0.833206 -0.143207
vn -0.562221 0.816434 -0.131696
vn -0.141836 0.333096 0.932164
vn -0.314203 0.481828 0.817997
vn -0.286761 0.550145 0.784289
vn -0.176960 0.264229 0.948087
vn -0.496154 0.759097 0.421430
vn -0.470098 0.798346 0.376367
vn -0.552659 0.831544 0.055701
vn -0.525982 0.849938 0.030809
vn 0.415004 -0.774575 0.477289
vn 0.453474 -0.879684 0.143239
vn 0.369777 -0.788749 0.491060
vn 0.425036 -0.895538 0.131745
vn 0.458746 -0.803127 -0.380183
vn 0.403334 -0.810354 -0.425027
vn 0.442919 -0.894835 -0.055625
vn 0.472015 -0.881054 -0.030745
vn -0.559356 0.827977 -0.039686
vn -0.534557 0.843428 -0.053649
vn 0.436470 -0.898840 0.039753
vn 0.462086 -0.885208 0.053705
vn -0.000007 -0.999991 -0.004148
vn -0.000030 -0.999991 -0.004134
vn 0.000001 -1.000000 -0.000165
vn 0.000001 -1.000000 -0.000167
vn 0.000034 -0.999996 0.002646
vn 0.000033 -0.999996 0.002644
vn 0.000081 -0.999993 0.003816
vn 0.000045 -0.999993 0.003802
vn 0.000047 -0.999993 0.003800
vn 0.000048 -0.999993 0.003798
vn -0.000004 -0.999993 0.003831
vn -0.000080 -0.999991 -0.004137
vn -0.000048 -0.999992 -0.004124
vn -0.494442 0.507138 0.705931
vn 0.486333 0.502320 -0.714951
vn -0.866017 0.499998 -0.004147
vn -0.866002 0.500023 -0.004133
vn -0.866026 0.499999 -0.000165
vn -0.866026 0.500000 -0.000167
vn -0.866040 0.499968 0.002646
vn -0.866039 0.499970 0.002643
vn -0.866058 0.499929 0.003819
vn -0.866043 0.499956 0.003797
vn -0.866043 0.499955 0.003800
vn -0.866042 0.499957 0.003800
vn -0.866016 0.500002 0.003831
vn -0.865979 0.500064 -0.004140
vn -0.865994 0.500037 -0.004123
vn 0.686421 0.174623 0.705927
vn 0.191854 -0.672332 -0.714956
vn 0.866023 0.499987 -0.004144
vn 0.866033 0.499970 -0.004133
vn 0.866025 0.500001 -0.000165
vn 0.866025 0.500000 -0.000166
vn 0.866005 0.500028 0.002646
vn 0.866006 0.500026 0.002644
vn 0.865980 0.500064 0.003818
vn 0.865996 0.500036 0.003799
vn 0.865996 0.500037 0.003800
vn 0.865994 0.500039 0.003800
vn 0.866020 0.499995 0.003826
vn 0.866056 0.499930 -0.004143
vn 0.866041 0.499957 -0.004123
vn -0.191973 -0.681789 0.705911
vn -0.678186 0.170035 -0.714949
s 1
g Supermarine_Spitfire_Mk:Object_73 Piece2 Supermarine_Spitfire_Mk:GLTF_SceneRootNode Supermarine_Spitfire_Mk:root Supermarine_Spitfire_Mk:Sketchfab_model Supermarine_Spitfire_Mk:Meshes Supermarine_Spitfire_Mk:scene
usemtl Supermarine_Spitfire_Mk:Object_73SG
f 348/348/1 188/188/2 350/350/3
s 2
f 10/10/4 26/26/5 13/13/6
s 3
f 342/342/7 178/178/8 349/349/9
f 335/335/10 3/3/11 333/333/12
f 335/335/10 7/7/13 9/9/14
f 336/336/15 2/2/16 7/7/13
f 340/340/17 375/375/18 339/339/19
s 1
f 397/397/20 350/350/3 343/343/21
f 401/401/22 113/113/23 404/404/24
s 3
f 226/226/25 36/36/26 215/215/27
s 1
f 44/44/28 243/243/29 225/225/30
s 3
f 38/38/31 234/234/32 231/231/33
f 32/32/34 210/210/35 207/207/36
f 238/238/37 40/40/38 226/226/25
f 37/37/39 231/231/33 210/210/35
s 1
f 246/246/40 45/45/41 211/211/42
f 34/34/43 225/225/30 222/222/44
f 35/35/45 222/222/44 214/214/46
s 3
f 249/249/47 42/42/48 237/237/49
s 1
f 252/252/50 46/46/51 246/246/40
f 211/211/42 33/33/52 199/199/53
s 3
f 237/237/49 41/41/54 238/238/37
f 353/353/55 77/77/56 363/363/57
s 1
f 118/118/58 393/393/59 325/325/60
s 3
f 363/363/57 82/82/61 367/367/62
s 1
f 123/123/63 325/325/60 331/331/64
s 3
f 367/367/62 87/87/65 329/329/66
f 180/180/67 370/370/68 408/408/69
f 93/93/70 327/327/71 328/328/72
s 1
f 191/191/73 331/331/64 332/332/74
s 3
f 98/98/75 328/328/72 380/380/76
f 103/103/77 380/380/76 370/370/68
s 1
f 58/58/78 354/354/79 393/393/59
f 404/404/24 107/107/80 330/330/81
f 326/326/82 62/62/83 401/401/22
f 289/289/84 59/59/85 291/291/86
f 272/272/87 60/60/88 273/273/89
f 254/254/90 61/61/91 255/255/92
f 48/48/93 309/309/94 308/308/95
f 66/66/96 293/293/97 292/292/98
f 274/274/99 73/73/100 275/275/101
f 256/256/102 75/75/103 257/257/104
f 310/310/105 69/69/106 311/311/107
s 3
f 81/81/108 290/290/109 295/295/110
f 277/277/111 53/53/112 271/271/113
f 259/259/114 51/51/115 253/253/116
f 313/313/117 47/47/118 307/307/119
f 86/86/120 295/295/110 296/296/121
f 85/85/122 277/277/111 278/278/123
f 260/260/124 79/79/125 259/259/114
f 314/314/126 77/77/56 313/313/117
f 91/91/127 296/296/121 297/297/128
f 90/90/129 278/278/123 279/279/130
f 261/261/131 84/84/132 260/260/124
f 315/315/133 82/82/61 314/314/126
f 294/294/134 94/94/135 298/298/136
f 276/276/137 95/95/138 280/280/139
f 258/258/140 96/96/141 262/262/142
f 70/70/143 316/316/144 312/312/145
f 298/298/136 99/99/146 299/299/147
f 280/280/139 100/100/148 281/281/149
f 262/262/142 101/101/150 263/263/151
f 93/93/70 317/317/152 316/316/144
f 299/299/147 104/104/153 300/300/154
f 281/281/149 105/105/155 282/282/156
f 263/263/151 106/106/157 264/264/158
f 98/98/75 318/318/159 317/317/152
s 1
f 111/111/160 302/302/161 301/301/162
f 110/110/163 284/284/164 283/283/165
f 265/265/166 116/116/167 266/266/168
f 319/319/169 113/113/23 320/320/170
f 114/114/171 292/292/98 302/302/161
f 115/115/172 274/274/99 284/284/164
f 266/266/168 64/64/173 256/256/102
f 320/320/170 62/62/83 310/310/105
f 291/291/86 119/119/174 303/303/175
f 273/273/89 120/120/176 285/285/177
f 255/255/92 121/121/178 267/267/179
f 58/58/78 321/321/180 309/309/94
f 303/303/175 124/124/181 304/304/182
f 285/285/177 125/125/183 286/286/184
f 267/267/179 126/126/185 268/268/186
f 118/118/58 322/322/187 321/321/180
s 3
f 323/323/188 106/106/157 318/318/159
f 269/269/189 105/105/155 264/264/158
f 287/287/190 104/104/153 282/282/156
f 305/305/191 102/102/192 300/300/154
s 1
f 192/192/193 322/322/187 324/324/194
f 270/270/195 125/125/183 268/268/186
f 288/288/196 124/124/181 286/286/184
f 306/306/197 122/122/198 304/304/182
f 199/199/53 31/31/199 206/206/200
s 3
f 127/127/201 37/37/39 32/32/34
f 179/179/202 158/158/203 42/42/48
f 41/41/54 153/153/204 40/40/38
f 143/143/205 38/38/31 37/37/39
s 1
f 46/46/51 169/169/206 45/45/41
s 3
f 42/42/48 156/156/207 41/41/54
s 1
f 166/166/208 43/43/209 44/44/28
s 3
f 152/152/210 186/186/211 151/151/212
s 1
f 190/190/213 172/172/214 46/46/51
f 133/133/215 44/44/28 34/34/43
s 3
f 40/40/38 136/136/216 36/36/26
s 1
f 45/45/41 131/131/217 33/33/52
f 135/135/218 34/34/43 35/35/45
s 3
f 147/147/219 39/39/220 38/38/31
s 1
f 146/146/221 130/130/222 132/132/223
f 130/130/222 131/131/217 132/132/223
f 139/139/224 134/134/225 141/141/226
f 133/133/215 141/141/226 134/134/225
s 3
f 145/145/227 144/144/228 129/129/229
f 143/143/205 129/129/229 144/144/228
f 173/173/230 149/149/231 145/145/227
f 148/148/232 145/145/227 149/149/231
f 147/147/219 144/144/228 148/148/232
f 173/173/230 152/152/210 149/149/231
f 151/151/212 149/149/231 152/152/210
f 150/150/233 148/148/232 151/151/212
s 1
f 198/198/234 174/174/235 175/175/236
s 3
f 138/138/237 140/140/238 154/154/239
f 142/142/240 153/153/204 155/155/241
f 155/155/241 156/156/207 157/157/242
f 154/154/239 160/160/243 159/159/244
f 157/157/242 158/158/203 160/160/243
s 1
f 167/167/245 137/137/246 163/163/247
s 3
f 151/151/212 185/185/248 150/150/233
s 1
f 162/162/249 167/167/245 163/163/247
f 161/161/250 168/168/251 162/162/249
f 167/167/245 139/139/224 137/137/246
f 168/168/251 139/139/224 167/167/245
f 166/166/208 134/134/225 168/168/251
f 174/174/235 146/146/221 170/170/252
f 146/146/221 171/171/253 170/170/252
f 132/132/223 169/169/206 171/171/253
f 174/174/235 170/170/252 175/175/236
f 170/170/252 176/176/254 175/175/236
f 171/171/253 172/172/214 176/176/254
s 3
f 185/185/248 160/160/243 158/158/203
f 186/186/211 159/159/244 160/160/243
f 159/159/244 138/138/237 154/154/239
f 150/150/233 179/179/202 39/39/220
s 1
f 196/196/255 176/176/254 172/172/214
f 197/197/256 175/175/236 176/176/254
s 3
f 88/88/257 305/305/191 297/297/128
s 1
f 33/33/52 128/128/258 31/31/199
s 3
f 187/187/259 138/138/237 159/159/244
f 91/91/127 287/287/190 279/279/130
f 261/261/131 182/182/260 269/269/189
f 315/315/133 181/181/261 323/323/188
f 329/329/66 180/180/67 408/408/69
f 39/39/220 249/249/47 234/234/32
f 337/337/262 178/178/8 2/2/16
f 173/173/230 187/187/259 152/152/210
s 1
f 163/163/247 197/197/256 162/162/249
f 162/162/249 196/196/255 161/161/250
f 161/161/250 190/190/213 43/43/209
f 108/108/263 306/306/197 301/301/162
f 111/111/160 288/288/196 283/283/165
f 265/265/166 193/193/264 270/270/195
f 319/319/169 192/192/193 324/324/194
f 330/330/81 191/191/73 332/332/74
f 43/43/209 252/252/50 243/243/29
f 343/343/21 188/188/2 25/25/265
f 137/137/246 198/198/234 163/163/247
f 241/241/266 195/195/267 108/108/263
f 242/242/268 250/250/269 241/241/266
f 243/243/29 251/251/270 242/242/268
s 3
f 232/232/271 184/184/272 88/88/257
f 233/233/273 247/247/274 232/232/271
f 234/234/32 248/248/275 233/233/273
s 1
f 57/57/276 202/202/277 49/49/278
f 201/201/279 204/204/280 202/202/277
f 200/200/281 206/206/200 204/204/280
s 3
f 102/102/192 240/240/282 97/97/283
f 235/235/284 239/239/285 240/240/282
f 236/236/286 238/238/37 239/239/285
s 1
f 117/117/287 201/201/279 57/57/276
f 213/213/288 200/200/281 201/201/279
f 212/212/289 199/199/53 200/200/281
f 195/195/267 244/244/290 122/122/198
f 250/250/269 245/245/291 244/244/290
f 251/251/270 246/246/40 245/245/291
s 3
f 184/184/272 235/235/284 102/102/192
f 247/247/274 236/236/286 235/235/284
f 248/248/275 237/237/49 236/236/286
s 1
f 218/218/292 63/63/293 67/67/294
f 216/216/295 220/220/296 218/218/292
f 214/214/46 221/221/297 216/216/295
f 220/220/296 112/112/298 63/63/293
f 221/221/297 223/223/299 220/220/296
f 222/222/44 224/224/300 221/221/297
f 122/122/198 213/213/288 117/117/287
f 244/244/290 212/212/289 213/213/288
f 245/245/291 211/211/42 212/212/289
s 3
f 208/208/301 83/83/302 78/78/303
f 209/209/304 229/229/305 208/208/301
f 210/210/35 230/230/306 209/209/304
f 97/97/283 228/228/307 92/92/308
f 240/240/282 227/227/309 228/228/307
f 239/239/285 226/226/25 227/227/309
f 203/203/310 78/78/303 50/50/311
f 205/205/312 208/208/301 203/203/310
f 207/207/36 209/209/304 205/205/312
f 229/229/305 88/88/257 83/83/302
f 230/230/306 232/232/271 229/229/305
f 231/231/33 233/233/273 230/230/306
s 1
f 223/223/299 108/108/263 112/112/298
f 224/224/300 241/241/266 223/223/299
f 225/225/30 242/242/268 224/224/300
s 3
f 92/92/308 219/219/313 68/68/314
f 228/228/307 217/217/315 219/219/313
f 227/227/309 215/215/27 217/217/315
s 1
f 109/109/316 270/270/195 192/192/193
s 3
f 89/89/317 269/269/189 181/181/261
s 1
f 192/192/193 268/268/186 126/126/185
s 3
f 181/181/261 264/264/158 106/106/157
s 1
f 120/120/176 268/268/186 125/125/183
f 60/60/88 267/267/179 120/120/176
f 115/115/172 256/256/102 65/65/318
f 110/110/163 266/266/168 115/115/172
s 3
f 100/100/148 264/264/158 105/105/155
f 95/95/138 263/263/151 100/100/148
f 74/74/319 262/262/142 95/95/138
f 90/90/129 260/260/124 85/85/122
f 85/85/122 259/259/114 80/80/320
f 80/80/320 253/253/116 53/53/112
s 1
f 65/65/318 257/257/104 73/73/100
f 54/54/321 255/255/92 60/60/88
f 110/110/163 288/288/196 193/193/264
s 3
f 90/90/129 287/287/190 182/182/260
s 1
f 193/193/264 286/286/184 125/125/183
s 3
f 182/182/260 282/282/156 105/105/155
s 1
f 119/119/174 286/286/184 124/124/181
f 59/59/85 285/285/177 119/119/174
f 284/284/164 66/66/96 114/114/171
f 283/283/165 114/114/171 111/111/160
s 3
f 99/99/146 282/282/156 104/104/153
f 94/94/135 281/281/149 99/99/146
f 72/72/322 280/280/139 94/94/135
f 279/279/130 86/86/120 91/91/127
f 278/278/123 81/81/108 86/86/120
f 81/81/108 271/271/113 55/55/323
s 1
f 66/66/96 275/275/101 71/71/324
f 56/56/325 273/273/89 59/59/85
f 301/301/162 194/194/326 111/111/160
s 3
f 297/297/128 183/183/327 91/91/127
s 1
f 194/194/326 304/304/182 124/124/181
s 3
f 183/183/327 300/300/154 104/104/153
s 1
f 117/117/287 304/304/182 122/122/198
f 57/57/276 303/303/175 117/117/287
f 302/302/161 63/63/293 112/112/298
f 301/301/162 112/112/298 108/108/263
s 3
f 97/97/283 300/300/154 102/102/192
f 92/92/308 299/299/147 97/97/283
f 68/68/314 298/298/136 92/92/308
f 297/297/128 83/83/302 88/88/257
f 296/296/121 78/78/303 83/83/302
f 295/295/110 50/50/311 78/78/303
s 1
f 292/292/98 67/67/294 63/63/293
f 49/49/278 291/291/86 57/57/276
f 107/107/80 324/324/194 191/191/73
s 3
f 87/87/65 323/323/188 180/180/67
s 1
f 324/324/194 123/123/63 191/191/73
s 3
f 323/323/188 103/103/77 180/180/67
s 1
f 321/321/180 126/126/185 121/121/178
f 309/309/94 121/121/178 61/61/91
f 116/116/167 310/310/105 64/64/173
f 109/109/316 320/320/170 116/116/167
s 3
f 317/317/152 106/106/157 101/101/150
f 316/316/144 101/101/150 96/96/141
f 312/312/145 96/96/141 76/76/328
f 89/89/317 314/314/126 84/84/132
f 84/84/132 313/313/117 79/79/125
f 79/79/125 307/307/119 51/51/115
s 1
f 64/64/173 311/311/107 75/75/103
f 308/308/95 61/61/91 52/52/329
f 338/338/330 400/400/331 345/345/332
s 3
f 362/362/333 333/333/12 351/351/334
f 371/371/335 349/349/9 409/409/336
f 341/341/337 384/384/338 340/340/17
s 1
f 348/348/1 390/390/339 347/347/340
s 3
f 342/342/7 381/381/341 341/341/337
f 362/362/333 336/336/15 335/335/10
s 1
f 387/387/342 350/350/3 412/412/343
f 347/347/340 394/394/344 346/346/345
s 3
f 366/366/346 337/337/262 336/336/15
s 1
f 344/344/347 400/400/331 405/405/348
f 343/343/21 405/405/348 397/397/20
f 19/19/349 347/347/340 23/23/350
f 23/23/350 346/346/345 21/21/351
f 21/21/351 334/334/352 4/4/353
f 11/11/354 345/345/332 29/29/355
f 27/27/356 345/345/332 344/344/347
f 25/25/265 344/344/347 343/343/21
s 3
f 14/14/357 341/341/337 18/18/358
f 18/18/358 340/340/17 16/16/359
f 16/16/359 339/339/19 12/12/360
f 359/359/361 349/349/9 337/337/262
s 1
f 346/346/345 352/352/362 334/334/352
s 3
f 140/140/238 157/157/242 154/154/239
s 1
f 354/354/79 395/395/363 393/393/59
f 358/358/364 396/396/365 395/395/363
f 356/356/366 394/394/344 396/396/365
f 401/401/22 376/376/367 326/326/82
f 403/403/368 378/378/369 376/376/367
f 402/402/370 374/374/371 378/378/369
s 3
f 363/363/57 357/357/372 353/353/55
f 365/365/373 355/355/374 357/357/372
f 364/364/375 351/351/334 355/355/374
f 367/367/62 365/365/373 363/363/57
f 369/369/376 364/364/375 365/365/373
f 368/368/377 362/362/333 364/364/375
f 329/329/66 369/369/376 367/367/62
f 361/361/378 368/368/377 369/369/376
f 359/359/361 368/368/377 360/360/379
f 377/377/380 328/328/72 327/327/71
f 377/377/380 386/386/381 385/385/382
f 379/379/383 384/384/338 386/386/381
f 385/385/382 380/380/76 328/328/72
f 385/385/382 383/383/384 382/382/385
f 386/386/381 381/381/341 383/383/384
f 382/382/385 370/370/68 380/380/76
f 382/382/385 373/373/386 372/372/387
f 383/383/384 371/371/335 373/373/386
s 1
f 330/330/81 406/406/388 404/404/24
f 399/399/389 407/407/390 406/406/388
f 397/397/20 407/407/390 398/398/391
f 404/404/24 403/403/368 401/401/22
f 406/406/388 402/402/370 403/403/368
f 407/407/390 400/400/331 402/402/370
f 395/395/363 325/325/60 393/393/59
f 396/396/365 391/391/392 395/395/363
f 396/396/365 390/390/339 392/392/393
f 391/391/392 331/331/64 325/325/60
f 391/391/392 389/389/394 388/388/395
f 392/392/393 387/387/342 389/389/394
s 3
f 409/409/336 373/373/386 371/371/335
f 411/411/396 372/372/387 373/373/386
f 408/408/69 372/372/387 410/410/397
s 1
f 412/412/343 389/389/394 387/387/342
f 414/414/398 388/388/395 389/389/394
f 332/332/74 388/388/395 413/413/399
s 3
f 360/360/379 409/409/336 359/359/361
f 360/360/379 410/410/397 411/411/396
f 361/361/378 408/408/69 410/410/397
s 1
f 398/398/391 412/412/343 397/397/20
f 398/398/391 413/413/399 414/414/398
f 399/399/389 332/332/74 413/413/399
s 3
f 142/142/240 155/155/241 140/140/238
s 130
f 762/762/400 603/603/401 764/764/402
s 131
f 424/424/403 439/439/404 427/427/405
s 132
f 756/756/406 592/592/407 763/763/408
f 749/749/409 419/419/410 748/748/411
f 749/749/409 421/421/412 423/423/413
f 750/750/414 416/416/415 421/421/412
f 754/754/416 788/788/417 752/752/418
s 130
f 811/811/419 764/764/402 757/757/420
f 815/815/421 527/527/422 818/818/423
s 132
f 640/640/424 449/449/425 628/628/426
s 130
f 458/458/427 657/657/428 639/639/429
s 132
f 452/452/430 648/648/431 645/645/432
f 445/445/433 624/624/434 620/620/435
f 652/652/436 454/454/437 640/640/424
f 451/451/438 645/645/432 624/624/434
s 130
f 660/660/439 459/459/440 625/625/441
f 448/448/442 639/639/429 636/636/443
f 450/450/444 636/636/443 629/629/445
s 132
f 663/663/446 456/456/447 651/651/448
s 130
f 666/666/449 460/460/450 660/660/439
f 625/625/441 447/447/451 613/613/452
s 132
f 651/651/448 455/455/453 652/652/436
f 767/767/454 491/491/455 777/777/456
s 130
f 532/532/457 807/807/458 739/739/459
s 132
f 777/777/456 496/496/460 781/781/461
s 130
f 537/537/462 739/739/459 745/745/463
s 132
f 781/781/461 501/501/464 743/743/465
f 594/594/466 784/784/467 822/822/468
f 507/507/469 741/741/470 742/742/471
s 130
f 605/605/472 745/745/463 746/746/473
s 132
f 512/512/474 742/742/471 794/794/475
f 517/517/476 794/794/475 784/784/467
s 130
f 472/472/477 768/768/478 807/807/458
f 818/818/423 521/521/479 744/744/480
f 740/740/481 476/476/482 815/815/421
f 704/704/483 473/473/484 705/705/485
f 685/685/486 474/474/487 687/687/488
f 668/668/489 475/475/490 669/669/491
f 462/462/492 723/723/493 722/722/494
f 480/480/495 708/708/496 706/706/497
f 688/688/498 487/487/499 690/690/500
f 670/670/501 489/489/502 671/671/503
f 724/724/504 483/483/505 725/725/506
s 132
f 495/495/507 703/703/508 709/709/509
f 691/691/510 467/467/511 686/686/512
f 673/673/513 465/465/514 667/667/515
f 727/727/516 461/461/517 721/721/518
f 500/500/519 709/709/509 710/710/520
f 499/499/521 691/691/510 692/692/522
f 674/674/523 493/493/524 673/673/513
f 728/728/525 491/491/455 727/727/516
f 505/505/526 710/710/520 711/711/527
f 504/504/528 692/692/522 693/693/529
f 675/675/530 498/498/531 674/674/523
f 729/729/532 496/496/460 728/728/525
f 707/707/533 508/508/534 712/712/535
f 689/689/536 509/509/537 694/694/538
f 672/672/539 510/510/540 676/676/541
f 484/484/542 730/730/543 726/726/544
f 712/712/535 513/513/545 713/713/546
f 694/694/538 514/514/547 695/695/548
f 676/676/541 515/515/549 677/677/550
f 507/507/469 731/731/551 730/730/543
f 713/713/546 518/518/552 714/714/553
f 695/695/548 519/519/554 696/696/555
f 677/677/550 520/520/556 678/678/557
f 512/512/474 732/732/558 731/731/551
s 130
f 525/525/559 716/716/560 715/715/561
f 524/524/562 698/698/563 697/697/564
f 679/679/565 530/530/566 680/680/567
f 733/733/568 527/527/422 734/734/569
f 528/528/570 706/706/497 716/716/560
f 529/529/571 688/688/498 698/698/563
f 680/680/567 478/478/572 670/670/501
f 734/734/569 476/476/482 724/724/504
f 705/705/485 533/533/573 717/717/574
f 687/687/488 534/534/575 699/699/576
f 669/669/491 535/535/577 681/681/578
f 472/472/477 735/735/579 723/723/493
f 717/717/574 538/538/580 718/718/581
f 699/699/576 539/539/582 700/700/583
f 681/681/578 540/540/584 682/682/585
f 532/532/457 736/736/586 735/735/579
s 132
f 737/737/587 520/520/556 732/732/558
f 683/683/588 519/519/554 678/678/557
f 701/701/589 518/518/552 696/696/555
f 719/719/590 516/516/591 714/714/553
s 130
f 606/606/592 736/736/586 738/738/593
f 684/684/594 539/539/582 682/682/585
f 702/702/595 538/538/580 700/700/583
f 720/720/596 536/536/597 718/718/581
f 613/613/452 446/446/598 621/621/599
s 132
f 542/542/600 451/451/438 445/445/433
f 593/593/601 572/572/602 456/456/447
f 455/455/453 567/567/603 454/454/437
f 557/557/604 452/452/430 451/451/438
s 130
f 460/460/450 583/583/605 459/459/440
s 132
f 456/456/447 570/570/606 455/455/453
s 130
f 580/580/607 457/457/608 458/458/427
s 132
f 566/566/609 600/600/610 565/565/611
s 130
f 604/604/612 586/586/613 460/460/450
f 547/547/614 458/458/427 448/448/442
s 132
f 454/454/437 549/549/615 449/449/425
s 130
f 459/459/440 545/545/616 447/447/451
f 550/550/617 448/448/442 450/450/444
s 132
f 561/561/618 453/453/619 452/452/430
s 130
f 559/559/620 543/543/621 546/546/622
f 543/543/621 545/545/616 546/546/622
f 554/554/623 548/548/624 556/556/625
f 547/547/614 556/556/625 548/548/624
s 132
f 560/560/626 558/558/627 544/544/628
f 557/557/604 544/544/628 558/558/627
f 587/587/629 563/563/630 560/560/626
f 562/562/631 560/560/626 563/563/630
f 561/561/618 558/558/627 562/562/631
f 587/587/629 566/566/609 563/563/630
f 565/565/611 563/563/630 566/566/609
f 564/564/632 562/562/631 565/565/611
s 130
f 612/612/633 588/588/634 589/589/635
s 132
f 551/551/636 553/553/637 568/568/638
f 555/555/639 567/567/603 569/569/640
f 569/569/640 570/570/606 571/571/641
f 568/568/638 574/574/642 573/573/643
f 571/571/641 572/572/602 574/574/642
s 130
f 581/581/644 552/552/645 577/577/646
s 132
f 565/565/611 599/599/647 564/564/632
s 130
f 576/576/648 581/581/644 577/577/646
f 575/575/649 582/582/650 576/576/648
f 581/581/644 554/554/623 552/552/645
f 582/582/650 554/554/623 581/581/644
f 580/580/607 548/548/624 582/582/650
f 588/588/634 559/559/620 584/584/651
f 559/559/620 585/585/652 584/584/651
f 546/546/622 583/583/605 585/585/652
f 588/588/634 584/584/651 589/589/635
f 584/584/651 590/590/653 589/589/635
f 585/585/652 586/586/613 590/590/653
s 132
f 599/599/647 574/574/642 572/572/602
f 600/600/610 573/573/643 574/574/642
f 573/573/643 551/551/636 568/568/638
f 564/564/632 593/593/601 453/453/619
s 130
f 610/610/654 590/590/653 586/586/613
f 611/611/655 589/589/635 590/590/653
s 132
f 502/502/656 719/719/590 711/711/527
s 130
f 447/447/451 541/541/657 446/446/598
s 132
f 601/601/658 551/551/636 573/573/643
f 505/505/526 701/701/589 693/693/529
f 675/675/530 596/596/659 683/683/588
f 729/729/532 595/595/660 737/737/587
f 743/743/465 594/594/466 822/822/468
f 453/453/619 663/663/446 648/648/431
f 751/751/661 592/592/407 416/416/415
f 587/587/629 601/601/658 566/566/609
s 130
f 577/577/646 611/611/655 576/576/648
f 576/576/648 610/610/654 575/575/649
f 575/575/649 604/604/612 457/457/608
f 522/522/662 720/720/596 715/715/561
f 525/525/559 702/702/595 697/697/564
f 679/679/565 607/607/663 684/684/594
f 733/733/568 606/606/592 738/738/593
f 744/744/480 605/605/472 746/746/473
f 457/457/608 666/666/449 657/657/428
f 757/757/420 603/603/401 440/440/664
f 552/552/645 612/612/633 577/577/646
f 655/655/665 609/609/666 522/522/662
f 656/656/667 664/664/668 655/655/665
f 657/657/428 665/665/669 656/656/667
s 132
f 646/646/670 598/598/671 502/502/656
f 647/647/672 661/661/673 646/646/670
f 648/648/431 662/662/674 647/647/672
s 130
f 471/471/675 617/617/676 464/464/677
f 615/615/678 619/619/679 617/617/676
f 614/614/680 621/621/599 619/619/679
s 132
f 516/516/591 654/654/681 511/511/682
f 649/649/683 653/653/684 654/654/681
f 650/650/685 652/652/436 653/653/684
s 130
f 531/531/686 615/615/678 471/471/675
f 627/627/687 614/614/680 615/615/678
f 626/626/688 613/613/452 614/614/680
f 609/609/666 658/658/689 536/536/597
f 664/664/668 659/659/690 658/658/689
f 665/665/669 660/660/439 659/659/690
s 132
f 598/598/671 649/649/683 516/516/591
f 661/661/673 650/650/685 649/649/683
f 662/662/674 651/651/448 650/650/685
s 130
f 633/633/691 477/477/692 482/482/693
f 631/631/694 634/634/695 633/633/691
f 629/629/445 635/635/696 631/631/694
f 634/634/695 526/526/697 477/477/692
f 635/635/696 637/637/698 634/634/695
f 636/636/443 638/638/699 635/635/696
f 536/536/597 627/627/687 531/531/686
f 658/658/689 626/626/688 627/627/687
f 659/659/690 625/625/441 626/626/688
s 132
f 622/622/700 497/497/701 492/492/702
f 623/623/703 643/643/704 622/622/700
f 624/624/434 644/644/705 623/623/703
f 511/511/682 642/642/706 506/506/707
f 654/654/681 641/641/708 642/642/706
f 653/653/684 640/640/424 641/641/708
f 616/616/709 492/492/702 463/463/710
f 618/618/711 622/622/700 616/616/709
f 620/620/435 623/623/703 618/618/711
f 643/643/704 502/502/656 497/497/701
f 644/644/705 646/646/670 643/643/704
f 645/645/432 647/647/672 644/644/705
s 130
f 637/637/698 522/522/662 526/526/697
f 638/638/699 655/655/665 637/637/698
f 639/639/429 656/656/667 638/638/699
s 132
f 506/506/707 632/632/712 481/481/713
f 642/642/706 630/630/714 632/632/712
f 641/641/708 628/628/426 630/630/714
s 130
f 523/523/715 684/684/594 606/606/592
s 132
f 503/503/716 683/683/588 595/595/660
s 130
f 606/606/592 682/682/585 540/540/584
s 132
f 595/595/660 678/678/557 520/520/556
s 130
f 534/534/575 682/682/585 539/539/582
f 474/474/487 681/681/578 534/534/575
f 529/529/571 670/670/501 479/479/717
f 524/524/562 680/680/567 529/529/571
s 132
f 514/514/547 678/678/557 519/519/554
f 509/509/537 677/677/550 514/514/547
f 488/488/718 676/676/541 509/509/537
f 504/504/528 674/674/523 499/499/521
f 499/499/521 673/673/513 494/494/719
f 494/494/719 667/667/515 467/467/511
s 130
f 479/479/717 671/671/503 487/487/499
f 468/468/720 669/669/491 474/474/487
f 524/524/562 702/702/595 607/607/663
s 132
f 504/504/528 701/701/589 596/596/659
s 130
f 607/607/663 700/700/583 539/539/582
s 132
f 596/596/659 696/696/555 519/519/554
s 130
f 533/533/573 700/700/583 538/538/580
f 473/473/484 699/699/576 533/533/573
f 698/698/563 480/480/495 528/528/570
f 697/697/564 528/528/570 525/525/559
s 132
f 513/513/545 696/696/555 518/518/552
f 508/508/534 695/695/548 513/513/545
f 485/485/721 694/694/538 508/508/534
f 693/693/529 500/500/519 505/505/526
f 692/692/522 495/495/507 500/500/519
f 495/495/507 686/686/512 470/470/722
s 130
f 480/480/495 690/690/500 486/486/723
f 469/469/724 687/687/488 473/473/484
f 715/715/561 608/608/725 525/525/559
s 132
f 711/711/527 597/597/726 505/505/526
s 130
f 608/608/725 718/718/581 538/538/580
s 132
f 597/597/726 714/714/553 518/518/552
s 130
f 531/531/686 718/718/581 536/536/597
f 471/471/675 717/717/574 531/531/686
f 716/716/560 477/477/692 526/526/697
f 715/715/561 526/526/697 522/522/662
s 132
f 511/511/682 714/714/553 516/516/591
f 506/506/707 713/713/546 511/511/682
f 481/481/713 712/712/535 506/506/707
f 711/711/527 497/497/701 502/502/656
f 710/710/520 492/492/702 497/497/701
f 709/709/509 463/463/710 492/492/702
s 130
f 706/706/497 482/482/693 477/477/692
f 464/464/677 705/705/485 471/471/675
f 521/521/479 738/738/593 605/605/472
s 132
f 501/501/464 737/737/587 594/594/466
s 130
f 738/738/593 537/537/462 605/605/472
s 132
f 737/737/587 517/517/476 594/594/466
s 130
f 735/735/579 540/540/584 535/535/577
f 723/723/493 535/535/577 475/475/490
f 530/530/566 724/724/504 478/478/572
f 523/523/715 734/734/569 530/530/566
s 132
f 731/731/551 520/520/556 515/515/549
f 730/730/543 515/515/549 510/510/540
f 726/726/544 510/510/540 490/490/727
f 503/503/716 728/728/525 498/498/531
f 498/498/531 727/727/516 493/493/524
f 493/493/524 721/721/518 465/465/514
s 130
f 478/478/572 725/725/506 489/489/502
f 722/722/494 475/475/490 466/466/728
f 753/753/729 814/814/730 759/759/731
s 132
f 776/776/732 748/748/411 766/766/733
f 785/785/734 763/763/408 823/823/735
f 755/755/736 798/798/737 754/754/416
s 130
f 762/762/400 804/804/738 761/761/739
s 132
f 756/756/406 795/795/740 755/755/736
f 776/776/732 750/750/414 749/749/409
s 130
f 801/801/741 764/764/402 826/826/742
f 761/761/739 808/808/743 760/760/744
s 132
f 780/780/745 751/751/661 750/750/414
s 130
f 758/758/746 814/814/730 819/819/747
f 757/757/420 819/819/747 811/811/419
f 434/434/748 761/761/739 438/438/749
f 438/438/749 760/760/744 436/436/750
f 436/436/750 747/747/751 418/418/752
f 426/426/753 759/759/731 444/444/754
f 442/442/755 759/759/731 758/758/746
f 440/440/664 758/758/746 757/757/420
s 132
f 428/428/756 755/755/736 432/432/757
f 432/432/757 754/754/416 430/430/758
f 430/430/758 752/752/418 425/425/759
f 773/773/760 763/763/408 751/751/661
s 130
f 760/760/744 765/765/761 747/747/751
s 132
f 553/553/637 571/571/641 568/568/638
s 130
f 768/768/478 809/809/762 807/807/458
f 772/772/763 810/810/764 809/809/762
f 769/769/765 808/808/743 810/810/764
f 815/815/421 790/790/766 740/740/481
f 817/817/767 793/793/768 790/790/766
f 816/816/769 789/789/770 793/793/768
s 132
f 777/777/456 771/771/771 767/767/454
f 779/779/772 770/770/773 771/771/771
f 778/778/774 766/766/733 770/770/773
f 781/781/461 779/779/772 777/777/456
f 783/783/775 778/778/774 779/779/772
f 782/782/776 776/776/732 778/778/774
f 743/743/465 783/783/775 781/781/461
f 775/775/777 782/782/776 783/783/775
f 773/773/760 782/782/776 774/774/778
f 791/791/779 742/742/471 741/741/470
f 791/791/779 800/800/780 799/799/781
f 792/792/782 798/798/737 800/800/780
f 799/799/781 794/794/475 742/742/471
f 799/799/781 797/797/783 796/796/784
f 800/800/780 795/795/740 797/797/783
f 796/796/784 784/784/467 794/794/475
f 796/796/784 787/787/785 786/786/786
f 797/797/783 785/785/734 787/787/785
s 130
f 744/744/480 820/820/787 818/818/423
f 813/813/788 821/821/789 820/820/787
f 811/811/419 821/821/789 812/812/790
f 818/818/423 817/817/767 815/815/421
f 820/820/787 816/816/769 817/817/767
f 821/821/789 814/814/730 816/816/769
f 809/809/762 739/739/459 807/807/458
f 810/810/764 805/805/791 809/809/762
f 810/810/764 804/804/738 806/806/792
f 805/805/791 745/745/463 739/739/459
f 805/805/791 803/803/793 802/802/794
f 806/806/792 801/801/741 803/803/793
s 132
f 823/823/735 787/787/785 785/785/734
f 825/825/795 786/786/786 787/787/785
f 822/822/468 786/786/786 824/824/796
s 130
f 826/826/742 803/803/793 801/801/741
f 828/828/797 802/802/794 803/803/793
f 746/746/473 802/802/794 827/827/798
s 132
f 774/774/778 823/823/735 773/773/760
f 774/774/778 824/824/796 825/825/795
f 775/775/777 822/822/468 824/824/796
s 130
f 812/812/790 826/826/742 811/811/419
f 812/812/790 827/827/798 828/828/797
f 813/813/788 746/746/473 827/827/798
s 132
f 555/555/639 569/569/640 553/553/637
s 259
f 1176/1176/799 1016/1016/800 1178/1178/801
s 260
f 840/840/802 854/854/803 842/842/804
s 261
f 1170/1170/805 1005/1005/806 1177/1177/807
f 1163/1163/808 832/832/809 1162/1162/810
f 1163/1163/808 834/834/811 836/836/812
f 1164/1164/813 829/829/814 834/834/811
f 1168/1168/815 1202/1202/816 1166/1166/817
s 259
f 1225/1225/818 1178/1178/801 1171/1171/819
f 1229/1229/820 941/941/821 1232/1232/822
s 261
f 1054/1054/823 863/863/824 1042/1042/825
s 259
f 872/872/826 1071/1071/827 1053/1053/828
s 261
f 866/866/829 1062/1062/830 1059/1059/831
f 859/859/832 1038/1038/833 1034/1034/834
f 1066/1066/835 868/868/836 1054/1054/823
f 865/865/837 1059/1059/831 1038/1038/833
s 259
f 1074/1074/838 873/873/839 1039/1039/840
f 862/862/841 1053/1053/828 1050/1050/842
f 864/864/843 1050/1050/842 1043/1043/844
s 261
f 1077/1077/845 870/870/846 1065/1065/847
s 259
f 1080/1080/848 874/874/849 1074/1074/838
f 1039/1039/840 861/861/850 1027/1027/851
s 261
f 1065/1065/847 869/869/852 1066/1066/835
f 1181/1181/853 905/905/854 1191/1191/855
s 259
f 946/946/856 1221/1221/857 1153/1153/858
s 261
f 1191/1191/855 910/910/859 1195/1195/860
s 259
f 951/951/861 1153/1153/858 1159/1159/862
s 261
f 1195/1195/860 915/915/863 1157/1157/864
f 1008/1008/865 1198/1198/866 1236/1236/867
f 921/921/868 1155/1155/869 1156/1156/870
s 259
f 1019/1019/871 1159/1159/862 1160/1160/872
s 261
f 926/926/873 1156/1156/870 1208/1208/874
f 931/931/875 1208/1208/874 1198/1198/866
s 259
f 886/886/876 1182/1182/877 1221/1221/857
f 1232/1232/822 935/935/878 1158/1158/879
f 1154/1154/880 890/890/881 1229/1229/820
f 1118/1118/882 887/887/883 1119/1119/884
f 1099/1099/885 888/888/886 1101/1101/887
f 1082/1082/888 889/889/889 1083/1083/890
f 876/876/891 1137/1137/892 1136/1136/893
f 894/894/894 1122/1122/895 1120/1120/896
f 1102/1102/897 901/901/898 1104/1104/899
f 1084/1084/900 903/903/901 1085/1085/902
f 1138/1138/903 897/897/904 1139/1139/905
s 261
f 909/909/906 1117/1117/907 1123/1123/908
f 1105/1105/909 881/881/910 1100/1100/911
f 1087/1087/912 879/879/913 1081/1081/914
f 1141/1141/915 875/875/916 1135/1135/917
f 914/914/918 1123/1123/908 1124/1124/919
f 913/913/920 1105/1105/909 1106/1106/921
f 1088/1088/922 907/907/923 1087/1087/912
f 1142/1142/924 905/905/854 1141/1141/915
f 919/919/925 1124/1124/919 1125/1125/926
f 918/918/927 1106/1106/921 1107/1107/928
f 1089/1089/929 912/912/930 1088/1088/922
f 1143/1143/931 910/910/859 1142/1142/924
f 1121/1121/932 922/922/933 1126/1126/934
f 1103/1103/935 923/923/936 1108/1108/937
f 1086/1086/938 924/924/939 1090/1090/940
f 898/898/941 1144/1144/942 1140/1140/943
f 1126/1126/934 927/927/944 1127/1127/945
f 1108/1108/937 928/928/946 1109/1109/947
f 1090/1090/940 929/929/948 1091/1091/949
f 921/921/868 1145/1145/950 1144/1144/942
f 1127/1127/945 932/932/951 1128/1128/952
f 1109/1109/947 933/933/953 1110/1110/954
f 1091/1091/949 934/934/955 1092/1092/956
f 926/926/873 1146/1146/957 1145/1145/950
s 259
f 939/939/958 1130/1130/959 1129/1129/960
f 938/938/961 1112/1112/962 1111/1111/963
f 1093/1093/964 944/944/965 1094/1094/966
f 1147/1147/967 941/941/821 1148/1148/968
f 942/942/969 1120/1120/896 1130/1130/959
f 943/943/970 1102/1102/897 1112/1112/962
f 1094/1094/966 892/892/971 1084/1084/900
f 1148/1148/968 890/890/881 1138/1138/903
f 1119/1119/884 947/947/972 1131/1131/973
f 1101/1101/887 948/948/974 1113/1113/975
f 1083/1083/890 949/949/976 1095/1095/977
f 886/886/876 1149/1149/978 1137/1137/892
f 1131/1131/973 952/952/979 1132/1132/980
f 1113/1113/975 953/953/981 1114/1114/982
f 1095/1095/977 954/954/983 1096/1096/984
f 946/946/856 1150/1150/985 1149/1149/978
s 261
f 1151/1151/986 934/934/955 1146/1146/957
f 1097/1097/987 933/933/953 1092/1092/956
f 1115/1115/988 932/932/951 1110/1110/954
f 1133/1133/989 930/930/990 1128/1128/952
s 259
f 1020/1020/991 1150/1150/985 1152/1152/992
f 1098/1098/993 953/953/981 1096/1096/984
f 1116/1116/994 952/952/979 1114/1114/982
f 1134/1134/995 950/950/996 1132/1132/980
f 1027/1027/851 860/860/997 1035/1035/998
s 261
f 956/956/999 865/865/837 859/859/832
f 1007/1007/1000 986/986/1001 870/870/846
f 869/869/852 981/981/1002 868/868/836
f 971/971/1003 866/866/829 865/865/837
s 259
f 874/874/849 997/997/1004 873/873/839
s 261
f 870/870/846 984/984/1005 869/869/852
s 259
f 994/994/1006 871/871/1007 872/872/826
s 261
f 980/980/1008 1014/1014/1009 979/979/1010
s 259
f 1018/1018/1011 1000/1000/1012 874/874/849
f 961/961/1013 872/872/826 862/862/841
s 261
f 868/868/836 963/963/1014 863/863/824
s 259
f 873/873/839 959/959/1015 861/861/850
f 964/964/1016 862/862/841 864/864/843
s 261
f 975/975/1017 867/867/1018 866/866/829
s 259
f 973/973/1019 957/957/1020 960/960/1021
f 957/957/1020 959/959/1015 960/960/1021
f 968/968/1022 962/962/1023 970/970/1024
f 961/961/1013 970/970/1024 962/962/1023
s 261
f 974/974/1025 972/972/1026 958/958/1027
f 971/971/1003 958/958/1027 972/972/1026
f 1002/1002/1028 977/977/1029 974/974/1025
f 976/976/1030 974/974/1025 977/977/1029
f 975/975/1017 972/972/1026 976/976/1030
f 1002/1002/1028 980/980/1008 977/977/1029
f 979/979/1010 977/977/1029 980/980/1008
f 978/978/1031 976/976/1030 979/979/1010
s 259
f 1026/1026/1032 1001/1001/1033 1003/1003/1034
s 261
f 966/966/1035 967/967/1036 982/982/1037
f 969/969/1038 981/981/1002 983/983/1039
f 983/983/1039 984/984/1005 985/985/1040
f 982/982/1037 988/988/1041 987/987/1042
f 985/985/1040 986/986/1001 988/988/1041
s 259
f 995/995/1043 965/965/1044 991/991/1045
s 261
f 979/979/1010 1013/1013/1046 978/978/1031
s 259
f 990/990/1047 995/995/1043 991/991/1045
f 989/989/1048 996/996/1049 990/990/1047
f 995/995/1043 968/968/1022 965/965/1044
f 996/996/1049 968/968/1022 995/995/1043
f 994/994/1006 962/962/1023 996/996/1049
f 1001/1001/1033 973/973/1019 998/998/1050
f 973/973/1019 999/999/1051 998/998/1050
f 960/960/1021 997/997/1004 999/999/1051
f 1001/1001/1033 998/998/1050 1003/1003/1034
f 998/998/1050 1004/1004/1052 1003/1003/1034
f 999/999/1051 1000/1000/1012 1004/1004/1052
s 261
f 1013/1013/1046 988/988/1041 986/986/1001
f 1014/1014/1009 987/987/1042 988/988/1041
f 987/987/1042 966/966/1035 982/982/1037
f 978/978/1031 1007/1007/1000 867/867/1018
s 259
f 1024/1024/1053 1004/1004/1052 1000/1000/1012
f 1025/1025/1054 1003/1003/1034 1004/1004/1052
s 261
f 916/916/1055 1133/1133/989 1125/1125/926
s 259
f 861/861/850 955/955/1056 860/860/997
s 261
f 1015/1015/1057 966/966/1035 987/987/1042
f 919/919/925 1115/1115/988 1107/1107/928
f 1089/1089/929 1010/1010/1058 1097/1097/987
f 1143/1143/931 1009/1009/1059 1151/1151/986
f 1157/1157/864 1008/1008/865 1236/1236/867
f 867/867/1018 1077/1077/845 1062/1062/830
f 1165/1165/1060 1005/1005/806 829/829/814
f 1002/1002/1028 1015/1015/1057 980/980/1008
s 259
f 991/991/1045 1025/1025/1054 990/990/1047
f 990/990/1047 1024/1024/1053 989/989/1048
f 989/989/1048 1018/1018/1011 871/871/1007
f 936/936/1061 1134/1134/995 1129/1129/960
f 939/939/958 1116/1116/994 1111/1111/963
f 1093/1093/964 1021/1021/1062 1098/1098/993
f 1147/1147/967 1020/1020/991 1152/1152/992
f 1158/1158/879 1019/1019/871 1160/1160/872
f 871/871/1007 1080/1080/848 1071/1071/827
f 1171/1171/819 1016/1016/800 853/853/1063
f 965/965/1044 1026/1026/1032 991/991/1045
f 1069/1069/1064 1023/1023/1065 936/936/1061
f 1070/1070/1066 1078/1078/1067 1069/1069/1064
f 1071/1071/827 1079/1079/1068 1070/1070/1066
s 261
f 1060/1060/1069 1012/1012/1070 916/916/1055
f 1061/1061/1071 1075/1075/1072 1060/1060/1069
f 1062/1062/830 1076/1076/1073 1061/1061/1071
s 259
f 885/885/1074 1031/1031/1075 878/878/1076
f 1029/1029/1077 1033/1033/1078 1031/1031/1075
f 1028/1028/1079 1035/1035/998 1033/1033/1078
s 261
f 930/930/990 1068/1068/1080 925/925/1081
f 1063/1063/1082 1067/1067/1083 1068/1068/1080
f 1064/1064/1084 1066/1066/835 1067/1067/1083
s 259
f 945/945/1085 1029/1029/1077 885/885/1074
f 1041/1041/1086 1028/1028/1079 1029/1029/1077
f 1040/1040/1087 1027/1027/851 1028/1028/1079
f 1023/1023/1065 1072/1072/1088 950/950/996
f 1078/1078/1067 1073/1073/1089 1072/1072/1088
f 1079/1079/1068 1074/1074/838 1073/1073/1089
s 261
f 1012/1012/1070 1063/1063/1082 930/930/990
f 1075/1075/1072 1064/1064/1084 1063/1063/1082
f 1076/1076/1073 1065/1065/847 1064/1064/1084
s 259
f 1047/1047/1090 891/891/1091 896/896/1092
f 1045/1045/1093 1048/1048/1094 1047/1047/1090
f 1043/1043/844 1049/1049/1095 1045/1045/1093
f 1048/1048/1094 940/940/1096 891/891/1091
f 1049/1049/1095 1051/1051/1097 1048/1048/1094
f 1050/1050/842 1052/1052/1098 1049/1049/1095
f 950/950/996 1041/1041/1086 945/945/1085
f 1072/1072/1088 1040/1040/1087 1041/1041/1086
f 1073/1073/1089 1039/1039/840 1040/1040/1087
s 261
f 1036/1036/1099 911/911/1100 906/906/1101
f 1037/1037/1102 1057/1057/1103 1036/1036/1099
f 1038/1038/833 1058/1058/1104 1037/1037/1102
f 925/925/1081 1056/1056/1105 920/920/1106
f 1068/1068/1080 1055/1055/1107 1056/1056/1105
f 1067/1067/1083 1054/1054/823 1055/1055/1107
f 1030/1030/1108 906/906/1101 877/877/1109
f 1032/1032/1110 1036/1036/1099 1030/1030/1108
f 1034/1034/834 1037/1037/1102 1032/1032/1110
f 1057/1057/1103 916/916/1055 911/911/1100
f 1058/1058/1104 1060/1060/1069 1057/1057/1103
f 1059/1059/831 1061/1061/1071 1058/1058/1104
s 259
f 1051/1051/1097 936/936/1061 940/940/1096
f 1052/1052/1098 1069/1069/1064 1051/1051/1097
f 1053/1053/828 1070/1070/1066 1052/1052/1098
s 261
f 920/920/1106 1046/1046/1111 895/895/1112
f 1056/1056/1105 1044/1044/1113 1046/1046/1111
f 1055/1055/1107 1042/1042/825 1044/1044/1113
s 259
f 937/937/1114 1098/1098/993 1020/1020/991
s 261
f 917/917/1115 1097/1097/987 1009/1009/1059
s 259
f 1020/1020/991 1096/1096/984 954/954/983
s 261
f 1009/1009/1059 1092/1092/956 934/934/955
s 259
f 948/948/974 1096/1096/984 953/953/981
f 888/888/886 1095/1095/977 948/948/974
f 943/943/970 1084/1084/900 893/893/1116
f 938/938/961 1094/1094/966 943/943/970
s 261
f 928/928/946 1092/1092/956 933/933/953
f 923/923/936 1091/1091/949 928/928/946
f 902/902/1117 1090/1090/940 923/923/936
f 918/918/927 1088/1088/922 913/913/920
f 913/913/920 1087/1087/912 908/908/1118
f 908/908/1118 1081/1081/914 881/881/910
s 259
f 893/893/1116 1085/1085/902 901/901/898
f 882/882/1119 1083/1083/890 888/888/886
f 938/938/961 1116/1116/994 1021/1021/1062
s 261
f 918/918/927 1115/1115/988 1010/1010/1058
s 259
f 1021/1021/1062 1114/1114/982 953/953/981
s 261
f 1010/1010/1058 1110/1110/954 933/933/953
s 259
f 947/947/972 1114/1114/982 952/952/979
f 887/887/883 1113/1113/975 947/947/972
f 1112/1112/962 894/894/894 942/942/969
f 1111/1111/963 942/942/969 939/939/958
s 261
f 927/927/944 1110/1110/954 932/932/951
f 922/922/933 1109/1109/947 927/927/944
f 899/899/1120 1108/1108/937 922/922/933
f 1107/1107/928 914/914/918 919/919/925
f 1106/1106/921 909/909/906 914/914/918
f 909/909/906 1100/1100/911 884/884/1121
s 259
f 894/894/894 1104/1104/899 900/900/1122
f 883/883/1123 1101/1101/887 887/887/883
f 1129/1129/960 1022/1022/1124 939/939/958
s 261
f 1125/1125/926 1011/1011/1125 919/919/925
s 259
f 1022/1022/1124 1132/1132/980 952/952/979
s 261
f 1011/1011/1125 1128/1128/952 932/932/951
s 259
f 945/945/1085 1132/1132/980 950/950/996
f 885/885/1074 1131/1131/973 945/945/1085
f 1130/1130/959 891/891/1091 940/940/1096
f 1129/1129/960 940/940/1096 936/936/1061
s 261
f 925/925/1081 1128/1128/952 930/930/990
f 920/920/1106 1127/1127/945 925/925/1081
f 895/895/1112 1126/1126/934 920/920/1106
f 1125/1125/926 911/911/1100 916/916/1055
f 1124/1124/919 906/906/1101 911/911/1100
f 1123/1123/908 877/877/1109 906/906/1101
s 259
f 1120/1120/896 896/896/1092 891/891/1091
f 878/878/1076 1119/1119/884 885/885/1074
f 935/935/878 1152/1152/992 1019/1019/871
s 261
f 915/915/863 1151/1151/986 1008/1008/865
s 259
f 1152/1152/992 951/951/861 1019/1019/871
s 261
f 1151/1151/986 931/931/875 1008/1008/865
s 259
f 1149/1149/978 954/954/983 949/949/976
f 1137/1137/892 949/949/976 889/889/889
f 944/944/965 1138/1138/903 892/892/971
f 937/937/1114 1148/1148/968 944/944/965
s 261
f 1145/1145/950 934/934/955 929/929/948
f 1144/1144/942 929/929/948 924/924/939
f 1140/1140/943 924/924/939 904/904/1126
f 917/917/1115 1142/1142/924 912/912/930
f 912/912/930 1141/1141/915 907/907/923
f 907/907/923 1135/1135/917 879/879/913
s 259
f 892/892/971 1139/1139/905 903/903/901
f 1136/1136/893 889/889/889 880/880/1127
f 1167/1167/1128 1228/1228/1129 1173/1173/1130
s 261
f 1190/1190/1131 1162/1162/810 1180/1180/1132
f 1199/1199/1133 1177/1177/807 1237/1237/1134
f 1169/1169/1135 1212/1212/1136 1168/1168/815
s 259
f 1176/1176/799 1218/1218/1137 1175/1175/1138
s 261
f 1170/1170/805 1209/1209/1139 1169/1169/1135
f 1190/1190/1131 1164/1164/813 1163/1163/808
s 259
f 1215/1215/1140 1178/1178/801 1240/1240/1141
f 1175/1175/1138 1222/1222/1142 1174/1174/1143
s 261
f 1194/1194/1144 1165/1165/1060 1164/1164/813
s 259
f 1172/1172/1145 1228/1228/1129 1233/1233/1146
f 1171/1171/819 1233/1233/1146 1225/1225/818
f 847/847/1147 1175/1175/1138 851/851/1148
f 851/851/1148 1174/1174/1143 849/849/1149
f 849/849/1149 1161/1161/1150 831/831/1151
f 839/839/1152 1173/1173/1130 857/857/1153
f 855/855/1154 1173/1173/1130 1172/1172/1145
f 853/853/1063 1172/1172/1145 1171/1171/819
s 261
f 841/841/1155 1169/1169/1135 845/845/1156
f 845/845/1156 1168/1168/815 843/843/1157
f 843/843/1157 1166/1166/817 838/838/1158
f 1187/1187/1159 1177/1177/807 1165/1165/1060
s 259
f 1174/1174/1143 1179/1179/1160 1161/1161/1150
s 261
f 967/967/1036 985/985/1040 982/982/1037
s 259
f 1182/1182/877 1223/1223/1161 1221/1221/857
f 1186/1186/1162 1224/1224/1163 1223/1223/1161
f 1183/1183/1164 1222/1222/1142 1224/1224/1163
f 1229/1229/820 1204/1204/1165 1154/1154/880
f 1231/1231/1166 1207/1207/1167 1204/1204/1165
f 1230/1230/1168 1203/1203/1169 1207/1207/1167
s 261
f 1191/1191/855 1185/1185/1170 1181/1181/853
f 1193/1193/1171 1184/1184/1172 1185/1185/1170
f 1192/1192/1173 1180/1180/1132 1184/1184/1172
f 1195/1195/860 1193/1193/1171 1191/1191/855
f 1197/1197/1174 1192/1192/1173 1193/1193/1171
f 1196/1196/1175 1190/1190/1131 1192/1192/1173
f 1157/1157/864 1197/1197/1174 1195/1195/860
f 1189/1189/1176 1196/1196/1175 1197/1197/1174
f 1187/1187/1159 1196/1196/1175 1188/1188/1177
f 1205/1205/1178 1156/1156/870 1155/1155/869
f 1205/1205/1178 1214/1214/1179 1213/1213/1180
f 1206/1206/1181 1212/1212/1136 1214/1214/1179
f 1213/1213/1180 1208/1208/874 1156/1156/870
f 1213/1213/1180 1211/1211/1182 1210/1210/1183
f 1214/1214/1179 1209/1209/1139 1211/1211/1182
f 1210/1210/1183 1198/1198/866 1208/1208/874
f 1210/1210/1183 1201/1201/1184 1200/1200/1185
f 1211/1211/1182 1199/1199/1133 1201/1201/1184
s 259
f 1158/1158/879 1234/1234/1186 1232/1232/822
f 1227/1227/1187 1235/1235/1188 1234/1234/1186
f 1225/1225/818 1235/1235/1188 1226/1226/1189
f 1232/1232/822 1231/1231/1166 1229/1229/820
f 1234/1234/1186 1230/1230/1168 1231/1231/1166
f 1235/1235/1188 1228/1228/1129 1230/1230/1168
f 1223/1223/1161 1153/1153/858 1221/1221/857
f 1224/1224/1163 1219/1219/1190 1223/1223/1161
f 1224/1224/1163 1218/1218/1137 1220/1220/1191
f 1219/1219/1190 1159/1159/862 1153/1153/858
f 1219/1219/1190 1217/1217/1192 1216/1216/1193
f 1220/1220/1191 1215/1215/1140 1217/1217/1192
s 261
f 1237/1237/1134 1201/1201/1184 1199/1199/1133
f 1239/1239/1194 1200/1200/1185 1201/1201/1184
f 1236/1236/867 1200/1200/1185 1238/1238/1195
s 259
f 1240/1240/1141 1217/1217/1192 1215/1215/1140
f 1242/1242/1196 1216/1216/1193 1217/1217/1192
f 1160/1160/872 1216/1216/1193 1241/1241/1197
s 261
f 1188/1188/1177 1237/1237/1134 1187/1187/1159
f 1188/1188/1177 1238/1238/1195 1239/1239/1194
f 1189/1189/1176 1236/1236/867 1238/1238/1195
s 259
f 1226/1226/1189 1240/1240/1141 1225/1225/818
f 1226/1226/1189 1241/1241/1197 1242/1242/1196
f 1227/1227/1187 1160/1160/872 1241/1241/1197
s 261
f 969/969/1038 983/983/1039 967/967/1036
s 1
f 348/348/1 19/19/349 188/188/2
s 2
f 28/28/1198 26/26/5 30/30/1199
f 26/26/5 189/189/1200 177/177/1201
f 189/189/1200 20/20/1202 1/1/1203
f 20/20/1202 24/24/1204 22/22/1205
f 1/1/1203 5/5/1206 8/8/1207
f 22/22/1205 5/5/1206 20/20/1202
f 8/8/1207 6/6/1208 1/1/1203
f 1/1/1203 177/177/1201 189/189/1200
f 177/177/1201 13/13/6 26/26/5
f 13/13/6 17/17/1209 15/15/1210
f 26/26/5 10/10/4 30/30/1199
f 15/15/1210 10/10/4 13/13/6
f 5/5/1206 1/1/1203 20/20/1202
s 3
f 342/342/7 14/14/357 178/178/8
f 335/335/10 9/9/14 3/3/11
f 335/335/10 336/336/15 7/7/13
f 336/336/15 337/337/262 2/2/16
f 340/340/17 384/384/338 375/375/18
s 1
f 397/397/20 412/412/343 350/350/3
f 401/401/22 62/62/83 113/113/23
s 3
f 226/226/25 40/40/38 36/36/26
s 1
f 44/44/28 43/43/209 243/243/29
s 3
f 38/38/31 39/39/220 234/234/32
f 32/32/34 37/37/39 210/210/35
f 238/238/37 41/41/54 40/40/38
f 37/37/39 38/38/31 231/231/33
s 1
f 246/246/40 46/46/51 45/45/41
f 34/34/43 44/44/28 225/225/30
f 35/35/45 34/34/43 222/222/44
s 3
f 249/249/47 179/179/202 42/42/48
s 1
f 252/252/50 190/190/213 46/46/51
f 211/211/42 45/45/41 33/33/52
s 3
f 237/237/49 42/42/48 41/41/54
f 353/353/55 47/47/118 77/77/56
s 1
f 118/118/58 58/58/78 393/393/59
s 3
f 363/363/57 77/77/56 82/82/61
s 1
f 123/123/63 118/118/58 325/325/60
s 3
f 367/367/62 82/82/61 87/87/65
f 180/180/67 103/103/77 370/370/68
f 93/93/70 70/70/143 327/327/71
s 1
f 191/191/73 123/123/63 331/331/64
s 3
f 98/98/75 93/93/70 328/328/72
f 103/103/77 98/98/75 380/380/76
s 1
f 58/58/78 48/48/93 354/354/79
f 404/404/24 113/113/23 107/107/80
f 326/326/82 69/69/106 62/62/83
f 289/289/84 56/56/325 59/59/85
f 272/272/87 54/54/321 60/60/88
f 254/254/90 52/52/329 61/61/91
f 48/48/93 58/58/78 309/309/94
f 66/66/96 71/71/324 293/293/97
f 274/274/99 65/65/318 73/73/100
f 256/256/102 64/64/173 75/75/103
f 310/310/105 62/62/83 69/69/106
s 3
f 81/81/108 55/55/323 290/290/109
f 277/277/111 80/80/320 53/53/112
f 259/259/114 79/79/125 51/51/115
f 313/313/117 77/77/56 47/47/118
f 86/86/120 81/81/108 295/295/110
f 85/85/122 80/80/320 277/277/111
f 260/260/124 84/84/132 79/79/125
f 314/314/126 82/82/61 77/77/56
f 91/91/127 86/86/120 296/296/121
f 90/90/129 85/85/122 278/278/123
f 261/261/131 89/89/317 84/84/132
f 315/315/133 87/87/65 82/82/61
f 294/294/134 72/72/322 94/94/135
f 276/276/137 74/74/319 95/95/138
f 258/258/140 76/76/328 96/96/141
f 70/70/143 93/93/70 316/316/144
f 298/298/136 94/94/135 99/99/146
f 280/280/139 95/95/138 100/100/148
f 262/262/142 96/96/141 101/101/150
f 93/93/70 98/98/75 317/317/152
f 299/299/147 99/99/146 104/104/153
f 281/281/149 100/100/148 105/105/155
f 263/263/151 101/101/150 106/106/157
f 98/98/75 103/103/77 318/318/159
s 1
f 111/111/160 114/114/171 302/302/161
f 110/110/163 115/115/172 284/284/164
f 265/265/166 109/109/316 116/116/167
f 319/319/169 107/107/80 113/113/23
f 114/114/171 66/66/96 292/292/98
f 115/115/172 65/65/318 274/274/99
f 266/266/168 116/116/167 64/64/173
f 320/320/170 113/113/23 62/62/83
f 291/291/86 59/59/85 119/119/174
f 273/273/89 60/60/88 120/120/176
f 255/255/92 61/61/91 121/121/178
f 58/58/78 118/118/58 321/321/180
f 303/303/175 119/119/174 124/124/181
f 285/285/177 120/120/176 125/125/183
f 267/267/179 121/121/178 126/126/185
f 118/118/58 123/123/63 322/322/187
s 3
f 323/323/188 181/181/261 106/106/157
f 269/269/189 182/182/260 105/105/155
f 287/287/190 183/183/327 104/104/153
f 305/305/191 184/184/272 102/102/192
s 1
f 192/192/193 126/126/185 322/322/187
f 270/270/195 193/193/264 125/125/183
f 288/288/196 194/194/326 124/124/181
f 306/306/197 195/195/267 122/122/198
f 199/199/53 33/33/52 31/31/199
s 3
f 127/127/201 143/143/205 37/37/39
f 179/179/202 185/185/248 158/158/203
f 41/41/54 156/156/207 153/153/204
f 143/143/205 147/147/219 38/38/31
s 1
f 46/46/51 172/172/214 169/169/206
s 3
f 42/42/48 158/158/203 156/156/207
s 1
f 166/166/208 161/161/250 43/43/209
s 3
f 152/152/210 187/187/259 186/186/211
s 1
f 190/190/213 196/196/255 172/172/214
f 133/133/215 166/166/208 44/44/28
s 3
f 40/40/38 153/153/204 136/136/216
s 1
f 45/45/41 169/169/206 131/131/217
f 135/135/218 133/133/215 34/34/43
s 3
f 147/147/219 150/150/233 39/39/220
s 1
f 130/130/222 128/128/258 131/131/217
f 133/133/215 135/135/218 141/141/226
s 3
f 143/143/205 127/127/201 129/129/229
f 148/148/232 144/144/228 145/145/227
f 147/147/219 143/143/205 144/144/228
f 151/151/212 148/148/232 149/149/231
f 150/150/233 147/147/219 148/148/232
s 1
f 198/198/234 164/164/1211 174/174/235
s 3
f 142/142/240 136/136/216 153/153/204
f 155/155/241 153/153/204 156/156/207
f 154/154/239 157/157/242 160/160/243
f 157/157/242 156/156/207 158/158/203
f 151/151/212 186/186/211 185/185/248
s 1
f 162/162/249 168/168/251 167/167/245
f 161/161/250 166/166/208 168/168/251
f 168/168/251 134/134/225 139/139/224
f 166/166/208 133/133/215 134/134/225
f 146/146/221 132/132/223 171/171/253
f 132/132/223 131/131/217 169/169/206
f 170/170/252 171/171/253 176/176/254
f 171/171/253 169/169/206 172/172/214
s 3
f 185/185/248 186/186/211 160/160/243
f 186/186/211 187/187/259 159/159/244
f 150/150/233 185/185/248 179/179/202
s 1
f 196/196/255 197/197/256 176/176/254
f 197/197/256 198/198/234 175/175/236
s 3
f 88/88/257 184/184/272 305/305/191
s 1
f 33/33/52 131/131/217 128/128/258
s 3
f 187/187/259 165/165/1212 138/138/237
f 91/91/127 183/183/327 287/287/190
f 261/261/131 90/90/129 182/182/260
f 315/315/133 89/89/317 181/181/261
f 329/329/66 87/87/65 180/180/67
f 39/39/220 179/179/202 249/249/47
f 337/337/262 349/349/9 178/178/8
f 173/173/230 165/165/1212 187/187/259
s 1
f 163/163/247 198/198/234 197/197/256
f 162/162/249 197/197/256 196/196/255
f 161/161/250 196/196/255 190/190/213
f 108/108/263 195/195/267 306/306/197
f 111/111/160 194/194/326 288/288/196
f 265/265/166 110/110/163 193/193/264
f 319/319/169 109/109/316 192/192/193
f 330/330/81 107/107/80 191/191/73
f 43/43/209 190/190/213 252/252/50
f 343/343/21 350/350/3 188/188/2
f 137/137/246 164/164/1211 198/198/234
f 241/241/266 250/250/269 195/195/267
f 242/242/268 251/251/270 250/250/269
f 243/243/29 252/252/50 251/251/270
s 3
f 232/232/271 247/247/274 184/184/272
f 233/233/273 248/248/275 247/247/274
f 234/234/32 249/249/47 248/248/275
s 1
f 57/57/276 201/201/279 202/202/277
f 201/201/279 200/200/281 204/204/280
f 200/200/281 199/199/53 206/206/200
s 3
f 102/102/192 235/235/284 240/240/282
f 235/235/284 236/236/286 239/239/285
f 236/236/286 237/237/49 238/238/37
s 1
f 117/117/287 213/213/288 201/201/279
f 213/213/288 212/212/289 200/200/281
f 212/212/289 211/211/42 199/199/53
f 195/195/267 250/250/269 244/244/290
f 250/250/269 251/251/270 245/245/291
f 251/251/270 252/252/50 246/246/40
s 3
f 184/184/272 247/247/274 235/235/284
f 247/247/274 248/248/275 236/236/286
f 248/248/275 249/249/47 237/237/49
s 1
f 218/218/292 220/220/296 63/63/293
f 216/216/295 221/221/297 220/220/296
f 214/214/46 222/222/44 221/221/297
f 220/220/296 223/223/299 112/112/298
f 221/221/297 224/224/300 223/223/299
f 222/222/44 225/225/30 224/224/300
f 122/122/198 244/244/290 213/213/288
f 244/244/290 245/245/291 212/212/289
f 245/245/291 246/246/40 211/211/42
s 3
f 208/208/301 229/229/305 83/83/302
f 209/209/304 230/230/306 229/229/305
f 210/210/35 231/231/33 230/230/306
f 97/97/283 240/240/282 228/228/307
f 240/240/282 239/239/285 227/227/309
f 239/239/285 238/238/37 226/226/25
f 203/203/310 208/208/301 78/78/303
f 205/205/312 209/209/304 208/208/301
f 207/207/36 210/210/35 209/209/304
f 229/229/305 232/232/271 88/88/257
f 230/230/306 233/233/273 232/232/271
f 231/231/33 234/234/32 233/233/273
s 1
f 223/223/299 241/241/266 108/108/263
f 224/224/300 242/242/268 241/241/266
f 225/225/30 243/243/29 242/242/268
s 3
f 92/92/308 228/228/307 219/219/313
f 228/228/307 227/227/309 217/217/315
f 227/227/309 226/226/25 215/215/27
s 1
f 109/109/316 265/265/166 270/270/195
s 3
f 89/89/317 261/261/131 269/269/189
s 1
f 192/192/193 270/270/195 268/268/186
s 3
f 181/181/261 269/269/189 264/264/158
s 1
f 120/120/176 267/267/179 268/268/186
f 60/60/88 255/255/92 267/267/179
f 115/115/172 266/266/168 256/256/102
f 110/110/163 265/265/166 266/266/168
s 3
f 100/100/148 263/263/151 264/264/158
f 95/95/138 262/262/142 263/263/151
f 74/74/319 258/258/140 262/262/142
f 90/90/129 261/261/131 260/260/124
f 85/85/122 260/260/124 259/259/114
f 80/80/320 259/259/114 253/253/116
s 1
f 65/65/318 256/256/102 257/257/104
f 54/54/321 254/254/90 255/255/92
f 110/110/163 283/283/165 288/288/196
s 3
f 90/90/129 279/279/130 287/287/190
s 1
f 193/193/264 288/288/196 286/286/184
s 3
f 182/182/260 287/287/190 282/282/156
s 1
f 119/119/174 285/285/177 286/286/184
f 59/59/85 273/273/89 285/285/177
f 284/284/164 274/274/99 66/66/96
f 283/283/165 284/284/164 114/114/171
s 3
f 99/99/146 281/281/149 282/282/156
f 94/94/135 280/280/139 281/281/149
f 72/72/322 276/276/137 280/280/139
f 279/279/130 278/278/123 86/86/120
f 278/278/123 277/277/111 81/81/108
f 81/81/108 277/277/111 271/271/113
s 1
f 66/66/96 274/274/99 275/275/101
f 56/56/325 272/272/87 273/273/89
f 301/301/162 306/306/197 194/194/326
s 3
f 297/297/128 305/305/191 183/183/327
s 1
f 194/194/326 306/306/197 304/304/182
s 3
f 183/183/327 305/305/191 300/300/154
s 1
f 117/117/287 303/303/175 304/304/182
f 57/57/276 291/291/86 303/303/175
f 302/302/161 292/292/98 63/63/293
f 301/301/162 302/302/161 112/112/298
s 3
f 97/97/283 299/299/147 300/300/154
f 92/92/308 298/298/136 299/299/147
f 68/68/314 294/294/134 298/298/136
f 297/297/128 296/296/121 83/83/302
f 296/296/121 295/295/110 78/78/303
f 295/295/110 290/290/109 50/50/311
s 1
f 292/292/98 293/293/97 67/67/294
f 49/49/278 289/289/84 291/291/86
f 107/107/80 319/319/169 324/324/194
s 3
f 87/87/65 315/315/133 323/323/188
s 1
f 324/324/194 322/322/187 123/123/63
s 3
f 323/323/188 318/318/159 103/103/77
s 1
f 321/321/180 322/322/187 126/126/185
f 309/309/94 321/321/180 121/121/178
f 116/116/167 320/320/170 310/310/105
f 109/109/316 319/319/169 320/320/170
s 3
f 317/317/152 318/318/159 106/106/157
f 316/316/144 317/317/152 101/101/150
f 312/312/145 316/316/144 96/96/141
f 89/89/317 315/315/133 314/314/126
f 84/84/132 314/314/126 313/313/117
f 79/79/125 313/313/117 307/307/119
s 1
f 64/64/173 310/310/105 311/311/107
f 308/308/95 309/309/94 61/61/91
f 338/338/330 374/374/371 400/400/331
s 3
f 362/362/333 335/335/10 333/333/12
f 371/371/335 342/342/7 349/349/9
f 341/341/337 381/381/341 384/384/338
s 1
f 348/348/1 387/387/342 390/390/339
s 3
f 342/342/7 371/371/335 381/381/341
f 362/362/333 366/366/346 336/336/15
s 1
f 387/387/342 348/348/1 350/350/3
f 347/347/340 390/390/339 394/394/344
s 3
f 366/366/346 359/359/361 337/337/262
s 1
f 344/344/347 345/345/332 400/400/331
f 343/343/21 344/344/347 405/405/348
f 19/19/349 348/348/1 347/347/340
f 23/23/350 347/347/340 346/346/345
f 21/21/351 346/346/345 334/334/352
f 11/11/354 338/338/330 345/345/332
f 27/27/356 29/29/355 345/345/332
f 25/25/265 27/27/356 344/344/347
s 3
f 14/14/357 342/342/7 341/341/337
f 18/18/358 341/341/337 340/340/17
f 16/16/359 340/340/17 339/339/19
f 359/359/361 409/409/336 349/349/9
s 1
f 346/346/345 394/394/344 352/352/362
s 3
f 140/140/238 155/155/241 157/157/242
s 1
f 354/354/79 358/358/364 395/395/363
f 358/358/364 356/356/366 396/396/365
f 356/356/366 352/352/362 394/394/344
f 401/401/22 403/403/368 376/376/367
f 403/403/368 402/402/370 378/378/369
f 402/402/370 400/400/331 374/374/371
s 3
f 363/363/57 365/365/373 357/357/372
f 365/365/373 364/364/375 355/355/374
f 364/364/375 362/362/333 351/351/334
f 367/367/62 369/369/376 365/365/373
f 369/369/376 368/368/377 364/364/375
f 368/368/377 366/366/346 362/362/333
f 329/329/66 361/361/378 369/369/376
f 361/361/378 360/360/379 368/368/377
f 359/359/361 366/366/346 368/368/377
f 377/377/380 385/385/382 328/328/72
f 377/377/380 379/379/383 386/386/381
f 379/379/383 375/375/18 384/384/338
f 385/385/382 382/382/385 380/380/76
f 385/385/382 386/386/381 383/383/384
f 386/386/381 384/384/338 381/381/341
f 382/382/385 372/372/387 370/370/68
f 382/382/385 383/383/384 373/373/386
f 383/383/384 381/381/341 371/371/335
s 1
f 330/330/81 399/399/389 406/406/388
f 399/399/389 398/398/391 407/407/390
f 397/397/20 405/405/348 407/407/390
f 404/404/24 406/406/388 403/403/368
f 406/406/388 407/407/390 402/402/370
f 407/407/390 405/405/348 400/400/331
f 395/395/363 391/391/392 325/325/60
f 396/396/365 392/392/393 391/391/392
f 396/396/365 394/394/344 390/390/339
f 391/391/392 388/388/395 331/331/64
f 391/391/392 392/392/393 389/389/394
f 392/392/393 390/390/339 387/387/342
s 3
f 409/409/336 411/411/396 373/373/386
f 411/411/396 410/410/397 372/372/387
f 408/408/69 370/370/68 372/372/387
s 1
f 412/412/343 414/414/398 389/389/394
f 414/414/398 413/413/399 388/388/395
f 332/332/74 331/331/64 388/388/395
s 3
f 360/360/379 411/411/396 409/409/336
f 360/360/379 361/361/378 410/410/397
f 361/361/378 329/329/66 408/408/69
s 1
f 398/398/391 414/414/398 412/412/343
f 398/398/391 399/399/389 413/413/399
f 399/399/389 330/330/81 332/332/74
s 130
f 762/762/400 434/434/748 603/603/401
s 131
f 441/441/1213 439/439/404 443/443/1214
f 439/439/404 602/602/1215 591/591/1216
f 602/602/1215 433/433/1217 415/415/1218
f 433/433/1217 437/437/1219 435/435/1220
f 415/415/1218 417/417/1221 422/422/1222
f 435/435/1220 417/417/1221 433/433/1217
f 422/422/1222 420/420/1223 415/415/1218
f 415/415/1218 591/591/1216 602/602/1215
f 591/591/1216 427/427/405 439/439/404
f 427/427/405 431/431/1224 429/429/1225
f 439/439/404 424/424/403 443/443/1214
f 429/429/1225 424/424/403 427/427/405
f 417/417/1221 415/415/1218 433/433/1217
s 132
f 756/756/406 428/428/756 592/592/407
f 749/749/409 423/423/413 419/419/410
f 749/749/409 750/750/414 421/421/412
f 750/750/414 751/751/661 416/416/415
f 754/754/416 798/798/737 788/788/417
s 130
f 811/811/419 826/826/742 764/764/402
f 815/815/421 476/476/482 527/527/422
s 132
f 640/640/424 454/454/437 449/449/425
s 130
f 458/458/427 457/457/608 657/657/428
s 132
f 452/452/430 453/453/619 648/648/431
f 445/445/433 451/451/438 624/624/434
f 652/652/436 455/455/453 454/454/437
f 451/451/438 452/452/430 645/645/432
s 130
f 660/660/439 460/460/450 459/459/440
f 448/448/442 458/458/427 639/639/429
f 450/450/444 448/448/442 636/636/443
s 132
f 663/663/446 593/593/601 456/456/447
s 130
f 666/666/449 604/604/612 460/460/450
f 625/625/441 459/459/440 447/447/451
s 132
f 651/651/448 456/456/447 455/455/453
f 767/767/454 461/461/517 491/491/455
s 130
f 532/532/457 472/472/477 807/807/458
s 132
f 777/777/456 491/491/455 496/496/460
s 130
f 537/537/462 532/532/457 739/739/459
s 132
f 781/781/461 496/496/460 501/501/464
f 594/594/466 517/517/476 784/784/467
f 507/507/469 484/484/542 741/741/470
s 130
f 605/605/472 537/537/462 745/745/463
s 132
f 512/512/474 507/507/469 742/742/471
f 517/517/476 512/512/474 794/794/475
s 130
f 472/472/477 462/462/492 768/768/478
f 818/818/423 527/527/422 521/521/479
f 740/740/481 483/483/505 476/476/482
f 704/704/483 469/469/724 473/473/484
f 685/685/486 468/468/720 474/474/487
f 668/668/489 466/466/728 475/475/490
f 462/462/492 472/472/477 723/723/493
f 480/480/495 486/486/723 708/708/496
f 688/688/498 479/479/717 487/487/499
f 670/670/501 478/478/572 489/489/502
f 724/724/504 476/476/482 483/483/505
s 132
f 495/495/507 470/470/722 703/703/508
f 691/691/510 494/494/719 467/467/511
f 673/673/513 493/493/524 465/465/514
f 727/727/516 491/491/455 461/461/517
f 500/500/519 495/495/507 709/709/509
f 499/499/521 494/494/719 691/691/510
f 674/674/523 498/498/531 493/493/524
f 728/728/525 496/496/460 491/491/455
f 505/505/526 500/500/519 710/710/520
f 504/504/528 499/499/521 692/692/522
f 675/675/530 503/503/716 498/498/531
f 729/729/532 501/501/464 496/496/460
f 707/707/533 485/485/721 508/508/534
f 689/689/536 488/488/718 509/509/537
f 672/672/539 490/490/727 510/510/540
f 484/484/542 507/507/469 730/730/543
f 712/712/535 508/508/534 513/513/545
f 694/694/538 509/509/537 514/514/547
f 676/676/541 510/510/540 515/515/549
f 507/507/469 512/512/474 731/731/551
f 713/713/546 513/513/545 518/518/552
f 695/695/548 514/514/547 519/519/554
f 677/677/550 515/515/549 520/520/556
f 512/512/474 517/517/476 732/732/558
s 130
f 525/525/559 528/528/570 716/716/560
f 524/524/562 529/529/571 698/698/563
f 679/679/565 523/523/715 530/530/566
f 733/733/568 521/521/479 527/527/422
f 528/528/570 480/480/495 706/706/497
f 529/529/571 479/479/717 688/688/498
f 680/680/567 530/530/566 478/478/572
f 734/734/569 527/527/422 476/476/482
f 705/705/485 473/473/484 533/533/573
f 687/687/488 474/474/487 534/534/575
f 669/669/491 475/475/490 535/535/577
f 472/472/477 532/532/457 735/735/579
f 717/717/574 533/533/573 538/538/580
f 699/699/576 534/534/575 539/539/582
f 681/681/578 535/535/577 540/540/584
f 532/532/457 537/537/462 736/736/586
s 132
f 737/737/587 595/595/660 520/520/556
f 683/683/588 596/596/659 519/519/554
f 701/701/589 597/597/726 518/518/552
f 719/719/590 598/598/671 516/516/591
s 130
f 606/606/592 540/540/584 736/736/586
f 684/684/594 607/607/663 539/539/582
f 702/702/595 608/608/725 538/538/580
f 720/720/596 609/609/666 536/536/597
f 613/613/452 447/447/451 446/446/598
s 132
f 542/542/600 557/557/604 451/451/438
f 593/593/601 599/599/647 572/572/602
f 455/455/453 570/570/606 567/567/603
f 557/557/604 561/561/618 452/452/430
s 130
f 460/460/450 586/586/613 583/583/605
s 132
f 456/456/447 572/572/602 570/570/606
s 130
f 580/580/607 575/575/649 457/457/608
s 132
f 566/566/609 601/601/658 600/600/610
s 130
f 604/604/612 610/610/654 586/586/613
f 547/547/614 580/580/607 458/458/427
s 132
f 454/454/437 567/567/603 549/549/615
s 130
f 459/459/440 583/583/605 545/545/616
f 550/550/617 547/547/614 448/448/442
s 132
f 561/561/618 564/564/632 453/453/619
s 130
f 543/543/621 541/541/657 545/545/616
f 547/547/614 550/550/617 556/556/625
s 132
f 557/557/604 542/542/600 544/544/628
f 562/562/631 558/558/627 560/560/626
f 561/561/618 557/557/604 558/558/627
f 565/565/611 562/562/631 563/563/630
f 564/564/632 561/561/618 562/562/631
s 130
f 612/612/633 579/579/1226 588/588/634
s 132
f 555/555/639 549/549/615 567/567/603
f 569/569/640 567/567/603 570/570/606
f 568/568/638 571/571/641 574/574/642
f 571/571/641 570/570/606 572/572/602
f 565/565/611 600/600/610 599/599/647
s 130
f 576/576/648 582/582/650 581/581/644
f 575/575/649 580/580/607 582/582/650
f 582/582/650 548/548/624 554/554/623
f 580/580/607 547/547/614 548/548/624
f 559/559/620 546/546/622 585/585/652
f 546/546/622 545/545/616 583/583/605
f 584/584/651 585/585/652 590/590/653
f 585/585/652 583/583/605 586/586/613
s 132
f 599/599/647 600/600/610 574/574/642
f 600/600/610 601/601/658 573/573/643
f 564/564/632 599/599/647 593/593/601
s 130
f 610/610/654 611/611/655 590/590/653
f 611/611/655 612/612/633 589/589/635
s 132
f 502/502/656 598/598/671 719/719/590
s 130
f 447/447/451 545/545/616 541/541/657
s 132
f 601/601/658 578/578/1227 551/551/636
f 505/505/526 597/597/726 701/701/589
f 675/675/530 504/504/528 596/596/659
f 729/729/532 503/503/716 595/595/660
f 743/743/465 501/501/464 594/594/466
f 453/453/619 593/593/601 663/663/446
f 751/751/661 763/763/408 592/592/407
f 587/587/629 578/578/1227 601/601/658
s 130
f 577/577/646 612/612/633 611/611/655
f 576/576/648 611/611/655 610/610/654
f 575/575/649 610/610/654 604/604/612
f 522/522/662 609/609/666 720/720/596
f 525/525/559 608/608/725 702/702/595
f 679/679/565 524/524/562 607/607/663
f 733/733/568 523/523/715 606/606/592
f 744/744/480 521/521/479 605/605/472
f 457/457/608 604/604/612 666/666/449
f 757/757/420 764/764/402 603/603/401
f 552/552/645 579/579/1226 612/612/633
f 655/655/665 664/664/668 609/609/666
f 656/656/667 665/665/669 664/664/668
f 657/657/428 666/666/449 665/665/669
s 132
f 646/646/670 661/661/673 598/598/671
f 647/647/672 662/662/674 661/661/673
f 648/648/431 663/663/446 662/662/674
s 130
f 471/471/675 615/615/678 617/617/676
f 615/615/678 614/614/680 619/619/679
f 614/614/680 613/613/452 621/621/599
s 132
f 516/516/591 649/649/683 654/654/681
f 649/649/683 650/650/685 653/653/684
f 650/650/685 651/651/448 652/652/436
s 130
f 531/531/686 627/627/687 615/615/678
f 627/627/687 626/626/688 614/614/680
f 626/626/688 625/625/441 613/613/452
f 609/609/666 664/664/668 658/658/689
f 664/664/668 665/665/669 659/659/690
f 665/665/669 666/666/449 660/660/439
s 132
f 598/598/671 661/661/673 649/649/683
f 661/661/673 662/662/674 650/650/685
f 662/662/674 663/663/446 651/651/448
s 130
f 633/633/691 634/634/695 477/477/692
f 631/631/694 635/635/696 634/634/695
f 629/629/445 636/636/443 635/635/696
f 634/634/695 637/637/698 526/526/697
f 635/635/696 638/638/699 637/637/698
f 636/636/443 639/639/429 638/638/699
f 536/536/597 658/658/689 627/627/687
f 658/658/689 659/659/690 626/626/688
f 659/659/690 660/660/439 625/625/441
s 132
f 622/622/700 643/643/704 497/497/701
f 623/623/703 644/644/705 643/643/704
f 624/624/434 645/645/432 644/644/705
f 511/511/682 654/654/681 642/642/706
f 654/654/681 653/653/684 641/641/708
f 653/653/684 652/652/436 640/640/424
f 616/616/709 622/622/700 492/492/702
f 618/618/711 623/623/703 622/622/700
f 620/620/435 624/624/434 623/623/703
f 643/643/704 646/646/670 502/502/656
f 644/644/705 647/647/672 646/646/670
f 645/645/432 648/648/431 647/647/672
s 130
f 637/637/698 655/655/665 522/522/662
f 638/638/699 656/656/667 655/655/665
f 639/639/429 657/657/428 656/656/667
s 132
f 506/506/707 642/642/706 632/632/712
f 642/642/706 641/641/708 630/630/714
f 641/641/708 640/640/424 628/628/426
s 130
f 523/523/715 679/679/565 684/684/594
s 132
f 503/503/716 675/675/530 683/683/588
s 130
f 606/606/592 684/684/594 682/682/585
s 132
f 595/595/660 683/683/588 678/678/557
s 130
f 534/534/575 681/681/578 682/682/585
f 474/474/487 669/669/491 681/681/578
f 529/529/571 680/680/567 670/670/501
f 524/524/562 679/679/565 680/680/567
s 132
f 514/514/547 677/677/550 678/678/557
f 509/509/537 676/676/541 677/677/550
f 488/488/718 672/672/539 676/676/541
f 504/504/528 675/675/530 674/674/523
f 499/499/521 674/674/523 673/673/513
f 494/494/719 673/673/513 667/667/515
s 130
f 479/479/717 670/670/501 671/671/503
f 468/468/720 668/668/489 669/669/491
f 524/524/562 697/697/564 702/702/595
s 132
f 504/504/528 693/693/529 701/701/589
s 130
f 607/607/663 702/702/595 700/700/583
s 132
f 596/596/659 701/701/589 696/696/555
s 130
f 533/533/573 699/699/576 700/700/583
f 473/473/484 687/687/488 699/699/576
f 698/698/563 688/688/498 480/480/495
f 697/697/564 698/698/563 528/528/570
s 132
f 513/513/545 695/695/548 696/696/555
f 508/508/534 694/694/538 695/695/548
f 485/485/721 689/689/536 694/694/538
f 693/693/529 692/692/522 500/500/519
f 692/692/522 691/691/510 495/495/507
f 495/495/507 691/691/510 686/686/512
s 130
f 480/480/495 688/688/498 690/690/500
f 469/469/724 685/685/486 687/687/488
f 715/715/561 720/720/596 608/608/725
s 132
f 711/711/527 719/719/590 597/597/726
s 130
f 608/608/725 720/720/596 718/718/581
s 132
f 597/597/726 719/719/590 714/714/553
s 130
f 531/531/686 717/717/574 718/718/581
f 471/471/675 705/705/485 717/717/574
f 716/716/560 706/706/497 477/477/692
f 715/715/561 716/716/560 526/526/697
s 132
f 511/511/682 713/713/546 714/714/553
f 506/506/707 712/712/535 713/713/546
f 481/481/713 707/707/533 712/712/535
f 711/711/527 710/710/520 497/497/701
f 710/710/520 709/709/509 492/492/702
f 709/709/509 703/703/508 463/463/710
s 130
f 706/706/497 708/708/496 482/482/693
f 464/464/677 704/704/483 705/705/485
f 521/521/479 733/733/568 738/738/593
s 132
f 501/501/464 729/729/532 737/737/587
s 130
f 738/738/593 736/736/586 537/537/462
s 132
f 737/737/587 732/732/558 517/517/476
s 130
f 735/735/579 736/736/586 540/540/584
f 723/723/493 735/735/579 535/535/577
f 530/530/566 734/734/569 724/724/504
f 523/523/715 733/733/568 734/734/569
s 132
f 731/731/551 732/732/558 520/520/556
f 730/730/543 731/731/551 515/515/549
f 726/726/544 730/730/543 510/510/540
f 503/503/716 729/729/532 728/728/525
f 498/498/531 728/728/525 727/727/516
f 493/493/524 727/727/516 721/721/518
s 130
f 478/478/572 724/724/504 725/725/506
f 722/722/494 723/723/493 475/475/490
f 753/753/729 789/789/770 814/814/730
s 132
f 776/776/732 749/749/409 748/748/411
f 785/785/734 756/756/406 763/763/408
f 755/755/736 795/795/740 798/798/737
s 130
f 762/762/400 801/801/741 804/804/738
s 132
f 756/756/406 785/785/734 795/795/740
f 776/776/732 780/780/745 750/750/414
s 130
f 801/801/741 762/762/400 764/764/402
f 761/761/739 804/804/738 808/808/743
s 132
f 780/780/745 773/773/760 751/751/661
s 130
f 758/758/746 759/759/731 814/814/730
f 757/757/420 758/758/746 819/819/747
f 434/434/748 762/762/400 761/761/739
f 438/438/749 761/761/739 760/760/744
f 436/436/750 760/760/744 747/747/751
f 426/426/753 753/753/729 759/759/731
f 442/442/755 444/444/754 759/759/731
f 440/440/664 442/442/755 758/758/746
s 132
f 428/428/756 756/756/406 755/755/736
f 432/432/757 755/755/736 754/754/416
f 430/430/758 754/754/416 752/752/418
f 773/773/760 823/823/735 763/763/408
s 130
f 760/760/744 808/808/743 765/765/761
s 132
f 553/553/637 569/569/640 571/571/641
s 130
f 768/768/478 772/772/763 809/809/762
f 772/772/763 769/769/765 810/810/764
f 769/769/765 765/765/761 808/808/743
f 815/815/421 817/817/767 790/790/766
f 817/817/767 816/816/769 793/793/768
f 816/816/769 814/814/730 789/789/770
s 132
f 777/777/456 779/779/772 771/771/771
f 779/779/772 778/778/774 770/770/773
f 778/778/774 776/776/732 766/766/733
f 781/781/461 783/783/775 779/779/772
f 783/783/775 782/782/776 778/778/774
f 782/782/776 780/780/745 776/776/732
f 743/743/465 775/775/777 783/783/775
f 775/775/777 774/774/778 782/782/776
f 773/773/760 780/780/745 782/782/776
f 791/791/779 799/799/781 742/742/471
f 791/791/779 792/792/782 800/800/780
f 792/792/782 788/788/417 798/798/737
f 799/799/781 796/796/784 794/794/475
f 799/799/781 800/800/780 797/797/783
f 800/800/780 798/798/737 795/795/740
f 796/796/784 786/786/786 784/784/467
f 796/796/784 797/797/783 787/787/785
f 797/797/783 795/795/740 785/785/734
s 130
f 744/744/480 813/813/788 820/820/787
f 813/813/788 812/812/790 821/821/789
f 811/811/419 819/819/747 821/821/789
f 818/818/423 820/820/787 817/817/767
f 820/820/787 821/821/789 816/816/769
f 821/821/789 819/819/747 814/814/730
f 809/809/762 805/805/791 739/739/459
f 810/810/764 806/806/792 805/805/791
f 810/810/764 808/808/743 804/804/738
f 805/805/791 802/802/794 745/745/463
f 805/805/791 806/806/792 803/803/793
f 806/806/792 804/804/738 801/801/741
s 132
f 823/823/735 825/825/795 787/787/785
f 825/825/795 824/824/796 786/786/786
f 822/822/468 784/784/467 786/786/786
s 130
f 826/826/742 828/828/797 803/803/793
f 828/828/797 827/827/798 802/802/794
f 746/746/473 745/745/463 802/802/794
s 132
f 774/774/778 825/825/795 823/823/735
f 774/774/778 775/775/777 824/824/796
f 775/775/777 743/743/465 822/822/468
s 130
f 812/812/790 828/828/797 826/826/742
f 812/812/790 813/813/788 827/827/798
f 813/813/788 744/744/480 746/746/473
s 259
f 1176/1176/799 847/847/1147 1016/1016/800
s 260
f 856/856/1228 854/854/803 858/858/1229
f 854/854/803 1017/1017/1230 1006/1006/1231
f 1017/1017/1230 848/848/1232 830/830/1233
f 848/848/1232 852/852/1234 850/850/1235
f 830/830/1233 833/833/1236 837/837/1237
f 850/850/1235 833/833/1236 848/848/1232
f 837/837/1237 835/835/1238 830/830/1233
f 830/830/1233 1006/1006/1231 1017/1017/1230
f 1006/1006/1231 842/842/804 854/854/803
f 842/842/804 846/846/1239 844/844/1240
f 854/854/803 840/840/802 858/858/1229
f 844/844/1240 840/840/802 842/842/804
f 833/833/1236 830/830/1233 848/848/1232
s 261
f 1170/1170/805 841/841/1155 1005/1005/806
f 1163/1163/808 836/836/812 832/832/809
f 1163/1163/808 1164/1164/813 834/834/811
f 1164/1164/813 1165/1165/1060 829/829/814
f 1168/1168/815 1212/1212/1136 1202/1202/816
s 259
f 1225/1225/818 1240/1240/1141 1178/1178/801
f 1229/1229/820 890/890/881 941/941/821
s 261
f 1054/1054/823 868/868/836 863/863/824
s 259
f 872/872/826 871/871/1007 1071/1071/827
s 261
f 866/866/829 867/867/1018 1062/1062/830
f 859/859/832 865/865/837 1038/1038/833
f 1066/1066/835 869/869/852 868/868/836
f 865/865/837 866/866/829 1059/1059/831
s 259
f 1074/1074/838 874/874/849 873/873/839
f 862/862/841 872/872/826 1053/1053/828
f 864/864/843 862/862/841 1050/1050/842
s 261
f 1077/1077/845 1007/1007/1000 870/870/846
s 259
f 1080/1080/848 1018/1018/1011 874/874/849
f 1039/1039/840 873/873/839 861/861/850
s 261
f 1065/1065/847 870/870/846 869/869/852
f 1181/1181/853 875/875/916 905/905/854
s 259
f 946/946/856 886/886/876 1221/1221/857
s 261
f 1191/1191/855 905/905/854 910/910/859
s 259
f 951/951/861 946/946/856 1153/1153/858
s 261
f 1195/1195/860 910/910/859 915/915/863
f 1008/1008/865 931/931/875 1198/1198/866
f 921/921/868 898/898/941 1155/1155/869
s 259
f 1019/1019/871 951/951/861 1159/1159/862
s 261
f 926/926/873 921/921/868 1156/1156/870
f 931/931/875 926/926/873 1208/1208/874
s 259
f 886/886/876 876/876/891 1182/1182/877
f 1232/1232/822 941/941/821 935/935/878
f 1154/1154/880 897/897/904 890/890/881
f 1118/1118/882 883/883/1123 887/887/883
f 1099/1099/885 882/882/1119 888/888/886
f 1082/1082/888 880/880/1127 889/889/889
f 876/876/891 886/886/876 1137/1137/892
f 894/894/894 900/900/1122 1122/1122/895
f 1102/1102/897 893/893/1116 901/901/898
f 1084/1084/900 892/892/971 903/903/901
f 1138/1138/903 890/890/881 897/897/904
s 261
f 909/909/906 884/884/1121 1117/1117/907
f 1105/1105/909 908/908/1118 881/881/910
f 1087/1087/912 907/907/923 879/879/913
f 1141/1141/915 905/905/854 875/875/916
f 914/914/918 909/909/906 1123/1123/908
f 913/913/920 908/908/1118 1105/1105/909
f 1088/1088/922 912/912/930 907/907/923
f 1142/1142/924 910/910/859 905/905/854
f 919/919/925 914/914/918 1124/1124/919
f 918/918/927 913/913/920 1106/1106/921
f 1089/1089/929 917/917/1115 912/912/930
f 1143/1143/931 915/915/863 910/910/859
f 1121/1121/932 899/899/1120 922/922/933
f 1103/1103/935 902/902/1117 923/923/936
f 1086/1086/938 904/904/1126 924/924/939
f 898/898/941 921/921/868 1144/1144/942
f 1126/1126/934 922/922/933 927/927/944
f 1108/1108/937 923/923/936 928/928/946
f 1090/1090/940 924/924/939 929/929/948
f 921/921/868 926/926/873 1145/1145/950
f 1127/1127/945 927/927/944 932/932/951
f 1109/1109/947 928/928/946 933/933/953
f 1091/1091/949 929/929/948 934/934/955
f 926/926/873 931/931/875 1146/1146/957
s 259
f 939/939/958 942/942/969 1130/1130/959
f 938/938/961 943/943/970 1112/1112/962
f 1093/1093/964 937/937/1114 944/944/965
f 1147/1147/967 935/935/878 941/941/821
f 942/942/969 894/894/894 1120/1120/896
f 943/943/970 893/893/1116 1102/1102/897
f 1094/1094/966 944/944/965 892/892/971
f 1148/1148/968 941/941/821 890/890/881
f 1119/1119/884 887/887/883 947/947/972
f 1101/1101/887 888/888/886 948/948/974
f 1083/1083/890 889/889/889 949/949/976
f 886/886/876 946/946/856 1149/1149/978
f 1131/1131/973 947/947/972 952/952/979
f 1113/1113/975 948/948/974 953/953/981
f 1095/1095/977 949/949/976 954/954/983
f 946/946/856 951/951/861 1150/1150/985
s 261
f 1151/1151/986 1009/1009/1059 934/934/955
f 1097/1097/987 1010/1010/1058 933/933/953
f 1115/1115/988 1011/1011/1125 932/932/951
f 1133/1133/989 1012/1012/1070 930/930/990
s 259
f 1020/1020/991 954/954/983 1150/1150/985
f 1098/1098/993 1021/1021/1062 953/953/981
f 1116/1116/994 1022/1022/1124 952/952/979
f 1134/1134/995 1023/1023/1065 950/950/996
f 1027/1027/851 861/861/850 860/860/997
s 261
f 956/956/999 971/971/1003 865/865/837
f 1007/1007/1000 1013/1013/1046 986/986/1001
f 869/869/852 984/984/1005 981/981/1002
f 971/971/1003 975/975/1017 866/866/829
s 259
f 874/874/849 1000/1000/1012 997/997/1004
s 261
f 870/870/846 986/986/1001 984/984/1005
s 259
f 994/994/1006 989/989/1048 871/871/1007
s 261
f 980/980/1008 1015/1015/1057 1014/1014/1009
s 259
f 1018/1018/1011 1024/1024/1053 1000/1000/1012
f 961/961/1013 994/994/1006 872/872/826
s 261
f 868/868/836 981/981/1002 963/963/1014
s 259
f 873/873/839 997/997/1004 959/959/1015
f 964/964/1016 961/961/1013 862/862/841
s 261
f 975/975/1017 978/978/1031 867/867/1018
s 259
f 957/957/1020 955/955/1056 959/959/1015
f 961/961/1013 964/964/1016 970/970/1024
s 261
f 971/971/1003 956/956/999 958/958/1027
f 976/976/1030 972/972/1026 974/974/1025
f 975/975/1017 971/971/1003 972/972/1026
f 979/979/1010 976/976/1030 977/977/1029
f 978/978/1031 975/975/1017 976/976/1030
s 259
f 1026/1026/1032 993/993/1241 1001/1001/1033
s 261
f 969/969/1038 963/963/1014 981/981/1002
f 983/983/1039 981/981/1002 984/984/1005
f 982/982/1037 985/985/1040 988/988/1041
f 985/985/1040 984/984/1005 986/986/1001
f 979/979/1010 1014/1014/1009 1013/1013/1046
s 259
f 990/990/1047 996/996/1049 995/995/1043
f 989/989/1048 994/994/1006 996/996/1049
f 996/996/1049 962/962/1023 968/968/1022
f 994/994/1006 961/961/1013 962/962/1023
f 973/973/1019 960/960/1021 999/999/1051
f 960/960/1021 959/959/1015 997/997/1004
f 998/998/1050 999/999/1051 1004/1004/1052
f 999/999/1051 997/997/1004 1000/1000/1012
s 261
f 1013/1013/1046 1014/1014/1009 988/988/1041
f 1014/1014/1009 1015/1015/1057 987/987/1042
f 978/978/1031 1013/1013/1046 1007/1007/1000
s 259
f 1024/1024/1053 1025/1025/1054 1004/1004/1052
f 1025/1025/1054 1026/1026/1032 1003/1003/1034
s 261
f 916/916/1055 1012/1012/1070 1133/1133/989
s 259
f 861/861/850 959/959/1015 955/955/1056
s 261
f 1015/1015/1057 992/992/1242 966/966/1035
f 919/919/925 1011/1011/1125 1115/1115/988
f 1089/1089/929 918/918/927 1010/1010/1058
f 1143/1143/931 917/917/1115 1009/1009/1059
f 1157/1157/864 915/915/863 1008/1008/865
f 867/867/1018 1007/1007/1000 1077/1077/845
f 1165/1165/1060 1177/1177/807 1005/1005/806
f 1002/1002/1028 992/992/1242 1015/1015/1057
s 259
f 991/991/1045 1026/1026/1032 1025/1025/1054
f 990/990/1047 1025/1025/1054 1024/1024/1053
f 989/989/1048 1024/1024/1053 1018/1018/1011
f 936/936/1061 1023/1023/1065 1134/1134/995
f 939/939/958 1022/1022/1124 1116/1116/994
f 1093/1093/964 938/938/961 1021/1021/1062
f 1147/1147/967 937/937/1114 1020/1020/991
f 1158/1158/879 935/935/878 1019/1019/871
f 871/871/1007 1018/1018/1011 1080/1080/848
f 1171/1171/819 1178/1178/801 1016/1016/800
f 965/965/1044 993/993/1241 1026/1026/1032
f 1069/1069/1064 1078/1078/1067 1023/1023/1065
f 1070/1070/1066 1079/1079/1068 1078/1078/1067
f 1071/1071/827 1080/1080/848 1079/1079/1068
s 261
f 1060/1060/1069 1075/1075/1072 1012/1012/1070
f 1061/1061/1071 1076/1076/1073 1075/1075/1072
f 1062/1062/830 1077/1077/845 1076/1076/1073
s 259
f 885/885/1074 1029/1029/1077 1031/1031/1075
f 1029/1029/1077 1028/1028/1079 1033/1033/1078
f 1028/1028/1079 1027/1027/851 1035/1035/998
s 261
f 930/930/990 1063/1063/1082 1068/1068/1080
f 1063/1063/1082 1064/1064/1084 1067/1067/1083
f 1064/1064/1084 1065/1065/847 1066/1066/835
s 259
f 945/945/1085 1041/1041/1086 1029/1029/1077
f 1041/1041/1086 1040/1040/1087 1028/1028/1079
f 1040/1040/1087 1039/1039/840 1027/1027/851
f 1023/1023/1065 1078/1078/1067 1072/1072/1088
f 1078/1078/1067 1079/1079/1068 1073/1073/1089
f 1079/1079/1068 1080/1080/848 1074/1074/838
s 261
f 1012/1012/1070 1075/1075/1072 1063/1063/1082
f 1075/1075/1072 1076/1076/1073 1064/1064/1084
f 1076/1076/1073 1077/1077/845 1065/1065/847
s 259
f 1047/1047/1090 1048/1048/1094 891/891/1091
f 1045/1045/1093 1049/1049/1095 1048/1048/1094
f 1043/1043/844 1050/1050/842 1049/1049/1095
f 1048/1048/1094 1051/1051/1097 940/940/1096
f 1049/1049/1095 1052/1052/1098 1051/1051/1097
f 1050/1050/842 1053/1053/828 1052/1052/1098
f 950/950/996 1072/1072/1088 1041/1041/1086
f 1072/1072/1088 1073/1073/1089 1040/1040/1087
f 1073/1073/1089 1074/1074/838 1039/1039/840
s 261
f 1036/1036/1099 1057/1057/1103 911/911/1100
f 1037/1037/1102 1058/1058/1104 1057/1057/1103
f 1038/1038/833 1059/1059/831 1058/1058/1104
f 925/925/1081 1068/1068/1080 1056/1056/1105
f 1068/1068/1080 1067/1067/1083 1055/1055/1107
f 1067/1067/1083 1066/1066/835 1054/1054/823
f 1030/1030/1108 1036/1036/1099 906/906/1101
f 1032/1032/1110 1037/1037/1102 1036/1036/1099
f 1034/1034/834 1038/1038/833 1037/1037/1102
f 1057/1057/1103 1060/1060/1069 916/916/1055
f 1058/1058/1104 1061/1061/1071 1060/1060/1069
f 1059/1059/831 1062/1062/830 1061/1061/1071
s 259
f 1051/1051/1097 1069/1069/1064 936/936/1061
f 1052/1052/1098 1070/1070/1066 1069/1069/1064
f 1053/1053/828 1071/1071/827 1070/1070/1066
s 261
f 920/920/1106 1056/1056/1105 1046/1046/1111
f 1056/1056/1105 1055/1055/1107 1044/1044/1113
f 1055/1055/1107 1054/1054/823 1042/1042/825
s 259
f 937/937/1114 1093/1093/964 1098/1098/993
s 261
f 917/917/1115 1089/1089/929 1097/1097/987
s 259
f 1020/1020/991 1098/1098/993 1096/1096/984
s 261
f 1009/1009/1059 1097/1097/987 1092/1092/956
s 259
f 948/948/974 1095/1095/977 1096/1096/984
f 888/888/886 1083/1083/890 1095/1095/977
f 943/943/970 1094/1094/966 1084/1084/900
f 938/938/961 1093/1093/964 1094/1094/966
s 261
f 928/928/946 1091/1091/949 1092/1092/956
f 923/923/936 1090/1090/940 1091/1091/949
f 902/902/1117 1086/1086/938 1090/1090/940
f 918/918/927 1089/1089/929 1088/1088/922
f 913/913/920 1088/1088/922 1087/1087/912
f 908/908/1118 1087/1087/912 1081/1081/914
s 259
f 893/893/1116 1084/1084/900 1085/1085/902
f 882/882/1119 1082/1082/888 1083/1083/890
f 938/938/961 1111/1111/963 1116/1116/994
s 261
f 918/918/927 1107/1107/928 1115/1115/988
s 259
f 1021/1021/1062 1116/1116/994 1114/1114/982
s 261
f 1010/1010/1058 1115/1115/988 1110/1110/954
s 259
f 947/947/972 1113/1113/975 1114/1114/982
f 887/887/883 1101/1101/887 1113/1113/975
f 1112/1112/962 1102/1102/897 894/894/894
f 1111/1111/963 1112/1112/962 942/942/969
s 261
f 927/927/944 1109/1109/947 1110/1110/954
f 922/922/933 1108/1108/937 1109/1109/947
f 899/899/1120 1103/1103/935 1108/1108/937
f 1107/1107/928 1106/1106/921 914/914/918
f 1106/1106/921 1105/1105/909 909/909/906
f 909/909/906 1105/1105/909 1100/1100/911
s 259
f 894/894/894 1102/1102/897 1104/1104/899
f 883/883/1123 1099/1099/885 1101/1101/887
f 1129/1129/960 1134/1134/995 1022/1022/1124
s 261
f 1125/1125/926 1133/1133/989 1011/1011/1125
s 259
f 1022/1022/1124 1134/1134/995 1132/1132/980
s 261
f 1011/1011/1125 1133/1133/989 1128/1128/952
s 259
f 945/945/1085 1131/1131/973 1132/1132/980
f 885/885/1074 1119/1119/884 1131/1131/973
f 1130/1130/959 1120/1120/896 891/891/1091
f 1129/1129/960 1130/1130/959 940/940/1096
s 261
f 925/925/1081 1127/1127/945 1128/1128/952
f 920/920/1106 1126/1126/934 1127/1127/945
f 895/895/1112 1121/1121/932 1126/1126/934
f 1125/1125/926 1124/1124/919 911/911/1100
f 1124/1124/919 1123/1123/908 906/906/1101
f 1123/1123/908 1117/1117/907 877/877/1109
s 259
f 1120/1120/896 1122/1122/895 896/896/1092
f 878/878/1076 1118/1118/882 1119/1119/884
f 935/935/878 1147/1147/967 1152/1152/992
s 261
f 915/915/863 1143/1143/931 1151/1151/986
s 259
f 1152/1152/992 1150/1150/985 951/951/861
s 261
f 1151/1151/986 1146/1146/957 931/931/875
s 259
f 1149/1149/978 1150/1150/985 954/954/983
f 1137/1137/892 1149/1149/978 949/949/976
f 944/944/965 1148/1148/968 1138/1138/903
f 937/937/1114 1147/1147/967 1148/1148/968
s 261
f 1145/1145/950 1146/1146/957 934/934/955
f 1144/1144/942 1145/1145/950 929/929/948
f 1140/1140/943 1144/1144/942 924/924/939
f 917/917/1115 1143/1143/931 1142/1142/924
f 912/912/930 1142/1142/924 1141/1141/915
f 907/907/923 1141/1141/915 1135/1135/917
s 259
f 892/892/971 1138/1138/903 1139/1139/905
f 1136/1136/893 1137/1137/892 889/889/889
f 1167/1167/1128 1203/1203/1169 1228/1228/1129
s 261
f 1190/1190/1131 1163/1163/808 1162/1162/810
f 1199/1199/1133 1170/1170/805 1177/1177/807
f 1169/1169/1135 1209/1209/1139 1212/1212/1136
s 259
f 1176/1176/799 1215/1215/1140 1218/1218/1137
s 261
f 1170/1170/805 1199/1199/1133 1209/1209/1139
f 1190/1190/1131 1194/1194/1144 1164/1164/813
s 259
f 1215/1215/1140 1176/1176/799 1178/1178/801
f 1175/1175/1138 1218/1218/1137 1222/1222/1142
s 261
f 1194/1194/1144 1187/1187/1159 1165/1165/1060
s 259
f 1172/1172/1145 1173/1173/1130 1228/1228/1129
f 1171/1171/819 1172/1172/1145 1233/1233/1146
f 847/847/1147 1176/1176/799 1175/1175/1138
f 851/851/1148 1175/1175/1138 1174/1174/1143
f 849/849/1149 1174/1174/1143 1161/1161/1150
f 839/839/1152 1167/1167/1128 1173/1173/1130
f 855/855/1154 857/857/1153 1173/1173/1130
f 853/853/1063 855/855/1154 1172/1172/1145
s 261
f 841/841/1155 1170/1170/805 1169/1169/1135
f 845/845/1156 1169/1169/1135 1168/1168/815
f 843/843/1157 1168/1168/815 1166/1166/817
f 1187/1187/1159 1237/1237/1134 1177/1177/807
s 259
f 1174/1174/1143 1222/1222/1142 1179/1179/1160
s 261
f 967/967/1036 983/983/1039 985/985/1040
s 259
f 1182/1182/877 1186/1186/1162 1223/1223/1161
f 1186/1186/1162 1183/1183/1164 1224/1224/1163
f 1183/1183/1164 1179/1179/1160 1222/1222/1142
f 1229/1229/820 1231/1231/1166 1204/1204/1165
f 1231/1231/1166 1230/1230/1168 1207/1207/1167
f 1230/1230/1168 1228/1228/1129 1203/1203/1169
s 261
f 1191/1191/855 1193/1193/1171 1185/1185/1170
f 1193/1193/1171 1192/1192/1173 1184/1184/1172
f 1192/1192/1173 1190/1190/1131 1180/1180/1132
f 1195/1195/860 1197/1197/1174 1193/1193/1171
f 1197/1197/1174 1196/1196/1175 1192/1192/1173
f 1196/1196/1175 1194/1194/1144 1190/1190/1131
f 1157/1157/864 1189/1189/1176 1197/1197/1174
f 1189/1189/1176 1188/1188/1177 1196/1196/1175
f 1187/1187/1159 1194/1194/1144 1196/1196/1175
f 1205/1205/1178 1213/1213/1180 1156/1156/870
f 1205/1205/1178 1206/1206/1181 1214/1214/1179
f 1206/1206/1181 1202/1202/816 1212/1212/1136
f 1213/1213/1180 1210/1210/1183 1208/1208/874
f 1213/1213/1180 1214/1214/1179 1211/1211/1182
f 1214/1214/1179 1212/1212/1136 1209/1209/1139
f 1210/1210/1183 1200/1200/1185 1198/1198/866
f 1210/1210/1183 1211/1211/1182 1201/1201/1184
f 1211/1211/1182 1209/1209/1139 1199/1199/1133
s 259
f 1158/1158/879 1227/1227/1187 1234/1234/1186
f 1227/1227/1187 1226/1226/1189 1235/1235/1188
f 1225/1225/818 1233/1233/1146 1235/1235/1188
f 1232/1232/822 1234/1234/1186 1231/1231/1166
f 1234/1234/1186 1235/1235/1188 1230/1230/1168
f 1235/1235/1188 1233/1233/1146 1228/1228/1129
f 1223/1223/1161 1219/1219/1190 1153/1153/858
f 1224/1224/1163 1220/1220/1191 1219/1219/1190
f 1224/1224/1163 1222/1222/1142 1218/1218/1137
f 1219/1219/1190 1216/1216/1193 1159/1159/862
f 1219/1219/1190 1220/1220/1191 1217/1217/1192
f 1220/1220/1191 1218/1218/1137 1215/1215/1140
s 261
f 1237/1237/1134 1239/1239/1194 1201/1201/1184
f 1239/1239/1194 1238/1238/1195 1200/1200/1185
f 1236/1236/867 1198/1198/866 1200/1200/1185
s 259
f 1240/1240/1141 1242/1242/1196 1217/1217/1192
f 1242/1242/1196 1241/1241/1197 1216/1216/1193
f 1160/1160/872 1159/1159/862 1216/1216/1193
s 261
f 1188/1188/1177 1239/1239/1194 1237/1237/1134
f 1188/1188/1177 1189/1189/1176 1238/1238/1195
f 1189/1189/1176 1157/1157/864 1236/1236/867
s 259
f 1226/1226/1189 1242/1242/1196 1240/1240/1141
f 1226/1226/1189 1227/1227/1187 1241/1241/1197
f 1227/1227/1187 1158/1158/879 1160/1160/872
g default
v 2.173703 27.567902 1008.368292
v 2.173703 27.567902 1008.368292
v 3.763100 27.567910 1006.778890
v 3.763100 27.567910 1006.778890
v -4.344961 27.567917 1004.607727
v -4.344961 27.567917 1004.607727
v -2.173804 27.567902 1008.368292
v -2.173804 27.567902 1008.368292
v 4.344859 27.567906 995.362197
v 4.344859 27.567906 995.362197
v 4.344859 27.567906 995.362197
v -4.344961 27.567906 995.362197
v -4.344961 27.567906 995.362197
v -4.344961 27.567906 995.362197
v 4.344859 27.567917 1004.607727
v 4.344859 27.567917 1004.607727
v -0.002648 27.567902 1008.950053
v -0.002648 27.567902 1008.950053
v -3.763201 27.567910 1006.778890
v -3.763201 27.567910 1006.778890
v 15.927803 -7.545384 995.362310
v 15.927803 -7.545384 995.362310
v 15.927803 -7.545384 995.362310
v 20.272717 -0.019782 995.362197
v 20.272717 -0.019782 995.362197
v 20.272717 -0.019782 995.362197
v 15.927803 -7.545380 1004.607840
v 15.927803 -7.545380 1004.607840
v 17.013383 -5.665098 1008.368405
v 17.013383 -5.665098 1008.368405
v 16.218684 -7.041568 1006.778890
v 16.218684 -7.041568 1006.778890
v 20.272717 -0.019779 1004.607840
v 20.272717 -0.019779 1004.607840
v 18.101559 -3.780329 1008.950053
v 18.101559 -3.780329 1008.950053
v 19.981836 -0.523592 1006.779003
v 19.981836 -0.523592 1006.779003
v 19.187139 -1.900046 1008.368292
v 19.187139 -1.900046 1008.368292
v -20.272665 -0.019867 995.362197
v -20.272665 -0.019867 995.362197
v -20.272665 -0.019867 995.362197
v -15.927754 -7.545468 995.362310
v -15.927754 -7.545468 995.362310
v -15.927754 -7.545468 995.362310
v -20.272665 -0.019864 1004.607840
v -20.272665 -0.019864 1004.607840
v -19.187089 -1.900131 1008.368405
v -19.187089 -1.900131 1008.368405
v -19.981783 -0.523692 1006.778890
v -19.981783 -0.523692 1006.778890
v -15.927754 -7.545466 1004.607840
v -15.927754 -7.545466 1004.607840
v -18.098913 -3.784916 1008.950166
v -18.098913 -3.784916 1008.950166
v -16.218635 -7.041653 1006.779003
v -16.218635 -7.041653 1006.779003
v -17.013336 -5.665182 1008.368405
v -17.013336 -5.665182 1008.368405
v 0.000000 33.980314 993.392855
v -5.328455 33.455506 993.392855
v -10.452142 31.901251 993.392855
v -15.174158 29.377281 993.392968
v -19.313039 25.980592 993.392855
v -22.709730 21.841704 993.392855
v -25.233700 17.119693 993.392855
v -26.787953 11.996013 993.392968
v -27.312761 6.667550 993.392855
v -26.787953 1.339100 993.392855
v -25.233701 -3.784593 993.392855
v -22.709732 -8.506604 993.392968
v -19.313039 -12.645486 993.392855
v -15.174156 -16.042182 993.392968
v -10.452143 -18.566152 993.392855
v -5.328455 -20.120407 993.392855
v 0.000002 -20.645208 993.392855
v 0.000002 -20.645208 993.392855
v 5.328454 -20.120407 993.392855
v 10.452141 -18.566152 993.392855
v 15.174159 -16.042182 993.392855
v 19.313037 -12.645486 993.392855
v 22.709728 -8.506604 993.392968
v 25.233700 -3.784593 993.392855
v 26.787953 1.339100 993.392855
v 27.312761 6.667550 993.392855
v 26.787953 11.996013 993.392968
v 25.233698 17.119693 993.392855
v 22.709733 21.841704 993.392968
v 19.313041 25.980585 993.392855
v 15.174159 29.377281 993.392968
v 10.452141 31.901251 993.392855
v 5.328453 33.455506 993.392855
v 0.000000 8.739830 1038.034605
v -0.404283 8.700013 1038.034718
v -0.793029 8.582086 1038.034605
v -1.151300 8.390593 1038.034605
v -1.465327 8.132870 1038.034605
v -1.723042 7.818849 1038.034605
v -1.914542 7.460582 1038.034605
v -2.032467 7.071839 1038.034605
v -2.072285 6.667546 1038.034605
v -2.032467 6.263268 1038.034718
v -1.914542 5.874524 1038.034718
v -1.723042 5.516243 1038.034718
v -1.465327 5.202223 1038.034718
v -1.151300 4.944500 1038.034605
v -0.793029 4.753006 1038.034718
v -0.404283 4.635079 1038.034605
v 0.000001 4.595262 1038.034605
v 0.404283 4.635079 1038.034605
v 0.793030 4.753006 1038.034718
v 1.151300 4.944500 1038.034605
v 1.465329 5.202223 1038.034718
v 1.723042 5.516243 1038.034718
v 1.914543 5.874524 1038.034718
v 2.032468 6.263268 1038.034718
v 2.072287 6.667546 1038.034605
v 2.032468 7.071839 1038.034605
v 1.914543 7.460582 1038.034605
v 1.723044 7.818849 1038.034605
v 1.465329 8.132870 1038.034605
v 1.151300 8.390593 1038.034605
v 0.793030 8.582086 1038.034605
v 0.404283 8.700013 1038.034718
v 22.281744 6.667548 1015.713787
v 21.853607 11.014502 1015.713787
v -18.526594 -5.711523 1015.713787
v -15.755571 -9.088014 1015.713787
v 20.585647 15.194413 1015.713787
v -12.379073 -11.859041 1015.713787
v 18.526596 19.046619 1015.713787
v -8.526856 -13.918104 1015.713900
v 0.000000 28.949297 1015.713787
v -4.346953 28.521160 1015.713787
v 15.755576 22.423124 1015.713900
v -4.346953 -15.186064 1015.713787
v -8.526855 27.253200 1015.713787
v 12.379075 25.194151 1015.713787
v 0.000002 -15.614201 1015.713787
v 0.000002 -15.614201 1015.713787
v -12.379074 25.194151 1015.713787
v 8.526855 27.253200 1015.713787
v 4.346951 -15.186064 1015.713787
v -15.755571 22.423124 1015.713900
v 4.346951 28.521160 1015.713787
v 8.526855 -13.918104 1015.713900
v -18.526592 19.046619 1015.713787
v 12.379075 -11.859041 1015.713787
v -20.585647 15.194399 1015.713787
v 15.755571 -9.088028 1015.713787
v -21.853607 11.014502 1015.713787
v 18.526590 -5.711523 1015.713787
v -22.281744 6.667548 1015.713787
v 20.585648 -1.859303 1015.713787
v -21.853607 2.320594 1015.713787
v 21.853607 2.320594 1015.713787
v -20.585648 -1.859303 1015.713787
v 19.642719 6.667550 1021.294020
v 16.202229 6.667553 1026.874253
v 11.733784 6.667546 1032.454485
v -16.332323 -4.245351 1021.294020
v -13.471660 -2.333912 1026.874253
v -9.756284 0.148611 1032.454485
v 0.000000 26.310267 1021.294020
v 0.000000 22.869779 1026.874140
v 0.000000 18.401335 1032.454485
v 11.508322 8.956692 1032.454485
v 15.890905 9.828452 1026.874253
v 19.265289 10.499664 1021.294020
v -8.297037 -1.629490 1032.454485
v -11.456704 -4.789155 1026.874140
v -13.889497 -7.221938 1021.294020
v 10.840603 11.157880 1032.454485
v 14.968906 12.867883 1026.874140
v 18.147503 14.184503 1021.294020
v -6.518941 -3.088732 1032.454485
v -9.001476 -6.804112 1026.874253
v -10.912908 -9.664765 1021.294020
v 9.756287 13.186495 1032.454485
v 13.471662 15.669033 1026.874140
v 16.332325 17.580465 1021.294020
v -4.490325 -4.173058 1032.454485
v -6.200325 -8.301351 1026.874140
v -7.516944 -11.479946 1021.294020
v -2.289148 18.175866 1032.454485
v -3.160898 22.558468 1026.874253
v -3.832104 25.932839 1021.294020
v 8.297041 14.964583 1032.454485
v 11.456709 18.124261 1026.874253
v 13.889502 20.557052 1021.294020
v -2.289147 -4.840774 1032.454485
v -3.160898 -9.223361 1026.874140
v -3.832104 -12.597739 1021.294020
v -4.490325 17.508151 1032.454485
v -6.200325 21.636457 1026.874253
v -7.516942 24.815060 1021.294020
v 6.518941 16.423839 1032.454485
v 9.001478 20.139218 1026.874140
v 10.912909 22.999878 1021.294020
v 0.000001 -5.066243 1032.454485
v 0.000001 -5.066243 1032.454485
v 0.000002 -9.534672 1026.874253
v 0.000002 -9.534672 1026.874253
v 0.000002 -12.975167 1021.294020
v 0.000002 -12.975167 1021.294020
v -6.518941 16.423839 1032.454485
v -9.001476 20.139218 1026.874140
v -10.912909 22.999878 1021.294020
v 4.490325 17.508151 1032.454485
v 6.200325 21.636457 1026.874253
v 7.516942 24.815060 1021.294020
v 2.289147 -4.840774 1032.454485
v 3.160897 -9.223361 1026.874140
v 3.832103 -12.597739 1021.294020
v -8.297037 14.964583 1032.454485
v -11.456704 18.124261 1026.874253
v -13.889497 20.557052 1021.294020
v 2.289147 18.175866 1032.454485
v 3.160897 22.558468 1026.874253
v 3.832103 25.932839 1021.294020
v 4.490325 -4.173058 1032.454485
v 6.200325 -8.301351 1026.874140
v 7.516942 -11.479946 1021.294020
v -9.756283 13.186495 1032.454485
v -13.471660 15.669033 1026.874140
v -16.332322 17.580465 1021.294020
v 6.518941 -3.088732 1032.454485
v 9.001478 -6.804098 1026.874253
v 10.912909 -9.664765 1021.294020
v -10.840601 11.157880 1032.454485
v -14.968907 12.867883 1026.874140
v -18.147503 14.184489 1021.294020
v 8.297039 -1.629490 1032.454485
v 11.456705 -4.789155 1026.874140
v 13.889497 -7.221953 1021.294020
v -11.508322 8.956692 1032.454485
v -15.890907 9.828452 1026.874253
v -19.265287 10.499649 1021.294020
v 9.756282 0.148611 1032.454485
v 13.471658 -2.333926 1026.874253
v 16.332322 -4.245366 1021.294020
v -11.733784 6.667546 1032.454485
v -16.202231 6.667553 1026.874253
v -19.642719 6.667550 1021.294020
v 10.840603 2.177226 1032.454485
v 14.968907 0.467224 1026.874253
v 18.147505 -0.849389 1021.294020
v -11.508322 4.378400 1032.454485
v -15.890907 3.506654 1026.874140
v -19.265287 2.835450 1021.294020
v 11.508322 4.378400 1032.454485
v 15.890905 3.506654 1026.874140
v 19.265289 2.835450 1021.294020
v -10.840602 2.177226 1032.454485
v -14.968907 0.467238 1026.874253
v -18.147505 -0.849389 1021.294020
v 23.675346 11.376871 1010.133667
v 25.106457 11.661532 1004.553434
v 26.193349 11.877736 998.973088
v -17.068971 -10.401425 1010.133554
v -18.100746 -11.433204 1004.553321
v -18.884350 -12.216796 998.973088
v 22.301686 15.905216 1010.133667
v 23.649765 16.463599 1004.553434
v 24.673593 16.887693 998.973088
v -13.411005 -13.403451 1010.133554
v -14.221664 -14.616678 1004.553434
v -14.837337 -15.538092 998.973088
v 20.070992 20.078553 1010.133554
v 21.284230 20.889213 1004.553321
v 22.205650 21.504885 998.973088
v -9.237663 -15.634142 1010.133554
v -9.796055 -16.982214 1004.553434
v -10.220138 -18.006047 998.973088
v -4.709319 30.342883 1010.133554
v -4.993985 31.774008 1004.553321
v -5.210181 32.860899 998.973088
v 17.068978 23.736514 1010.133667
v 18.100751 24.768297 1004.553321
v 18.884353 25.551899 998.973088
v -4.709319 -17.007796 1010.133554
v -4.993985 -18.438916 1004.553321
v -5.210180 -19.525790 998.973088
v -9.237662 28.969231 1010.133554
v -9.796054 30.317320 1004.553321
v -10.220138 31.341148 998.973088
v 13.411008 26.738540 1010.133554
v 14.221668 27.951771 1004.553321
v 14.837342 28.873202 998.973088
v 0.000002 -17.471630 1010.133554
v 0.000002 -17.471630 1010.133554
v 0.000002 -18.930772 1004.553321
v 0.000002 -18.930772 1004.553321
v 0.000002 -20.038951 998.973088
v 0.000002 -20.038951 998.973088
v -13.411006 26.738540 1010.133554
v -14.221666 27.951771 1004.553321
v -14.837340 28.873202 998.973088
v 9.237662 28.969231 1010.133554
v 9.796054 30.317320 1004.553321
v 10.220137 31.341148 998.973088
v 4.709318 -17.007796 1010.133554
v 4.993983 -18.438916 1004.553321
v 5.210179 -19.525790 998.973088
v -17.068971 23.736514 1010.133667
v -18.100746 24.768297 1004.553321
v -18.884350 25.551899 998.973088
v 4.709317 30.342883 1010.133554
v 4.993983 31.774008 1004.553321
v 5.210179 32.860899 998.973088
v 9.237662 -15.634142 1010.133554
v 9.796054 -16.982214 1004.553434
v 10.220137 -18.006047 998.973088
v -20.070988 20.078553 1010.133554
v -21.284227 20.889213 1004.553321
v -22.205647 21.504899 998.973088
v 13.411008 -13.403437 1010.133554
v 14.221668 -14.616678 1004.553434
v 14.837342 -15.538092 998.973088
v -22.301686 15.905202 1010.133667
v -23.649767 16.463599 1004.553321
v -24.673593 16.887693 998.973088
v 17.068971 -10.401425 1010.133554
v 18.100746 -11.433204 1004.553321
v 18.884350 -12.216796 998.973088
v -23.675346 11.376871 1010.133667
v -25.106457 11.661532 1004.553321
v -26.193349 11.877736 998.973088
v 20.070987 -6.743464 1010.133554
v -24.139174 6.667544 1010.133554
v -25.598323 6.667547 1004.553321
v -26.706506 6.667552 998.973088
v 22.301688 -2.570113 1010.133554
v -23.675346 1.958232 1010.133554
v -25.106457 1.673562 1004.553321
v -26.193349 1.457367 998.973201
v 23.675346 1.958232 1010.133554
v 25.106457 1.673562 1004.553321
v 26.193349 1.457367 998.973201
v -22.301688 -2.570113 1010.133554
v 26.706506 6.667552 998.973088
v 25.598321 6.667547 1004.553321
v 24.139173 6.667544 1010.133554
v -20.070990 -6.743464 1010.133554
v 0.000000 30.806717 1010.133667
v 9.400179 6.667550 1034.427100
v 6.025295 6.667546 1036.400956
v 6.025295 6.667546 1036.400956
v -7.815961 1.445090 1034.427100
v -5.009848 3.320078 1036.400956
v -5.009848 3.320078 1036.400956
v 0.000000 16.067734 1034.427100
v 0.000000 12.692848 1036.400956
v 0.000000 12.692848 1036.400956
v 5.909521 7.843033 1036.400956
v 5.909521 7.843033 1036.400956
v 9.219558 8.501440 1034.427100
v -4.260526 2.407027 1036.400956
v -4.260526 2.407027 1036.400956
v -6.646928 0.020628 1034.427100
v 5.566647 8.973327 1036.400843
v 5.566647 8.973327 1036.400843
v 8.684633 10.264840 1034.427100
v -3.347474 1.657702 1036.400956
v -3.347474 1.657702 1036.400956
v -5.222459 -1.148411 1034.427100
v 5.009851 10.015028 1036.400956
v 5.009851 10.015028 1036.400956
v 7.815965 11.890009 1034.427100
v -2.305780 1.100901 1036.400956
v -2.305780 1.100901 1036.400956
v -3.597292 -2.017088 1034.427100
v -1.175476 12.577066 1036.400956
v -1.175476 12.577066 1036.400956
v -1.833884 15.887105 1034.427100
v 4.260528 10.928079 1036.400956
v 4.260528 10.928079 1036.400956
v 6.646932 13.314486 1034.427100
v -1.175476 0.758027 1036.400956
v -1.175476 0.758027 1036.400956
v -1.833884 -2.552005 1034.427100
v -2.305780 12.234192 1036.400843
v -2.305780 12.234192 1036.400843
v -3.597292 15.352187 1034.427100
v 3.347473 11.677404 1036.400956
v 3.347473 11.677404 1036.400956
v 5.222459 14.483510 1034.427100
v 0.000001 0.642259 1036.400956
v 0.000001 0.642259 1036.400956
v 0.000001 0.642259 1036.400956
v 0.000001 -2.732635 1034.427100
v 0.000001 -2.732635 1034.427100
v -3.347474 11.677404 1036.400956
v -3.347474 11.677404 1036.400956
v -5.222459 14.483510 1034.427100
v 2.305781 12.234192 1036.400843
v 2.305781 12.234192 1036.400843
v 3.597293 15.352187 1034.427100
v 1.175477 0.758027 1036.400956
v 1.175477 0.758027 1036.400956
v 1.833884 -2.552005 1034.427100
v -4.260526 10.928079 1036.400956
v -4.260526 10.928079 1036.400956
v -6.646928 13.314486 1034.427100
v 1.175477 12.577066 1036.400956
v 1.175477 12.577066 1036.400956
v 1.833883 15.887105 1034.427100
v 2.305781 1.100901 1036.400956
v 2.305781 1.100901 1036.400956
v 3.597293 -2.017088 1034.427100
v -5.009848 10.015028 1036.400956
v -5.009848 10.015028 1036.400956
v -7.815961 11.890009 1034.427100
v 3.347473 1.657702 1036.400956
v 3.347473 1.657702 1036.400956
v 5.222459 -1.148411 1034.427100
v -5.566645 8.973327 1036.400843
v -5.566645 8.973327 1036.400843
v -8.684630 10.264840 1034.427100
v 4.260528 2.407027 1036.400956
v 4.260528 2.407027 1036.400956
v 6.646931 0.020628 1034.427100
v -5.909518 7.843019 1036.400956
v -5.909518 7.843019 1036.400956
v -9.219556 8.501440 1034.427100
v 5.009848 3.320078 1036.400956
v 5.009848 3.320078 1036.400956
v 7.815961 1.445090 1034.427100
v -6.025294 6.667546 1036.400956
v -6.025294 6.667546 1036.400956
v -9.400179 6.667550 1034.427100
v 5.566647 4.361765 1036.400956
v 5.566647 4.361765 1036.400956
v 8.684633 3.070260 1034.427100
v -5.909518 5.492073 1036.400956
v -5.909518 5.492073 1036.400956
v -9.219556 4.833673 1034.427100
v 5.909521 5.492073 1036.400956
v 5.909521 5.492073 1036.400956
v 9.219558 4.833673 1034.427100
v -5.566645 4.361765 1036.400956
v -5.566645 4.361765 1036.400956
v -8.684631 3.070260 1034.427100
v 14.340151 6.667546 1029.664313
v -11.923400 -1.299414 1029.664425
v 0.000000 21.007704 1029.664313
v 14.064609 9.465169 1029.664313
v -10.140016 -3.472467 1029.664425
v 13.248572 12.155292 1029.664313
v -7.966961 -5.255860 1029.664313
v 11.923403 14.634506 1029.664313
v -5.487739 -6.581020 1029.664313
v -2.797625 20.732161 1029.664313
v 10.140021 16.807560 1029.664313
v -2.797624 -7.397069 1029.664425
v -5.487738 19.916112 1029.664313
v 7.966962 18.590952 1029.664313
v 0.000002 -7.672598 1029.664313
v 0.000002 -7.672598 1029.664313
v -7.966961 18.590952 1029.664313
v 5.487739 19.916112 1029.664313
v 2.797624 -7.397069 1029.664425
v -10.140016 16.807560 1029.664313
v 2.797624 20.732161 1029.664313
v 5.487739 -6.581020 1029.664313
v -11.923398 14.634506 1029.664313
v 7.966962 -5.255846 1029.664313
v -13.248571 12.155292 1029.664313
v 10.140018 -3.472467 1029.664425
v -14.064609 9.465169 1029.664313
v 11.923397 -1.299414 1029.664313
v -14.340151 6.667546 1029.664313
v 13.248572 1.179815 1029.664425
v -14.064609 3.869924 1029.664313
v 14.064609 3.869924 1029.664313
v -13.248572 1.179815 1029.664425
v 23.999509 -2.171442 1004.607727
v 23.999509 -2.171442 1004.265601
v 23.339696 -2.462259 1006.779003
v 23.339696 -2.462259 1006.436764
v 24.929657 -2.708463 999.315327
v 24.929657 -2.708463 998.973088
v 25.309727 -2.927895 995.362197
v 25.309727 -2.927895 995.362197
v 25.309727 -2.927895 995.020071
v 25.070372 -3.716938 995.362197
v 25.070372 -3.716938 995.020071
v 22.562736 -8.408402 995.362197
v 22.562736 -8.408388 995.020071
v 22.316072 -3.706550 1008.368292
v 22.316072 -3.706550 1008.026166
v 20.169822 -7.487475 1008.368405
v 20.169822 -7.487475 1008.026166
v 21.160875 -5.546621 1008.950053
v 21.160875 -5.546621 1008.607927
v 19.510910 -8.942337 1006.779003
v 19.510910 -8.942337 1006.436877
v 19.616964 -9.675315 1004.607727
v 19.616964 -9.675315 1004.265601
v 20.910229 -10.421977 995.362197
v 20.910229 -10.421977 995.362197
v 20.910229 -10.421977 995.020071
v 20.535077 -10.205381 999.315327
v 20.535077 -10.205381 998.973201
v 4.344859 31.895089 1004.607840
v 4.344859 31.895089 1004.265714
v 3.763100 31.402746 1006.778890
v 3.763100 31.402746 1006.436764
v 4.344859 32.946127 999.315214
v 4.344859 32.946127 998.973088
v 4.344859 33.375597 995.362197
v 4.344859 33.375597 995.362197
v 4.344859 33.375597 995.020071
v 2.173703 31.143690 1008.368292
v 2.173703 31.143690 1008.026166
v 0.000000 33.803530 995.362197
v 0.000000 33.803530 995.020071
v -4.344961 33.375590 995.020071
v -4.344961 33.375590 995.362197
v -4.344961 33.375590 995.362197
v -0.002648 31.205390 1008.607927
v -0.002648 31.205405 1008.950166
v -2.173804 31.143676 1008.026166
v -2.173804 31.143676 1008.368405
v -3.763201 31.402732 1006.436764
v -3.763201 31.402732 1006.778890
v -4.344961 31.895075 1004.265714
v -4.344961 31.895075 1004.607840
v -4.344960 32.946120 998.973088
v -4.344960 32.946120 999.315214
v -23.999480 -2.171542 1004.265601
v -23.999480 -2.171542 1004.607727
v -23.339666 -2.462360 1006.436877
v -23.339666 -2.462360 1006.779003
v -22.316028 -3.706635 1008.026166
v -22.316028 -3.706635 1008.368292
v -21.158378 -5.551293 1008.608040
v -21.158378 -5.551293 1008.950166
v -24.929627 -2.708562 998.973088
v -24.929627 -2.708562 999.315327
v -25.309697 -2.927994 995.020071
v -25.309697 -2.927994 995.362197
v -25.309697 -2.927994 995.362197
v -25.070374 -3.716938 995.020071
v -25.070374 -3.716938 995.362197
v -20.169758 -7.487545 1008.026166
v -20.169758 -7.487545 1008.368292
v -22.562741 -8.408388 995.020071
v -22.562741 -8.408388 995.362197
v -20.910161 -10.422062 995.020071
v -20.910161 -10.422062 995.362197
v -20.910161 -10.422062 995.362197
v -19.510843 -8.942408 1006.436764
v -19.510843 -8.942408 1006.778890
v -19.616895 -9.675387 1004.265601
v -19.616895 -9.675402 1004.607727
v -20.535008 -10.205466 998.973088
v -20.535008 -10.205466 999.315214
v -24.623422 11.565444 1006.436877
v 13.948049 27.542273 1006.436764
v 9.607583 -16.527212 1006.436764
v 25.105820 6.667546 1006.436764
v 24.623422 1.769645 1006.436764
v -9.607584 -16.527212 1006.436764
v -13.948047 27.542273 1006.436764
v 24.623422 11.565458 1006.436877
v 13.948050 -14.207182 1006.436877
v 17.752502 24.420048 1006.436764
v 4.897901 -17.955881 1006.436764
v 23.194755 16.275139 1006.436764
v 17.752496 -11.084956 1006.436877
v -9.607583 29.862301 1006.436877
v 4.897901 31.290971 1006.436877
v 20.874732 20.615589 1006.436877
v -24.623422 1.769645 1006.436764
v 0.000002 -18.438281 1006.436764
v 0.000002 -18.438281 1006.436764
v -20.874728 20.615589 1006.436877
v -4.897903 31.290968 1006.436877
v 9.607583 29.862304 1006.436877
v -17.752496 -11.084955 1006.436877
v -25.105824 6.667546 1006.436764
v -23.194756 16.275124 1006.436764
v -4.897903 -17.955881 1006.436764
v -17.752496 24.420048 1006.436764
v -13.948047 -14.207182 1006.436877
v 13.717156 27.196718 1008.026166
v -24.690225 6.667546 1008.026166
v 0.000002 -18.022673 1008.026166
v 0.000002 -18.022673 1008.026166
v 17.458625 -10.791084 1008.026166
v 24.215808 11.484371 1008.026166
v -22.893396 -2.508680 1008.026166
v 9.448540 -16.143251 1008.026166
v -22.810792 16.116082 1008.026166
v -20.529170 20.384702 1008.026279
v -9.448540 29.478342 1008.026166
v 13.717156 -13.861627 1008.026166
v 22.893414 -2.508638 1008.026279
v -4.816824 -17.548258 1008.026166
v -4.816824 30.883349 1008.026279
v 4.816821 30.883363 1008.026279
v 17.458630 24.126174 1008.026279
v 24.215808 1.850718 1008.026279
v 24.690223 6.667546 1008.026166
v -17.458625 24.126176 1008.026279
v 9.448540 29.478342 1008.026166
v 20.529174 20.384702 1008.026279
v 4.816822 -17.548258 1008.026166
v -9.448541 -16.143251 1008.026166
v -24.215808 11.484371 1008.026166
v -13.717153 -13.861627 1008.026166
v -17.458625 -10.791084 1008.026166
v -24.215808 1.850718 1008.026279
v 22.810792 16.116096 1008.026166
v -13.717153 27.196718 1008.026166
v -13.632741 -13.735291 1008.607250
v 9.390396 29.337967 1008.607250
v 4.787180 30.734336 1008.607250
v 20.142571 -7.282322 1008.607250
v -9.390396 29.337967 1008.607250
v 24.066789 11.454727 1008.607250
v -17.351188 -10.683642 1008.607250
v 20.402845 20.300283 1008.607250
v -20.142525 -7.282380 1008.607250
v 17.351193 24.018731 1008.607250
v 13.632744 -13.735291 1008.607250
v -22.730248 -2.525626 1008.607250
v 13.632744 27.070394 1008.607250
v -24.066789 1.880362 1008.607250
v 4.787181 -17.399249 1008.607250
v 24.066789 1.880362 1008.607250
v 22.730261 -2.525584 1008.607250
v 9.390396 -16.002876 1008.607250
v 24.538287 6.667544 1008.607250
v -24.538289 6.667544 1008.607250
v -9.390397 -16.002878 1008.607250
v 22.670419 16.057951 1008.607250
v -4.787182 -17.399249 1008.607250
v -22.670421 16.057937 1008.607250
v 0.000002 -17.870744 1008.607250
v 0.000002 -17.870744 1008.607250
v -13.632741 27.070394 1008.607250
v -24.066789 11.454727 1008.607250
v -17.351188 24.018731 1008.607250
v -4.787182 30.734336 1008.607250
v -20.402839 20.300283 1008.607250
v 17.351188 -10.683642 1008.607250
vt 0.852317 0.486896
vt 0.340041 0.491865
vt 0.852317 0.485363
vt 0.341125 0.492949
vt 0.342606 0.487418
vt 0.852317 0.493033
vt 0.340041 0.488899
vt 0.852317 0.489966
vt 0.852317 0.477524
vt 0.387440 0.730686
vt 0.348912 0.493345
vt 0.348912 0.487418
vt 0.393367 0.730686
vt 0.852317 0.499339
vt 0.852317 0.483830
vt 0.342606 0.493345
vt 0.339644 0.490380
vt 0.852317 0.488433
vt 0.341125 0.487815
vt 0.852317 0.491499
vt 0.421597 0.760965
vt 0.738379 0.463541
vt 0.574809 0.507979
vt 0.738379 0.485355
vt 0.421597 0.766892
vt 0.568882 0.507979
vt 0.738379 0.469847
vt 0.574809 0.514285
vt 0.738379 0.472913
vt 0.573328 0.516850
vt 0.738379 0.471380
vt 0.574412 0.515766
vt 0.738379 0.479049
vt 0.568882 0.514285
vt 0.738379 0.474450
vt 0.571844 0.517247
vt 0.738379 0.477516
vt 0.569279 0.515766
vt 0.738379 0.475983
vt 0.570363 0.516850
vt 0.987672 0.505322
vt 0.043269 0.938381
vt 0.771500 0.545104
vt 0.987672 0.499395
vt 0.749686 0.545104
vt 0.049196 0.938381
vt 0.981366 0.505322
vt 0.765194 0.545104
vt 0.978801 0.503841
vt 0.762128 0.545104
vt 0.979885 0.504925
vt 0.763661 0.545104
vt 0.981366 0.499395
vt 0.755992 0.545104
vt 0.978404 0.502357
vt 0.760591 0.545104
vt 0.979885 0.499792
vt 0.757525 0.545104
vt 0.978801 0.500876
vt 0.759058 0.545104
vt 0.882501 0.465480
vt 0.882700 0.469600
vt 0.883318 0.473746
vt 0.884364 0.477806
vt 0.885812 0.481732
vt 0.887635 0.485486
vt 0.889805 0.489033
vt 0.892288 0.492347
vt 0.895050 0.495409
vt 0.898057 0.498209
vt 0.901266 0.500733
vt 0.904644 0.503011
vt 0.908176 0.505049
vt 0.911878 0.506821
vt 0.915677 0.508390
vt 0.919581 0.509754
vt 0.923926 0.419327
vt 0.923559 0.510945
vt 0.919823 0.420493
vt 0.915796 0.421842
vt 0.911866 0.423423
vt 0.908079 0.425259
vt 0.904478 0.427317
vt 0.901040 0.429631
vt 0.897762 0.432180
vt 0.894661 0.435032
vt 0.891805 0.438204
vt 0.889325 0.441683
vt 0.887212 0.445366
vt 0.885493 0.449217
vt 0.884174 0.453180
vt 0.883183 0.457240
vt 0.882671 0.461384
vt 0.591647 0.935050
vt 0.591383 0.934996
vt 0.591114 0.934995
vt 0.590849 0.935047
vt 0.590600 0.935149
vt 0.590375 0.935298
vt 0.590184 0.935488
vt 0.590033 0.935711
vt 0.589929 0.935960
vt 0.589876 0.936225
vt 0.589876 0.936495
vt 0.589928 0.936759
vt 0.590031 0.937008
vt 0.590181 0.937233
vt 0.590371 0.937423
vt 0.590596 0.937573
vt 0.590845 0.937676
vt 0.591109 0.937730
vt 0.591378 0.937731
vt 0.591642 0.937680
vt 0.591892 0.937577
vt 0.592116 0.937428
vt 0.592307 0.937238
vt 0.592457 0.937014
vt 0.592560 0.936766
vt 0.592613 0.936501
vt 0.592614 0.936232
vt 0.592562 0.935968
vt 0.592460 0.935719
vt 0.592310 0.935495
vt 0.592120 0.935304
vt 0.591896 0.935154
vt 0.906043 0.446224
vt 0.904192 0.448226
vt 0.912837 0.489289
vt 0.915411 0.490550
vt 0.902577 0.450388
vt 0.918143 0.491631
vt 0.901176 0.452674
vt 0.921046 0.492513
vt 0.898015 0.465375
vt 0.898159 0.468000
vt 0.900032 0.455085
vt 0.924122 0.493198
vt 0.898563 0.470598
vt 0.899140 0.457580
vt 0.927538 0.437064
vt 0.927443 0.493682
vt 0.899225 0.473150
vt 0.898512 0.460142
vt 0.924200 0.437477
vt 0.900158 0.475622
vt 0.898130 0.462745
vt 0.921086 0.438108
vt 0.901316 0.478005
vt 0.918147 0.438955
vt 0.902727 0.480262
vt 0.915364 0.440016
vt 0.904347 0.482393
vt 0.912760 0.441279
vt 0.906179 0.484371
vt 0.910330 0.442738
vt 0.908217 0.486188
vt 0.908095 0.444398
vt 0.910434 0.487827
vt 0.908700 0.448968
vt 0.911439 0.451896
vt 0.914380 0.455227
vt 0.914695 0.485773
vt 0.916526 0.481970
vt 0.918318 0.477647
vt 0.901672 0.465348
vt 0.905510 0.465327
vt 0.909784 0.465307
vt 0.913325 0.456232
vt 0.910078 0.453271
vt 0.907082 0.450664
vt 0.919799 0.478115
vt 0.918456 0.482723
vt 0.916982 0.486793
vt 0.912401 0.457341
vt 0.908880 0.454769
vt 0.905669 0.452506
vt 0.921366 0.478412
vt 0.920520 0.483292
vt 0.919420 0.487629
vt 0.911608 0.458536
vt 0.907855 0.456368
vt 0.904449 0.454459
vt 0.923009 0.478515
vt 0.922730 0.483654
vt 0.922019 0.488259
vt 0.909861 0.466717
vt 0.905616 0.467188
vt 0.901796 0.467602
vt 0.910946 0.459803
vt 0.907009 0.458054
vt 0.903441 0.456516
vt 0.924728 0.478403
vt 0.925049 0.483790
vt 0.924782 0.488669
vt 0.910094 0.468112
vt 0.905914 0.469029
vt 0.902151 0.469835
vt 0.910439 0.461132
vt 0.906349 0.459812
vt 0.902666 0.458657
vt 0.926254 0.452637
vt 0.926490 0.478055
vt 0.927396 0.447084
vt 0.927493 0.483678
vt 0.927729 0.441935
vt 0.927729 0.488829
vt 0.910475 0.469479
vt 0.906400 0.470833
vt 0.902731 0.472026
vt 0.910066 0.462499
vt 0.905879 0.461623
vt 0.902105 0.460854
vt 0.924537 0.452262
vt 0.924952 0.446925
vt 0.924773 0.442040
vt 0.911002 0.470801
vt 0.907078 0.472584
vt 0.903533 0.474153
vt 0.909847 0.463896
vt 0.905599 0.463467
vt 0.901779 0.463093
vt 0.922848 0.452128
vt 0.922631 0.447024
vt 0.921995 0.442405
vt 0.911669 0.472066
vt 0.907934 0.474263
vt 0.904550 0.476198
vt 0.921223 0.452215
vt 0.920437 0.447357
vt 0.919382 0.443004
vt 0.912473 0.473258
vt 0.908967 0.475854
vt 0.905781 0.478133
vt 0.919669 0.452495
vt 0.918366 0.447901
vt 0.916917 0.443812
vt 0.913407 0.474364
vt 0.910169 0.477342
vt 0.907201 0.479957
vt 0.918200 0.452954
vt 0.916422 0.448646
vt 0.914621 0.444822
vt 0.914470 0.475366
vt 0.911535 0.478713
vt 0.908811 0.481648
vt 0.916821 0.453570
vt 0.914616 0.449569
vt 0.912475 0.446025
vt 0.915640 0.476262
vt 0.913049 0.479947
vt 0.910608 0.483184
vt 0.915543 0.454333
vt 0.912954 0.450657
vt 0.910498 0.447416
vt 0.916931 0.477023
vt 0.914715 0.481039
vt 0.912571 0.484569
vt 0.901321 0.445863
vt 0.898321 0.443429
vt 0.895193 0.440917
vt 0.913758 0.494137
vt 0.911983 0.497718
vt 0.910126 0.501333
vt 0.899497 0.448322
vt 0.896296 0.446212
vt 0.892933 0.444009
vt 0.916743 0.495431
vt 0.915210 0.499203
vt 0.913583 0.502987
vt 0.897941 0.450941
vt 0.894571 0.449162
vt 0.891001 0.447303
vt 0.919895 0.496529
vt 0.918593 0.500491
vt 0.917175 0.504416
vt 0.894558 0.468389
vt 0.890812 0.468766
vt 0.886863 0.469187
vt 0.896651 0.453682
vt 0.893132 0.452243
vt 0.889425 0.450763
vt 0.923215 0.497449
vt 0.922117 0.501581
vt 0.920895 0.505664
vt 0.895014 0.471341
vt 0.891324 0.472098
vt 0.887442 0.472903
vt 0.895637 0.456523
vt 0.892009 0.455444
vt 0.888192 0.454337
vt 0.926928 0.432443
vt 0.926687 0.498209
vt 0.926085 0.428029
vt 0.925789 0.502500
vt 0.925082 0.423647
vt 0.924745 0.506757
vt 0.895767 0.474240
vt 0.892164 0.475364
vt 0.888385 0.476548
vt 0.894921 0.459442
vt 0.891208 0.458734
vt 0.887345 0.458009
vt 0.923355 0.433145
vt 0.922310 0.428906
vt 0.921116 0.424712
vt 0.896803 0.477058
vt 0.893324 0.478534
vt 0.889683 0.480084
vt 0.894513 0.462411
vt 0.890745 0.462084
vt 0.886807 0.461726
vt 0.919966 0.434023
vt 0.918692 0.429981
vt 0.917296 0.425937
vt 0.898119 0.479765
vt 0.894794 0.481576
vt 0.891320 0.483472
vt 0.916752 0.435098
vt 0.915235 0.431248
vt 0.913600 0.427377
vt 0.899688 0.482345
vt 0.896547 0.484469
vt 0.893272 0.486685
vt 0.913710 0.436384
vt 0.911935 0.432725
vt 0.910056 0.429038
vt 0.901511 0.484767
vt 0.898573 0.487186
vt 0.895516 0.489696
vt 0.910847 0.437885
vt 0.903566 0.487019
vt 0.900846 0.489718
vt 0.898023 0.492488
vt 0.908163 0.439575
vt 0.905830 0.489090
vt 0.903353 0.492030
vt 0.900758 0.495068
vt 0.905668 0.441464
vt 0.903148 0.438486
vt 0.900512 0.435398
vt 0.908295 0.490958
vt 0.897716 0.438024
vt 0.900620 0.440855
vt 0.903385 0.443570
vt 0.910940 0.492633
vt 0.894418 0.465411
vt 0.915662 0.456747
vt 0.917473 0.458946
vt 0.595317 0.937605
vt 0.919030 0.475688
vt 0.919956 0.472915
vt 0.587171 0.937595
vt 0.911714 0.465298
vt 0.914538 0.465290
vt 0.592480 0.932288
vt 0.916817 0.459571
vt 0.595482 0.936786
vt 0.914765 0.457592
vt 0.920850 0.473141
vt 0.587490 0.938366
vt 0.920281 0.476039
vt 0.916215 0.460245
vt 0.595483 0.935950
vt 0.913977 0.458528
vt 0.921771 0.473250
vt 0.587953 0.939059
vt 0.921595 0.476234
vt 0.915719 0.460999
vt 0.595321 0.935130
vt 0.913296 0.459539
vt 0.922705 0.473233
vt 0.588541 0.939649
vt 0.922950 0.476261
vt 0.914570 0.466189
vt 0.591661 0.932126
vt 0.911792 0.466500
vt 0.915308 0.461808
vt 0.595001 0.934359
vt 0.912732 0.460616
vt 0.923634 0.473082
vt 0.589234 0.940113
vt 0.924338 0.476093
vt 0.914732 0.467071
vt 0.590826 0.932126
vt 0.911995 0.467688
vt 0.914956 0.462643
vt 0.594538 0.933663
vt 0.912285 0.461742
vt 0.924283 0.457745
vt 0.924537 0.472790
vt 0.590004 0.940434
vt 0.925494 0.454925
vt 0.925745 0.475705
vt 0.914991 0.467934
vt 0.590008 0.932289
vt 0.912327 0.468849
vt 0.914699 0.463503
vt 0.593947 0.933072
vt 0.911974 0.462907
vt 0.923403 0.457452
vt 0.590822 0.940599
vt 0.924121 0.454526
vt 0.915343 0.468767
vt 0.589237 0.932609
vt 0.912775 0.469976
vt 0.914570 0.464390
vt 0.593252 0.932608
vt 0.911779 0.464095
vt 0.922498 0.457297
vt 0.591658 0.940600
vt 0.922764 0.454346
vt 0.915787 0.469562
vt 0.588543 0.933073
vt 0.913354 0.471048
vt 0.921588 0.457273
vt 0.592477 0.940438
vt 0.921428 0.454360
vt 0.916287 0.470321
vt 0.587954 0.933663
vt 0.914045 0.472057
vt 0.920687 0.457392
vt 0.593248 0.940120
vt 0.920139 0.454549
vt 0.916892 0.470996
vt 0.587491 0.934356
vt 0.914850 0.472986
vt 0.919810 0.457609
vt 0.593942 0.939657
vt 0.918906 0.454897
vt 0.917572 0.471602
vt 0.587172 0.935126
vt 0.915753 0.473831
vt 0.918979 0.457957
vt 0.594533 0.939067
vt 0.917746 0.455390
vt 0.918302 0.472150
vt 0.587009 0.935943
vt 0.916764 0.474564
vt 0.918197 0.458405
vt 0.594997 0.938375
vt 0.916660 0.456011
vt 0.919103 0.472582
vt 0.587009 0.936777
vt 0.917856 0.475190
vt 0.912809 0.453428
vt 0.917388 0.479977
vt 0.907480 0.465318
vt 0.911592 0.454632
vt 0.919123 0.480598
vt 0.910514 0.455948
vt 0.920971 0.481037
vt 0.909591 0.457361
vt 0.922933 0.481265
vt 0.907579 0.466971
vt 0.908833 0.458857
vt 0.924998 0.481276
vt 0.907844 0.468608
vt 0.908235 0.460417
vt 0.926990 0.449719
vt 0.927140 0.481036
vt 0.908281 0.470213
vt 0.907813 0.462025
vt 0.924853 0.449429
vt 0.908893 0.471766
vt 0.907563 0.463664
vt 0.922797 0.449402
vt 0.909661 0.473255
vt 0.920856 0.449613
vt 0.910595 0.474664
vt 0.919012 0.450025
vt 0.911676 0.475977
vt 0.917282 0.450632
vt 0.912901 0.477178
vt 0.915662 0.451409
vt 0.914271 0.478255
vt 0.914172 0.452350
vt 0.915764 0.479195
vt 0.741314 0.479049
vt 0.905216 0.436597
vt 0.741024 0.477516
vt 0.906414 0.437647
vt 0.742047 0.482659
vt 0.903006 0.433432
vt 0.742346 0.485355
vt 0.417630 0.766892
vt 0.901279 0.431024
vt 0.417502 0.766344
vt 0.901779 0.430649
vt 0.417383 0.762718
vt 0.905144 0.428392
vt 0.740843 0.475983
vt 0.907928 0.437991
vt 0.740865 0.472913
vt 0.910435 0.436415
vt 0.740789 0.474450
vt 0.909387 0.437546
vt 0.740972 0.471380
vt 0.910817 0.434892
vt 0.741285 0.469847
vt 0.910364 0.433326
vt 0.417673 0.760965
vt 0.742303 0.463541
vt 0.906860 0.427397
vt 0.742008 0.466237
vt 0.908372 0.429967
vt 0.855268 0.483830
vt 0.890518 0.462520
vt 0.854933 0.485363
vt 0.892003 0.462956
vt 0.855985 0.480220
vt 0.886766 0.462345
vt 0.856278 0.477524
vt 0.387440 0.734647
vt 0.883868 0.462196
vt 0.854756 0.486896
vt 0.893063 0.464015
vt 0.390403 0.734939
vt 0.883752 0.465474
vt 0.883899 0.468762
vt 0.393367 0.734647
vt 0.856278 0.499339
vt 0.893422 0.465425
vt 0.854798 0.488433
vt 0.893095 0.466816
vt 0.854756 0.489966
vt 0.892056 0.467877
vt 0.854933 0.491499
vt 0.890578 0.468332
vt 0.855268 0.493033
vt 0.886810 0.468567
vt 0.855985 0.496642
vt 0.905387 0.493889
vt 0.765194 0.548040
vt 0.906567 0.492857
vt 0.763661 0.547749
vt 0.908059 0.492521
vt 0.762128 0.547569
vt 0.909500 0.492966
vt 0.760591 0.547514
vt 0.903208 0.497000
vt 0.768804 0.548772
vt 0.901506 0.499362
vt 0.043269 0.942349
vt 0.771500 0.549072
vt 0.901997 0.499731
vt 0.043816 0.942476
vt 0.910528 0.494082
vt 0.759058 0.547590
vt 0.905298 0.501961
vt 0.047443 0.942595
vt 0.906982 0.502941
vt 0.749686 0.549028
vt 0.049196 0.942306
vt 0.910897 0.495583
vt 0.757525 0.547697
vt 0.910444 0.497121
vt 0.755992 0.548010
vt 0.908474 0.500417
vt 0.752382 0.548733
vt 0.899584 0.486356
vt 0.893259 0.455815
vt 0.919140 0.431349
vt 0.901571 0.441783
vt 0.904019 0.439507
vt 0.919049 0.499151
vt 0.893404 0.474977
vt 0.899355 0.444264
vt 0.915764 0.432554
vt 0.894340 0.452735
vt 0.922681 0.430339
vt 0.897400 0.446935
vt 0.912549 0.433972
vt 0.892595 0.471837
vt 0.892045 0.462199
vt 0.895731 0.449770
vt 0.904205 0.491027
vt 0.926381 0.429520
vt 0.926104 0.501051
vt 0.895935 0.480956
vt 0.892109 0.468632
vt 0.892489 0.458978
vt 0.912595 0.496498
vt 0.901780 0.488793
vt 0.897630 0.483738
vt 0.922503 0.500187
vt 0.894520 0.478027
vt 0.915742 0.497923
vt 0.894295 0.456122
vt 0.902555 0.488025
vt 0.926620 0.430776
vt 0.926359 0.499830
vt 0.913056 0.435014
vt 0.900208 0.444955
vt 0.907318 0.492029
vt 0.919504 0.432500
vt 0.898525 0.483133
vt 0.896883 0.480439
vt 0.893647 0.471621
vt 0.916197 0.433651
vt 0.907175 0.438488
vt 0.922817 0.499011
vt 0.893175 0.468527
vt 0.893115 0.462291
vt 0.895345 0.453146
vt 0.904737 0.440356
vt 0.902360 0.442558
vt 0.895514 0.477605
vt 0.893545 0.459179
vt 0.896690 0.450276
vt 0.922982 0.431545
vt 0.919420 0.498023
vt 0.900420 0.485668
vt 0.916180 0.496850
vt 0.913101 0.495477
vt 0.904912 0.490187
vt 0.898315 0.447539
vt 0.894431 0.474657
vt 0.916337 0.496458
vt 0.893927 0.459252
vt 0.893500 0.462323
vt 0.910551 0.436824
vt 0.894026 0.471543
vt 0.900517 0.445206
vt 0.913284 0.495106
vt 0.897038 0.450461
vt 0.910644 0.493679
vt 0.895707 0.453294
vt 0.916353 0.434051
vt 0.907589 0.491733
vt 0.894669 0.456234
vt 0.905168 0.489882
vt 0.923088 0.431986
vt 0.904996 0.440663
vt 0.907449 0.438788
vt 0.919634 0.432920
vt 0.902645 0.442839
vt 0.902835 0.487747
vt 0.919554 0.497611
vt 0.898644 0.447757
vt 0.922929 0.498580
vt 0.898849 0.482914
vt 0.926704 0.431232
vt 0.926450 0.499386
vt 0.894802 0.474541
vt 0.900723 0.485418
vt 0.895872 0.477453
vt 0.893559 0.468490
vt 0.897225 0.480253
vt 0.913239 0.435393
vn 0.000000 1.000000 0.000000
vn 0.000000 1.000000 0.000000
vn 0.000000 1.000000 0.000000
vn -0.000002 0.000000 -1.000000
vn -0.509816 0.000000 -0.860283
vn -0.499482 0.000000 -0.866324
vn -0.868983 -0.000000 -0.494842
vn -0.884715 -0.000000 -0.466132
vn -0.998673 -0.000000 -0.051500
vn 0.998673 -0.000000 -0.051500
vn 0.884715 -0.000000 -0.466132
vn 0.868983 -0.000000 -0.494842
vn 0.510311 0.000000 -0.859990
vn 0.500000 0.000000 -0.866025
vn 0.866025 -0.500000 -0.000000
vn 0.866025 -0.500000 0.000000
vn 0.866025 -0.500000 0.000000
vn 0.000968 0.001676 -0.999998
vn 0.250893 0.434560 -0.864991
vn 0.000000 0.000001 -1.000000
vn 0.255736 0.442947 -0.859300
vn 0.433917 0.751567 -0.496853
vn 0.440995 0.763828 -0.471263
vn 0.499331 0.864869 -0.051664
vn -0.499330 -0.864864 -0.051772
vn -0.441541 -0.764771 -0.469220
vn -0.434512 -0.752597 -0.494769
vn -0.258222 -0.447253 -0.856321
vn -0.250831 -0.434451 -0.865064
vn -0.866025 -0.500000 0.000000
vn -0.866025 -0.500000 0.000000
vn -0.866025 -0.500000 0.000000
vn -0.000977 0.001693 -0.999998
vn 0.250571 -0.434001 -0.865365
vn -0.000000 0.000000 -1.000000
vn 0.257971 -0.446819 -0.856624
vn 0.434512 -0.752598 -0.494768
vn 0.441541 -0.764771 -0.469219
vn 0.499330 -0.864864 -0.051771
vn -0.499332 0.864869 -0.051664
vn -0.440996 0.763827 -0.471265
vn -0.433917 0.751567 -0.496853
vn -0.255986 0.443381 -0.859002
vn -0.251149 0.435004 -0.864694
vn 0.374609 0.074518 0.924184
vn 0.121155 0.001627 0.992632
vn 0.381948 0.000796 0.924183
vn -0.216380 -0.210648 0.953314
vn -0.317578 -0.212199 0.924184
vn -0.270641 -0.269513 0.924184
vn 0.323417 0.128899 0.937436
vn 0.353178 0.145434 0.924183
vn -0.209765 -0.313942 0.925980
vn -0.212199 -0.317576 0.924184
vn 0.316253 0.205221 0.926212
vn 0.318020 0.211537 0.924184
vn -0.146165 -0.352873 0.924184
vn -0.064669 0.349578 0.934673
vn 0.000796 0.381948 0.924183
vn -0.073733 0.374764 0.924184
vn 0.219087 0.219086 0.950790
vn 0.270078 0.270079 0.924184
vn -0.073660 -0.370314 0.925981
vn -0.074514 -0.374608 0.924184
vn -0.136213 0.341756 0.929865
vn -0.145430 0.353178 0.924184
vn 0.212199 0.317578 0.924184
vn 0.000796 -0.381948 0.924184
vn -0.205226 0.316259 0.926209
vn -0.211537 0.318020 0.924183
vn 0.101724 0.236552 0.966279
vn 0.146901 0.352569 0.924184
vn 0.074515 -0.374608 0.924184
vn 0.001627 -0.121154 0.992632
vn -0.211159 0.216908 0.953081
vn -0.269515 0.270640 0.924184
vn 0.078507 0.368742 0.926211
vn 0.075295 0.374454 0.924183
vn 0.136213 -0.341755 0.929865
vn 0.145430 -0.353178 0.924184
vn -0.310630 0.213635 0.926212
vn -0.317136 0.212861 0.924184
vn 0.001623 0.120858 0.992669
vn 0.193524 -0.298219 0.934673
vn 0.211537 -0.318020 0.924184
vn -0.236553 0.101718 0.966280
vn -0.352569 0.146900 0.924184
vn 0.175237 -0.175239 0.968805
vn 0.270078 -0.270078 0.924184
vn -0.368742 0.078499 0.926211
vn -0.374454 0.075293 0.924184
vn 0.317578 -0.212199 0.924184
vn -0.129931 0.000000 0.991523
vn -0.381948 -0.000001 0.924184
vn 0.337974 -0.145338 0.929866
vn 0.352569 -0.146902 0.924183
vn -0.374609 -0.074515 0.924184
vn 0.370312 -0.073654 0.925983
vn 0.374609 -0.074515 0.924184
vn -0.247719 -0.102605 0.963383
vn -0.352874 -0.146167 0.924184
vn -0.771670 -0.516741 0.370815
vn -0.881747 -0.362457 0.301907
vn -0.791256 -0.531015 0.303212
vn 0.928755 -0.000850 0.370693
vn 0.935073 -0.185622 0.301966
vn 0.953300 -0.001021 0.302024
vn -0.857930 -0.354466 0.371902
vn -0.935244 -0.184476 0.302139
vn 0.857792 -0.355309 0.371413
vn 0.881236 -0.363545 0.302090
vn -0.911075 -0.180358 0.370693
vn -0.953277 0.001162 0.302096
vn 0.790610 -0.532074 0.303040
vn -0.928272 0.000832 0.371902
vn -0.934783 0.186982 0.302024
vn 0.771035 -0.517338 0.371304
vn 0.672765 -0.675238 0.302391
vn -0.910320 0.182895 0.371303
vn -0.880806 0.364842 0.301779
vn 0.655293 -0.657819 0.371304
vn 0.528775 -0.793207 0.302024
vn -0.771993 0.515829 0.371413
vn -0.792577 0.529583 0.302264
vn 0.515282 -0.772704 0.370693
vn 0.363869 -0.881125 0.302024
vn 0.001786 0.928510 0.371303
vn 0.187114 0.934734 0.302095
vn 0.001317 0.953307 0.302000
vn -0.674223 0.674025 0.301851
vn 0.355423 -0.857792 0.371304
vn 0.184978 -0.935181 0.302024
vn 0.182024 0.910744 0.370693
vn 0.364703 0.880839 0.301850
vn -0.515183 0.772712 0.370815
vn -0.529709 0.792519 0.302194
vn 0.180281 -0.910598 0.371902
vn 0.093488 -0.949202 0.300458
vn 0.515282 0.772704 0.370693
vn 0.528674 0.793302 0.301953
vn -0.363868 0.881125 0.302024
vn -0.091112 -0.925086 0.368665
vn -0.187120 -0.934778 0.301954
vn -0.093473 -0.949051 0.300941
vn 0.655799 0.656975 0.371902
vn 0.673248 0.674890 0.302095
vn -0.353675 0.858515 0.371303
vn -0.184853 0.935228 0.301956
vn -0.181913 -0.910273 0.371902
vn -0.365876 -0.880269 0.302095
vn 0.772712 0.515182 0.370815
vn 0.792520 0.529709 0.302194
vn -0.179392 0.911017 0.371303
vn -0.356976 -0.857148 0.371303
vn -0.530474 -0.792072 0.302024
vn 0.880806 0.364842 0.301779
vn -0.517338 -0.771035 0.371304
vn -0.673542 -0.674571 0.302149
vn 0.910627 0.181135 0.371413
vn 0.934908 0.185965 0.302264
vn -0.813382 -0.335773 0.475043
vn -0.703044 -0.469759 0.533907
vn -0.730462 -0.489467 0.476286
vn -0.652047 -0.435684 0.620495
vn -0.644914 -0.268107 0.715685
vn -0.723233 -0.300909 0.621601
vn 0.862748 -0.171508 0.475658
vn 0.910661 -0.180169 0.371802
vn 0.845405 -0.002004 0.534122
vn 0.879288 -0.001081 0.476289
vn 0.699156 0.000000 0.714969
vn 0.770155 -0.151893 0.619508
vn 0.782551 0.000000 0.622586
vn -0.781458 -0.322261 0.534295
vn -0.862735 -0.171609 0.475645
vn -0.770647 -0.153291 0.618551
vn 0.812576 -0.337720 0.475043
vn 0.828797 -0.166204 0.534295
vn 0.644600 -0.267002 0.716380
vn 0.724406 -0.300059 0.620645
vn -0.879623 0.000000 0.475671
vn -0.845543 0.000000 0.533907
vn -0.699156 -0.000000 0.714969
vn -0.782551 -0.000000 0.622586
vn 0.780098 -0.325262 0.534464
vn 0.731017 -0.489873 0.475014
vn 0.651986 -0.437177 0.619508
vn -0.862290 0.173800 0.475657
vn -0.769098 0.152901 0.620573
vn 0.597352 -0.598275 0.534076
vn 0.620936 -0.622568 0.476285
vn 0.493355 -0.493356 0.716381
vn 0.553027 -0.554773 0.621601
vn -0.857874 0.355343 0.371191
vn -0.828797 0.166205 0.534295
vn -0.811943 0.337488 0.476289
vn -0.683113 0.137727 0.717208
vn -0.725933 0.300692 0.618551
vn 0.488700 -0.731392 0.475645
vn 0.435684 -0.652047 0.620496
vn -0.731076 0.489757 0.475043
vn -0.780098 0.325262 0.534464
vn -0.580124 0.387627 0.716380
vn -0.650631 0.436223 0.621601
vn 0.338685 -0.811814 0.475657
vn 0.325934 -0.779935 0.534293
vn 0.267002 -0.644600 0.716380
vn 0.300910 -0.723233 0.621601
vn 0.002236 0.879628 0.475657
vn 0.001972 0.845189 0.534464
vn 0.172601 0.862182 0.476289
vn -0.000000 0.699157 0.714969
vn 0.152992 0.769141 0.620496
vn -0.000000 0.784092 0.620645
vn -0.655741 0.657090 0.371802
vn -0.701362 0.471829 0.534294
vn -0.620410 0.623572 0.475657
vn -0.554520 0.554520 0.620496
vn 0.171607 -0.862722 0.475671
vn 0.164916 -0.829088 0.534244
vn 0.151993 -0.770049 0.619615
vn 0.336880 0.813300 0.474400
vn 0.355158 0.857427 0.372400
vn 0.166896 0.828770 0.534122
vn 0.265002 0.644505 0.717208
vn 0.297836 0.725386 0.620571
vn -0.596374 0.599209 0.534122
vn -0.486836 0.732626 0.475657
vn -0.387627 0.580124 0.716381
vn -0.435618 0.651948 0.620646
vn 0.091074 -0.924698 0.369648
vn 0.086314 -0.876355 0.473870
vn 0.134406 -0.685263 0.715786
vn 0.077009 -0.781881 0.618653
vn 0.467413 0.704313 0.534293
vn 0.487607 0.731702 0.476289
vn 0.388430 0.581327 0.714969
vn 0.434170 0.652003 0.621601
vn -0.467922 0.703844 0.534464
vn -0.335659 0.813446 0.475014
vn -0.297836 0.725387 0.620571
vn -0.171607 -0.862722 0.475671
vn -0.086314 -0.876355 0.473870
vn -0.164916 -0.829087 0.534244
vn -0.068557 -0.696068 0.714695
vn -0.154262 -0.769598 0.619615
vn -0.076846 -0.780237 0.620745
vn 0.621988 0.621988 0.475671
vn 0.597739 0.597739 0.534244
vn 0.555605 0.555605 0.618551
vn -0.164957 0.829297 0.533907
vn -0.170409 0.862620 0.476286
vn -0.264400 0.645532 0.716506
vn -0.152992 0.769142 0.620495
vn -0.338685 -0.811814 0.475657
vn -0.138064 -0.684536 0.715786
vn -0.300104 -0.724515 0.620496
vn 0.732626 0.486836 0.475657
vn 0.581217 0.387275 0.715685
vn 0.652004 0.434170 0.621601
vn -0.325374 -0.780285 0.534122
vn -0.490555 -0.730141 0.475657
vn -0.387627 -0.580124 0.716380
vn -0.435618 -0.651948 0.620645
vn 0.857875 0.355343 0.371191
vn 0.704313 0.467412 0.534293
vn 0.812679 0.336622 0.475645
vn 0.725387 0.297836 0.620571
vn -0.656589 -0.656589 0.371191
vn -0.471202 -0.701653 0.534464
vn -0.621998 -0.621997 0.475645
vn -0.556193 -0.552758 0.620571
vn 0.862722 0.171606 0.475671
vn 0.829318 0.164297 0.534077
vn 0.645532 0.264400 0.716506
vn 0.770155 0.151893 0.619508
vn -0.495212 -0.491308 0.716506
vn 0.975048 0.193949 0.108007
vn 0.988551 0.000272 0.150886
vn 0.994150 0.000522 0.108007
vn 0.959141 0.190610 0.209086
vn 0.969476 0.192841 0.151425
vn 0.948958 0.188359 0.252981
vn 0.977850 -0.000174 0.209306
vn -0.671918 -0.724908 0.151770
vn -0.768531 -0.630717 0.107494
vn -0.675356 -0.729552 0.107929
vn -0.756378 -0.619862 0.208957
vn -0.763460 -0.626556 0.156703
vn -0.665712 -0.702353 0.252049
vn -0.665362 -0.716462 0.209701
vn 0.913199 0.378466 0.151097
vn 0.918675 0.379962 0.108007
vn 0.893978 0.369871 0.252980
vn 0.903221 0.374739 0.209195
vn -0.549584 -0.821683 0.150978
vn -0.552320 -0.826605 0.108008
vn -0.544035 -0.812566 0.209195
vn -0.537825 -0.804205 0.252980
vn 0.822102 0.548983 0.150886
vn 0.826896 0.551886 0.108008
vn 0.804641 0.537172 0.252980
vn 0.813150 0.543120 0.209305
vn -0.379962 -0.918675 0.108008
vn -0.374384 -0.903394 0.209085
vn -0.378028 -0.913346 0.151305
vn -0.370600 -0.893676 0.252980
vn -0.250398 0.962120 0.107826
vn -0.097450 0.989418 0.107493
vn -0.000001 0.994150 0.108008
vn -0.263813 0.952651 0.151188
vn -0.091266 0.974660 0.204224
vn -0.096803 0.982847 0.156975
vn -0.261856 0.942077 0.209578
vn -0.093858 0.963364 0.251236
vn 0.699507 0.698470 0.151097
vn 0.703339 0.702601 0.108008
vn 0.691971 0.690928 0.209274
vn 0.684106 0.684106 0.252980
vn -0.193437 -0.975149 0.108008
vn -0.192132 -0.969667 0.151097
vn -0.188744 -0.948882 0.252980
vn -0.190047 -0.959211 0.209274
vn -0.377613 0.913552 0.151097
vn -0.379962 0.918675 0.108008
vn -0.373374 0.903786 0.209195
vn -0.370130 0.893871 0.252980
vn 0.549585 0.821683 0.150978
vn 0.552320 0.826606 0.108008
vn 0.543748 0.812758 0.209195
vn -0.097449 -0.989419 0.107494
vn -0.096903 -0.983881 0.150295
vn -0.095868 -0.973364 0.208262
vn -0.548582 0.822330 0.151097
vn -0.551886 0.826896 0.108008
vn -0.542520 0.813578 0.209194
vn -0.537404 0.804486 0.252980
vn 0.380445 0.918475 0.108008
vn 0.374067 0.903525 0.209085
vn 0.378271 0.913226 0.151424
vn 0.537404 0.804486 0.252980
vn 0.192580 -0.969546 0.151305
vn 0.097449 -0.989419 0.107494
vn 0.193437 -0.975149 0.108008
vn 0.190610 -0.959141 0.209085
vn 0.096903 -0.983881 0.150295
vn 0.188359 -0.948958 0.252980
vn 0.095868 -0.973364 0.208261
vn -0.698470 0.699506 0.151097
vn -0.702601 0.703339 0.108008
vn -0.690817 0.692105 0.209194
vn -0.683827 0.684385 0.252980
vn 0.263932 0.952652 0.150977
vn 0.250724 0.962035 0.107824
vn 0.261854 0.942077 0.209578
vn 0.369873 0.893977 0.252980
vn 0.378051 -0.913406 0.150886
vn 0.379962 -0.918675 0.108008
vn 0.370131 -0.893870 0.252980
vn 0.374047 -0.903482 0.209305
vn -0.821516 0.549801 0.151097
vn -0.826316 0.552754 0.108007
vn -0.812649 0.543881 0.209274
vn -0.804268 0.537730 0.252980
vn 0.097448 0.989419 0.107494
vn 0.548582 -0.822330 0.151097
vn 0.551886 -0.826896 0.108008
vn 0.542655 -0.813468 0.209274
vn 0.537730 -0.804268 0.252980
vn -0.912992 0.378967 0.151097
vn -0.918275 0.380927 0.108007
vn -0.903170 0.374906 0.209115
vn 0.671452 -0.725316 0.151883
vn 0.675034 -0.729850 0.107927
vn 0.664921 -0.716920 0.209538
vn -0.969382 0.193569 0.151097
vn -0.974946 0.194461 0.108007
vn -0.958906 0.191668 0.209195
vn -0.948805 0.189129 0.252980
vn 0.768531 -0.630718 0.107494
vn -0.988487 0.000270 0.151305
vn -0.994150 0.000522 0.108008
vn -0.977897 0.000171 0.209086
vn -0.967472 0.000113 0.252979
vn 0.888731 -0.445592 0.107729
vn 0.837059 -0.536349 0.107990
vn 0.912985 -0.393439 0.107996
vn -0.971958 -0.179768 0.151592
vn -0.978065 -0.178120 0.107993
vn -0.950010 -0.183996 0.252244
vn -0.961107 -0.179570 0.209830
vn 0.972005 -0.179317 0.151826
vn 0.951396 -0.288603 0.107493
vn 0.978065 -0.178119 0.107993
vn 0.935717 -0.284132 0.209051
vn 0.945161 -0.286712 0.156423
vn 0.949989 -0.184106 0.252242
vn 0.961256 -0.179026 0.209611
vn -0.951396 -0.288603 0.107494
vn 0.967471 -0.000395 0.252981
vn -0.844885 -0.523943 0.107947
vn -0.913085 -0.393207 0.107998
vn -0.837192 -0.536141 0.107988
vn -0.579896 -0.387475 0.716648
vn -0.531235 -0.220668 0.817982
vn -0.421743 -0.277525 0.863199
vn -0.477366 -0.317835 0.819208
vn 0.564302 -0.111660 0.817982
vn 0.683485 -0.134987 0.717375
vn 0.504851 -0.003553 0.863199
vn 0.573496 -0.000940 0.819208
vn -0.567082 -0.112800 0.815901
vn -0.682588 -0.135775 0.718080
vn -0.467782 -0.189915 0.863199
vn 0.532649 -0.221602 0.816809
vn 0.494458 -0.101976 0.863199
vn -0.504855 -0.000000 0.863204
vn -0.572257 -0.000000 0.820074
vn 0.579896 -0.387474 0.716648
vn 0.465062 -0.196478 0.863199
vn 0.477913 -0.319332 0.818307
vn -0.565647 0.113429 0.816809
vn 0.407058 -0.407059 0.817684
vn 0.356986 -0.356987 0.863204
vn -0.644346 0.266897 0.716648
vn -0.494458 0.101977 0.863199
vn -0.531028 0.219960 0.818307
vn 0.387474 -0.579897 0.716648
vn 0.319331 -0.477912 0.818308
vn -0.478650 0.319824 0.817684
vn -0.419772 0.280481 0.863204
vn 0.221602 -0.532649 0.816809
vn 0.196481 -0.465062 0.863199
vn 0.111660 0.564302 0.817982
vn 0.134987 0.683486 0.717374
vn 0.000000 0.504855 0.863204
vn -0.000000 0.572257 0.820074
vn -0.493161 0.493161 0.716648
vn -0.404858 0.406187 0.819208
vn 0.098493 -0.495154 0.863204
vn 0.111642 -0.561261 0.820074
vn 0.221264 0.534179 0.815901
vn 0.101976 0.494457 0.863200
vn -0.319766 0.480180 0.816809
vn -0.354472 0.359495 0.863199
vn 0.056855 -0.577257 0.814581
vn 0.068386 -0.694332 0.716398
vn 0.277526 0.421743 0.863199
vn 0.317835 0.477366 0.819208
vn -0.277526 0.421742 0.863199
vn -0.217908 0.532377 0.817980
vn -0.056608 -0.574745 0.816372
vn -0.049662 -0.504233 0.862139
vn -0.112806 -0.562292 0.819208
vn 0.407058 0.407059 0.817684
vn 0.492118 0.492119 0.718080
vn 0.356986 0.356986 0.863205
vn -0.134987 0.683486 0.717374
vn -0.189916 0.467781 0.863199
vn -0.110983 0.565746 0.817076
vn -0.219605 -0.531675 0.817983
vn -0.265735 -0.644018 0.717374
vn -0.101977 -0.494459 0.863198
vn 0.479635 0.317583 0.817980
vn -0.321259 -0.479183 0.816809
vn -0.196481 -0.465063 0.863198
vn 0.421743 0.277525 0.863199
vn 0.533224 0.219223 0.817076
vn -0.283435 -0.417795 0.863199
vn -0.408462 -0.405052 0.817980
vn 0.683485 0.134987 0.717375
vn 0.495154 0.098492 0.863204
vn 0.563259 0.110544 0.818853
vn -0.359497 -0.354470 0.863199
vn -0.598097 -0.597130 0.534524
vn 0.781081 0.322794 0.534525
vn -0.322794 0.781081 0.534525
vn -0.082964 -0.842349 0.532508
vn 0.322793 0.781081 0.534524
vn 0.082964 -0.842349 0.532508
vn 0.469603 -0.702811 0.534350
vn 0.702339 -0.470110 0.534525
vn -0.828807 -0.164860 0.534696
vn 0.498946 -0.864200 -0.064892
vn 0.500000 -0.866025 -0.000000
vn -0.935717 -0.284132 0.209051
vn -0.925031 -0.288336 0.247345
vn -0.857372 -0.435598 0.274166
vn -0.916063 -0.315138 0.248025
vn 1.000000 -0.000000 0.000000
vn 1.000000 0.000000 0.000000
vn 1.000000 -0.000000 0.000000
vn 0.756379 -0.619862 0.208957
vn 0.665713 -0.702352 0.252049
vn 0.763460 -0.626556 0.156703
vn 0.093859 0.963364 0.251237
vn 0.091272 0.974660 0.204224
vn -0.997950 0.000000 -0.063999
vn -1.000000 0.000000 0.000000
vn -0.000000 0.000000 1.000000
vn 0.000000 0.000000 1.000000
vn -0.000000 0.000000 1.000000
vn 0.758965 -0.601998 0.248132
vn 0.853311 -0.460259 0.244995
vn 0.775722 -0.582777 0.242130
vn -0.500000 0.866025 0.000000
vn -0.500001 0.866025 0.000000
vn -0.500000 0.866025 0.000000
vn 0.096799 0.982847 0.156976
vn 0.498959 0.864224 -0.064470
vn 0.499999 0.866026 -0.000000
vn 0.000000 0.000000 1.000000
vn 0.000000 0.000000 1.000000
vn 0.000000 0.000000 1.000000
vn -0.945161 -0.286711 0.156423
vn -0.000000 0.000000 1.000000
vn -0.000000 0.000000 1.000000
vn -0.000000 0.000000 1.000000
vn -0.500000 -0.866025 0.000000
vn -0.500000 -0.866025 0.000001
vn -0.500000 -0.866025 0.000000
vn -0.948895 0.188676 0.252981
vn -0.537440 -0.804462 0.252980
vn 0.223144 0.941428 0.252823
vn 0.246439 0.935678 0.252537
vn 0.370670 -0.893647 0.252980
vn 0.537947 -0.804123 0.252980
vn -0.748637 -0.614390 0.249134
vn -0.673587 -0.694475 0.252952
vn -0.758927 -0.602041 0.248143
vn 0.949685 -0.184664 0.252977
vn 0.804424 0.537498 0.252980
vn -0.223539 0.941335 0.252820
vn -0.246608 0.935634 0.252535
vn -0.094858 -0.963109 0.251839
vn -0.188676 -0.948896 0.252979
vn 0.370171 0.893854 0.252981
vn 0.537830 0.804201 0.252979
vn -0.537831 0.804201 0.252980
vn 0.188676 -0.948896 0.252980
vn -0.967472 -0.000540 0.252979
vn 0.748636 -0.614390 0.249135
vn 0.673637 -0.694427 0.252952
vn -0.866026 -0.500000 0.000001
vn -0.866025 -0.500000 -0.000001
vn -0.866025 -0.500000 -0.000004
vn -0.893674 0.370604 0.252980
vn -0.804163 0.537889 0.252979
vn 0.948868 0.188813 0.252980
vn 0.967472 0.000071 0.252980
vn 0.893800 0.370300 0.252981
vn -0.094858 0.963110 0.251837
vn 0.866026 -0.500000 -0.000001
vn 0.866025 -0.500000 0.000001
vn 0.866025 -0.500001 -0.000001
vn 0.684106 0.684106 0.252979
vn -0.370604 0.893674 0.252980
vn 0.094858 -0.963109 0.251839
vn 0.094858 -0.963109 0.251839
vn -0.684055 0.684156 0.252981
vn -0.893719 0.370495 0.252980
vn 0.925031 -0.288335 0.247346
vn 0.916064 -0.315136 0.248024
vn -0.370170 -0.893854 0.252981
vn 0.000000 1.000000 0.000000
vn 0.000000 1.000000 0.000000
vn 0.000000 1.000000 0.000000
vn -0.949581 -0.185194 0.252979
vn 0.537930 -0.804134 0.252980
vn -0.094858 -0.963109 0.251839
vn -0.188669 -0.948897 0.252979
vn -0.866024 -0.500003 -0.000003
vn 0.866025 -0.500001 -0.000003
vn -0.893857 0.370164 0.252980
vn 0.370645 -0.893657 0.252980
vn -0.370574 0.893687 0.252980
vn -0.194132 0.947796 0.252975
vn 0.681162 -0.687037 0.252978
vn 0.000454 0.967506 0.252848
vn -0.804423 0.537499 0.252979
vn -0.684364 0.683847 0.252980
vn 0.094782 0.963040 0.252132
vn 0.194152 0.947795 0.252961
vn 0.684105 0.684106 0.252980
vn 0.804177 0.537866 0.252979
vn -0.967472 -0.000077 0.252979
vn 0.893798 0.370306 0.252980
vn 0.369755 0.894026 0.252980
vn -0.949312 -0.186570 0.252979
vn -0.537066 -0.804712 0.252979
vn 0.949327 -0.186494 0.252978
vn 0.189103 -0.948810 0.252980
vn 0.948867 0.188820 0.252979
vn 0.094858 -0.963109 0.251839
vn 0.000000 1.000000 0.000000
vn 0.000000 1.000000 0.000000
vn 0.857393 -0.435581 0.274128
vn -0.948983 0.188234 0.252979
vn -0.680792 -0.687404 0.252978
vn -0.537803 0.804220 0.252979
vn 0.967472 0.000520 0.252978
vn -0.370164 -0.893857 0.252980
vn -0.906528 -0.342385 0.246942
vn -0.775652 -0.582859 0.242154
vn 0.537435 0.804466 0.252979
vn 0.906551 -0.342323 0.246943
vn -0.094858 -0.963109 0.251839
vn -0.853302 -0.460273 0.244997
vn 0.000000 1.000000 0.000000
vn -0.000006 0.000000 -1.000000
vn 0.997950 0.000000 -0.063999
vn 0.866025 -0.500000 0.000000
vn 0.866025 -0.500000 0.000001
vn -0.498946 -0.864200 -0.064892
vn -0.866025 -0.500000 0.000000
vn -0.866025 -0.500000 -0.000000
vn -0.498960 0.864224 -0.064471
vn 0.368975 0.073384 0.926538
vn -0.312802 -0.208998 0.926539
vn -0.131374 -0.317164 0.939227
vn 0.209007 0.312808 0.926535
vn 0.073394 -0.368971 0.926539
vn 0.292354 -0.195349 0.936145
vn -0.368975 -0.073384 0.926538
vn -0.000001 0.994150 0.108008
vn 0.844766 -0.524135 0.107949
vn -0.888783 -0.445488 0.107731
vn -0.495154 -0.098491 0.863205
vn 0.419772 -0.280482 0.863204
vn -0.466425 0.193200 0.863204
vn 0.280482 -0.419771 0.863205
vn 0.193200 0.466425 0.863204
vn 0.049663 -0.504231 0.862139
vn -0.098492 0.495154 0.863204
vn 0.466425 0.193198 0.863205
vn 0.500000 -0.866025 -0.000001
vn 0.500000 -0.866025 -0.000000
vn -1.000000 0.000000 0.000000
vn -1.000000 0.000000 0.000000
vn -0.000000 0.000000 1.000000
vn -0.000000 0.000000 1.000000
vn -0.000000 0.000000 1.000000
vn 0.500000 0.866025 0.000000
vn 0.499999 0.866026 0.000000
vn -0.000000 0.000000 1.000000
vn -0.000000 0.000000 1.000000
vn -0.000000 0.000000 1.000000
vn 0.000000 0.000000 1.000000
vn 0.000000 0.000000 1.000000
s 1
g Piece2 Supermarine_Spitfire_Mk:GLTF_SceneRootNode Supermarine_Spitfire_Mk:root Supermarine_Spitfire_Mk:Sketchfab_model Supermarine_Spitfire_Mk:Meshes Supermarine_Spitfire_Mk:scene Supermarine_Spitfire_Mk:Object_78
usemtl Supermarine_Spitfire_Mk:Object_78SG
f 1258/1258/1243 1253/1253/1244 1254/1254/1245
s 2
f 1260/1260/1246 1757/1757/1247 1243/1243/1248
f 1757/1757/1247 1245/1245/1249 1243/1243/1248
f 1750/1750/1250 1257/1257/1251 1245/1245/1249
f 1248/1248/1252 1769/1769/1253 1262/1262/1254
f 1262/1262/1254 1767/1767/1255 1250/1250/1256
f 1767/1767/1255 1260/1260/1246 1250/1250/1256
s 5
f 1270/1270/1257 1265/1265/1258 1268/1268/1259
s 6
f 1737/1737/1260 1271/1271/1261 1277/1277/1262
f 1735/1735/1263 1273/1273/1264 1271/1271/1261
f 1739/1739/1265 1269/1269/1266 1273/1273/1264
f 1275/1275/1267 1722/1722/1268 1279/1279/1269
f 1279/1279/1269 1733/1733/1270 1281/1281/1271
f 1281/1281/1271 1737/1737/1260 1277/1277/1262
s 10
f 1289/1289/1272 1283/1283/1273 1286/1286/1274
s 11
f 1781/1781/1275 1292/1292/1276 1298/1298/1277
f 1779/1779/1278 1294/1294/1279 1292/1292/1276
f 1777/1777/1280 1290/1290/1281 1294/1294/1279
f 1296/1296/1282 1797/1797/1283 1300/1300/1284
f 1300/1300/1284 1790/1790/1285 1302/1302/1286
f 1302/1302/1286 1781/1781/1275 1298/1298/1277
s 15
f 1599/1599/1287 1360/1360/1288 1591/1591/1289
f 1348/1348/1290 1594/1594/1291 1602/1602/1292
f 1362/1362/1293 1599/1599/1287 1605/1605/1294
f 1349/1349/1295 1602/1602/1292 1608/1608/1296
f 1363/1363/1297 1605/1605/1294 1611/1611/1298
f 1614/1614/1299 1349/1349/1295 1608/1608/1296
f 1337/1337/1300 1597/1597/1301 1617/1617/1302
f 1364/1364/1303 1611/1611/1298 1620/1620/1304
f 1351/1351/1305 1614/1614/1299 1623/1623/1306
f 1338/1338/1307 1617/1617/1302 1626/1626/1308
f 1629/1629/1309 1364/1364/1303 1620/1620/1304
f 1633/1633/1310 1351/1351/1305 1623/1623/1306
f 1339/1339/1311 1626/1626/1308 1637/1637/1312
f 1366/1366/1313 1629/1629/1309 1640/1640/1314
f 1643/1643/1315 1352/1352/1316 1633/1633/1310
f 1340/1340/1317 1637/1637/1312 1646/1646/1318
f 1367/1367/1319 1640/1640/1314 1649/1649/1320
f 1354/1354/1321 1643/1643/1315 1652/1652/1322
f 1341/1341/1323 1646/1646/1318 1655/1655/1324
f 1336/1336/1325 1649/1649/1320 1597/1597/1301
f 1355/1355/1326 1652/1652/1322 1658/1658/1327
f 1342/1342/1328 1655/1655/1324 1661/1661/1329
f 1356/1356/1330 1658/1658/1327 1664/1664/1331
f 1343/1343/1332 1661/1661/1329 1667/1667/1333
f 1670/1670/1334 1356/1356/1330 1664/1664/1331
f 1344/1344/1335 1667/1667/1333 1673/1673/1336
f 1358/1358/1337 1670/1670/1334 1676/1676/1338
f 1679/1679/1339 1344/1344/1335 1673/1673/1336
f 1359/1359/1340 1676/1676/1338 1682/1682/1341
f 1346/1346/1342 1679/1679/1339 1685/1685/1343
f 1591/1591/1289 1359/1359/1340 1682/1682/1341
f 1594/1594/1291 1346/1346/1342 1685/1685/1343
f 1352/1352/1316 1360/1360/1288 1336/1336/1325
s 26
f 1370/1370/1344 1583/1583/1345 1587/1587/1346
f 1368/1368/1347 1580/1580/1348 1586/1586/1349
f 1400/1400/1350 1577/1577/1351 1583/1583/1345
f 1580/1580/1348 1397/1397/1352 1576/1576/1353
f 1398/1398/1354 1573/1573/1355 1577/1577/1351
f 1397/1397/1352 1572/1572/1356 1576/1576/1353
f 1396/1396/1357 1569/1569/1358 1573/1573/1355
f 1395/1395/1359 1566/1566/1360 1572/1572/1356
f 1394/1394/1361 1563/1563/1362 1569/1569/1358
f 1393/1393/1363 1560/1560/1364 1566/1566/1360
f 1563/1563/1362 1390/1390/1365 1557/1557/1366
f 1391/1391/1367 1554/1554/1368 1560/1560/1364
f 1376/1376/1369 1551/1551/1370 1588/1588/1371
f 1390/1390/1365 1548/1548/1372 1557/1557/1366
f 1389/1389/1373 1545/1545/1374 1554/1554/1368
f 1388/1388/1375 1542/1542/1376 1551/1551/1370
f 1548/1548/1372 1384/1384/1377 1539/1539/1378
f 1386/1386/1379 1533/1533/1380 1545/1545/1374
f 1542/1542/1376 1381/1381/1381 1530/1530/1382
f 1384/1384/1377 1527/1527/1383 1539/1539/1378
f 1383/1383/1384 1524/1524/1385 1534/1534/1386
f 1530/1530/1382 1378/1378/1387 1521/1521/1388
f 1380/1380/1389 1518/1518/1390 1527/1527/1383
f 1379/1379/1391 1515/1515/1392 1524/1524/1385
f 1521/1521/1388 1374/1374/1393 1512/1512/1394
f 1377/1377/1395 1588/1588/1371 1518/1518/1390
f 1375/1375/1396 1509/1509/1397 1515/1515/1392
f 1374/1374/1393 1506/1506/1398 1512/1512/1394
f 1373/1373/1399 1503/1503/1400 1509/1509/1397
f 1506/1506/1398 1369/1369/1401 1500/1500/1402
f 1503/1503/1400 1370/1370/1344 1587/1587/1346
f 1369/1369/1401 1586/1586/1349 1500/1500/1402
f 1370/1370/1344 1499/1499/1403 1400/1400/1350
f 1405/1405/1404 1499/1499/1403 1404/1404/1405
f 1688/1688/1406 1497/1497/1407 1719/1719/1408
f 1368/1368/1347 1496/1496/1409 1399/1399/1410
f 1402/1402/1411 1496/1496/1409 1401/1401/1412
f 1403/1403/1413 1718/1718/1414 1687/1687/1415
f 1499/1499/1403 1398/1398/1354 1400/1400/1350
f 1498/1498/1416 1493/1493/1417 1499/1499/1403
f 1497/1497/1407 1717/1717/1418 1719/1719/1408
f 1399/1399/1410 1490/1490/1419 1397/1397/1352
f 1495/1495/1420 1490/1490/1419 1496/1496/1409
f 1718/1718/1414 1488/1488/1421 1716/1716/1422
f 1398/1398/1354 1487/1487/1423 1396/1396/1357
f 1493/1493/1417 1486/1486/1424 1487/1487/1423
f 1717/1717/1418 1485/1485/1425 1715/1715/1426
f 1490/1490/1419 1395/1395/1359 1397/1397/1352
f 1489/1489/1427 1484/1484/1428 1490/1490/1419
f 1488/1488/1421 1714/1714/1429 1716/1716/1422
f 1487/1487/1423 1394/1394/1361 1396/1396/1357
f 1486/1486/1424 1481/1481/1430 1487/1487/1423
f 1485/1485/1425 1713/1713/1431 1715/1715/1426
f 1484/1484/1428 1393/1393/1363 1395/1395/1359
f 1484/1484/1428 1477/1477/1432 1478/1478/1433
f 1714/1714/1429 1476/1476/1434 1712/1712/1435
f 1481/1481/1430 1392/1392/1436 1394/1394/1361
f 1480/1480/1437 1475/1475/1438 1481/1481/1430
f 1479/1479/1439 1711/1711/1440 1713/1713/1431
f 1478/1478/1433 1391/1391/1367 1393/1393/1363
f 1477/1477/1432 1472/1472/1441 1478/1478/1433
f 1476/1476/1434 1710/1710/1442 1712/1712/1435
f 1392/1392/1436 1469/1469/1443 1390/1390/1365
f 1474/1474/1444 1469/1469/1443 1475/1475/1438
f 1711/1711/1440 1467/1467/1445 1709/1709/1446
f 1391/1391/1367 1466/1466/1447 1389/1389/1373
f 1472/1472/1441 1465/1465/1448 1466/1466/1447
f 1710/1710/1442 1464/1464/1449 1708/1708/1450
f 1407/1407/1451 1388/1388/1375 1376/1376/1369
f 1408/1408/1452 1463/1463/1453 1407/1407/1451
f 1409/1409/1454 1707/1707/1455 1689/1689/1456
f 1469/1469/1443 1387/1387/1457 1390/1390/1365
f 1468/1468/1458 1460/1460/1459 1469/1469/1443
f 1467/1467/1445 1706/1706/1460 1709/1709/1446
f 1389/1389/1373 1457/1457/1461 1386/1386/1379
f 1466/1466/1447 1456/1456/1462 1457/1457/1461
f 1464/1464/1449 1705/1705/1463 1708/1708/1450
f 1388/1388/1375 1454/1454/1464 1385/1385/1465
f 1462/1462/1466 1454/1454/1464 1463/1463/1453
f 1707/1707/1455 1452/1452/1467 1704/1704/1468
f 1460/1460/1459 1384/1384/1377 1387/1387/1457
f 1459/1459/1469 1451/1451/1470 1460/1460/1459
f 1706/1706/1460 1449/1449/1471 1703/1703/1472
f 1457/1457/1461 1382/1382/1473 1386/1386/1379
f 1456/1456/1462 1447/1447/1474 1457/1457/1461
f 1455/1455/1475 1701/1701/1476 1705/1705/1463
f 1454/1454/1464 1381/1381/1381 1385/1385/1465
f 1454/1454/1464 1441/1441/1477 1442/1442/1478
f 1704/1704/1468 1440/1440/1479 1700/1700/1480
f 1451/1451/1470 1380/1380/1389 1384/1384/1377
f 1450/1450/1481 1439/1439/1482 1451/1451/1470
f 1449/1449/1471 1699/1699/1483 1703/1703/1472
f 1383/1383/1384 1436/1436/1484 1379/1379/1391
f 1448/1448/1485 1435/1435/1486 1436/1436/1484
f 1444/1444/1487 1698/1698/1488 1702/1702/1489
f 1381/1381/1381 1433/1433/1490 1378/1378/1387
f 1442/1442/1478 1432/1432/1491 1433/1433/1490
f 1440/1440/1479 1697/1697/1492 1700/1700/1480
f 1439/1439/1482 1377/1377/1395 1380/1380/1389
f 1439/1439/1482 1429/1429/1493 1430/1430/1494
f 1437/1437/1495 1696/1696/1496 1699/1699/1483
f 1436/1436/1484 1375/1375/1396 1379/1379/1391
f 1435/1435/1486 1427/1427/1497 1436/1436/1484
f 1434/1434/1498 1695/1695/1499 1698/1698/1488
f 1433/1433/1490 1374/1374/1393 1378/1378/1387
f 1432/1432/1491 1424/1424/1500 1433/1433/1490
f 1697/1697/1492 1422/1422/1501 1694/1694/1502
f 1430/1430/1494 1376/1376/1369 1377/1377/1395
f 1429/1429/1493 1407/1407/1451 1430/1430/1494
f 1696/1696/1496 1409/1409/1454 1689/1689/1456
f 1427/1427/1497 1373/1373/1399 1375/1375/1396
f 1426/1426/1503 1421/1421/1504 1427/1427/1497
f 1695/1695/1499 1419/1419/1505 1693/1693/1506
f 1424/1424/1500 1372/1372/1507 1374/1374/1393
f 1423/1423/1508 1418/1418/1509 1424/1424/1500
f 1422/1422/1501 1692/1692/1510 1694/1694/1502
f 1421/1421/1504 1371/1371/1511 1373/1373/1399
f 1420/1420/1512 1415/1415/1513 1421/1421/1504
f 1419/1419/1505 1691/1691/1514 1693/1693/1506
f 1372/1372/1507 1412/1412/1515 1369/1369/1401
f 1418/1418/1509 1411/1411/1516 1412/1412/1515
f 1416/1416/1517 1690/1690/1518 1692/1692/1510
f 1371/1371/1511 1404/1404/1405 1370/1370/1344
f 1415/1415/1513 1405/1405/1404 1404/1404/1405
f 1413/1413/1519 1688/1688/1406 1691/1691/1514
f 1412/1412/1515 1368/1368/1347 1369/1369/1401
f 1411/1411/1516 1401/1401/1412 1412/1412/1515
f 1690/1690/1518 1403/1403/1413 1687/1687/1415
f 1329/1329/1520 1584/1584/1521 1328/1328/1522
f 1501/1501/1523 1584/1584/1521 1502/1502/1524
f 1809/1809/1525 1585/1585/1526 1501/1501/1523
f 1505/1505/1527 1793/1793/1528 1315/1315/1529
f 1505/1505/1527 1798/1798/1530 1800/1800/1531
f 1824/1824/1532 1798/1798/1530 1504/1504/1533
f 1508/1508/1534 1329/1329/1520 1330/1330/1535
f 1508/1508/1534 1501/1501/1523 1502/1502/1524
f 1813/1813/1536 1501/1501/1523 1507/1507/1537
f 1511/1511/1538 1315/1315/1529 1316/1316/1539
f 1510/1510/1540 1505/1505/1527 1511/1511/1538
f 1829/1829/1541 1504/1504/1533 1510/1510/1540
f 1514/1514/1542 1330/1330/1535 1331/1331/1543
f 1514/1514/1542 1507/1507/1537 1508/1508/1534
f 1817/1817/1544 1507/1507/1537 1513/1513/1545
f 1317/1317/1546 1511/1511/1538 1316/1316/1539
f 1516/1516/1547 1511/1511/1538 1517/1517/1548
f 1807/1807/1549 1510/1510/1540 1516/1516/1547
f 1304/1304/1550 1761/1761/1551 1303/1303/1552
f 1520/1520/1553 1770/1770/1554 1772/1772/1555
f 1519/1519/1556 1768/1768/1557 1770/1770/1554
f 1523/1523/1558 1331/1331/1543 1332/1332/1559
f 1522/1522/1560 1514/1514/1542 1523/1523/1558
f 1811/1811/1561 1513/1513/1545 1522/1522/1560
f 1318/1318/1562 1517/1517/1548 1317/1317/1546
f 1526/1526/1563 1516/1516/1547 1517/1517/1548
f 1827/1827/1564 1516/1516/1547 1525/1525/1565
f 1529/1529/1566 1304/1304/1550 1305/1305/1567
f 1528/1528/1568 1520/1520/1553 1529/1529/1566
f 1815/1815/1569 1519/1519/1556 1528/1528/1568
f 1532/1532/1570 1332/1332/1559 1333/1333/1571
f 1531/1531/1572 1523/1523/1558 1532/1532/1570
f 1531/1531/1572 1811/1811/1561 1522/1522/1560
f 1320/1320/1573 1526/1526/1563 1318/1318/1562
f 1538/1538/1574 1525/1525/1565 1526/1526/1563
f 1536/1536/1575 1827/1827/1564 1525/1525/1565
f 1541/1541/1576 1305/1305/1567 1306/1306/1577
f 1540/1540/1578 1529/1529/1566 1541/1541/1576
f 1808/1808/1579 1528/1528/1568 1540/1540/1578
f 1334/1334/1580 1532/1532/1570 1333/1333/1571
f 1543/1543/1581 1532/1532/1570 1544/1544/1582
f 1543/1543/1581 1803/1803/1583 1531/1531/1572
f 1547/1547/1584 1319/1319/1585 1321/1321/1586
f 1546/1546/1587 1537/1537/1588 1547/1547/1584
f 1812/1812/1589 1535/1535/1590 1546/1546/1587
f 1550/1550/1591 1306/1306/1577 1307/1307/1592
f 1549/1549/1593 1541/1541/1576 1550/1550/1591
f 1828/1828/1594 1540/1540/1578 1549/1549/1593
f 1553/1553/1595 1334/1334/1580 1335/1335/1596
f 1553/1553/1595 1543/1543/1581 1544/1544/1582
f 1552/1552/1597 1823/1823/1598 1543/1543/1581
f 1556/1556/1599 1321/1321/1586 1322/1322/1600
f 1556/1556/1599 1546/1546/1587 1547/1547/1584
f 1804/1804/1601 1546/1546/1587 1555/1555/1602
f 1559/1559/1603 1307/1307/1592 1308/1308/1604
f 1558/1558/1605 1550/1550/1591 1559/1559/1603
f 1821/1821/1606 1549/1549/1593 1558/1558/1605
f 1756/1756/1607 1553/1553/1595 1335/1335/1596
f 1562/1562/1608 1322/1322/1600 1323/1323/1609
f 1561/1561/1610 1556/1556/1599 1562/1562/1608
f 1810/1810/1611 1555/1555/1602 1561/1561/1610
f 1565/1565/1612 1308/1308/1604 1309/1309/1613
f 1564/1564/1614 1559/1559/1603 1565/1565/1612
f 1564/1564/1614 1821/1821/1606 1558/1558/1605
f 1568/1568/1615 1323/1323/1609 1324/1324/1616
f 1567/1567/1617 1562/1562/1608 1568/1568/1615
f 1567/1567/1617 1810/1810/1611 1561/1561/1610
f 1571/1571/1618 1309/1309/1613 1310/1310/1619
f 1570/1570/1620 1565/1565/1612 1571/1571/1618
f 1802/1802/1621 1564/1564/1614 1570/1570/1620
f 1745/1745/1622 1568/1568/1615 1324/1324/1616
f 1575/1575/1623 1310/1310/1619 1311/1311/1624
f 1574/1574/1625 1571/1571/1618 1575/1575/1623
f 1825/1825/1626 1570/1570/1620 1574/1574/1625
f 1730/1730/1627 1325/1325/1628 1326/1326/1629
f 1579/1579/1630 1311/1311/1624 1312/1312/1631
f 1579/1579/1630 1574/1574/1625 1575/1575/1623
f 1818/1818/1632 1574/1574/1625 1578/1578/1633
f 1582/1582/1634 1728/1728/1635 1327/1327/1636
f 1582/1582/1634 1721/1721/1637 1725/1725/1638
f 1806/1806/1639 1721/1721/1637 1581/1581/1640
f 1784/1784/1641 1579/1579/1630 1312/1312/1631
f 1328/1328/1522 1582/1582/1634 1327/1327/1636
f 1584/1584/1521 1581/1581/1640 1582/1582/1634
f 1805/1805/1642 1581/1581/1640 1585/1585/1526
f 1791/1791/1643 1313/1313/1644 1314/1314/1645
f 1406/1406/1646 1686/1686/1647 1497/1497/1407
f 1593/1593/1648 1686/1686/1647 1592/1592/1649
f 1403/1403/1413 1683/1683/1650 1494/1494/1651
f 1590/1590/1652 1683/1683/1650 1589/1589/1653
f 1497/1497/1407 1680/1680/1654 1491/1491/1655
f 1684/1684/1656 1680/1680/1654 1686/1686/1647
f 1494/1494/1651 1677/1677/1657 1488/1488/1421
f 1681/1681/1658 1677/1677/1657 1683/1683/1650
f 1680/1680/1654 1485/1485/1425 1491/1491/1655
f 1680/1680/1654 1672/1672/1659 1674/1674/1660
f 1677/1677/1657 1482/1482/1661 1488/1488/1421
f 1675/1675/1662 1671/1671/1663 1677/1677/1657
f 1485/1485/1425 1668/1668/1664 1479/1479/1439
f 1672/1672/1659 1668/1668/1664 1674/1674/1660
f 1482/1482/1661 1665/1665/1665 1476/1476/1434
f 1671/1671/1663 1663/1663/1666 1665/1665/1665
f 1668/1668/1664 1473/1473/1667 1479/1479/1439
f 1666/1666/1668 1662/1662/1669 1668/1668/1664
f 1665/1665/1665 1470/1470/1670 1476/1476/1434
f 1663/1663/1666 1659/1659/1671 1665/1665/1665
f 1473/1473/1667 1656/1656/1672 1467/1467/1445
f 1662/1662/1669 1654/1654/1673 1656/1656/1672
f 1470/1470/1670 1653/1653/1674 1464/1464/1449
f 1659/1659/1671 1651/1651/1675 1653/1653/1674
f 1409/1409/1454 1650/1650/1676 1461/1461/1677
f 1596/1596/1678 1650/1650/1676 1595/1595/1679
f 1656/1656/1672 1458/1458/1680 1467/1467/1445
f 1654/1654/1673 1647/1647/1681 1656/1656/1672
f 1653/1653/1674 1455/1455/1475 1464/1464/1449
f 1653/1653/1674 1642/1642/1682 1644/1644/1683
f 1461/1461/1677 1641/1641/1684 1452/1452/1467
f 1648/1648/1685 1641/1641/1684 1650/1650/1676
f 1458/1458/1680 1638/1638/1686 1449/1449/1471
f 1645/1645/1687 1638/1638/1686 1647/1647/1681
f 1455/1455/1475 1634/1634/1688 1443/1443/1689
f 1642/1642/1682 1634/1634/1688 1644/1644/1683
f 1641/1641/1684 1440/1440/1479 1452/1452/1467
f 1641/1641/1684 1628/1628/1690 1630/1630/1691
f 1638/1638/1686 1437/1437/1495 1449/1449/1471
f 1636/1636/1692 1627/1627/1693 1638/1638/1686
f 1635/1635/1694 1434/1434/1498 1444/1444/1487
f 1632/1632/1695 1624/1624/1696 1635/1635/1694
f 1440/1440/1479 1621/1621/1697 1431/1431/1698
f 1630/1630/1691 1619/1619/1699 1621/1621/1697
f 1627/1627/1693 1428/1428/1700 1437/1437/1495
f 1625/1625/1701 1618/1618/1702 1627/1627/1693
f 1434/1434/1498 1615/1615/1703 1425/1425/1704
f 1622/1622/1705 1615/1615/1703 1624/1624/1696
f 1621/1621/1697 1422/1422/1501 1431/1431/1698
f 1619/1619/1699 1612/1612/1706 1621/1621/1697
f 1618/1618/1702 1409/1409/1454 1428/1428/1700
f 1618/1618/1702 1596/1596/1678 1595/1595/1679
f 1425/1425/1704 1609/1609/1707 1419/1419/1505
f 1613/1613/1708 1609/1609/1707 1615/1615/1703
f 1612/1612/1706 1416/1416/1517 1422/1422/1501
f 1610/1610/1709 1606/1606/1710 1612/1612/1706
f 1609/1609/1707 1413/1413/1519 1419/1419/1505
f 1607/1607/1711 1603/1603/1712 1609/1609/1707
f 1606/1606/1710 1410/1410/1713 1416/1416/1517
f 1606/1606/1710 1598/1598/1714 1600/1600/1715
f 1603/1603/1712 1406/1406/1646 1413/1413/1519
f 1601/1601/1716 1592/1592/1649 1603/1603/1712
f 1600/1600/1715 1403/1403/1413 1410/1410/1713
f 1598/1598/1714 1589/1589/1653 1600/1600/1715
f 1690/1690/1518 1402/1402/1411 1411/1411/1516
f 1691/1691/1514 1405/1405/1404 1414/1414/1717
f 1692/1692/1510 1411/1411/1516 1417/1417/1718
f 1693/1693/1506 1414/1414/1717 1420/1420/1512
f 1694/1694/1502 1417/1417/1718 1423/1423/1508
f 1426/1426/1503 1693/1693/1506 1420/1420/1512
f 1429/1429/1493 1689/1689/1456 1408/1408/1452
f 1697/1697/1492 1423/1423/1508 1432/1432/1491
f 1698/1698/1488 1426/1426/1503 1435/1435/1486
f 1699/1699/1483 1429/1429/1493 1438/1438/1719
f 1441/1441/1477 1697/1697/1492 1432/1432/1491
f 1446/1446/1720 1698/1698/1488 1435/1435/1486
f 1703/1703/1472 1438/1438/1719 1450/1450/1481
f 1453/1453/1721 1700/1700/1480 1441/1441/1477
f 1705/1705/1463 1445/1445/1722 1456/1456/1462
f 1459/1459/1469 1703/1703/1472 1450/1450/1481
f 1462/1462/1466 1704/1704/1468 1453/1453/1721
f 1465/1465/1448 1705/1705/1463 1456/1456/1462
f 1709/1709/1446 1459/1459/1469 1468/1468/1458
f 1689/1689/1456 1462/1462/1466 1408/1408/1452
f 1471/1471/1723 1708/1708/1450 1465/1465/1448
f 1711/1711/1440 1468/1468/1458 1474/1474/1444
f 1712/1712/1435 1471/1471/1723 1477/1477/1432
f 1480/1480/1437 1711/1711/1440 1474/1474/1444
f 1714/1714/1429 1477/1477/1432 1483/1483/1724
f 1486/1486/1424 1713/1713/1431 1480/1480/1437
f 1716/1716/1422 1483/1483/1724 1489/1489/1427
f 1717/1717/1418 1486/1486/1424 1492/1492/1725
f 1495/1495/1420 1716/1716/1422 1489/1489/1427
f 1498/1498/1416 1717/1717/1418 1492/1492/1725
f 1402/1402/1411 1718/1718/1414 1495/1495/1420
f 1405/1405/1404 1719/1719/1408 1498/1498/1416
s 11
f 1290/1290/1281 1775/1775/1726 1783/1783/1727
s 26
f 1774/1774/1728 1818/1818/1632 1578/1578/1633
f 1776/1776/1729 1778/1778/1730 1836/1836/1731
s 2
f 1256/1256/1732 1763/1763/1733 1773/1773/1734
s 26
f 1742/1742/1735 1814/1814/1736 1567/1567/1617
f 1742/1742/1735 1568/1568/1615 1747/1747/1737
f 1751/1751/1738 1552/1552/1597 1749/1749/1739
s 2
f 1257/1257/1251 1748/1748/1740 1752/1752/1741
s 187
f 1731/1731/1742 1729/1729/1743 1267/1267/1744
s 26
f 1736/1736/1745 1738/1738/1746 1863/1863/1747
s 11
f 1287/1287/1748 1794/1794/1749 1801/1801/1750
s 26
f 1749/1749/1739 1553/1553/1595 1753/1753/1751
s 6
f 1269/1269/1266 1741/1741/1752 1746/1746/1753
s 190
f 1792/1792/1754 1284/1284/1755 1788/1788/1756
s 26
f 1774/1774/1728 1579/1579/1630 1782/1782/1757
s 191
f 1252/1252/1758 1755/1755/1759 1759/1759/1760
s 6
f 1266/1266/1761 1726/1726/1762 1724/1724/1763
s 26
f 1326/1326/1629 1728/1728/1635 1730/1730/1627
f 1325/1325/1628 1745/1745/1622 1324/1324/1616
f 1313/1313/1644 1784/1784/1641 1312/1312/1631
f 1314/1314/1645 1793/1793/1528 1791/1791/1643
f 1825/1825/1626 1854/1854/1764 1802/1802/1621
f 1807/1807/1549 1855/1855/1765 1829/1829/1541
f 1751/1751/1738 1845/1845/1766 1816/1816/1767
f 1810/1810/1611 1837/1837/1768 1804/1804/1601
f 1814/1814/1736 1841/1841/1769 1810/1810/1611
f 1796/1796/1770 1856/1856/1771 1789/1789/1772
f 1824/1824/1532 1855/1855/1765 1856/1856/1771
f 1805/1805/1642 1847/1847/1773 1806/1806/1639
f 1811/1811/1561 1851/1851/1774 1817/1817/1544
f 1815/1815/1569 1844/1844/1775 1822/1822/1776
f 1820/1820/1777 1843/1843/1778 1827/1827/1564
f 1803/1803/1583 1850/1850/1779 1830/1830/1780
f 1828/1828/1594 1859/1859/1781 1808/1808/1579
f 1804/1804/1601 1852/1852/1782 1812/1812/1589
f 1818/1818/1632 1831/1831/1783 1825/1825/1626
f 1740/1740/1784 1834/1834/1785 1814/1814/1736
s 10
f 1293/1293/1786 1301/1301/1787 1291/1291/1788
s 26
f 1821/1821/1606 1838/1838/1789 1839/1839/1790
f 1805/1805/1642 1835/1835/1791 1848/1848/1792
f 1813/1813/1536 1835/1835/1791 1809/1809/1525
f 1813/1813/1536 1851/1851/1774 1858/1858/1793
f 1768/1768/1557 1844/1844/1775 1766/1766/1794
s 5
f 1274/1274/1795 1282/1282/1796 1272/1272/1797
s 26
f 1811/1811/1561 1830/1830/1780 1846/1846/1798
f 1808/1808/1579 1840/1840/1799 1815/1815/1569
f 1819/1819/1800 1852/1852/1782 1832/1832/1801
f 1816/1816/1767 1850/1850/1779 1823/1823/1598
f 1828/1828/1594 1839/1839/1790 1849/1849/1802
f 1826/1826/1803 1854/1854/1764 1838/1838/1789
f 1723/1723/1804 1847/1847/1773 1842/1842/1805
f 1807/1807/1549 1843/1843/1778 1853/1853/1806
s 1
f 1261/1261/1807 1244/1244/1808 1246/1246/1809
s 26
f 1776/1776/1729 1857/1857/1810 1818/1818/1632
f 1834/1834/1785 1870/1870/1811 1841/1841/1769
f 1833/1833/1812 1882/1882/1813 1843/1843/1778
s 10
f 1291/1291/1788 1301/1301/1787 1297/1297/1814
s 5
f 1272/1272/1797 1282/1282/1796 1278/1278/1815
s 26
f 1854/1854/1764 1883/1883/1816 1838/1838/1789
f 1841/1841/1769 1877/1877/1817 1837/1837/1768
f 1844/1844/1775 1864/1864/1818 1889/1889/1819
f 1736/1736/1745 1891/1891/1820 1834/1834/1785
f 1766/1766/1794 1889/1889/1819 1764/1764/1821
f 1849/1849/1802 1890/1890/1822 1888/1888/1823
f 1758/1758/1824 1862/1862/1825 1845/1845/1766
f 1851/1851/1774 1869/1869/1826 1867/1867/1827
f 1857/1857/1810 1879/1879/1828 1831/1831/1783
f 1851/1851/1774 1881/1881/1829 1858/1858/1793
f 1845/1845/1766 1861/1861/1830 1850/1850/1779
f 1836/1836/1731 1873/1873/1831 1857/1857/1810
f 1853/1853/1806 1860/1860/1832 1855/1855/1765
f 1848/1848/1792 1875/1875/1833 1847/1847/1773
f 1852/1852/1782 1877/1877/1817 1874/1874/1834
f 1858/1858/1793 1865/1865/1835 1835/1835/1791
f 1832/1832/1801 1874/1874/1834 1884/1884/1836
s 1
f 1244/1244/1808 1249/1249/1837 1259/1259/1838
s 26
f 1842/1842/1805 1734/1734/1839 1723/1723/1804
f 1831/1831/1783 1887/1887/1840 1854/1854/1764
f 1855/1855/1765 1866/1866/1841 1856/1856/1771
f 1859/1859/1781 1888/1888/1823 1886/1886/1842
f 1835/1835/1791 1878/1878/1843 1848/1848/1792
f 1840/1840/1799 1886/1886/1842 1864/1864/1818
f 1843/1843/1778 1880/1880/1844 1853/1853/1806
f 1778/1778/1730 1871/1871/1845 1836/1836/1731
f 1789/1789/1772 1866/1866/1841 1868/1868/1846
f 1850/1850/1779 1872/1872/1847 1830/1830/1780
f 1838/1838/1789 1890/1890/1822 1839/1839/1790
f 1830/1830/1780 1869/1869/1826 1846/1846/1798
f 1842/1842/1805 1875/1875/1833 1876/1876/1848
f 1885/1885/1849 1524/1524/1385 1882/1882/1813
f 1863/1863/1747 1566/1566/1360 1891/1891/1820
f 1867/1867/1827 1506/1506/1398 1881/1881/1829
f 1865/1865/1835 1506/1506/1398 1500/1500/1402
f 1888/1888/1823 1539/1539/1378 1886/1886/1842
f 1861/1861/1830 1530/1530/1382 1872/1872/1847
f 1891/1891/1820 1560/1560/1364 1870/1870/1811
f 1864/1864/1818 1518/1518/1390 1889/1889/1819
f 1879/1879/1828 1577/1577/1351 1573/1573/1355
f 1877/1877/1817 1545/1545/1374 1874/1874/1834
f 1860/1860/1832 1503/1503/1400 1866/1866/1841
f 1868/1868/1846 1503/1503/1400 1587/1587/1346
f 1870/1870/1811 1554/1554/1368 1877/1877/1817
f 1869/1869/1826 1512/1512/1394 1867/1867/1827
f 1878/1878/1843 1580/1580/1348 1875/1875/1833
f 1879/1879/1828 1569/1569/1358 1887/1887/1840
f 1780/1780/1850 1587/1587/1346 1583/1583/1345
f 1868/1868/1846 1780/1780/1850 1789/1789/1772
f 1887/1887/1840 1563/1563/1362 1883/1883/1816
f 1862/1862/1825 1588/1588/1371 1551/1551/1370
f 1880/1880/1844 1509/1509/1397 1860/1860/1832
f 1738/1738/1746 1576/1576/1353 1572/1572/1356
f 1876/1876/1848 1734/1734/1839 1842/1842/1805
f 1880/1880/1844 1524/1524/1385 1515/1515/1392
f 1876/1876/1848 1580/1580/1348 1576/1576/1353
f 1890/1890/1822 1548/1548/1372 1888/1888/1823
f 1871/1871/1845 1577/1577/1351 1873/1873/1831
f 1886/1886/1842 1527/1527/1383 1864/1864/1818
f 1869/1869/1826 1530/1530/1382 1521/1521/1388
f 1862/1862/1825 1542/1542/1376 1861/1861/1830
f 1874/1874/1834 1533/1533/1380 1884/1884/1836
f 1865/1865/1835 1586/1586/1349 1878/1878/1843
f 1890/1890/1822 1563/1563/1362 1557/1557/1366
f 1764/1764/1821 1889/1889/1819 1518/1518/1390
f 1518/1518/1390 1588/1588/1371 1764/1764/1821
s 1
f 1254/1254/1245 1247/1247/1851 1258/1258/1243
f 1247/1247/1851 1261/1261/1807 1258/1258/1243
f 1261/1261/1807 1246/1246/1809 1258/1258/1243
s 2
f 1260/1260/1246 1765/1765/1852 1757/1757/1247
f 1757/1757/1247 1750/1750/1250 1245/1245/1249
f 1750/1750/1250 1748/1748/1740 1257/1257/1251
f 1248/1248/1252 1771/1771/1853 1769/1769/1253
f 1262/1262/1254 1769/1769/1253 1767/1767/1255
f 1767/1767/1255 1765/1765/1852 1260/1260/1246
s 5
f 1268/1268/1259 1276/1276/1854 1270/1270/1257
f 1276/1276/1854 1280/1280/1855 1270/1270/1257
f 1280/1280/1855 1274/1274/1795 1270/1270/1257
s 6
f 1737/1737/1260 1735/1735/1263 1271/1271/1261
f 1735/1735/1263 1739/1739/1265 1273/1273/1264
f 1739/1739/1265 1741/1741/1752 1269/1269/1266
f 1275/1275/1267 1720/1720/1856 1722/1722/1268
f 1279/1279/1269 1722/1722/1268 1733/1733/1270
f 1281/1281/1271 1733/1733/1270 1737/1737/1260
s 10
f 1286/1286/1274 1295/1295/1857 1289/1289/1272
f 1295/1295/1857 1299/1299/1858 1289/1289/1272
f 1299/1299/1858 1293/1293/1786 1289/1289/1272
s 11
f 1781/1781/1275 1779/1779/1278 1292/1292/1276
f 1779/1779/1278 1777/1777/1280 1294/1294/1279
f 1777/1777/1280 1775/1775/1726 1290/1290/1281
f 1296/1296/1282 1799/1799/1859 1797/1797/1283
f 1300/1300/1284 1797/1797/1283 1790/1790/1285
f 1302/1302/1286 1790/1790/1285 1781/1781/1275
s 15
f 1599/1599/1287 1361/1361/1860 1360/1360/1288
f 1348/1348/1290 1347/1347/1861 1594/1594/1291
f 1362/1362/1293 1361/1361/1860 1599/1599/1287
f 1349/1349/1295 1348/1348/1290 1602/1602/1292
f 1363/1363/1297 1362/1362/1293 1605/1605/1294
f 1614/1614/1299 1350/1350/1862 1349/1349/1295
f 1337/1337/1300 1336/1336/1325 1597/1597/1301
f 1364/1364/1303 1363/1363/1297 1611/1611/1298
f 1351/1351/1305 1350/1350/1862 1614/1614/1299
f 1338/1338/1307 1337/1337/1300 1617/1617/1302
f 1629/1629/1309 1365/1365/1863 1364/1364/1303
f 1633/1633/1310 1352/1352/1316 1351/1351/1305
f 1339/1339/1311 1338/1338/1307 1626/1626/1308
f 1366/1366/1313 1365/1365/1863 1629/1629/1309
f 1643/1643/1315 1353/1353/1864 1352/1352/1316
f 1340/1340/1317 1339/1339/1311 1637/1637/1312
f 1367/1367/1319 1366/1366/1313 1640/1640/1314
f 1354/1354/1321 1353/1353/1864 1643/1643/1315
f 1341/1341/1323 1340/1340/1317 1646/1646/1318
f 1336/1336/1325 1367/1367/1319 1649/1649/1320
f 1355/1355/1326 1354/1354/1321 1652/1652/1322
f 1342/1342/1328 1341/1341/1323 1655/1655/1324
f 1356/1356/1330 1355/1355/1326 1658/1658/1327
f 1343/1343/1332 1342/1342/1328 1661/1661/1329
f 1670/1670/1334 1357/1357/1865 1356/1356/1330
f 1344/1344/1335 1343/1343/1332 1667/1667/1333
f 1358/1358/1337 1357/1357/1865 1670/1670/1334
f 1679/1679/1339 1345/1345/1866 1344/1344/1335
f 1359/1359/1340 1358/1358/1337 1676/1676/1338
f 1346/1346/1342 1345/1345/1866 1679/1679/1339
f 1591/1591/1289 1360/1360/1288 1359/1359/1340
f 1594/1594/1291 1347/1347/1861 1346/1346/1342
f 1336/1336/1325 1337/1337/1300 1340/1340/1317
f 1337/1337/1300 1338/1338/1307 1340/1340/1317
f 1338/1338/1307 1339/1339/1311 1340/1340/1317
f 1340/1340/1317 1341/1341/1323 1342/1342/1328
f 1342/1342/1328 1343/1343/1332 1344/1344/1335
f 1344/1344/1335 1345/1345/1866 1346/1346/1342
f 1346/1346/1342 1347/1347/1861 1348/1348/1290
f 1348/1348/1290 1349/1349/1295 1350/1350/1862
f 1350/1350/1862 1351/1351/1305 1352/1352/1316
f 1352/1352/1316 1353/1353/1864 1354/1354/1321
f 1354/1354/1321 1355/1355/1326 1352/1352/1316
f 1355/1355/1326 1356/1356/1330 1352/1352/1316
f 1356/1356/1330 1357/1357/1865 1360/1360/1288
f 1357/1357/1865 1358/1358/1337 1360/1360/1288
f 1358/1358/1337 1359/1359/1340 1360/1360/1288
f 1360/1360/1288 1361/1361/1860 1362/1362/1293
f 1362/1362/1293 1363/1363/1297 1364/1364/1303
f 1364/1364/1303 1365/1365/1863 1366/1366/1313
f 1366/1366/1313 1367/1367/1319 1336/1336/1325
f 1340/1340/1317 1342/1342/1328 1336/1336/1325
f 1342/1342/1328 1344/1344/1335 1336/1336/1325
f 1344/1344/1335 1346/1346/1342 1352/1352/1316
f 1346/1346/1342 1348/1348/1290 1352/1352/1316
f 1348/1348/1290 1350/1350/1862 1352/1352/1316
f 1360/1360/1288 1362/1362/1293 1364/1364/1303
f 1364/1364/1303 1366/1366/1313 1360/1360/1288
f 1366/1366/1313 1336/1336/1325 1360/1360/1288
f 1352/1352/1316 1356/1356/1330 1360/1360/1288
f 1336/1336/1325 1344/1344/1335 1352/1352/1316
s 26
f 1370/1370/1344 1400/1400/1350 1583/1583/1345
f 1368/1368/1347 1399/1399/1410 1580/1580/1348
f 1400/1400/1350 1398/1398/1354 1577/1577/1351
f 1580/1580/1348 1399/1399/1410 1397/1397/1352
f 1398/1398/1354 1396/1396/1357 1573/1573/1355
f 1397/1397/1352 1395/1395/1359 1572/1572/1356
f 1396/1396/1357 1394/1394/1361 1569/1569/1358
f 1395/1395/1359 1393/1393/1363 1566/1566/1360
f 1394/1394/1361 1392/1392/1436 1563/1563/1362
f 1393/1393/1363 1391/1391/1367 1560/1560/1364
f 1563/1563/1362 1392/1392/1436 1390/1390/1365
f 1391/1391/1367 1389/1389/1373 1554/1554/1368
f 1376/1376/1369 1388/1388/1375 1551/1551/1370
f 1390/1390/1365 1387/1387/1457 1548/1548/1372
f 1389/1389/1373 1386/1386/1379 1545/1545/1374
f 1388/1388/1375 1385/1385/1465 1542/1542/1376
f 1548/1548/1372 1387/1387/1457 1384/1384/1377
f 1386/1386/1379 1382/1382/1473 1533/1533/1380
f 1542/1542/1376 1385/1385/1465 1381/1381/1381
f 1384/1384/1377 1380/1380/1389 1527/1527/1383
f 1383/1383/1384 1379/1379/1391 1524/1524/1385
f 1530/1530/1382 1381/1381/1381 1378/1378/1387
f 1380/1380/1389 1377/1377/1395 1518/1518/1390
f 1379/1379/1391 1375/1375/1396 1515/1515/1392
f 1521/1521/1388 1378/1378/1387 1374/1374/1393
f 1377/1377/1395 1376/1376/1369 1588/1588/1371
f 1375/1375/1396 1373/1373/1399 1509/1509/1397
f 1374/1374/1393 1372/1372/1507 1506/1506/1398
f 1373/1373/1399 1371/1371/1511 1503/1503/1400
f 1506/1506/1398 1372/1372/1507 1369/1369/1401
f 1503/1503/1400 1371/1371/1511 1370/1370/1344
f 1369/1369/1401 1368/1368/1347 1586/1586/1349
f 1370/1370/1344 1404/1404/1405 1499/1499/1403
f 1405/1405/1404 1498/1498/1416 1499/1499/1403
f 1688/1688/1406 1406/1406/1646 1497/1497/1407
f 1368/1368/1347 1401/1401/1412 1496/1496/1409
f 1402/1402/1411 1495/1495/1420 1496/1496/1409
f 1403/1403/1413 1494/1494/1651 1718/1718/1414
f 1499/1499/1403 1493/1493/1417 1398/1398/1354
f 1498/1498/1416 1492/1492/1725 1493/1493/1417
f 1497/1497/1407 1491/1491/1655 1717/1717/1418
f 1399/1399/1410 1496/1496/1409 1490/1490/1419
f 1495/1495/1420 1489/1489/1427 1490/1490/1419
f 1718/1718/1414 1494/1494/1651 1488/1488/1421
f 1398/1398/1354 1493/1493/1417 1487/1487/1423
f 1493/1493/1417 1492/1492/1725 1486/1486/1424
f 1717/1717/1418 1491/1491/1655 1485/1485/1425
f 1490/1490/1419 1484/1484/1428 1395/1395/1359
f 1489/1489/1427 1483/1483/1724 1484/1484/1428
f 1488/1488/1421 1482/1482/1661 1714/1714/1429
f 1487/1487/1423 1481/1481/1430 1394/1394/1361
f 1486/1486/1424 1480/1480/1437 1481/1481/1430
f 1485/1485/1425 1479/1479/1439 1713/1713/1431
f 1484/1484/1428 1478/1478/1433 1393/1393/1363
f 1484/1484/1428 1483/1483/1724 1477/1477/1432
f 1714/1714/1429 1482/1482/1661 1476/1476/1434
f 1481/1481/1430 1475/1475/1438 1392/1392/1436
f 1480/1480/1437 1474/1474/1444 1475/1475/1438
f 1479/1479/1439 1473/1473/1667 1711/1711/1440
f 1478/1478/1433 1472/1472/1441 1391/1391/1367
f 1477/1477/1432 1471/1471/1723 1472/1472/1441
f 1476/1476/1434 1470/1470/1670 1710/1710/1442
f 1392/1392/1436 1475/1475/1438 1469/1469/1443
f 1474/1474/1444 1468/1468/1458 1469/1469/1443
f 1711/1711/1440 1473/1473/1667 1467/1467/1445
f 1391/1391/1367 1472/1472/1441 1466/1466/1447
f 1472/1472/1441 1471/1471/1723 1465/1465/1448
f 1710/1710/1442 1470/1470/1670 1464/1464/1449
f 1407/1407/1451 1463/1463/1453 1388/1388/1375
f 1408/1408/1452 1462/1462/1466 1463/1463/1453
f 1409/1409/1454 1461/1461/1677 1707/1707/1455
f 1469/1469/1443 1460/1460/1459 1387/1387/1457
f 1468/1468/1458 1459/1459/1469 1460/1460/1459
f 1467/1467/1445 1458/1458/1680 1706/1706/1460
f 1389/1389/1373 1466/1466/1447 1457/1457/1461
f 1466/1466/1447 1465/1465/1448 1456/1456/1462
f 1464/1464/1449 1455/1455/1475 1705/1705/1463
f 1388/1388/1375 1463/1463/1453 1454/1454/1464
f 1462/1462/1466 1453/1453/1721 1454/1454/1464
f 1707/1707/1455 1461/1461/1677 1452/1452/1467
f 1460/1460/1459 1451/1451/1470 1384/1384/1377
f 1459/1459/1469 1450/1450/1481 1451/1451/1470
f 1706/1706/1460 1458/1458/1680 1449/1449/1471
f 1457/1457/1461 1447/1447/1474 1382/1382/1473
f 1456/1456/1462 1445/1445/1722 1447/1447/1474
f 1455/1455/1475 1443/1443/1689 1701/1701/1476
f 1454/1454/1464 1442/1442/1478 1381/1381/1381
f 1454/1454/1464 1453/1453/1721 1441/1441/1477
f 1704/1704/1468 1452/1452/1467 1440/1440/1479
f 1451/1451/1470 1439/1439/1482 1380/1380/1389
f 1450/1450/1481 1438/1438/1719 1439/1439/1482
f 1449/1449/1471 1437/1437/1495 1699/1699/1483
f 1383/1383/1384 1448/1448/1485 1436/1436/1484
f 1448/1448/1485 1446/1446/1720 1435/1435/1486
f 1444/1444/1487 1434/1434/1498 1698/1698/1488
f 1381/1381/1381 1442/1442/1478 1433/1433/1490
f 1442/1442/1478 1441/1441/1477 1432/1432/1491
f 1440/1440/1479 1431/1431/1698 1697/1697/1492
f 1439/1439/1482 1430/1430/1494 1377/1377/1395
f 1439/1439/1482 1438/1438/1719 1429/1429/1493
f 1437/1437/1495 1428/1428/1700 1696/1696/1496
f 1436/1436/1484 1427/1427/1497 1375/1375/1396
f 1435/1435/1486 1426/1426/1503 1427/1427/1497
f 1434/1434/1498 1425/1425/1704 1695/1695/1499
f 1433/1433/1490 1424/1424/1500 1374/1374/1393
f 1432/1432/1491 1423/1423/1508 1424/1424/1500
f 1697/1697/1492 1431/1431/1698 1422/1422/1501
f 1430/1430/1494 1407/1407/1451 1376/1376/1369
f 1429/1429/1493 1408/1408/1452 1407/1407/1451
f 1696/1696/1496 1428/1428/1700 1409/1409/1454
f 1427/1427/1497 1421/1421/1504 1373/1373/1399
f 1426/1426/1503 1420/1420/1512 1421/1421/1504
f 1695/1695/1499 1425/1425/1704 1419/1419/1505
f 1424/1424/1500 1418/1418/1509 1372/1372/1507
f 1423/1423/1508 1417/1417/1718 1418/1418/1509
f 1422/1422/1501 1416/1416/1517 1692/1692/1510
f 1421/1421/1504 1415/1415/1513 1371/1371/1511
f 1420/1420/1512 1414/1414/1717 1415/1415/1513
f 1419/1419/1505 1413/1413/1519 1691/1691/1514
f 1372/1372/1507 1418/1418/1509 1412/1412/1515
f 1418/1418/1509 1417/1417/1718 1411/1411/1516
f 1416/1416/1517 1410/1410/1713 1690/1690/1518
f 1371/1371/1511 1415/1415/1513 1404/1404/1405
f 1415/1415/1513 1414/1414/1717 1405/1405/1404
f 1413/1413/1519 1406/1406/1646 1688/1688/1406
f 1412/1412/1515 1401/1401/1412 1368/1368/1347
f 1411/1411/1516 1402/1402/1411 1401/1401/1412
f 1690/1690/1518 1410/1410/1713 1403/1403/1413
f 1329/1329/1520 1502/1502/1524 1584/1584/1521
f 1501/1501/1523 1585/1585/1526 1584/1584/1521
f 1809/1809/1525 1805/1805/1642 1585/1585/1526
f 1505/1505/1527 1800/1800/1531 1793/1793/1528
f 1505/1505/1527 1504/1504/1533 1798/1798/1530
f 1824/1824/1532 1796/1796/1770 1798/1798/1530
f 1508/1508/1534 1502/1502/1524 1329/1329/1520
f 1508/1508/1534 1507/1507/1537 1501/1501/1523
f 1813/1813/1536 1809/1809/1525 1501/1501/1523
f 1511/1511/1538 1505/1505/1527 1315/1315/1529
f 1510/1510/1540 1504/1504/1533 1505/1505/1527
f 1829/1829/1541 1824/1824/1532 1504/1504/1533
f 1514/1514/1542 1508/1508/1534 1330/1330/1535
f 1514/1514/1542 1513/1513/1545 1507/1507/1537
f 1817/1817/1544 1813/1813/1536 1507/1507/1537
f 1317/1317/1546 1517/1517/1548 1511/1511/1538
f 1516/1516/1547 1510/1510/1540 1511/1511/1538
f 1807/1807/1549 1829/1829/1541 1510/1510/1540
f 1304/1304/1550 1520/1520/1553 1761/1761/1551
f 1520/1520/1553 1772/1772/1555 1761/1761/1551
f 1761/1761/1551 1760/1760/1867 1303/1303/1552
f 1520/1520/1553 1519/1519/1556 1770/1770/1554
f 1519/1519/1556 1822/1822/1776 1768/1768/1557
f 1523/1523/1558 1514/1514/1542 1331/1331/1543
f 1522/1522/1560 1513/1513/1545 1514/1514/1542
f 1811/1811/1561 1817/1817/1544 1513/1513/1545
f 1318/1318/1562 1526/1526/1563 1517/1517/1548
f 1526/1526/1563 1525/1525/1565 1516/1516/1547
f 1827/1827/1564 1807/1807/1549 1516/1516/1547
f 1529/1529/1566 1520/1520/1553 1304/1304/1550
f 1528/1528/1568 1519/1519/1556 1520/1520/1553
f 1815/1815/1569 1822/1822/1776 1519/1519/1556
f 1532/1532/1570 1523/1523/1558 1332/1332/1559
f 1531/1531/1572 1522/1522/1560 1523/1523/1558
f 1531/1531/1572 1803/1803/1583 1811/1811/1561
f 1320/1320/1573 1538/1538/1574 1526/1526/1563
f 1538/1538/1574 1536/1536/1575 1525/1525/1565
f 1536/1536/1575 1820/1820/1777 1827/1827/1564
f 1541/1541/1576 1529/1529/1566 1305/1305/1567
f 1540/1540/1578 1528/1528/1568 1529/1529/1566
f 1808/1808/1579 1815/1815/1569 1528/1528/1568
f 1334/1334/1580 1544/1544/1582 1532/1532/1570
f 1543/1543/1581 1531/1531/1572 1532/1532/1570
f 1543/1543/1581 1823/1823/1598 1803/1803/1583
f 1547/1547/1584 1537/1537/1588 1319/1319/1585
f 1546/1546/1587 1535/1535/1590 1537/1537/1588
f 1812/1812/1589 1819/1819/1800 1535/1535/1590
f 1550/1550/1591 1541/1541/1576 1306/1306/1577
f 1549/1549/1593 1540/1540/1578 1541/1541/1576
f 1828/1828/1594 1808/1808/1579 1540/1540/1578
f 1553/1553/1595 1544/1544/1582 1334/1334/1580
f 1553/1553/1595 1552/1552/1597 1543/1543/1581
f 1552/1552/1597 1816/1816/1767 1823/1823/1598
f 1556/1556/1599 1547/1547/1584 1321/1321/1586
f 1556/1556/1599 1555/1555/1602 1546/1546/1587
f 1804/1804/1601 1812/1812/1589 1546/1546/1587
f 1559/1559/1603 1550/1550/1591 1307/1307/1592
f 1558/1558/1605 1549/1549/1593 1550/1550/1591
f 1821/1821/1606 1828/1828/1594 1549/1549/1593
f 1335/1335/1596 1303/1303/1552 1756/1756/1607
f 1303/1303/1552 1760/1760/1867 1756/1756/1607
f 1756/1756/1607 1753/1753/1751 1553/1553/1595
f 1562/1562/1608 1556/1556/1599 1322/1322/1600
f 1561/1561/1610 1555/1555/1602 1556/1556/1599
f 1810/1810/1611 1804/1804/1601 1555/1555/1602
f 1565/1565/1612 1559/1559/1603 1308/1308/1604
f 1564/1564/1614 1558/1558/1605 1559/1559/1603
f 1564/1564/1614 1826/1826/1803 1821/1821/1606
f 1568/1568/1615 1562/1562/1608 1323/1323/1609
f 1567/1567/1617 1561/1561/1610 1562/1562/1608
f 1567/1567/1617 1814/1814/1736 1810/1810/1611
f 1571/1571/1618 1565/1565/1612 1309/1309/1613
f 1570/1570/1620 1564/1564/1614 1565/1565/1612
f 1802/1802/1621 1826/1826/1803 1564/1564/1614
f 1745/1745/1622 1747/1747/1737 1568/1568/1615
f 1575/1575/1623 1571/1571/1618 1310/1310/1619
f 1574/1574/1625 1570/1570/1620 1571/1571/1618
f 1825/1825/1626 1802/1802/1621 1570/1570/1620
f 1730/1730/1627 1732/1732/1868 1325/1325/1628
f 1579/1579/1630 1575/1575/1623 1311/1311/1624
f 1579/1579/1630 1578/1578/1633 1574/1574/1625
f 1818/1818/1632 1825/1825/1626 1574/1574/1625
f 1582/1582/1634 1725/1725/1638 1728/1728/1635
f 1582/1582/1634 1581/1581/1640 1721/1721/1637
f 1806/1806/1639 1723/1723/1804 1721/1721/1637
f 1784/1784/1641 1782/1782/1757 1579/1579/1630
f 1328/1328/1522 1584/1584/1521 1582/1582/1634
f 1584/1584/1521 1585/1585/1526 1581/1581/1640
f 1805/1805/1642 1806/1806/1639 1581/1581/1640
f 1791/1791/1643 1787/1787/1869 1313/1313/1644
f 1406/1406/1646 1592/1592/1649 1686/1686/1647
f 1593/1593/1648 1684/1684/1656 1686/1686/1647
f 1403/1403/1413 1589/1589/1653 1683/1683/1650
f 1590/1590/1652 1681/1681/1658 1683/1683/1650
f 1497/1497/1407 1686/1686/1647 1680/1680/1654
f 1684/1684/1656 1678/1678/1870 1680/1680/1654
f 1494/1494/1651 1683/1683/1650 1677/1677/1657
f 1681/1681/1658 1675/1675/1662 1677/1677/1657
f 1680/1680/1654 1674/1674/1660 1485/1485/1425
f 1680/1680/1654 1678/1678/1870 1672/1672/1659
f 1677/1677/1657 1671/1671/1663 1482/1482/1661
f 1675/1675/1662 1669/1669/1871 1671/1671/1663
f 1485/1485/1425 1674/1674/1660 1668/1668/1664
f 1672/1672/1659 1666/1666/1668 1668/1668/1664
f 1482/1482/1661 1671/1671/1663 1665/1665/1665
f 1671/1671/1663 1669/1669/1871 1663/1663/1666
f 1668/1668/1664 1662/1662/1669 1473/1473/1667
f 1666/1666/1668 1660/1660/1872 1662/1662/1669
f 1665/1665/1665 1659/1659/1671 1470/1470/1670
f 1663/1663/1666 1657/1657/1873 1659/1659/1671
f 1473/1473/1667 1662/1662/1669 1656/1656/1672
f 1662/1662/1669 1660/1660/1872 1654/1654/1673
f 1470/1470/1670 1659/1659/1671 1653/1653/1674
f 1659/1659/1671 1657/1657/1873 1651/1651/1675
f 1409/1409/1454 1595/1595/1679 1650/1650/1676
f 1596/1596/1678 1648/1648/1685 1650/1650/1676
f 1656/1656/1672 1647/1647/1681 1458/1458/1680
f 1654/1654/1673 1645/1645/1687 1647/1647/1681
f 1653/1653/1674 1644/1644/1683 1455/1455/1475
f 1653/1653/1674 1651/1651/1675 1642/1642/1682
f 1461/1461/1677 1650/1650/1676 1641/1641/1684
f 1648/1648/1685 1639/1639/1874 1641/1641/1684
f 1458/1458/1680 1647/1647/1681 1638/1638/1686
f 1645/1645/1687 1636/1636/1692 1638/1638/1686
f 1455/1455/1475 1644/1644/1683 1634/1634/1688
f 1642/1642/1682 1631/1631/1875 1634/1634/1688
f 1641/1641/1684 1630/1630/1691 1440/1440/1479
f 1641/1641/1684 1639/1639/1874 1628/1628/1690
f 1638/1638/1686 1627/1627/1693 1437/1437/1495
f 1636/1636/1692 1625/1625/1701 1627/1627/1693
f 1635/1635/1694 1624/1624/1696 1434/1434/1498
f 1632/1632/1695 1622/1622/1705 1624/1624/1696
f 1440/1440/1479 1630/1630/1691 1621/1621/1697
f 1630/1630/1691 1628/1628/1690 1619/1619/1699
f 1627/1627/1693 1618/1618/1702 1428/1428/1700
f 1625/1625/1701 1616/1616/1876 1618/1618/1702
f 1434/1434/1498 1624/1624/1696 1615/1615/1703
f 1622/1622/1705 1613/1613/1708 1615/1615/1703
f 1621/1621/1697 1612/1612/1706 1422/1422/1501
f 1619/1619/1699 1610/1610/1709 1612/1612/1706
f 1618/1618/1702 1595/1595/1679 1409/1409/1454
f 1618/1618/1702 1616/1616/1876 1596/1596/1678
f 1425/1425/1704 1615/1615/1703 1609/1609/1707
f 1613/1613/1708 1607/1607/1711 1609/1609/1707
f 1612/1612/1706 1606/1606/1710 1416/1416/1517
f 1610/1610/1709 1604/1604/1877 1606/1606/1710
f 1609/1609/1707 1603/1603/1712 1413/1413/1519
f 1607/1607/1711 1601/1601/1716 1603/1603/1712
f 1606/1606/1710 1600/1600/1715 1410/1410/1713
f 1606/1606/1710 1604/1604/1877 1598/1598/1714
f 1603/1603/1712 1592/1592/1649 1406/1406/1646
f 1601/1601/1716 1593/1593/1648 1592/1592/1649
f 1600/1600/1715 1589/1589/1653 1403/1403/1413
f 1598/1598/1714 1590/1590/1652 1589/1589/1653
f 1690/1690/1518 1687/1687/1415 1402/1402/1411
f 1691/1691/1514 1688/1688/1406 1405/1405/1404
f 1692/1692/1510 1690/1690/1518 1411/1411/1516
f 1693/1693/1506 1691/1691/1514 1414/1414/1717
f 1694/1694/1502 1692/1692/1510 1417/1417/1718
f 1426/1426/1503 1695/1695/1499 1693/1693/1506
f 1429/1429/1493 1696/1696/1496 1689/1689/1456
f 1697/1697/1492 1694/1694/1502 1423/1423/1508
f 1698/1698/1488 1695/1695/1499 1426/1426/1503
f 1699/1699/1483 1696/1696/1496 1429/1429/1493
f 1441/1441/1477 1700/1700/1480 1697/1697/1492
f 1446/1446/1720 1702/1702/1489 1698/1698/1488
f 1703/1703/1472 1699/1699/1483 1438/1438/1719
f 1453/1453/1721 1704/1704/1468 1700/1700/1480
f 1705/1705/1463 1701/1701/1476 1445/1445/1722
f 1459/1459/1469 1706/1706/1460 1703/1703/1472
f 1462/1462/1466 1707/1707/1455 1704/1704/1468
f 1465/1465/1448 1708/1708/1450 1705/1705/1463
f 1709/1709/1446 1706/1706/1460 1459/1459/1469
f 1689/1689/1456 1707/1707/1455 1462/1462/1466
f 1471/1471/1723 1710/1710/1442 1708/1708/1450
f 1711/1711/1440 1709/1709/1446 1468/1468/1458
f 1712/1712/1435 1710/1710/1442 1471/1471/1723
f 1480/1480/1437 1713/1713/1431 1711/1711/1440
f 1714/1714/1429 1712/1712/1435 1477/1477/1432
f 1486/1486/1424 1715/1715/1426 1713/1713/1431
f 1716/1716/1422 1714/1714/1429 1483/1483/1724
f 1717/1717/1418 1715/1715/1426 1486/1486/1424
f 1495/1495/1420 1718/1718/1414 1716/1716/1422
f 1498/1498/1416 1719/1719/1408 1717/1717/1418
f 1402/1402/1411 1687/1687/1415 1718/1718/1414
f 1405/1405/1404 1688/1688/1406 1719/1719/1408
s 11
f 1783/1783/1727 1786/1786/1878 1285/1285/1879
f 1285/1285/1879 1290/1290/1281 1783/1783/1727
s 26
f 1774/1774/1728 1776/1776/1729 1818/1818/1632
s 2
f 1773/1773/1734 1771/1771/1853 1248/1248/1252
f 1248/1248/1252 1256/1256/1732 1773/1773/1734
s 26
f 1742/1742/1735 1740/1740/1784 1814/1814/1736
f 1742/1742/1735 1567/1567/1617 1568/1568/1615
f 1751/1751/1738 1816/1816/1767 1552/1552/1597
s 2
f 1752/1752/1741 1754/1754/1880 1251/1251/1881
f 1251/1251/1881 1257/1257/1251 1752/1752/1741
s 187
f 1729/1729/1743 1727/1727/1882 1267/1267/1744
f 1267/1267/1744 1263/1263/1883 1731/1731/1742
f 1263/1263/1883 1743/1743/1884 1731/1731/1742
s 11
f 1801/1801/1750 1799/1799/1859 1296/1296/1282
f 1296/1296/1282 1287/1287/1748 1801/1801/1750
s 26
f 1749/1749/1739 1552/1552/1597 1553/1553/1595
s 6
f 1746/1746/1753 1744/1744/1885 1264/1264/1886
f 1264/1264/1886 1269/1269/1266 1746/1746/1753
s 190
f 1792/1792/1754 1795/1795/1887 1288/1288/1888
f 1288/1288/1888 1284/1284/1755 1792/1792/1754
f 1284/1284/1755 1785/1785/1889 1788/1788/1756
s 26
f 1774/1774/1728 1578/1578/1633 1579/1579/1630
s 191
f 1759/1759/1760 1762/1762/1890 1255/1255/1891
f 1255/1255/1891 1252/1252/1758 1759/1759/1760
s 6
f 1724/1724/1763 1720/1720/1856 1275/1275/1267
f 1275/1275/1267 1266/1266/1761 1724/1724/1763
s 26
f 1326/1326/1629 1327/1327/1636 1728/1728/1635
f 1325/1325/1628 1732/1732/1868 1745/1745/1622
f 1313/1313/1644 1787/1787/1869 1784/1784/1641
f 1314/1314/1645 1315/1315/1529 1793/1793/1528
f 1825/1825/1626 1831/1831/1783 1854/1854/1764
f 1807/1807/1549 1853/1853/1806 1855/1855/1765
f 1751/1751/1738 1758/1758/1824 1845/1845/1766
f 1810/1810/1611 1841/1841/1769 1837/1837/1768
f 1814/1814/1736 1834/1834/1785 1841/1841/1769
f 1796/1796/1770 1824/1824/1532 1856/1856/1771
f 1824/1824/1532 1829/1829/1541 1855/1855/1765
f 1805/1805/1642 1848/1848/1792 1847/1847/1773
f 1811/1811/1561 1846/1846/1798 1851/1851/1774
f 1815/1815/1569 1840/1840/1799 1844/1844/1775
f 1820/1820/1777 1833/1833/1812 1843/1843/1778
f 1803/1803/1583 1823/1823/1598 1850/1850/1779
f 1828/1828/1594 1849/1849/1802 1859/1859/1781
f 1804/1804/1601 1837/1837/1768 1852/1852/1782
f 1818/1818/1632 1857/1857/1810 1831/1831/1783
f 1740/1740/1784 1736/1736/1745 1834/1834/1785
s 10
f 1293/1293/1786 1299/1299/1858 1301/1301/1787
s 26
f 1821/1821/1606 1826/1826/1803 1838/1838/1789
f 1805/1805/1642 1809/1809/1525 1835/1835/1791
f 1813/1813/1536 1858/1858/1793 1835/1835/1791
f 1813/1813/1536 1817/1817/1544 1851/1851/1774
f 1768/1768/1557 1822/1822/1776 1844/1844/1775
s 5
f 1274/1274/1795 1280/1280/1855 1282/1282/1796
s 26
f 1811/1811/1561 1803/1803/1583 1830/1830/1780
f 1808/1808/1579 1859/1859/1781 1840/1840/1799
f 1819/1819/1800 1812/1812/1589 1852/1852/1782
f 1816/1816/1767 1845/1845/1766 1850/1850/1779
f 1828/1828/1594 1821/1821/1606 1839/1839/1790
f 1826/1826/1803 1802/1802/1621 1854/1854/1764
f 1723/1723/1804 1806/1806/1639 1847/1847/1773
f 1807/1807/1549 1827/1827/1564 1843/1843/1778
s 1
f 1261/1261/1807 1249/1249/1837 1244/1244/1808
s 26
f 1776/1776/1729 1836/1836/1731 1857/1857/1810
f 1834/1834/1785 1891/1891/1820 1870/1870/1811
f 1833/1833/1812 1885/1885/1849 1882/1882/1813
f 1854/1854/1764 1887/1887/1840 1883/1883/1816
f 1841/1841/1769 1870/1870/1811 1877/1877/1817
f 1844/1844/1775 1840/1840/1799 1864/1864/1818
f 1736/1736/1745 1863/1863/1747 1891/1891/1820
f 1766/1766/1794 1844/1844/1775 1889/1889/1819
f 1849/1849/1802 1839/1839/1790 1890/1890/1822
f 1758/1758/1824 1764/1764/1821 1862/1862/1825
f 1851/1851/1774 1846/1846/1798 1869/1869/1826
f 1857/1857/1810 1873/1873/1831 1879/1879/1828
f 1851/1851/1774 1867/1867/1827 1881/1881/1829
f 1845/1845/1766 1862/1862/1825 1861/1861/1830
f 1836/1836/1731 1871/1871/1845 1873/1873/1831
f 1853/1853/1806 1880/1880/1844 1860/1860/1832
f 1848/1848/1792 1878/1878/1843 1875/1875/1833
f 1852/1852/1782 1837/1837/1768 1877/1877/1817
f 1858/1858/1793 1881/1881/1829 1865/1865/1835
f 1832/1832/1801 1852/1852/1782 1874/1874/1834
f 1831/1831/1783 1879/1879/1828 1887/1887/1840
f 1855/1855/1765 1860/1860/1832 1866/1866/1841
f 1859/1859/1781 1849/1849/1802 1888/1888/1823
f 1835/1835/1791 1865/1865/1835 1878/1878/1843
f 1840/1840/1799 1859/1859/1781 1886/1886/1842
f 1843/1843/1778 1882/1882/1813 1880/1880/1844
f 1778/1778/1730 1780/1780/1850 1871/1871/1845
f 1789/1789/1772 1856/1856/1771 1866/1866/1841
f 1850/1850/1779 1861/1861/1830 1872/1872/1847
f 1838/1838/1789 1883/1883/1816 1890/1890/1822
f 1830/1830/1780 1872/1872/1847 1869/1869/1826
f 1842/1842/1805 1847/1847/1773 1875/1875/1833
f 1885/1885/1849 1534/1534/1386 1524/1524/1385
f 1863/1863/1747 1572/1572/1356 1566/1566/1360
f 1867/1867/1827 1512/1512/1394 1506/1506/1398
f 1865/1865/1835 1881/1881/1829 1506/1506/1398
f 1888/1888/1823 1548/1548/1372 1539/1539/1378
f 1861/1861/1830 1542/1542/1376 1530/1530/1382
f 1891/1891/1820 1566/1566/1360 1560/1560/1364
f 1864/1864/1818 1527/1527/1383 1518/1518/1390
f 1879/1879/1828 1873/1873/1831 1577/1577/1351
f 1877/1877/1817 1554/1554/1368 1545/1545/1374
f 1860/1860/1832 1509/1509/1397 1503/1503/1400
f 1868/1868/1846 1866/1866/1841 1503/1503/1400
f 1870/1870/1811 1560/1560/1364 1554/1554/1368
f 1869/1869/1826 1521/1521/1388 1512/1512/1394
f 1878/1878/1843 1586/1586/1349 1580/1580/1348
f 1879/1879/1828 1573/1573/1355 1569/1569/1358
f 1583/1583/1345 1871/1871/1845 1780/1780/1850
f 1780/1780/1850 1868/1868/1846 1587/1587/1346
f 1887/1887/1840 1569/1569/1358 1563/1563/1362
f 1862/1862/1825 1764/1764/1821 1588/1588/1371
f 1880/1880/1844 1515/1515/1392 1509/1509/1397
f 1572/1572/1356 1863/1863/1747 1738/1738/1746
f 1738/1738/1746 1876/1876/1848 1576/1576/1353
f 1876/1876/1848 1738/1738/1746 1734/1734/1839
f 1880/1880/1844 1882/1882/1813 1524/1524/1385
f 1876/1876/1848 1875/1875/1833 1580/1580/1348
f 1890/1890/1822 1557/1557/1366 1548/1548/1372
f 1871/1871/1845 1583/1583/1345 1577/1577/1351
f 1886/1886/1842 1539/1539/1378 1527/1527/1383
f 1869/1869/1826 1872/1872/1847 1530/1530/1382
f 1862/1862/1825 1551/1551/1370 1542/1542/1376
f 1874/1874/1834 1545/1545/1374 1533/1533/1380
f 1865/1865/1835 1500/1500/1402 1586/1586/1349
f 1890/1890/1822 1883/1883/1816 1563/1563/1362
